player,nationality,position,team,age,birth_year,games,games_starts,minutes,goals,assists,pens_made,pens_att,cards_yellow,cards_red,goals_per90,assists_per90,goals_assists_per90,goals_pens_per90,goals_assists_pens_per90,xg,npxg,xg_per90,npxg_per90,minutes_90s,shots_on_target,shots_free_kicks,shots_on_target_pct,shots_on_target_per90,goals_per_shot,goals_per_shot_on_target,npxg_per_shot,xg_net,npxg_net,passes_completed,passes,passes_pct,passes_total_distance,passes_progressive_distance,passes_completed_short,passes_short,passes_pct_short,passes_completed_medium,passes_medium,passes_pct_medium,passes_completed_long,passes_long,passes_pct_long,assisted_shots,passes_into_final_third,passes_into_penalty_area,crosses_into_penalty_area,progressive_passes,passes_live,passes_dead,passes_free_kicks,through_balls,passes_switches,crosses,corner_kicks,corner_kicks_in,corner_kicks_out,corner_kicks_straight,throw_ins,passes_offsides,passes_blocked,sca,sca_per90,sca_passes_live,sca_passes_dead,sca_shots,sca_fouled,gca,gca_per90,gca_passes_live,gca_passes_dead,gca_shots,gca_fouled,gca_defense,tackles,tackles_won,tackles_def_3rd,tackles_mid_3rd,tackles_att_3rd,blocks,blocked_shots,blocked_passes,interceptions,clearances,errors,touches,touches_def_pen_area,touches_def_3rd,touches_mid_3rd,touches_att_3rd,touches_att_pen_area,touches_live_ball,carries,progressive_carries,carries_into_final_third,carries_into_penalty_area,passes_received,miscontrols,dispossessed,cards_yellow_red,fouls,fouled,offsides,pens_won,pens_conceded,own_goals,ball_recoveries,aerials_won,aerials_lost,aerials_won_pct
Zakaria Aboukhlal,ma MAR,MF,Torino,25.0,2000.0,15,6,511,0,0,0,0,4,0,0.0,0.0,0.0,0.0,0.0,0.4121775142848491,0.4121775142848491,0.07419195257127284,0.07419195257127284,5.7,2,0.0,28.6,0.35,0.0,0.0,0.05888250204069273,-0.4121775142848491,-0.4121775142848491,0.0,0.0,0.0,0.0,0.0,0.0,0.0,0.0,0.0,0.0,0.0,0.0,0.0,0.0,3.0,0.0,0.0,0.0,0.0,0.0,0.0,0.0,0.0,0.0,18,0.0,0.0,0.0,0.0,0.0,0.0,0.0,0.0,0.0,0.0,0.0,0.0,0.0,0.0,0.0,0.0,0.0,0.0,0.0,0.0,0.0,12,0.0,0.0,0.0,0.0,0.0,0.0,1,0.0,0.0,0.0,0.0,0.0,0.0,0.0,0.0,0.0,0.0,0.0,0.0,0.0,0.0,0.0,0.0,0,12,11,7,0.0,0.0,0,0.0,0.0,0.0,0.0
Francesco Acerbi,it ITA,DF,Inter,37.0,1988.0,18,15,"1,378",0,1,0,0,3,0,0.0,0.07,0.07,0.0,0.07,0.370837839320302,0.370837839320302,0.024185076477411,0.024185076477411,15.3,1,0.0,33.3,0.07,0.0,0.0,0.12361261310676734,-0.370837839320302,-0.370837839320302,0.0,0.0,0.0,0.0,0.0,0.0,0.0,0.0,0.0,0.0,0.0,0.0,0.0,0.0,4.0,0.0,0.0,0.0,0.0,0.0,0.0,0.0,0.0,0.0,3,0.0,0.0,0.0,0.0,0.0,0.0,0.0,0.0,0.0,0.0,0.0,0.0,0.0,0.0,0.0,0.0,0.0,0.0,0.0,0.0,0.0,9,0.0,0.0,0.0,0.0,0.0,0.0,18,0.0,0.0,0.0,0.0,0.0,0.0,0.0,0.0,0.0,0.0,0.0,0.0,0.0,0.0,0.0,0.0,0,17,13,3,0.0,0.0,0,0.0,0.0,0.0,0.0
Ché Adams,sct SCO,FW,Torino,29.0,1996.0,33,19,"1,893",6,2,0,0,0,0,0.29,0.1,0.38,0.29,0.38,6.609602872282267,6.609602872282267,0.31325132096124486,0.31325132096124486,21.0,18,0.0,34.0,0.86,0.11,0.33,0.12470948815626919,-0.6096028722822666,-0.6096028722822666,0.0,0.0,0.0,0.0,0.0,0.0,0.0,0.0,0.0,0.0,0.0,0.0,0.0,0.0,25.0,0.0,0.0,0.0,0.0,0.0,0.0,0.0,0.0,0.0,14,0.0,0.0,0.0,0.0,0.0,0.0,0.0,0.0,0.0,0.0,0.0,0.0,0.0,0.0,0.0,0.0,0.0,0.0,0.0,0.0,0.0,9,0.0,0.0,0.0,0.0,0.0,0.0,1,0.0,0.0,0.0,0.0,0.0,0.0,0.0,0.0,0.0,0.0,0.0,0.0,0.0,0.0,0.0,0.0,0,18,15,9,0.0,0.0,0,0.0,0.0,0.0,0.0
Jayden Addai,nl NED,MF,Como,19.0,2005.0,12,7,686,3,0,0,0,4,0,0.39,0.0,0.39,0.39,0.39,1.5144574735313654,1.5144574735313654,0.19811216950264954,0.19811216950264954,7.6,6,0.0,46.2,0.79,0.23,0.5,0.11649672873318195,1.4855425264686346,1.4855425264686346,0.0,0.0,0.0,0.0,0.0,0.0,0.0,0.0,0.0,0.0,0.0,0.0,0.0,0.0,7.0,0.0,0.0,0.0,0.0,0.0,0.0,0.0,0.0,0.0,10,0.0,0.0,0.0,0.0,0.0,0.0,0.0,0.0,0.0,0.0,0.0,0.0,0.0,0.0,0.0,0.0,0.0,0.0,0.0,0.0,0.0,2,0.0,0.0,0.0,0.0,0.0,0.0,2,0.0,0.0,0.0,0.0,0.0,0.0,0.0,0.0,0.0,0.0,0.0,0.0,0.0,0.0,0.0,0.0,0,13,14,2,0.0,0.0,0,0.0,0.0,0.0,0.0
Vasilije Adžić,me MNE,MF,Juventus,19.0,2006.0,10,1,171,1,0,0,0,0,0,0.53,0.0,0.53,0.53,0.53,0.2269967542961239,0.2269967542961239,0.14387118230036022,0.14387118230036022,1.9,4,0.0,66.7,2.11,0.17,0.25,0.037832792382687316,0.7730032457038761,0.7730032457038761,0.0,0.0,0.0,0.0,0.0,0.0,0.0,0.0,0.0,0.0,0.0,0.0,0.0,0.0,4.0,0.0,0.0,0.0,0.0,0.0,0.0,0.0,0.0,0.0,4,0.0,0.0,0.0,0.0,0.0,0.0,0.0,0.0,0.0,0.0,0.0,0.0,0.0,0.0,0.0,0.0,0.0,0.0,0.0,0.0,0.0,2,0.0,0.0,0.0,0.0,0.0,0.0,3,0.0,0.0,0.0,0.0,0.0,0.0,0.0,0.0,0.0,0.0,0.0,0.0,0.0,0.0,0.0,0.0,0,3,2,0,0.0,0.0,0,0.0,0.0,0.0,0.0
Michel Aebischer,ch SUI,MF,Pisa,28.0,1997.0,35,33,"2,892",1,2,0,0,8,0,0.03,0.06,0.09,0.03,0.09,0.8299102364107966,0.8299102364107966,0.02565850954207204,0.02565850954207204,32.1,5,0.0,26.3,0.16,0.05,0.2,0.043679486126884035,0.17008976358920336,0.17008976358920336,0.0,0.0,0.0,0.0,0.0,0.0,0.0,0.0,0.0,0.0,0.0,0.0,0.0,0.0,34.0,0.0,0.0,0.0,0.0,0.0,0.0,0.0,0.0,0.0,43,0.0,0.0,0.0,0.0,0.0,0.0,0.0,0.0,0.0,0.0,0.0,0.0,0.0,0.0,0.0,0.0,0.0,0.0,0.0,0.0,0.0,37,0.0,0.0,0.0,0.0,0.0,0.0,35,0.0,0.0,0.0,0.0,0.0,0.0,0.0,0.0,0.0,0.0,0.0,0.0,0.0,0.0,0.0,0.0,0,44,38,0,0.0,0.0,0,0.0,0.0,0.0,0.0
Honest Ahanor,it ITA,DF,Atalanta,17.0,2008.0,22,15,"1,377",0,0,0,0,2,1,0.0,0.0,0.0,0.0,0.0,2.3819375336170197,2.3819375336170197,0.15670641668533025,0.15670641668533025,15.3,4,0.0,30.8,0.26,0.0,0.0,0.18322596412438613,-2.3819375336170197,-2.3819375336170197,0.0,0.0,0.0,0.0,0.0,0.0,0.0,0.0,0.0,0.0,0.0,0.0,0.0,0.0,2.0,0.0,0.0,0.0,0.0,0.0,0.0,0.0,0.0,0.0,2,0.0,0.0,0.0,0.0,0.0,0.0,0.0,0.0,0.0,0.0,0.0,0.0,0.0,0.0,0.0,0.0,0.0,0.0,0.0,0.0,0.0,20,0.0,0.0,0.0,0.0,0.0,0.0,24,0.0,0.0,0.0,0.0,0.0,0.0,0.0,0.0,0.0,0.0,0.0,0.0,0.0,0.0,0.0,0.0,0,24,28,0,0.0,0.0,0,0.0,0.0,0.0,0.0
Junior Ajayi,ci CIV,FW,Hellas Verona,20.0,2004.0,1,0,1,0,0,0,0,0,0,0.0,0.0,0.0,0.0,0.0,0.0,0.0,0.0,0.0,0.0,0,0.0,0.0,0.0,0.0,0.0,,0.0,0.0,0.0,0.0,0.0,0.0,0.0,0.0,0.0,0.0,0.0,0.0,0.0,0.0,0.0,0.0,0.0,0.0,0.0,0.0,0.0,0.0,0.0,0.0,0.0,0.0,0,0.0,0.0,0.0,0.0,0.0,0.0,0.0,0.0,0.0,0.0,0.0,0.0,0.0,0.0,0.0,0.0,0.0,0.0,0.0,0.0,0.0,0,0.0,0.0,0.0,0.0,0.0,0.0,0,0.0,0.0,0.0,0.0,0.0,0.0,0.0,0.0,0.0,0.0,0.0,0.0,0.0,0.0,0.0,0.0,0,0,0,0,0.0,0.0,0,0.0,0.0,0.0,0.0
Manuel Akanji,ch SUI,DF,Inter,30.0,1995.0,33,31,"2,821",2,0,0,0,4,0,0.06,0.0,0.06,0.06,0.06,2.2994977347552776,2.2994977347552776,0.07354470367021144,0.07354470367021144,31.3,6,0.0,26.1,0.19,0.09,0.33,0.09997816238066425,-0.29949773475527763,-0.29949773475527763,0.0,0.0,0.0,0.0,0.0,0.0,0.0,0.0,0.0,0.0,0.0,0.0,0.0,0.0,7.0,0.0,0.0,0.0,0.0,0.0,0.0,0.0,0.0,0.0,3,0.0,0.0,0.0,0.0,0.0,0.0,0.0,0.0,0.0,0.0,0.0,0.0,0.0,0.0,0.0,0.0,0.0,0.0,0.0,0.0,0.0,24,0.0,0.0,0.0,0.0,0.0,0.0,37,0.0,0.0,0.0,0.0,0.0,0.0,0.0,0.0,0.0,0.0,0.0,0.0,0.0,0.0,0.0,0.0,0,26,18,2,0.0,0.0,0,0.0,0.0,0.0,0.0
Ebenezer Akinsanmiro,ng NGA,MF,Pisa,20.0,2004.0,24,16,"1,444",0,1,0,0,2,0,0.0,0.06,0.06,0.0,0.06,1.112527676858008,1.112527676858008,0.06948472652131901,0.06948472652131901,16.0,3,0.0,23.1,0.19,0.0,0.0,0.08557905206600061,-1.112527676858008,-1.112527676858008,0.0,0.0,0.0,0.0,0.0,0.0,0.0,0.0,0.0,0.0,0.0,0.0,0.0,0.0,16.0,0.0,0.0,0.0,0.0,0.0,0.0,0.0,0.0,0.0,9,0.0,0.0,0.0,0.0,0.0,0.0,0.0,0.0,0.0,0.0,0.0,0.0,0.0,0.0,0.0,0.0,0.0,0.0,0.0,0.0,0.0,25,0.0,0.0,0.0,0.0,0.0,0.0,27,0.0,0.0,0.0,0.0,0.0,0.0,0.0,0.0,0.0,0.0,0.0,0.0,0.0,0.0,0.0,0.0,0,30,28,1,0.0,0.0,0,0.0,0.0,0.0,0.0
Jean-Daniel Akpa-Akpro,ci CIV,MF,Hellas Verona,32.0,1992.0,22,17,"1,504",1,0,0,0,9,0,0.06,0.0,0.06,0.06,0.06,0.8760971613228321,0.8760971613228321,0.051501466047717104,0.051501466047717104,16.7,4,0.0,30.8,0.24,0.08,0.25,0.06739208933252555,0.12390283867716789,0.12390283867716789,0.0,0.0,0.0,0.0,0.0,0.0,0.0,0.0,0.0,0.0,0.0,0.0,0.0,0.0,11.0,0.0,0.0,0.0,0.0,0.0,0.0,0.0,0.0,0.0,17,0.0,0.0,0.0,0.0,0.0,0.0,0.0,0.0,0.0,0.0,0.0,0.0,0.0,0.0,0.0,0.0,0.0,0.0,0.0,0.0,0.0,32,0.0,0.0,0.0,0.0,0.0,0.0,22,0.0,0.0,0.0,0.0,0.0,0.0,0.0,0.0,0.0,0.0,0.0,0.0,0.0,0.0,0.0,0.0,0,39,15,0,0.0,0.0,0,0.0,0.0,0.0,0.0
Al-Musrati,ly LBY,MF,Hellas Verona,29.0,1996.0,18,8,844,0,1,0,0,6,1,0.0,0.11,0.11,0.0,0.11,0.0,0.0,0.0,0.0,9.4,1,0.0,11.1,0.11,0.0,0.0,0.0,0.0,0.0,0.0,0.0,0.0,0.0,0.0,0.0,0.0,0.0,0.0,0.0,0.0,0.0,0.0,0.0,0.0,0.0,0.0,0.0,0.0,0.0,0.0,0.0,0.0,0.0,2,0.0,0.0,0.0,0.0,0.0,0.0,0.0,0.0,0.0,0.0,0.0,0.0,0.0,0.0,0.0,0.0,0.0,0.0,0.0,0.0,0.0,7,0.0,0.0,0.0,0.0,0.0,0.0,11,0.0,0.0,0.0,0.0,0.0,0.0,0.0,0.0,0.0,0.0,0.0,0.0,0.0,0.0,0.0,0.0,1,15,3,1,0.0,0.0,0,0.0,0.0,0.0,0.0
Agustín Albarracín,uy URU,FW,Cagliari,19.0,2005.0,2,0,33,0,0,0,0,0,0,0.0,0.0,0.0,0.0,0.0,0.0,0.0,0.0,0.0,0.4,0,0.0,0.0,0.0,0.0,0.0,,0.0,0.0,0.0,0.0,0.0,0.0,0.0,0.0,0.0,0.0,0.0,0.0,0.0,0.0,0.0,0.0,0.0,0.0,0.0,0.0,0.0,0.0,0.0,0.0,0.0,0.0,2,0.0,0.0,0.0,0.0,0.0,0.0,0.0,0.0,0.0,0.0,0.0,0.0,0.0,0.0,0.0,0.0,0.0,0.0,0.0,0.0,0.0,0,0.0,0.0,0.0,0.0,0.0,0.0,0,0.0,0.0,0.0,0.0,0.0,0.0,0.0,0.0,0.0,0.0,0.0,0.0,0.0,0.0,0.0,0.0,0,0,3,0,0.0,0.0,0,0.0,0.0,0.0,0.0
Raúl Albiol,es ESP,DF,Pisa,39.0,1985.0,8,5,500,0,1,0,0,1,0,0.0,0.18,0.18,0.0,0.18,0.0676460266113281,0.0676460266113281,0.0123241748887035,0.0123241748887035,5.6,0,0.0,0.0,0.0,0.0,0.0,0.0676460266113281,-0.0676460266113281,-0.0676460266113281,0.0,0.0,0.0,0.0,0.0,0.0,0.0,0.0,0.0,0.0,0.0,0.0,0.0,0.0,3.0,0.0,0.0,0.0,0.0,0.0,0.0,0.0,0.0,0.0,1,0.0,0.0,0.0,0.0,0.0,0.0,0.0,0.0,0.0,0.0,0.0,0.0,0.0,0.0,0.0,0.0,0.0,0.0,0.0,0.0,0.0,4,0.0,0.0,0.0,0.0,0.0,0.0,7,0.0,0.0,0.0,0.0,0.0,0.0,0.0,0.0,0.0,0.0,0.0,0.0,0.0,0.0,0.0,0.0,0,6,2,0,0.0,0.0,0,0.0,0.0,0.0,0.0
Pontus Almqvist,se SWE,MF,Parma,26.0,1999.0,13,4,457,0,1,0,0,0,0,0.0,0.2,0.2,0.0,0.2,0.3375041931867599,0.3375041931867599,0.06872257327332215,0.06872257327332215,5.1,2,0.0,40.0,0.39,0.0,0.0,0.06750083863735198,-0.3375041931867599,-0.3375041931867599,0.0,0.0,0.0,0.0,0.0,0.0,0.0,0.0,0.0,0.0,0.0,0.0,0.0,0.0,9.0,0.0,0.0,0.0,0.0,0.0,0.0,0.0,0.0,0.0,7,0.0,0.0,0.0,0.0,0.0,0.0,0.0,0.0,0.0,0.0,0.0,0.0,0.0,0.0,0.0,0.0,0.0,0.0,0.0,0.0,0.0,6,0.0,0.0,0.0,0.0,0.0,0.0,6,0.0,0.0,0.0,0.0,0.0,0.0,0.0,0.0,0.0,0.0,0.0,0.0,0.0,0.0,0.0,0.0,0,6,14,1,0.0,0.0,0,0.0,0.0,0.0,0.0
Giuseppe Ambrosino,it ITA,FW,Napoli,21.0,2003.0,3,0,38,0,0,0,0,0,0,0.0,0.0,0.0,0.0,0.0,0.0,0.0,0.0,0.0,0.4,0,0.0,0.0,0.0,0.0,0.0,,0.0,0.0,0.0,0.0,0.0,0.0,0.0,0.0,0.0,0.0,0.0,0.0,0.0,0.0,0.0,0.0,0.0,0.0,0.0,0.0,0.0,0.0,0.0,0.0,0.0,0.0,0,0.0,0.0,0.0,0.0,0.0,0.0,0.0,0.0,0.0,0.0,0.0,0.0,0.0,0.0,0.0,0.0,0.0,0.0,0.0,0.0,0.0,0,0.0,0.0,0.0,0.0,0.0,0.0,0,0.0,0.0,0.0,0.0,0.0,0.0,0.0,0.0,0.0,0.0,0.0,0.0,0.0,0.0,0.0,0.0,0,1,1,0,0.0,0.0,0,0.0,0.0,0.0,0.0
Amorim,br BRA,MF,Genoa,20.0,2005.0,11,6,552,0,0,0,0,1,0,0.0,0.0,0.0,0.0,0.0,0.0,0.0,0.0,0.0,6.1,0,0.0,0.0,0.0,0.0,0.0,0.0,0.0,0.0,0.0,0.0,0.0,0.0,0.0,0.0,0.0,0.0,0.0,0.0,0.0,0.0,0.0,0.0,0.0,0.0,0.0,0.0,0.0,0.0,0.0,0.0,0.0,0.0,16,0.0,0.0,0.0,0.0,0.0,0.0,0.0,0.0,0.0,0.0,0.0,0.0,0.0,0.0,0.0,0.0,0.0,0.0,0.0,0.0,0.0,6,0.0,0.0,0.0,0.0,0.0,0.0,7,0.0,0.0,0.0,0.0,0.0,0.0,0.0,0.0,0.0,0.0,0.0,0.0,0.0,0.0,0.0,0.0,0,7,18,1,0.0,0.0,0,0.0,0.0,0.0,0.0
Nícolas Andrade,br BRA,GK,Pisa,37.0,1988.0,6,6,540,0,0,0,0,0,0,0.0,0.0,0.0,0.0,0.0,0.0,0.0,0.0,0.0,6.0,0,0.0,0.0,0.0,0.0,0.0,0.0,0.0,0.0,0.0,0.0,0.0,0.0,0.0,0.0,0.0,0.0,0.0,0.0,0.0,0.0,0.0,0.0,0.0,0.0,0.0,0.0,0.0,0.0,0.0,0.0,0.0,0.0,0,0.0,0.0,0.0,0.0,0.0,0.0,0.0,0.0,0.0,0.0,0.0,0.0,0.0,0.0,0.0,0.0,0.0,0.0,0.0,0.0,0.0,0,0.0,0.0,0.0,0.0,0.0,0.0,0,0.0,0.0,0.0,0.0,0.0,0.0,0.0,0.0,0.0,0.0,0.0,0.0,0.0,0.0,0.0,0.0,0,0,3,0,0.0,0.0,0,0.0,0.0,0.0,0.0
Angeliño,es ESP,MF,Roma,28.0,1997.0,7,5,416,0,0,0,0,2,0,0.0,0.0,0.0,0.0,0.0,0.232630755752325,0.232630755752325,0.04903224360119263,0.04903224360119263,4.6,2,0.0,40.0,0.43,0.0,0.0,0.046526151150465,-0.232630755752325,-0.232630755752325,0.0,0.0,0.0,0.0,0.0,0.0,0.0,0.0,0.0,0.0,0.0,0.0,0.0,0.0,5.0,0.0,0.0,0.0,0.0,0.0,0.0,0.0,0.0,0.0,18,0.0,0.0,0.0,0.0,0.0,0.0,0.0,0.0,0.0,0.0,0.0,0.0,0.0,0.0,0.0,0.0,0.0,0.0,0.0,0.0,0.0,7,0.0,0.0,0.0,0.0,0.0,0.0,3,0.0,0.0,0.0,0.0,0.0,0.0,0.0,0.0,0.0,0.0,0.0,0.0,0.0,0.0,0.0,0.0,0,5,2,0,0.0,0.0,0,0.0,0.0,0.0,0.0
Samuele Angori,it ITA,MF,Pisa,21.0,2003.0,35,30,"2,599",0,2,0,0,2,0,0.0,0.07,0.07,0.0,0.07,1.318560840561986,1.318560840561986,0.04531136909147718,0.04531136909147718,28.9,3,0.0,21.4,0.1,0.0,0.0,0.094182917182999,-1.318560840561986,-1.318560840561986,0.0,0.0,0.0,0.0,0.0,0.0,0.0,0.0,0.0,0.0,0.0,0.0,0.0,0.0,38.0,0.0,0.0,0.0,0.0,0.0,0.0,0.0,0.0,0.0,165,0.0,0.0,0.0,0.0,0.0,0.0,0.0,0.0,0.0,0.0,0.0,0.0,0.0,0.0,0.0,0.0,0.0,0.0,0.0,0.0,0.0,25,0.0,0.0,0.0,0.0,0.0,0.0,23,0.0,0.0,0.0,0.0,0.0,0.0,0.0,0.0,0.0,0.0,0.0,0.0,0.0,0.0,0.0,0.0,0,17,54,3,0.0,0.0,0,0.0,0.0,0.0,0.0
Frank Anguissa,cm CMR,MF,Napoli,29.0,1995.0,18,14,"1,258",4,1,0,0,1,0,0.29,0.07,0.36,0.29,0.36,0.0,0.0,0.0,0.0,14.0,9,0.0,39.1,0.64,0.17,0.44,0.0,0.0,0.0,0.0,0.0,0.0,0.0,0.0,0.0,0.0,0.0,0.0,0.0,0.0,0.0,0.0,0.0,0.0,0.0,0.0,0.0,0.0,0.0,0.0,0.0,0.0,0.0,15,0.0,0.0,0.0,0.0,0.0,0.0,0.0,0.0,0.0,0.0,0.0,0.0,0.0,0.0,0.0,0.0,0.0,0.0,0.0,0.0,0.0,14,0.0,0.0,0.0,0.0,0.0,0.0,13,0.0,0.0,0.0,0.0,0.0,0.0,0.0,0.0,0.0,0.0,0.0,0.0,0.0,0.0,0.0,0.0,0,18,18,0,0.0,0.0,0,0.0,0.0,0.0,0.0
Faustino Anjorin,eng ENG,MF,Torino,23.0,2001.0,15,1,289,0,0,0,0,1,0,0.0,0.0,0.0,0.0,0.0,0.603797011077404,0.603797011077404,0.21062686432932698,0.21062686432932698,3.2,1,0.0,25.0,0.31,0.0,0.0,0.150949252769351,-0.603797011077404,-0.603797011077404,0.0,0.0,0.0,0.0,0.0,0.0,0.0,0.0,0.0,0.0,0.0,0.0,0.0,0.0,3.0,0.0,0.0,0.0,0.0,0.0,0.0,0.0,0.0,0.0,1,0.0,0.0,0.0,0.0,0.0,0.0,0.0,0.0,0.0,0.0,0.0,0.0,0.0,0.0,0.0,0.0,0.0,0.0,0.0,0.0,0.0,5,0.0,0.0,0.0,0.0,0.0,0.0,7,0.0,0.0,0.0,0.0,0.0,0.0,0.0,0.0,0.0,0.0,0.0,0.0,0.0,0.0,0.0,0.0,0,8,1,1,0.0,0.0,0,0.0,0.0,0.0,0.0
Antonio Arena,it ITA,FW,Roma,16.0,2009.0,2,0,23,0,0,0,0,0,0,0.0,0.0,0.0,0.0,0.0,0.1771794408559799,0.1771794408559799,0.839271035633589,0.839271035633589,0.3,0,0.0,0.0,0.0,0.0,0.0,0.08858972042798995,-0.1771794408559799,-0.1771794408559799,0.0,0.0,0.0,0.0,0.0,0.0,0.0,0.0,0.0,0.0,0.0,0.0,0.0,0.0,0.0,0.0,0.0,0.0,0.0,0.0,0.0,0.0,0.0,0.0,0,0.0,0.0,0.0,0.0,0.0,0.0,0.0,0.0,0.0,0.0,0.0,0.0,0.0,0.0,0.0,0.0,0.0,0.0,0.0,0.0,0.0,0,0.0,0.0,0.0,0.0,0.0,0.0,0,0.0,0.0,0.0,0.0,0.0,0.0,0.0,0.0,0.0,0.0,0.0,0.0,0.0,0.0,0.0,0.0,0,0,0,1,0.0,0.0,0,0.0,0.0,0.0,0.0
Juan Arizala,co COL,MF,Udinese,19.0,2005.0,10,1,191,0,0,0,0,0,0,0.0,0.0,0.0,0.0,0.0,0.0271440297365188,0.0271440297365188,0.014121171539229434,0.014121171539229434,2.1,1,0.0,100.0,0.47,0.0,0.0,0.0271440297365188,-0.0271440297365188,-0.0271440297365188,0.0,0.0,0.0,0.0,0.0,0.0,0.0,0.0,0.0,0.0,0.0,0.0,0.0,0.0,1.0,0.0,0.0,0.0,0.0,0.0,0.0,0.0,0.0,0.0,6,0.0,0.0,0.0,0.0,0.0,0.0,0.0,0.0,0.0,0.0,0.0,0.0,0.0,0.0,0.0,0.0,0.0,0.0,0.0,0.0,0.0,3,0.0,0.0,0.0,0.0,0.0,0.0,1,0.0,0.0,0.0,0.0,0.0,0.0,0.0,0.0,0.0,0.0,0.0,0.0,0.0,0.0,0.0,0.0,0,1,1,0,0.0,0.0,0,0.0,0.0,0.0,0.0
Kristjan Asllani,al ALB,MF,Torino,23.0,2002.0,15,13,"1,129",0,0,0,1,3,0,0.0,0.0,0.0,0.0,0.0,1.1615827651694417,0.4002839298918843,0.09130344879061114,0.03146336566835772,12.5,4,0.0,20.0,0.32,0.0,0.0,0.020014196494594218,-1.1615827651694417,-0.4002839298918843,0.0,0.0,0.0,0.0,0.0,0.0,0.0,0.0,0.0,0.0,0.0,0.0,0.0,0.0,16.0,0.0,0.0,0.0,0.0,0.0,0.0,0.0,0.0,0.0,52,0.0,0.0,0.0,0.0,0.0,0.0,0.0,0.0,0.0,0.0,0.0,0.0,0.0,0.0,0.0,0.0,0.0,0.0,0.0,0.0,0.0,14,0.0,0.0,0.0,0.0,0.0,0.0,12,0.0,0.0,0.0,0.0,0.0,0.0,0.0,0.0,0.0,0.0,0.0,0.0,0.0,0.0,0.0,0.0,0,7,14,0,0.0,0.0,0,0.0,0.0,0.0,0.0
Zachary Athekame,ch SUI,"MF,DF",Milan,20.0,2004.0,27,7,833,2,2,0,0,3,0,0.22,0.22,0.43,0.22,0.43,0.381818194873631,0.381818194873631,0.042740842709734814,0.042740842709734814,9.3,4,0.0,30.8,0.43,0.15,0.5,0.029370630374894693,1.618181805126369,1.618181805126369,0.0,0.0,0.0,0.0,0.0,0.0,0.0,0.0,0.0,0.0,0.0,0.0,0.0,0.0,12.0,0.0,0.0,0.0,0.0,0.0,0.0,0.0,0.0,0.0,46,0.0,0.0,0.0,0.0,0.0,0.0,0.0,0.0,0.0,0.0,0.0,0.0,0.0,0.0,0.0,0.0,0.0,0.0,0.0,0.0,0.0,8,0.0,0.0,0.0,0.0,0.0,0.0,4,0.0,0.0,0.0,0.0,0.0,0.0,0.0,0.0,0.0,0.0,0.0,0.0,0.0,0.0,0.0,0.0,0,16,12,2,0.0,0.0,0,0.0,0.0,0.0,0.0
Arthur Atta,fr FRA,MF,Udinese,22.0,2003.0,32,29,"2,557",5,3,0,0,3,0,0.18,0.11,0.28,0.18,0.28,4.234897628426552,4.234897628426552,0.14801583944015131,0.14801583944015131,28.4,20,0.0,35.1,0.7,0.09,0.25,0.07429644962151845,0.7651023715734482,0.7651023715734482,0.0,0.0,0.0,0.0,0.0,0.0,0.0,0.0,0.0,0.0,0.0,0.0,0.0,0.0,34.0,0.0,0.0,0.0,0.0,0.0,0.0,0.0,0.0,0.0,56,0.0,0.0,0.0,0.0,0.0,0.0,0.0,0.0,0.0,0.0,0.0,0.0,0.0,0.0,0.0,0.0,0.0,0.0,0.0,0.0,0.0,17,0.0,0.0,0.0,0.0,0.0,0.0,23,0.0,0.0,0.0,0.0,0.0,0.0,0.0,0.0,0.0,0.0,0.0,0.0,0.0,0.0,0.0,0.0,0,23,32,8,0.0,0.0,0,0.0,0.0,0.0,0.0
Emil Audero,id IDN,GK,Cremonese,28.0,1997.0,34,34,"3,060",0,0,0,0,0,0,0.0,0.0,0.0,0.0,0.0,0.0,0.0,0.0,0.0,34.0,0,0.0,0.0,0.0,0.0,0.0,,0.0,0.0,0.0,0.0,0.0,0.0,0.0,0.0,0.0,0.0,0.0,0.0,0.0,0.0,0.0,0.0,0.0,0.0,0.0,0.0,0.0,0.0,0.0,0.0,0.0,0.0,0,0.0,0.0,0.0,0.0,0.0,0.0,0.0,0.0,0.0,0.0,0.0,0.0,0.0,0.0,0.0,0.0,0.0,0.0,0.0,0.0,0.0,0,0.0,0.0,0.0,0.0,0.0,0.0,0,0.0,0.0,0.0,0.0,0.0,0.0,0.0,0.0,0.0,0.0,0.0,0.0,0.0,0.0,0.0,0.0,0,0,6,0,0.0,0.0,0,0.0,0.0,0.0,0.0
Carlos Augusto,br BRA,"MF,DF",Inter,26.0,1999.0,34,18,"1,763",1,1,0,0,6,0,0.05,0.05,0.1,0.05,0.1,1.9602262806147337,1.9602262806147337,0.10110049584832437,0.10110049584832437,19.6,6,0.0,30.0,0.31,0.05,0.17,0.09801131403073668,-0.9602262806147337,-0.9602262806147337,0.0,0.0,0.0,0.0,0.0,0.0,0.0,0.0,0.0,0.0,0.0,0.0,0.0,0.0,11.0,0.0,0.0,0.0,0.0,0.0,0.0,0.0,0.0,0.0,46,0.0,0.0,0.0,0.0,0.0,0.0,0.0,0.0,0.0,0.0,0.0,0.0,0.0,0.0,0.0,0.0,0.0,0.0,0.0,0.0,0.0,22,0.0,0.0,0.0,0.0,0.0,0.0,19,0.0,0.0,0.0,0.0,0.0,0.0,0.0,0.0,0.0,0.0,0.0,0.0,0.0,0.0,0.0,0.0,0,26,13,0,0.0,0.0,0,0.0,0.0,0.0,0.0
Yann Aurel Bisseck,de GER,DF,Inter,24.0,2000.0,23,21,"1,922",3,1,0,0,2,0,0.14,0.05,0.19,0.14,0.19,0.0,0.0,0.0,0.0,21.4,12,0.0,48.0,0.56,0.12,0.25,0.0,0.0,0.0,0.0,0.0,0.0,0.0,0.0,0.0,0.0,0.0,0.0,0.0,0.0,0.0,0.0,0.0,0.0,0.0,0.0,0.0,0.0,0.0,0.0,0.0,0.0,0.0,12,0.0,0.0,0.0,0.0,0.0,0.0,0.0,0.0,0.0,0.0,0.0,0.0,0.0,0.0,0.0,0.0,0.0,0.0,0.0,0.0,0.0,18,0.0,0.0,0.0,0.0,0.0,0.0,23,0.0,0.0,0.0,0.0,0.0,0.0,0.0,0.0,0.0,0.0,0.0,0.0,0.0,0.0,0.0,0.0,0,21,16,3,0.0,0.0,0,0.0,0.0,0.0,0.0
Neil El Aynaoui,ma MAR,MF,Roma,24.0,2001.0,25,8,999,1,2,0,0,5,0,0.09,0.18,0.27,0.09,0.27,0.9577326010912656,0.9577326010912656,0.08997487901692475,0.08997487901692475,11.1,4,0.0,66.7,0.36,0.17,0.25,0.15962210018187759,0.04226739890873443,0.04226739890873443,0.0,0.0,0.0,0.0,0.0,0.0,0.0,0.0,0.0,0.0,0.0,0.0,0.0,0.0,12.0,0.0,0.0,0.0,0.0,0.0,0.0,0.0,0.0,0.0,17,0.0,0.0,0.0,0.0,0.0,0.0,0.0,0.0,0.0,0.0,0.0,0.0,0.0,0.0,0.0,0.0,0.0,0.0,0.0,0.0,0.0,10,0.0,0.0,0.0,0.0,0.0,0.0,18,0.0,0.0,0.0,0.0,0.0,0.0,0.0,0.0,0.0,0.0,0.0,0.0,0.0,0.0,0.0,0.0,0,23,10,2,0.0,0.0,0,0.0,0.0,0.0,0.0
Leon Bailey,jm JAM,FW,Roma,27.0,1997.0,7,1,186,0,0,0,0,0,0,0.0,0.0,0.0,0.0,0.0,0.1348361037671566,0.1348361037671566,0.06595244206002225,0.06595244206002225,2.1,1,0.0,33.3,0.48,0.0,0.0,0.044945367922385536,-0.1348361037671566,-0.1348361037671566,0.0,0.0,0.0,0.0,0.0,0.0,0.0,0.0,0.0,0.0,0.0,0.0,0.0,0.0,2.0,0.0,0.0,0.0,0.0,0.0,0.0,0.0,0.0,0.0,14,0.0,0.0,0.0,0.0,0.0,0.0,0.0,0.0,0.0,0.0,0.0,0.0,0.0,0.0,0.0,0.0,0.0,0.0,0.0,0.0,0.0,0,0.0,0.0,0.0,0.0,0.0,0.0,0,0.0,0.0,0.0,0.0,0.0,0.0,0.0,0.0,0.0,0.0,0.0,0.0,0.0,0.0,0.0,0.0,0,2,1,1,0.0,0.0,0,0.0,0.0,0.0,0.0
Mitchel Bakker,nl NED,"DF,MF",Atalanta,25.0,2000.0,1,0,9,0,0,0,0,0,0,0.0,0.0,0.0,0.0,0.0,0.0,0.0,0.0,0.0,0.1,0,0.0,0.0,0.0,0.0,0.0,,0.0,0.0,0.0,0.0,0.0,0.0,0.0,0.0,0.0,0.0,0.0,0.0,0.0,0.0,0.0,0.0,0.0,0.0,0.0,0.0,0.0,0.0,0.0,0.0,0.0,0.0,0,0.0,0.0,0.0,0.0,0.0,0.0,0.0,0.0,0.0,0.0,0.0,0.0,0.0,0.0,0.0,0.0,0.0,0.0,0.0,0.0,0.0,0,0.0,0.0,0.0,0.0,0.0,0.0,0,0.0,0.0,0.0,0.0,0.0,0.0,0.0,0.0,0.0,0.0,0.0,0.0,0.0,0.0,0.0,0.0,0,0,0,0,0.0,0.0,0,0.0,0.0,0.0,0.0
Darryl Bakola,fr FRA,MF,Sassuolo,17.0,2007.0,6,1,128,0,1,0,0,0,0,0.0,0.7,0.7,0.0,0.7,0.1266994327306747,0.1266994327306747,0.09830128401517862,0.09830128401517862,1.4,1,0.0,33.3,0.7,0.0,0.0,0.04223314424355823,-0.1266994327306747,-0.1266994327306747,0.0,0.0,0.0,0.0,0.0,0.0,0.0,0.0,0.0,0.0,0.0,0.0,0.0,0.0,3.0,0.0,0.0,0.0,0.0,0.0,0.0,0.0,0.0,0.0,3,0.0,0.0,0.0,0.0,0.0,0.0,0.0,0.0,0.0,0.0,0.0,0.0,0.0,0.0,0.0,0.0,0.0,0.0,0.0,0.0,0.0,1,0.0,0.0,0.0,0.0,0.0,0.0,1,0.0,0.0,0.0,0.0,0.0,0.0,0.0,0.0,0.0,0.0,0.0,0.0,0.0,0.0,0.0,0.0,0,2,3,0,0.0,0.0,0,0.0,0.0,0.0,0.0
Luís Balbo,ve VEN,DF,Fiorentina,19.0,2006.0,6,1,212,0,0,0,0,0,0,0.0,0.0,0.0,0.0,0.0,0.0,0.0,0.0,0.0,2.4,0,0.0,0.0,0.0,0.0,0.0,,0.0,0.0,0.0,0.0,0.0,0.0,0.0,0.0,0.0,0.0,0.0,0.0,0.0,0.0,0.0,0.0,1.0,0.0,0.0,0.0,0.0,0.0,0.0,0.0,0.0,0.0,5,0.0,0.0,0.0,0.0,0.0,0.0,0.0,0.0,0.0,0.0,0.0,0.0,0.0,0.0,0.0,0.0,0.0,0.0,0.0,0.0,0.0,5,0.0,0.0,0.0,0.0,0.0,0.0,1,0.0,0.0,0.0,0.0,0.0,0.0,0.0,0.0,0.0,0.0,0.0,0.0,0.0,0.0,0.0,0.0,0,2,6,0,0.0,0.0,0,0.0,0.0,0.0,0.0
Tommaso Baldanzi,it ITA,MF,Genoa,22.0,2003.0,8,5,399,0,2,0,0,0,0,0.0,0.45,0.45,0.0,0.45,1.879288300871849,1.879288300871849,0.2149122580412534,0.2149122580412534,4.4,3,0.0,33.3,0.68,0.0,0.0,0.09396441504359246,-0.8792883008718491,-0.8792883008718491,0.0,0.0,0.0,0.0,0.0,0.0,0.0,0.0,0.0,0.0,0.0,0.0,0.0,0.0,14.0,0.0,0.0,0.0,0.0,0.0,0.0,0.0,0.0,0.0,7,0.0,0.0,0.0,0.0,0.0,0.0,0.0,0.0,0.0,0.0,0.0,0.0,0.0,0.0,0.0,0.0,0.0,0.0,0.0,0.0,0.0,6,0.0,0.0,0.0,0.0,0.0,0.0,3,0.0,0.0,0.0,0.0,0.0,0.0,0.0,0.0,0.0,0.0,0.0,0.0,0.0,0.0,0.0,0.0,0,2,6,0,0.0,0.0,0,0.0,0.0,0.0,0.0
Tommaso Baldanzi,it ITA,"FW,MF",Roma,22.0,2003.0,10,3,386,1,0,0,0,2,0,0.23,0.0,0.23,0.23,0.23,1.879288300871849,1.879288300871849,0.2149122580412534,0.2149122580412534,4.3,4,0.0,36.4,0.93,0.09,0.25,0.09396441504359246,-0.8792883008718491,-0.8792883008718491,0.0,0.0,0.0,0.0,0.0,0.0,0.0,0.0,0.0,0.0,0.0,0.0,0.0,0.0,14.0,0.0,0.0,0.0,0.0,0.0,0.0,0.0,0.0,0.0,9,0.0,0.0,0.0,0.0,0.0,0.0,0.0,0.0,0.0,0.0,0.0,0.0,0.0,0.0,0.0,0.0,0.0,0.0,0.0,0.0,0.0,1,0.0,0.0,0.0,0.0,0.0,0.0,3,0.0,0.0,0.0,0.0,0.0,0.0,0.0,0.0,0.0,0.0,0.0,0.0,0.0,0.0,0.0,0.0,0,8,18,2,0.0,0.0,0,0.0,0.0,0.0,0.0
Lameck Banda,zm ZAM,"MF,FW",Lecce,24.0,2001.0,32,21,"1,752",5,4,0,0,6,1,0.26,0.21,0.46,0.26,0.46,3.2459914926439524,3.2459914926439524,0.16523712349431882,0.16523712349431882,19.5,15,0.0,39.5,0.77,0.13,0.33,0.08542082875378822,1.7540085073560476,1.7540085073560476,0.0,0.0,0.0,0.0,0.0,0.0,0.0,0.0,0.0,0.0,0.0,0.0,0.0,0.0,23.0,0.0,0.0,0.0,0.0,0.0,0.0,0.0,0.0,0.0,90,0.0,0.0,0.0,0.0,0.0,0.0,0.0,0.0,0.0,0.0,0.0,0.0,0.0,0.0,0.0,0.0,0.0,0.0,0.0,0.0,0.0,17,0.0,0.0,0.0,0.0,0.0,0.0,7,0.0,0.0,0.0,0.0,0.0,0.0,0.0,0.0,0.0,0.0,0.0,0.0,0.0,0.0,0.0,0.0,0,44,49,3,0.0,0.0,0,0.0,0.0,0.0,0.0
Tommaso Barbieri,it ITA,MF,Cremonese,22.0,2002.0,29,18,"1,707",0,1,0,0,8,0,0.0,0.05,0.05,0.0,0.05,0.9889214904978872,0.9889214904978872,0.05247814513255298,0.05247814513255298,19.0,2,0.0,12.5,0.11,0.0,0.0,0.06180759315611795,-0.9889214904978872,-0.9889214904978872,0.0,0.0,0.0,0.0,0.0,0.0,0.0,0.0,0.0,0.0,0.0,0.0,0.0,0.0,10.0,0.0,0.0,0.0,0.0,0.0,0.0,0.0,0.0,0.0,78,0.0,0.0,0.0,0.0,0.0,0.0,0.0,0.0,0.0,0.0,0.0,0.0,0.0,0.0,0.0,0.0,0.0,0.0,0.0,0.0,0.0,26,0.0,0.0,0.0,0.0,0.0,0.0,14,0.0,0.0,0.0,0.0,0.0,0.0,0.0,0.0,0.0,0.0,0.0,0.0,0.0,0.0,0.0,0.0,0,40,26,1,0.0,0.0,0,0.0,0.0,0.0,0.0
Nicolò Barella,it ITA,MF,Inter,28.0,1997.0,34,31,"2,517",3,8,0,0,7,0,0.11,0.29,0.39,0.11,0.39,3.819744417443871,3.819744417443871,0.13423545395156125,0.13423545395156125,28.0,5,0.0,14.3,0.18,0.09,0.6,0.1091355547841106,-0.819744417443871,-0.819744417443871,0.0,0.0,0.0,0.0,0.0,0.0,0.0,0.0,0.0,0.0,0.0,0.0,0.0,0.0,70.0,0.0,0.0,0.0,0.0,0.0,0.0,0.0,0.0,0.0,102,0.0,0.0,0.0,0.0,0.0,0.0,0.0,0.0,0.0,0.0,0.0,0.0,0.0,0.0,0.0,0.0,0.0,0.0,0.0,0.0,0.0,31,0.0,0.0,0.0,0.0,0.0,0.0,9,0.0,0.0,0.0,0.0,0.0,0.0,0.0,0.0,0.0,0.0,0.0,0.0,0.0,0.0,0.0,0.0,0,33,22,4,0.0,0.0,0,0.0,0.0,0.0,0.0
Davide Bartesaghi,it ITA,"MF,DF",Milan,19.0,2005.0,31,27,"2,441",2,0,0,0,3,0,0.07,0.0,0.07,0.07,0.07,1.3741471637040377,1.3741471637040377,0.050540762048779476,0.050540762048779476,27.1,7,0.0,31.8,0.26,0.09,0.29,0.062461234713819896,0.6258528362959623,0.6258528362959623,0.0,0.0,0.0,0.0,0.0,0.0,0.0,0.0,0.0,0.0,0.0,0.0,0.0,0.0,44.0,0.0,0.0,0.0,0.0,0.0,0.0,0.0,0.0,0.0,139,0.0,0.0,0.0,0.0,0.0,0.0,0.0,0.0,0.0,0.0,0.0,0.0,0.0,0.0,0.0,0.0,0.0,0.0,0.0,0.0,0.0,35,0.0,0.0,0.0,0.0,0.0,0.0,15,0.0,0.0,0.0,0.0,0.0,0.0,0.0,0.0,0.0,0.0,0.0,0.0,0.0,0.0,0.0,0.0,0,18,14,4,0.0,0.0,1,0.0,0.0,0.0,0.0
Federico Baschirotto,it ITA,DF,Cremonese,28.0,1996.0,29,29,"2,540",2,0,0,0,2,0,0.07,0.0,0.07,0.07,0.07,1.139559891074896,1.139559891074896,0.04037810637666955,0.04037810637666955,28.2,5,0.0,41.7,0.18,0.17,0.4,0.09496332425624134,0.8604401089251039,0.8604401089251039,0.0,0.0,0.0,0.0,0.0,0.0,0.0,0.0,0.0,0.0,0.0,0.0,0.0,0.0,2.0,0.0,0.0,0.0,0.0,0.0,0.0,0.0,0.0,0.0,8,0.0,0.0,0.0,0.0,0.0,0.0,0.0,0.0,0.0,0.0,0.0,0.0,0.0,0.0,0.0,0.0,0.0,0.0,0.0,0.0,0.0,13,0.0,0.0,0.0,0.0,0.0,0.0,24,0.0,0.0,0.0,0.0,0.0,0.0,0.0,0.0,0.0,0.0,0.0,0.0,0.0,0.0,0.0,0.0,0,45,9,1,0.0,0.0,0,0.0,0.0,0.0,0.0
Toma Bašić,hr CRO,MF,Lazio,28.0,1996.0,23,23,"1,735",2,3,0,0,0,1,0.1,0.16,0.26,0.1,0.26,1.3050178922712805,1.3050178922712805,0.06658254552404493,0.06658254552404493,19.3,12,0.0,40.0,0.62,0.07,0.17,0.043500596409042684,0.6949821077287195,0.6949821077287195,0.0,0.0,0.0,0.0,0.0,0.0,0.0,0.0,0.0,0.0,0.0,0.0,0.0,0.0,22.0,0.0,0.0,0.0,0.0,0.0,0.0,0.0,0.0,0.0,48,0.0,0.0,0.0,0.0,0.0,0.0,0.0,0.0,0.0,0.0,0.0,0.0,0.0,0.0,0.0,0.0,0.0,0.0,0.0,0.0,0.0,16,0.0,0.0,0.0,0.0,0.0,0.0,9,0.0,0.0,0.0,0.0,0.0,0.0,0.0,0.0,0.0,0.0,0.0,0.0,0.0,0.0,0.0,0.0,0,20,19,0,0.0,0.0,0,0.0,0.0,0.0,0.0
Alessandro Bastoni,it ITA,DF,Inter,26.0,1999.0,28,28,"2,239",1,4,0,0,6,0,0.04,0.16,0.2,0.04,0.2,1.6852088272571564,1.6852088272571564,0.06684389354479686,0.06684389354479686,24.9,8,0.0,47.1,0.32,0.06,0.13,0.09912993101512685,-0.6852088272571564,-0.6852088272571564,0.0,0.0,0.0,0.0,0.0,0.0,0.0,0.0,0.0,0.0,0.0,0.0,0.0,0.0,25.0,0.0,0.0,0.0,0.0,0.0,0.0,0.0,0.0,0.0,85,0.0,0.0,0.0,0.0,0.0,0.0,0.0,0.0,0.0,0.0,0.0,0.0,0.0,0.0,0.0,0.0,0.0,0.0,0.0,0.0,0.0,39,0.0,0.0,0.0,0.0,0.0,0.0,21,0.0,0.0,0.0,0.0,0.0,0.0,0.0,0.0,0.0,0.0,0.0,0.0,0.0,0.0,0.0,0.0,0,45,20,0,0.0,0.0,0,0.0,0.0,0.0,0.0
Martin Baturina,hr CRO,"MF,FW",Como,22.0,2003.0,29,17,"1,569",6,3,0,0,0,0,0.34,0.17,0.52,0.34,0.52,1.9010922936722636,1.9010922936722636,0.10835864878435955,0.10835864878435955,17.4,9,0.0,32.1,0.52,0.21,0.67,0.06789615334543798,4.098907706327736,4.098907706327736,0.0,0.0,0.0,0.0,0.0,0.0,0.0,0.0,0.0,0.0,0.0,0.0,0.0,0.0,61.0,0.0,0.0,0.0,0.0,0.0,0.0,0.0,0.0,0.0,77,0.0,0.0,0.0,0.0,0.0,0.0,0.0,0.0,0.0,0.0,0.0,0.0,0.0,0.0,0.0,0.0,0.0,0.0,0.0,0.0,0.0,14,0.0,0.0,0.0,0.0,0.0,0.0,5,0.0,0.0,0.0,0.0,0.0,0.0,0.0,0.0,0.0,0.0,0.0,0.0,0.0,0.0,0.0,0.0,0,15,44,0,0.0,0.0,0,0.0,0.0,0.0,0.0
Vakoun Bayo,ci CIV,FW,Udinese,28.0,1997.0,15,4,453,0,2,0,0,0,0,0.0,0.4,0.4,0.0,0.4,1.3255622079595923,1.3255622079595923,0.2761587933249151,0.2761587933249151,5.0,2,0.0,14.3,0.4,0.0,0.0,0.09468301485425659,-1.3255622079595923,-1.3255622079595923,0.0,0.0,0.0,0.0,0.0,0.0,0.0,0.0,0.0,0.0,0.0,0.0,0.0,0.0,3.0,0.0,0.0,0.0,0.0,0.0,0.0,0.0,0.0,0.0,1,0.0,0.0,0.0,0.0,0.0,0.0,0.0,0.0,0.0,0.0,0.0,0.0,0.0,0.0,0.0,0.0,0.0,0.0,0.0,0.0,0.0,1,0.0,0.0,0.0,0.0,0.0,0.0,0,0.0,0.0,0.0,0.0,0.0,0.0,0.0,0.0,0.0,0.0,0.0,0.0,0.0,0.0,0.0,0.0,0,15,6,5,0.0,0.0,0,0.0,0.0,0.0,0.0
Tjaš Begić,si SVN,MF,Parma,22.0,2003.0,1,0,1,0,0,0,0,0,0,0.0,0.0,0.0,0.0,0.0,0.0,0.0,0.0,0.0,0.0,0,0.0,0.0,0.0,0.0,0.0,,0.0,0.0,0.0,0.0,0.0,0.0,0.0,0.0,0.0,0.0,0.0,0.0,0.0,0.0,0.0,0.0,0.0,0.0,0.0,0.0,0.0,0.0,0.0,0.0,0.0,0.0,0,0.0,0.0,0.0,0.0,0.0,0.0,0.0,0.0,0.0,0.0,0.0,0.0,0.0,0.0,0.0,0.0,0.0,0.0,0.0,0.0,0.0,0,0.0,0.0,0.0,0.0,0.0,0.0,0,0.0,0.0,0.0,0.0,0.0,0.0,0.0,0.0,0.0,0.0,0.0,0.0,0.0,0.0,0.0,0.0,0,0,0,0,0.0,0.0,0,0.0,0.0,0.0,0.0
Reda Belahyane,ma MAR,MF,Lazio,21.0,2004.0,13,5,609,0,2,0,0,1,1,0.0,0.3,0.3,0.0,0.3,0.207035519182682,0.207035519182682,0.03100365511887085,0.03100365511887085,6.8,1,0.0,33.3,0.15,0.0,0.0,0.06901183972756067,-0.207035519182682,-0.207035519182682,0.0,0.0,0.0,0.0,0.0,0.0,0.0,0.0,0.0,0.0,0.0,0.0,0.0,0.0,6.0,0.0,0.0,0.0,0.0,0.0,0.0,0.0,0.0,0.0,1,0.0,0.0,0.0,0.0,0.0,0.0,0.0,0.0,0.0,0.0,0.0,0.0,0.0,0.0,0.0,0.0,0.0,0.0,0.0,0.0,0.0,8,0.0,0.0,0.0,0.0,0.0,0.0,3,0.0,0.0,0.0,0.0,0.0,0.0,0.0,0.0,0.0,0.0,0.0,0.0,0.0,0.0,0.0,0.0,0,11,3,0,0.0,0.0,0,0.0,0.0,0.0,0.0
Rafik Belghali,dz ALG,MF,Hellas Verona,23.0,2002.0,26,22,"1,920",2,0,0,0,6,0,0.09,0.0,0.09,0.09,0.09,2.600799420848489,2.600799420848489,0.12096741492318552,0.12096741492318552,21.3,6,0.0,28.6,0.28,0.1,0.33,0.12384759146897566,-0.6007994208484888,-0.6007994208484888,0.0,0.0,0.0,0.0,0.0,0.0,0.0,0.0,0.0,0.0,0.0,0.0,0.0,0.0,28.0,0.0,0.0,0.0,0.0,0.0,0.0,0.0,0.0,0.0,60,0.0,0.0,0.0,0.0,0.0,0.0,0.0,0.0,0.0,0.0,0.0,0.0,0.0,0.0,0.0,0.0,0.0,0.0,0.0,0.0,0.0,13,0.0,0.0,0.0,0.0,0.0,0.0,17,0.0,0.0,0.0,0.0,0.0,0.0,0.0,0.0,0.0,0.0,0.0,0.0,0.0,0.0,0.0,0.0,0,20,10,6,0.0,0.0,0,0.0,0.0,0.0,0.0
Armel Bella Kotchap,de GER,DF,Hellas Verona,23.0,2001.0,19,14,"1,347",0,0,0,0,3,0,0.0,0.0,0.0,0.0,0.0,0.0762253142893314,0.0762253142893314,0.00509300540908673,0.00509300540908673,15.0,0,0.0,0.0,0.0,0.0,0.0,0.0254084380964438,-0.0762253142893314,-0.0762253142893314,0.0,0.0,0.0,0.0,0.0,0.0,0.0,0.0,0.0,0.0,0.0,0.0,0.0,0.0,1.0,0.0,0.0,0.0,0.0,0.0,0.0,0.0,0.0,0.0,1,0.0,0.0,0.0,0.0,0.0,0.0,0.0,0.0,0.0,0.0,0.0,0.0,0.0,0.0,0.0,0.0,0.0,0.0,0.0,0.0,0.0,12,0.0,0.0,0.0,0.0,0.0,0.0,29,0.0,0.0,0.0,0.0,0.0,0.0,0.0,0.0,0.0,0.0,0.0,0.0,0.0,0.0,0.0,0.0,0,22,17,0,0.0,0.0,0,0.0,0.0,0.0,0.0
Raoul Bellanova,it ITA,MF,Atalanta,25.0,2000.0,24,15,"1,377",0,1,0,0,2,0,0.0,0.07,0.07,0.0,0.07,0.5010053906589746,0.5010053906589746,0.032816946986395715,0.032816946986395715,15.3,5,0.0,38.5,0.33,0.0,0.0,0.03853887620453651,-0.5010053906589746,-0.5010053906589746,0.0,0.0,0.0,0.0,0.0,0.0,0.0,0.0,0.0,0.0,0.0,0.0,0.0,0.0,21.0,0.0,0.0,0.0,0.0,0.0,0.0,0.0,0.0,0.0,84,0.0,0.0,0.0,0.0,0.0,0.0,0.0,0.0,0.0,0.0,0.0,0.0,0.0,0.0,0.0,0.0,0.0,0.0,0.0,0.0,0.0,9,0.0,0.0,0.0,0.0,0.0,0.0,10,0.0,0.0,0.0,0.0,0.0,0.0,0.0,0.0,0.0,0.0,0.0,0.0,0.0,0.0,0.0,0.0,0,5,12,2,0.0,0.0,0,0.0,0.0,0.0,0.0
Andrea Belotti,it ITA,FW,Cagliari,31.0,1993.0,8,3,221,2,0,1,1,0,0,0.81,0.0,0.81,0.41,0.41,2.3106289505958557,1.5493301749229431,0.9809273846869199,0.6577345082220042,2.5,4,0.0,66.7,1.63,0.17,0.25,0.25822169582049054,-0.3106289505958557,-0.5493301749229431,0.0,0.0,0.0,0.0,0.0,0.0,0.0,0.0,0.0,0.0,0.0,0.0,0.0,0.0,1.0,0.0,0.0,0.0,0.0,0.0,0.0,0.0,0.0,0.0,1,0.0,0.0,0.0,0.0,0.0,0.0,0.0,0.0,0.0,0.0,0.0,0.0,0.0,0.0,0.0,0.0,0.0,0.0,0.0,0.0,0.0,1,0.0,0.0,0.0,0.0,0.0,0.0,4,0.0,0.0,0.0,0.0,0.0,0.0,0.0,0.0,0.0,0.0,0.0,0.0,0.0,0.0,0.0,0.0,0,3,10,4,0.0,0.0,0,0.0,0.0,0.0,0.0
Adrian Benedyczak,pl POL,FW,Parma,24.0,2000.0,14,5,490,1,1,1,1,1,0,0.18,0.18,0.37,0.0,0.18,1.9938557110726831,1.2325568906962872,0.37698952520281825,0.23304647092997027,5.4,3,0.0,37.5,0.55,0.0,0.0,0.1540696113370359,-0.9938557110726831,-1.2325568906962872,0.0,0.0,0.0,0.0,0.0,0.0,0.0,0.0,0.0,0.0,0.0,0.0,0.0,0.0,9.0,0.0,0.0,0.0,0.0,0.0,0.0,0.0,0.0,0.0,10,0.0,0.0,0.0,0.0,0.0,0.0,0.0,0.0,0.0,0.0,0.0,0.0,0.0,0.0,0.0,0.0,0.0,0.0,0.0,0.0,0.0,6,0.0,0.0,0.0,0.0,0.0,0.0,1,0.0,0.0,0.0,0.0,0.0,0.0,0.0,0.0,0.0,0.0,0.0,0.0,0.0,0.0,0.0,0.0,0,9,6,1,0.0,0.0,0,0.0,0.0,0.0,0.0
Domenico Berardi,it ITA,FW,Sassuolo,30.0,1994.0,26,24,"1,958",8,4,2,3,2,1,0.37,0.18,0.55,0.28,0.46,6.783539568074048,4.499643106944859,0.3060243414168743,0.2029914183584147,21.8,21,0.0,52.5,0.97,0.15,0.29,0.11249107767362147,1.2164604319259524,1.500356893055141,0.0,0.0,0.0,0.0,0.0,0.0,0.0,0.0,0.0,0.0,0.0,0.0,0.0,0.0,33.0,0.0,0.0,0.0,0.0,0.0,0.0,0.0,0.0,0.0,58,0.0,0.0,0.0,0.0,0.0,0.0,0.0,0.0,0.0,0.0,0.0,0.0,0.0,0.0,0.0,0.0,0.0,0.0,0.0,0.0,0.0,17,0.0,0.0,0.0,0.0,0.0,0.0,24,0.0,0.0,0.0,0.0,0.0,0.0,0.0,0.0,0.0,0.0,0.0,0.0,0.0,0.0,0.0,0.0,0,31,34,12,0.0,0.0,0,0.0,0.0,0.0,0.0
Medon Berisha,al ALB,MF,Lecce,21.0,2003.0,13,12,871,2,3,0,0,0,0,0.21,0.31,0.52,0.21,0.52,1.3144496940076351,1.3144496940076351,0.13247533310267318,0.13247533310267318,9.7,5,0.0,20.8,0.52,0.08,0.4,0.05476873725031813,0.6855503059923649,0.6855503059923649,0.0,0.0,0.0,0.0,0.0,0.0,0.0,0.0,0.0,0.0,0.0,0.0,0.0,0.0,20.0,0.0,0.0,0.0,0.0,0.0,0.0,0.0,0.0,0.0,58,0.0,0.0,0.0,0.0,0.0,0.0,0.0,0.0,0.0,0.0,0.0,0.0,0.0,0.0,0.0,0.0,0.0,0.0,0.0,0.0,0.0,12,0.0,0.0,0.0,0.0,0.0,0.0,5,0.0,0.0,0.0,0.0,0.0,0.0,0.0,0.0,0.0,0.0,0.0,0.0,0.0,0.0,0.0,0.0,0,11,10,1,0.0,0.0,0,0.0,0.0,0.0,0.0
Adrian Bernabe,es ESP,MF,Parma,24.0,2001.0,32,31,"2,470",3,1,0,0,0,0,0.11,0.04,0.15,0.11,0.15,2.6228388603776693,2.6228388603776693,0.09286211543429986,0.09286211543429986,27.4,12,0.0,24.0,0.44,0.06,0.25,0.05245677720755339,0.37716113962233067,0.37716113962233067,0.0,0.0,0.0,0.0,0.0,0.0,0.0,0.0,0.0,0.0,0.0,0.0,0.0,0.0,55.0,0.0,0.0,0.0,0.0,0.0,0.0,0.0,0.0,0.0,81,0.0,0.0,0.0,0.0,0.0,0.0,0.0,0.0,0.0,0.0,0.0,0.0,0.0,0.0,0.0,0.0,0.0,0.0,0.0,0.0,0.0,23,0.0,0.0,0.0,0.0,0.0,0.0,17,0.0,0.0,0.0,0.0,0.0,0.0,0.0,0.0,0.0,0.0,0.0,0.0,0.0,0.0,0.0,0.0,0,15,61,1,0.0,0.0,0,0.0,0.0,0.0,0.0
Federico Bernardeschi,it ITA,"MF,FW",Bologna,31.0,1994.0,29,12,"1,217",4,2,1,1,3,0,0.3,0.15,0.44,0.22,0.37,3.1792615298181772,2.41796269454062,0.23884268587949578,0.18164995201056408,13.5,13,0.0,33.3,0.96,0.08,0.23,0.06199904344975948,0.8207384701818228,0.5820373054593801,0.0,0.0,0.0,0.0,0.0,0.0,0.0,0.0,0.0,0.0,0.0,0.0,0.0,0.0,29.0,0.0,0.0,0.0,0.0,0.0,0.0,0.0,0.0,0.0,48,0.0,0.0,0.0,0.0,0.0,0.0,0.0,0.0,0.0,0.0,0.0,0.0,0.0,0.0,0.0,0.0,0.0,0.0,0.0,0.0,0.0,6,0.0,0.0,0.0,0.0,0.0,0.0,6,0.0,0.0,0.0,0.0,0.0,0.0,0.0,0.0,0.0,0.0,0.0,0.0,0.0,0.0,0.0,0.0,0,13,11,2,0.0,0.0,0,0.0,0.0,0.0,0.0
Lorenzo Bernasconi,it ITA,MF,Atalanta,21.0,2003.0,23,17,"1,572",0,3,0,0,3,0,0.0,0.17,0.17,0.0,0.17,0.4185952385887503,0.4185952385887503,0.023995905396807345,0.023995905396807345,17.5,1,0.0,11.1,0.06,0.0,0.0,0.0465105820654167,-0.4185952385887503,-0.4185952385887503,0.0,0.0,0.0,0.0,0.0,0.0,0.0,0.0,0.0,0.0,0.0,0.0,0.0,0.0,27.0,0.0,0.0,0.0,0.0,0.0,0.0,0.0,0.0,0.0,113,0.0,0.0,0.0,0.0,0.0,0.0,0.0,0.0,0.0,0.0,0.0,0.0,0.0,0.0,0.0,0.0,0.0,0.0,0.0,0.0,0.0,16,0.0,0.0,0.0,0.0,0.0,0.0,14,0.0,0.0,0.0,0.0,0.0,0.0,0.0,0.0,0.0,0.0,0.0,0.0,0.0,0.0,0.0,0.0,0,8,5,3,0.0,0.0,0,0.0,0.0,0.0,0.0
Antoine Bernede,fr FRA,MF,Hellas Verona,26.0,1999.0,32,29,"2,301",1,2,0,0,2,0,0.04,0.08,0.12,0.04,0.12,1.0209336997941136,1.0209336997941136,0.039116233708586724,0.039116233708586724,25.6,4,0.0,19.0,0.16,0.05,0.25,0.04861589046638636,-0.020933699794113636,-0.020933699794113636,0.0,0.0,0.0,0.0,0.0,0.0,0.0,0.0,0.0,0.0,0.0,0.0,0.0,0.0,29.0,0.0,0.0,0.0,0.0,0.0,0.0,0.0,0.0,0.0,25,0.0,0.0,0.0,0.0,0.0,0.0,0.0,0.0,0.0,0.0,0.0,0.0,0.0,0.0,0.0,0.0,0.0,0.0,0.0,0.0,0.0,39,0.0,0.0,0.0,0.0,0.0,0.0,16,0.0,0.0,0.0,0.0,0.0,0.0,0.0,0.0,0.0,0.0,0.0,0.0,0.0,0.0,0.0,0.0,0,55,20,1,0.0,0.0,0,0.0,0.0,0.0,0.0
Nicolò Bertola,it ITA,"DF,MF",Udinese,22.0,2003.0,28,18,"1,763",0,1,0,0,3,0,0.0,0.05,0.05,0.0,0.05,0.995705895125866,0.995705895125866,0.051032762278660555,0.051032762278660555,19.6,4,0.0,30.8,0.2,0.0,0.0,0.07659276116352816,-0.995705895125866,-0.995705895125866,0.0,0.0,0.0,0.0,0.0,0.0,0.0,0.0,0.0,0.0,0.0,0.0,0.0,0.0,11.0,0.0,0.0,0.0,0.0,0.0,0.0,0.0,0.0,0.0,8,0.0,0.0,0.0,0.0,0.0,0.0,0.0,0.0,0.0,0.0,0.0,0.0,0.0,0.0,0.0,0.0,0.0,0.0,0.0,0.0,0.0,21,0.0,0.0,0.0,0.0,0.0,0.0,24,0.0,0.0,0.0,0.0,0.0,0.0,0.0,0.0,0.0,0.0,0.0,0.0,0.0,0.0,0.0,0.0,0,19,12,1,0.0,0.0,0,0.0,0.0,0.0,0.0
Brando Bettazzi,it ITA,MF,Pisa,17.0,2007.0,1,0,14,0,0,0,0,0,0,0.0,0.0,0.0,0.0,0.0,0.0,0.0,0.0,0.0,0.2,0,0.0,0.0,0.0,0.0,0.0,,0.0,0.0,0.0,0.0,0.0,0.0,0.0,0.0,0.0,0.0,0.0,0.0,0.0,0.0,0.0,0.0,0.0,0.0,0.0,0.0,0.0,0.0,0.0,0.0,0.0,0.0,0,0.0,0.0,0.0,0.0,0.0,0.0,0.0,0.0,0.0,0.0,0.0,0.0,0.0,0.0,0.0,0.0,0.0,0.0,0.0,0.0,0.0,1,0.0,0.0,0.0,0.0,0.0,0.0,0,0.0,0.0,0.0,0.0,0.0,0.0,0.0,0.0,0.0,0.0,0.0,0.0,0.0,0.0,0.0,0.0,0,1,1,0,0.0,0.0,0,0.0,0.0,0.0,0.0
Sam Beukema,nl NED,DF,Napoli,26.0,1998.0,24,18,"1,681",2,0,0,0,2,0,0.11,0.0,0.11,0.11,0.11,1.7312276512384417,1.7312276512384417,0.09302118723072224,0.09302118723072224,18.7,4,0.0,50.0,0.21,0.25,0.5,0.2164034564048052,0.2687723487615583,0.2687723487615583,0.0,0.0,0.0,0.0,0.0,0.0,0.0,0.0,0.0,0.0,0.0,0.0,0.0,0.0,6.0,0.0,0.0,0.0,0.0,0.0,0.0,0.0,0.0,0.0,6,0.0,0.0,0.0,0.0,0.0,0.0,0.0,0.0,0.0,0.0,0.0,0.0,0.0,0.0,0.0,0.0,0.0,0.0,0.0,0.0,0.0,17,0.0,0.0,0.0,0.0,0.0,0.0,14,0.0,0.0,0.0,0.0,0.0,0.0,0.0,0.0,0.0,0.0,0.0,0.0,0.0,0.0,0.0,0.0,0,19,5,1,0.0,0.0,0,0.0,0.0,0.0,0.0
Matteo Bianchetti,it ITA,DF,Cremonese,32.0,1993.0,27,25,"2,192",0,2,0,0,4,0,0.0,0.08,0.08,0.0,0.08,0.7512021120637655,0.7512021120637655,0.03042672821140364,0.03042672821140364,24.4,1,0.0,14.3,0.04,0.0,0.0,0.10731458743768078,-0.7512021120637655,-0.7512021120637655,0.0,0.0,0.0,0.0,0.0,0.0,0.0,0.0,0.0,0.0,0.0,0.0,0.0,0.0,4.0,0.0,0.0,0.0,0.0,0.0,0.0,0.0,0.0,0.0,6,0.0,0.0,0.0,0.0,0.0,0.0,0.0,0.0,0.0,0.0,0.0,0.0,0.0,0.0,0.0,0.0,0.0,0.0,0.0,0.0,0.0,30,0.0,0.0,0.0,0.0,0.0,0.0,19,0.0,0.0,0.0,0.0,0.0,0.0,0.0,0.0,0.0,0.0,0.0,0.0,0.0,0.0,0.0,0.0,0,28,15,0,0.0,0.0,0,0.0,0.0,0.0,0.0
Justin Bijlow,nl NED,GK,Genoa,27.0,1998.0,16,16,"1,395",0,0,0,0,1,0,0.0,0.0,0.0,0.0,0.0,0.0,0.0,0.0,0.0,15.5,0,0.0,0.0,0.0,0.0,0.0,,0.0,0.0,0.0,0.0,0.0,0.0,0.0,0.0,0.0,0.0,0.0,0.0,0.0,0.0,0.0,0.0,0.0,0.0,0.0,0.0,0.0,0.0,0.0,0.0,0.0,0.0,0,0.0,0.0,0.0,0.0,0.0,0.0,0.0,0.0,0.0,0.0,0.0,0.0,0.0,0.0,0.0,0.0,0.0,0.0,0.0,0.0,0.0,0,0.0,0.0,0.0,0.0,0.0,0.0,0,0.0,0.0,0.0,0.0,0.0,0.0,0.0,0.0,0.0,0.0,0.0,0.0,0.0,0.0,0.0,0.0,0,1,1,0,0.0,0.0,0,0.0,0.0,0.0,0.0
Cristiano Biraghi,it ITA,"MF,DF",Torino,32.0,1992.0,14,5,517,0,0,0,0,0,0,0.0,0.0,0.0,0.0,0.0,0.0619102343916893,0.0619102343916893,0.011211108843565467,0.011211108843565467,5.7,0,0.0,0.0,0.0,0.0,0.0,0.03095511719584465,-0.0619102343916893,-0.0619102343916893,0.0,0.0,0.0,0.0,0.0,0.0,0.0,0.0,0.0,0.0,0.0,0.0,0.0,0.0,7.0,0.0,0.0,0.0,0.0,0.0,0.0,0.0,0.0,0.0,45,0.0,0.0,0.0,0.0,0.0,0.0,0.0,0.0,0.0,0.0,0.0,0.0,0.0,0.0,0.0,0.0,0.0,0.0,0.0,0.0,0.0,7,0.0,0.0,0.0,0.0,0.0,0.0,3,0.0,0.0,0.0,0.0,0.0,0.0,0.0,0.0,0.0,0.0,0.0,0.0,0.0,0.0,0.0,0.0,0,9,6,0,0.0,0.0,0,0.0,0.0,0.0,0.0
Jeremie Boga,ci CIV,"MF,FW",Juventus,28.0,1997.0,15,6,679,4,0,0,0,1,0,0.53,0.0,0.53,0.53,0.53,4.128830907866359,4.128830907866359,0.5579501226846431,0.5579501226846431,7.5,12,0.0,50.0,1.59,0.17,0.33,0.17203462116109827,-0.12883090786635876,-0.12883090786635876,0.0,0.0,0.0,0.0,0.0,0.0,0.0,0.0,0.0,0.0,0.0,0.0,0.0,0.0,15.0,0.0,0.0,0.0,0.0,0.0,0.0,0.0,0.0,0.0,30,0.0,0.0,0.0,0.0,0.0,0.0,0.0,0.0,0.0,0.0,0.0,0.0,0.0,0.0,0.0,0.0,0.0,0.0,0.0,0.0,0.0,3,0.0,0.0,0.0,0.0,0.0,0.0,2,0.0,0.0,0.0,0.0,0.0,0.0,0.0,0.0,0.0,0.0,0.0,0.0,0.0,0.0,0.0,0.0,0,3,7,1,0.0,0.0,0,0.0,0.0,0.0,0.0
Daniel Boloca,ro ROU,MF,Sassuolo,26.0,1998.0,2,2,135,0,0,0,0,0,0,0.0,0.0,0.0,0.0,0.0,0.0955388396978378,0.0955388396978378,0.0627627414073387,0.0627627414073387,1.5,0,0.0,0.0,0.0,0.0,0.0,0.0477694198489189,-0.0955388396978378,-0.0955388396978378,0.0,0.0,0.0,0.0,0.0,0.0,0.0,0.0,0.0,0.0,0.0,0.0,0.0,0.0,1.0,0.0,0.0,0.0,0.0,0.0,0.0,0.0,0.0,0.0,1,0.0,0.0,0.0,0.0,0.0,0.0,0.0,0.0,0.0,0.0,0.0,0.0,0.0,0.0,0.0,0.0,0.0,0.0,0.0,0.0,0.0,2,0.0,0.0,0.0,0.0,0.0,0.0,2,0.0,0.0,0.0,0.0,0.0,0.0,0.0,0.0,0.0,0.0,0.0,0.0,0.0,0.0,0.0,0.0,0,0,1,0,0.0,0.0,0,0.0,0.0,0.0,0.0
Federico Bonazzoli,it ITA,FW,Cremonese,28.0,1997.0,35,31,"2,510",10,1,3,3,4,0,0.36,0.04,0.39,0.25,0.29,9.023360214661809,6.739463760983199,0.31587025255525586,0.23592055172636636,27.9,32,0.0,42.7,1.15,0.09,0.22,0.08985951681310932,0.9766397853381914,0.2605362390168011,0.0,0.0,0.0,0.0,0.0,0.0,0.0,0.0,0.0,0.0,0.0,0.0,0.0,0.0,13.0,0.0,0.0,0.0,0.0,0.0,0.0,0.0,0.0,0.0,26,0.0,0.0,0.0,0.0,0.0,0.0,0.0,0.0,0.0,0.0,0.0,0.0,0.0,0.0,0.0,0.0,0.0,0.0,0.0,0.0,0.0,16,0.0,0.0,0.0,0.0,0.0,0.0,12,0.0,0.0,0.0,0.0,0.0,0.0,0.0,0.0,0.0,0.0,0.0,0.0,0.0,0.0,0.0,0.0,0,26,80,4,0.0,0.0,0,0.0,0.0,0.0,0.0
Warren Bondo,fr FRA,MF,Cremonese,21.0,2003.0,27,22,"1,762",0,0,0,0,5,0,0.0,0.0,0.0,0.0,0.0,0.2856207136064768,0.2856207136064768,0.014376881557372993,0.014376881557372993,19.6,2,0.0,25.0,0.1,0.0,0.0,0.0357025892008096,-0.2856207136064768,-0.2856207136064768,0.0,0.0,0.0,0.0,0.0,0.0,0.0,0.0,0.0,0.0,0.0,0.0,0.0,0.0,3.0,0.0,0.0,0.0,0.0,0.0,0.0,0.0,0.0,0.0,3,0.0,0.0,0.0,0.0,0.0,0.0,0.0,0.0,0.0,0.0,0.0,0.0,0.0,0.0,0.0,0.0,0.0,0.0,0.0,0.0,0.0,16,0.0,0.0,0.0,0.0,0.0,0.0,9,0.0,0.0,0.0,0.0,0.0,0.0,0.0,0.0,0.0,0.0,0.0,0.0,0.0,0.0,0.0,0.0,0,39,33,0,0.0,0.0,0,0.0,0.0,0.0,0.0
Giovanni Bonfanti,it ITA,"DF,MF",Pisa,22.0,2003.0,9,6,494,0,0,0,0,1,0,0.0,0.0,0.0,0.0,0.0,0.2863771161064505,0.2863771161064505,0.05144499091732644,0.05144499091732644,5.5,1,0.0,16.7,0.18,0.0,0.0,0.047729519351075084,-0.2863771161064505,-0.2863771161064505,0.0,0.0,0.0,0.0,0.0,0.0,0.0,0.0,0.0,0.0,0.0,0.0,0.0,0.0,3.0,0.0,0.0,0.0,0.0,0.0,0.0,0.0,0.0,0.0,12,0.0,0.0,0.0,0.0,0.0,0.0,0.0,0.0,0.0,0.0,0.0,0.0,0.0,0.0,0.0,0.0,0.0,0.0,0.0,0.0,0.0,6,0.0,0.0,0.0,0.0,0.0,0.0,7,0.0,0.0,0.0,0.0,0.0,0.0,0.0,0.0,0.0,0.0,0.0,0.0,0.0,0.0,0.0,0.0,0,10,3,0,0.0,0.0,0,0.0,0.0,0.0,0.0
Ange-Yoan Bonny,ci CIV,FW,Inter,21.0,2003.0,33,10,"1,142",5,4,0,0,1,0,0.39,0.32,0.71,0.39,0.71,4.581577172502875,4.581577172502875,0.37081110209106005,0.37081110209106005,12.7,9,0.0,40.9,0.71,0.23,0.56,0.2082535078410398,0.41842282749712467,0.41842282749712467,0.0,0.0,0.0,0.0,0.0,0.0,0.0,0.0,0.0,0.0,0.0,0.0,0.0,0.0,17.0,0.0,0.0,0.0,0.0,0.0,0.0,0.0,0.0,0.0,6,0.0,0.0,0.0,0.0,0.0,0.0,0.0,0.0,0.0,0.0,0.0,0.0,0.0,0.0,0.0,0.0,0.0,0.0,0.0,0.0,0.0,9,0.0,0.0,0.0,0.0,0.0,0.0,1,0.0,0.0,0.0,0.0,0.0,0.0,0.0,0.0,0.0,0.0,0.0,0.0,0.0,0.0,0.0,0.0,0,17,24,9,0.0,0.0,0,0.0,0.0,0.0,0.0
Gennaro Borrelli,it ITA,FW,Cagliari,25.0,2000.0,27,13,"1,275",5,1,0,0,4,0,0.35,0.07,0.42,0.35,0.42,4.579960027709603,4.579960027709603,0.3263629473427271,0.3263629473427271,14.2,12,0.0,40.0,0.85,0.17,0.42,0.15266533425698678,0.4200399722903967,0.4200399722903967,0.0,0.0,0.0,0.0,0.0,0.0,0.0,0.0,0.0,0.0,0.0,0.0,0.0,0.0,12.0,0.0,0.0,0.0,0.0,0.0,0.0,0.0,0.0,0.0,2,0.0,0.0,0.0,0.0,0.0,0.0,0.0,0.0,0.0,0.0,0.0,0.0,0.0,0.0,0.0,0.0,0.0,0.0,0.0,0.0,0.0,6,0.0,0.0,0.0,0.0,0.0,0.0,3,0.0,0.0,0.0,0.0,0.0,0.0,0.0,0.0,0.0,0.0,0.0,0.0,0.0,0.0,0.0,0.0,0,43,49,5,0.0,0.0,0,0.0,0.0,0.0,0.0
Kieron Bowie,sct SCO,FW,Hellas Verona,22.0,2002.0,14,14,"1,200",4,0,0,0,1,0,0.3,0.0,0.3,0.3,0.3,4.099301479756832,4.099301479756832,0.304654940692085,0.304654940692085,13.3,11,0.0,33.3,0.82,0.12,0.36,0.12422125696232825,-0.09930147975683212,-0.09930147975683212,0.0,0.0,0.0,0.0,0.0,0.0,0.0,0.0,0.0,0.0,0.0,0.0,0.0,0.0,12.0,0.0,0.0,0.0,0.0,0.0,0.0,0.0,0.0,0.0,6,0.0,0.0,0.0,0.0,0.0,0.0,0.0,0.0,0.0,0.0,0.0,0.0,0.0,0.0,0.0,0.0,0.0,0.0,0.0,0.0,0.0,3,0.0,0.0,0.0,0.0,0.0,0.0,0,0.0,0.0,0.0,0.0,0.0,0.0,0.0,0.0,0.0,0.0,0.0,0.0,0.0,0.0,0.0,0.0,0,34,27,3,0.0,0.0,0,0.0,0.0,0.0,0.0
Rosen Bozhinov,bg BUL,DF,Pisa,20.0,2005.0,9,8,610,0,0,0,0,3,1,0.0,0.0,0.0,0.0,0.0,0.1116490038111805,0.1116490038111805,0.016233296192255643,0.016233296192255643,6.8,1,0.0,33.3,0.15,0.0,0.0,0.03721633460372683,-0.1116490038111805,-0.1116490038111805,0.0,0.0,0.0,0.0,0.0,0.0,0.0,0.0,0.0,0.0,0.0,0.0,0.0,0.0,4.0,0.0,0.0,0.0,0.0,0.0,0.0,0.0,0.0,0.0,3,0.0,0.0,0.0,0.0,0.0,0.0,0.0,0.0,0.0,0.0,0.0,0.0,0.0,0.0,0.0,0.0,0.0,0.0,0.0,0.0,0.0,5,0.0,0.0,0.0,0.0,0.0,0.0,12,0.0,0.0,0.0,0.0,0.0,0.0,0.0,0.0,0.0,0.0,0.0,0.0,0.0,0.0,0.0,0.0,1,12,1,2,0.0,0.0,0,0.0,0.0,0.0,0.0
Domagoj Bradarić,hr CRO,MF,Hellas Verona,25.0,1999.0,29,23,"1,966",0,1,0,0,2,0,0.0,0.05,0.05,0.0,0.05,0.6028579501435161,0.6028579501435161,0.02745810501665812,0.02745810501665812,21.8,6,0.0,46.2,0.27,0.0,0.0,0.04637368847257816,-0.6028579501435161,-0.6028579501435161,0.0,0.0,0.0,0.0,0.0,0.0,0.0,0.0,0.0,0.0,0.0,0.0,0.0,0.0,28.0,0.0,0.0,0.0,0.0,0.0,0.0,0.0,0.0,0.0,108,0.0,0.0,0.0,0.0,0.0,0.0,0.0,0.0,0.0,0.0,0.0,0.0,0.0,0.0,0.0,0.0,0.0,0.0,0.0,0.0,0.0,20,0.0,0.0,0.0,0.0,0.0,0.0,9,0.0,0.0,0.0,0.0,0.0,0.0,0.0,0.0,0.0,0.0,0.0,0.0,0.0,0.0,0.0,0.0,0,8,10,2,0.0,0.0,0,0.0,0.0,0.0,0.0
Riccardo Braschi,it ITA,FW,Fiorentina,18.0,2006.0,2,1,105,0,0,0,0,0,0,0.0,0.0,0.0,0.0,0.0,0.1504717692732811,0.1504717692732811,0.12897580223424093,0.12897580223424093,1.2,0,0.0,0.0,0.0,0.0,0.0,0.05015725642442703,-0.1504717692732811,-0.1504717692732811,0.0,0.0,0.0,0.0,0.0,0.0,0.0,0.0,0.0,0.0,0.0,0.0,0.0,0.0,0.0,0.0,0.0,0.0,0.0,0.0,0.0,0.0,0.0,0.0,1,0.0,0.0,0.0,0.0,0.0,0.0,0.0,0.0,0.0,0.0,0.0,0.0,0.0,0.0,0.0,0.0,0.0,0.0,0.0,0.0,0.0,0,0.0,0.0,0.0,0.0,0.0,0.0,0,0.0,0.0,0.0,0.0,0.0,0.0,0.0,0.0,0.0,0.0,0.0,0.0,0.0,0.0,0.0,0.0,0,0,0,1,0.0,0.0,0,0.0,0.0,0.0,0.0
Iker Bravo,es ESP,FW,Udinese,20.0,2005.0,8,3,206,1,0,0,0,1,0,0.44,0.0,0.44,0.44,0.44,0.4611617363989353,0.4611617363989353,0.20856560942665414,0.20856560942665414,2.3,1,0.0,25.0,0.44,0.25,1.0,0.11529043409973383,0.5388382636010647,0.5388382636010647,0.0,0.0,0.0,0.0,0.0,0.0,0.0,0.0,0.0,0.0,0.0,0.0,0.0,0.0,3.0,0.0,0.0,0.0,0.0,0.0,0.0,0.0,0.0,0.0,4,0.0,0.0,0.0,0.0,0.0,0.0,0.0,0.0,0.0,0.0,0.0,0.0,0.0,0.0,0.0,0.0,0.0,0.0,0.0,0.0,0.0,1,0.0,0.0,0.0,0.0,0.0,0.0,0,0.0,0.0,0.0,0.0,0.0,0.0,0.0,0.0,0.0,0.0,0.0,0.0,0.0,0.0,0.0,0.0,0,3,1,0,0.0,0.0,0,0.0,0.0,0.0,0.0
Gleison Bremer,br BRA,DF,Juventus,28.0,1997.0,26,25,"2,171",4,3,0,0,5,0,0.17,0.12,0.29,0.17,0.29,0.0,0.0,0.0,0.0,24.1,9,0.0,39.1,0.37,0.17,0.44,0.0,0.0,0.0,0.0,0.0,0.0,0.0,0.0,0.0,0.0,0.0,0.0,0.0,0.0,0.0,0.0,0.0,0.0,0.0,0.0,0.0,0.0,0.0,0.0,0.0,0.0,0.0,1,0.0,0.0,0.0,0.0,0.0,0.0,0.0,0.0,0.0,0.0,0.0,0.0,0.0,0.0,0.0,0.0,0.0,0.0,0.0,0.0,0.0,14,0.0,0.0,0.0,0.0,0.0,0.0,30,0.0,0.0,0.0,0.0,0.0,0.0,0.0,0.0,0.0,0.0,0.0,0.0,0.0,0.0,0.0,0.0,0,21,10,0,0.0,0.0,0,0.0,0.0,0.0,0.0
Marco Brescianini,it ITA,MF,Atalanta,25.0,2000.0,9,0,182,1,0,0,0,1,0,0.49,0.0,0.49,0.49,0.49,2.3510073386132717,2.3510073386132717,0.20784937178309867,0.20784937178309867,2.0,2,0.0,66.7,0.99,0.33,0.5,0.18084671835486704,-0.3510073386132717,-0.3510073386132717,0.0,0.0,0.0,0.0,0.0,0.0,0.0,0.0,0.0,0.0,0.0,0.0,0.0,0.0,10.0,0.0,0.0,0.0,0.0,0.0,0.0,0.0,0.0,0.0,6,0.0,0.0,0.0,0.0,0.0,0.0,0.0,0.0,0.0,0.0,0.0,0.0,0.0,0.0,0.0,0.0,0.0,0.0,0.0,0.0,0.0,8,0.0,0.0,0.0,0.0,0.0,0.0,2,0.0,0.0,0.0,0.0,0.0,0.0,0.0,0.0,0.0,0.0,0.0,0.0,0.0,0.0,0.0,0.0,0,4,2,0,0.0,0.0,0,0.0,0.0,0.0,0.0
Marco Brescianini,it ITA,MF,Fiorentina,25.0,2000.0,17,10,862,1,1,0,0,1,0,0.1,0.1,0.21,0.1,0.21,2.3510073386132717,2.3510073386132717,0.20784937178309867,0.20784937178309867,9.6,2,0.0,20.0,0.21,0.1,0.5,0.18084671835486704,-0.3510073386132717,-0.3510073386132717,0.0,0.0,0.0,0.0,0.0,0.0,0.0,0.0,0.0,0.0,0.0,0.0,0.0,0.0,10.0,0.0,0.0,0.0,0.0,0.0,0.0,0.0,0.0,0.0,11,0.0,0.0,0.0,0.0,0.0,0.0,0.0,0.0,0.0,0.0,0.0,0.0,0.0,0.0,0.0,0.0,0.0,0.0,0.0,0.0,0.0,2,0.0,0.0,0.0,0.0,0.0,0.0,1,0.0,0.0,0.0,0.0,0.0,0.0,0.0,0.0,0.0,0.0,0.0,0.0,0.0,0.0,0.0,0.0,0,13,9,0,0.0,0.0,0,0.0,0.0,0.0,0.0
Sascha Britschgi,ch SUI,"MF,DF",Parma,18.0,2006.0,29,22,"2,095",0,2,0,0,7,1,0.0,0.09,0.09,0.0,0.09,0.4099866766482591,0.4099866766482591,0.01754579215327785,0.01754579215327785,23.3,3,0.0,23.1,0.13,0.0,0.0,0.031537436665250704,-0.4099866766482591,-0.4099866766482591,0.0,0.0,0.0,0.0,0.0,0.0,0.0,0.0,0.0,0.0,0.0,0.0,0.0,0.0,17.0,0.0,0.0,0.0,0.0,0.0,0.0,0.0,0.0,0.0,48,0.0,0.0,0.0,0.0,0.0,0.0,0.0,0.0,0.0,0.0,0.0,0.0,0.0,0.0,0.0,0.0,0.0,0.0,0.0,0.0,0.0,18,0.0,0.0,0.0,0.0,0.0,0.0,8,0.0,0.0,0.0,0.0,0.0,0.0,0.0,0.0,0.0,0.0,0.0,0.0,0.0,0.0,0.0,0.0,1,18,23,0,0.0,0.0,0,0.0,0.0,0.0,0.0
Louis Buffon,cz CZE,FW,Pisa,17.0,2007.0,4,0,32,0,0,0,0,0,0,0.0,0.0,0.0,0.0,0.0,0.0,0.0,0.0,0.0,0.4,0,0.0,0.0,0.0,0.0,0.0,,0.0,0.0,0.0,0.0,0.0,0.0,0.0,0.0,0.0,0.0,0.0,0.0,0.0,0.0,0.0,0.0,0.0,0.0,0.0,0.0,0.0,0.0,0.0,0.0,0.0,0.0,0,0.0,0.0,0.0,0.0,0.0,0.0,0.0,0.0,0.0,0.0,0.0,0.0,0.0,0.0,0.0,0.0,0.0,0.0,0.0,0.0,0.0,0,0.0,0.0,0.0,0.0,0.0,0.0,0,0.0,0.0,0.0,0.0,0.0,0.0,0.0,0.0,0.0,0.0,0.0,0.0,0.0,0.0,0.0,0.0,0,1,1,0,0.0,0.0,0,0.0,0.0,0.0,0.0
Adam Buksa,pl POL,FW,Udinese,29.0,1996.0,25,6,922,3,0,0,0,3,0,0.29,0.0,0.29,0.29,0.29,2.7839207872748375,2.7839207872748375,0.28279105062611215,0.28279105062611215,10.2,6,0.0,50.0,0.59,0.25,0.5,0.2319933989395698,0.2160792127251625,0.2160792127251625,0.0,0.0,0.0,0.0,0.0,0.0,0.0,0.0,0.0,0.0,0.0,0.0,0.0,0.0,11.0,0.0,0.0,0.0,0.0,0.0,0.0,0.0,0.0,0.0,1,0.0,0.0,0.0,0.0,0.0,0.0,0.0,0.0,0.0,0.0,0.0,0.0,0.0,0.0,0.0,0.0,0.0,0.0,0.0,0.0,0.0,8,0.0,0.0,0.0,0.0,0.0,0.0,3,0.0,0.0,0.0,0.0,0.0,0.0,0.0,0.0,0.0,0.0,0.0,0.0,0.0,0.0,0.0,0.0,0,24,15,3,0.0,0.0,0,0.0,0.0,0.0,0.0
Alessandro Buongiorno,it ITA,DF,Napoli,26.0,1999.0,33,28,"2,521",0,1,0,0,3,0,0.0,0.04,0.04,0.0,0.04,1.6447823997586966,1.6447823997586966,0.05860269832869465,0.05860269832869465,28.0,3,0.0,37.5,0.11,0.0,0.0,0.20559779996983707,-1.6447823997586966,-1.6447823997586966,0.0,0.0,0.0,0.0,0.0,0.0,0.0,0.0,0.0,0.0,0.0,0.0,0.0,0.0,3.0,0.0,0.0,0.0,0.0,0.0,0.0,0.0,0.0,0.0,6,0.0,0.0,0.0,0.0,0.0,0.0,0.0,0.0,0.0,0.0,0.0,0.0,0.0,0.0,0.0,0.0,0.0,0.0,0.0,0.0,0.0,22,0.0,0.0,0.0,0.0,0.0,0.0,40,0.0,0.0,0.0,0.0,0.0,0.0,0.0,0.0,0.0,0.0,0.0,0.0,0.0,0.0,0.0,0.0,0,50,26,1,0.0,0.0,0,0.0,0.0,0.0,0.0
Jean Butez,fr FRA,GK,Como,30.0,1995.0,38,38,"3,420",0,1,0,0,3,0,0.0,0.03,0.03,0.0,0.03,0.0,0.0,0.0,0.0,38.0,0,0.0,0.0,0.0,0.0,0.0,,0.0,0.0,0.0,0.0,0.0,0.0,0.0,0.0,0.0,0.0,0.0,0.0,0.0,0.0,0.0,0.0,3.0,0.0,0.0,0.0,0.0,0.0,0.0,0.0,0.0,0.0,0,0.0,0.0,0.0,0.0,0.0,0.0,0.0,0.0,0.0,0.0,0.0,0.0,0.0,0.0,0.0,0.0,0.0,0.0,0.0,0.0,0.0,2,0.0,0.0,0.0,0.0,0.0,0.0,0,0.0,0.0,0.0,0.0,0.0,0.0,0.0,0.0,0.0,0.0,0.0,0.0,0.0,0.0,0.0,0.0,0,0,9,0,0.0,0.0,0,0.0,0.0,0.0,0.0
Arturo Calabresi,it ITA,DF,Pisa,29.0,1996.0,26,17,"1,514",0,0,0,0,8,0,0.0,0.0,0.0,0.0,0.0,0.2407729886472225,0.2407729886472225,0.014107792303548193,0.014107792303548193,16.8,1,0.0,25.0,0.06,0.0,0.0,0.06019324716180562,-0.2407729886472225,-0.2407729886472225,0.0,0.0,0.0,0.0,0.0,0.0,0.0,0.0,0.0,0.0,0.0,0.0,0.0,0.0,4.0,0.0,0.0,0.0,0.0,0.0,0.0,0.0,0.0,0.0,17,0.0,0.0,0.0,0.0,0.0,0.0,0.0,0.0,0.0,0.0,0.0,0.0,0.0,0.0,0.0,0.0,0.0,0.0,0.0,0.0,0.0,13,0.0,0.0,0.0,0.0,0.0,0.0,19,0.0,0.0,0.0,0.0,0.0,0.0,0.0,0.0,0.0,0.0,0.0,0.0,0.0,0.0,0.0,0.0,0,33,25,1,0.0,0.0,0,0.0,0.0,0.0,0.0
Hakan Çalhanoğlu,tr TUR,MF,Inter,31.0,1994.0,22,20,"1,639",9,4,4,5,7,0,0.49,0.22,0.71,0.27,0.49,5.1476946249604225,1.341200515627861,0.27675777553550657,0.07210755460364844,18.2,17,0.0,34.0,0.93,0.1,0.29,0.026824010312557222,3.8523053750395775,3.658799484372139,0.0,0.0,0.0,0.0,0.0,0.0,0.0,0.0,0.0,0.0,0.0,0.0,0.0,0.0,40.0,0.0,0.0,0.0,0.0,0.0,0.0,0.0,0.0,0.0,86,0.0,0.0,0.0,0.0,0.0,0.0,0.0,0.0,0.0,0.0,0.0,0.0,0.0,0.0,0.0,0.0,0.0,0.0,0.0,0.0,0.0,17,0.0,0.0,0.0,0.0,0.0,0.0,19,0.0,0.0,0.0,0.0,0.0,0.0,0.0,0.0,0.0,0.0,0.0,0.0,0.0,0.0,0.0,0.0,0,28,11,0,0.0,0.0,0,0.0,0.0,0.0,0.0
Abdoulaye Camara,fr FRA,MF,Udinese,16.0,2008.0,1,0,12,0,0,0,0,0,0,0.0,0.0,0.0,0.0,0.0,0.0,0.0,0.0,0.0,0.1,0,0.0,0.0,0.0,0.0,0.0,,0.0,0.0,0.0,0.0,0.0,0.0,0.0,0.0,0.0,0.0,0.0,0.0,0.0,0.0,0.0,0.0,1.0,0.0,0.0,0.0,0.0,0.0,0.0,0.0,0.0,0.0,2,0.0,0.0,0.0,0.0,0.0,0.0,0.0,0.0,0.0,0.0,0.0,0.0,0.0,0.0,0.0,0.0,0.0,0.0,0.0,0.0,0.0,0,0.0,0.0,0.0,0.0,0.0,0.0,0,0.0,0.0,0.0,0.0,0.0,0.0,0.0,0.0,0.0,0.0,0.0,0.0,0.0,0.0,0.0,0.0,0,0,0,0,0.0,0.0,0,0.0,0.0,0.0,0.0
Francesco Camarda,it ITA,FW,Lecce,17.0,2008.0,21,7,687,1,0,0,1,1,0,0.13,0.0,0.13,0.13,0.13,2.3779635597020388,1.6166647244244814,0.31895189325362666,0.21684027600328365,7.6,3,0.0,18.8,0.39,0.06,0.33,0.10104154527653009,-1.3779635597020388,-0.6166647244244814,0.0,0.0,0.0,0.0,0.0,0.0,0.0,0.0,0.0,0.0,0.0,0.0,0.0,0.0,4.0,0.0,0.0,0.0,0.0,0.0,0.0,0.0,0.0,0.0,1,0.0,0.0,0.0,0.0,0.0,0.0,0.0,0.0,0.0,0.0,0.0,0.0,0.0,0.0,0.0,0.0,0.0,0.0,0.0,0.0,0.0,1,0.0,0.0,0.0,0.0,0.0,0.0,0,0.0,0.0,0.0,0.0,0.0,0.0,0.0,0.0,0.0,0.0,0.0,0.0,0.0,0.0,0.0,0.0,0,12,4,2,0.0,0.0,0,0.0,0.0,0.0,0.0
Nicolò Cambiaghi,it ITA,"MF,FW",Bologna,24.0,2000.0,28,17,"1,518",3,4,0,0,3,1,0.18,0.24,0.42,0.18,0.42,2.916797866113484,2.916797866113484,0.17384887943722752,0.17384887943722752,16.9,6,0.0,25.0,0.36,0.13,0.5,0.12153324442139517,0.0832021338865161,0.0832021338865161,0.0,0.0,0.0,0.0,0.0,0.0,0.0,0.0,0.0,0.0,0.0,0.0,0.0,0.0,18.0,0.0,0.0,0.0,0.0,0.0,0.0,0.0,0.0,0.0,63,0.0,0.0,0.0,0.0,0.0,0.0,0.0,0.0,0.0,0.0,0.0,0.0,0.0,0.0,0.0,0.0,0.0,0.0,0.0,0.0,0.0,20,0.0,0.0,0.0,0.0,0.0,0.0,9,0.0,0.0,0.0,0.0,0.0,0.0,0.0,0.0,0.0,0.0,0.0,0.0,0.0,0.0,0.0,0.0,0,32,71,5,0.0,0.0,0,0.0,0.0,0.0,0.0
Andrea Cambiaso,it ITA,"MF,DF",Juventus,25.0,2000.0,36,35,"2,769",3,4,0,0,3,1,0.1,0.13,0.23,0.1,0.23,2.895034248009324,2.895034248009324,0.09155062625468699,0.09155062625468699,30.8,13,0.0,50.0,0.42,0.12,0.23,0.1113474710772817,0.10496575199067593,0.10496575199067593,0.0,0.0,0.0,0.0,0.0,0.0,0.0,0.0,0.0,0.0,0.0,0.0,0.0,0.0,56.0,0.0,0.0,0.0,0.0,0.0,0.0,0.0,0.0,0.0,123,0.0,0.0,0.0,0.0,0.0,0.0,0.0,0.0,0.0,0.0,0.0,0.0,0.0,0.0,0.0,0.0,0.0,0.0,0.0,0.0,0.0,39,0.0,0.0,0.0,0.0,0.0,0.0,20,0.0,0.0,0.0,0.0,0.0,0.0,0.0,0.0,0.0,0.0,0.0,0.0,0.0,0.0,0.0,0.0,0,29,21,2,0.0,0.0,2,0.0,0.0,0.0,0.0
Matteo Cancellieri,it ITA,FW,Lazio,23.0,2002.0,30,21,"1,725",4,2,0,0,6,0,0.21,0.1,0.31,0.21,0.31,5.217630736529827,5.217630736529827,0.2698774518894738,0.2698774518894738,19.2,17,0.0,41.5,0.89,0.1,0.24,0.12725928625682506,-1.2176307365298271,-1.2176307365298271,0.0,0.0,0.0,0.0,0.0,0.0,0.0,0.0,0.0,0.0,0.0,0.0,0.0,0.0,18.0,0.0,0.0,0.0,0.0,0.0,0.0,0.0,0.0,0.0,21,0.0,0.0,0.0,0.0,0.0,0.0,0.0,0.0,0.0,0.0,0.0,0.0,0.0,0.0,0.0,0.0,0.0,0.0,0.0,0.0,0.0,28,0.0,0.0,0.0,0.0,0.0,0.0,24,0.0,0.0,0.0,0.0,0.0,0.0,0.0,0.0,0.0,0.0,0.0,0.0,0.0,0.0,0.0,0.0,0,39,67,3,0.0,0.0,0,0.0,0.0,0.0,0.0
Fali Candé,gw GNB,DF,Sassuolo,27.0,1998.0,12,5,509,0,0,0,0,2,0,0.0,0.0,0.0,0.0,0.0,0.1701168362051248,0.1701168362051248,0.03007959775729122,0.03007959775729122,5.7,0,0.0,0.0,0.0,0.0,0.0,0.05670561206837493,-0.1701168362051248,-0.1701168362051248,0.0,0.0,0.0,0.0,0.0,0.0,0.0,0.0,0.0,0.0,0.0,0.0,0.0,0.0,1.0,0.0,0.0,0.0,0.0,0.0,0.0,0.0,0.0,0.0,4,0.0,0.0,0.0,0.0,0.0,0.0,0.0,0.0,0.0,0.0,0.0,0.0,0.0,0.0,0.0,0.0,0.0,0.0,0.0,0.0,0.0,9,0.0,0.0,0.0,0.0,0.0,0.0,2,0.0,0.0,0.0,0.0,0.0,0.0,0.0,0.0,0.0,0.0,0.0,0.0,0.0,0.0,0.0,0.0,0,9,6,0,0.0,0.0,0,0.0,0.0,0.0,0.0
Simone Canestrelli,it ITA,DF,Pisa,24.0,2000.0,37,36,"3,201",1,0,0,0,4,0,0.03,0.0,0.03,0.03,0.03,1.348835569806397,1.348835569806397,0.037936000400804915,0.037936000400804915,35.6,3,0.0,18.8,0.08,0.06,0.33,0.08430222311289981,-0.34883556980639696,-0.34883556980639696,0.0,0.0,0.0,0.0,0.0,0.0,0.0,0.0,0.0,0.0,0.0,0.0,0.0,0.0,10.0,0.0,0.0,0.0,0.0,0.0,0.0,0.0,0.0,0.0,12,0.0,0.0,0.0,0.0,0.0,0.0,0.0,0.0,0.0,0.0,0.0,0.0,0.0,0.0,0.0,0.0,0.0,0.0,0.0,0.0,0.0,25,0.0,0.0,0.0,0.0,0.0,0.0,33,0.0,0.0,0.0,0.0,0.0,0.0,0.0,0.0,0.0,0.0,0.0,0.0,0.0,0.0,0.0,0.0,0,42,22,1,0.0,0.0,0,0.0,0.0,0.0,0.0
Elia Caprile,it ITA,GK,Cagliari,23.0,2001.0,38,38,"3,420",0,0,0,0,2,0,0.0,0.0,0.0,0.0,0.0,0.0,0.0,0.0,0.0,38.0,0,0.0,0.0,0.0,0.0,0.0,,0.0,0.0,0.0,0.0,0.0,0.0,0.0,0.0,0.0,0.0,0.0,0.0,0.0,0.0,0.0,0.0,1.0,0.0,0.0,0.0,0.0,0.0,0.0,0.0,0.0,0.0,0,0.0,0.0,0.0,0.0,0.0,0.0,0.0,0.0,0.0,0.0,0.0,0.0,0.0,0.0,0.0,0.0,0.0,0.0,0.0,0.0,0.0,0,0.0,0.0,0.0,0.0,0.0,0.0,0,0.0,0.0,0.0,0.0,0.0,0.0,0.0,0.0,0.0,0.0,0.0,0.0,0.0,0.0,0.0,0.0,0,0,8,0,0.0,0.0,0,0.0,0.0,0.0,0.0
Maxence Caqueret,fr FRA,MF,Como,25.0,2000.0,30,17,"1,485",2,6,0,0,3,0,0.12,0.36,0.48,0.12,0.48,1.735451778396964,1.735451778396964,0.1046153114907748,0.1046153114907748,16.5,4,0.0,22.2,0.24,0.11,0.5,0.09641398768872023,0.2645482216030359,0.2645482216030359,0.0,0.0,0.0,0.0,0.0,0.0,0.0,0.0,0.0,0.0,0.0,0.0,0.0,0.0,26.0,0.0,0.0,0.0,0.0,0.0,0.0,0.0,0.0,0.0,36,0.0,0.0,0.0,0.0,0.0,0.0,0.0,0.0,0.0,0.0,0.0,0.0,0.0,0.0,0.0,0.0,0.0,0.0,0.0,0.0,0.0,23,0.0,0.0,0.0,0.0,0.0,0.0,14,0.0,0.0,0.0,0.0,0.0,0.0,0.0,0.0,0.0,0.0,0.0,0.0,0.0,0.0,0.0,0.0,0,26,23,2,0.0,0.0,0,0.0,0.0,0.0,0.0
Antonio Caracciolo,it ITA,DF,Pisa,35.0,1990.0,35,34,"3,073",2,0,0,0,10,0,0.06,0.0,0.06,0.06,0.06,2.3648768034763634,2.3648768034763634,0.0691709172287529,0.0691709172287529,34.1,6,0.0,24.0,0.18,0.08,0.33,0.09459507213905453,-0.3648768034763634,-0.3648768034763634,0.0,0.0,0.0,0.0,0.0,0.0,0.0,0.0,0.0,0.0,0.0,0.0,0.0,0.0,2.0,0.0,0.0,0.0,0.0,0.0,0.0,0.0,0.0,0.0,3,0.0,0.0,0.0,0.0,0.0,0.0,0.0,0.0,0.0,0.0,0.0,0.0,0.0,0.0,0.0,0.0,0.0,0.0,0.0,0.0,0.0,44,0.0,0.0,0.0,0.0,0.0,0.0,57,0.0,0.0,0.0,0.0,0.0,0.0,0.0,0.0,0.0,0.0,0.0,0.0,0.0,0.0,0.0,0.0,0,41,11,2,0.0,0.0,1,0.0,0.0,0.0,0.0
Filippo Carbone,it ITA,MF,Genoa,18.0,2006.0,1,0,8,0,0,0,0,0,0,0.0,0.0,0.0,0.0,0.0,0.0,0.0,0.0,0.0,0.1,0,0.0,0.0,0.0,0.0,0.0,,0.0,0.0,0.0,0.0,0.0,0.0,0.0,0.0,0.0,0.0,0.0,0.0,0.0,0.0,0.0,0.0,0.0,0.0,0.0,0.0,0.0,0.0,0.0,0.0,0.0,0.0,0,0.0,0.0,0.0,0.0,0.0,0.0,0.0,0.0,0.0,0.0,0.0,0.0,0.0,0.0,0.0,0.0,0.0,0.0,0.0,0.0,0.0,3,0.0,0.0,0.0,0.0,0.0,0.0,0,0.0,0.0,0.0,0.0,0.0,0.0,0.0,0.0,0.0,0.0,0.0,0.0,0.0,0.0,0.0,0.0,0,0,1,0,0.0,0.0,0,0.0,0.0,0.0,0.0
Franco Carboni,it ITA,MF,Parma,22.0,2003.0,7,1,114,0,0,0,0,0,0,0.0,0.0,0.0,0.0,0.0,0.0,0.0,0.0,0.0,1.3,0,0.0,0.0,0.0,0.0,0.0,0.0,0.0,0.0,0.0,0.0,0.0,0.0,0.0,0.0,0.0,0.0,0.0,0.0,0.0,0.0,0.0,0.0,0.0,0.0,0.0,0.0,0.0,0.0,0.0,0.0,0.0,0.0,3,0.0,0.0,0.0,0.0,0.0,0.0,0.0,0.0,0.0,0.0,0.0,0.0,0.0,0.0,0.0,0.0,0.0,0.0,0.0,0.0,0.0,1,0.0,0.0,0.0,0.0,0.0,0.0,2,0.0,0.0,0.0,0.0,0.0,0.0,0.0,0.0,0.0,0.0,0.0,0.0,0.0,0.0,0.0,0.0,0,3,0,0,0.0,0.0,0,0.0,0.0,0.0,0.0
Valentin Carboni,ar ARG,MF,Genoa,20.0,2005.0,12,3,359,0,0,0,0,2,0,0.0,0.0,0.0,0.0,0.0,0.6554981181398034,0.6554981181398034,0.1709995090799487,0.1709995090799487,4.0,2,0.0,33.3,0.5,0.0,0.0,0.1092496863566339,-0.6554981181398034,-0.6554981181398034,0.0,0.0,0.0,0.0,0.0,0.0,0.0,0.0,0.0,0.0,0.0,0.0,0.0,0.0,4.0,0.0,0.0,0.0,0.0,0.0,0.0,0.0,0.0,0.0,7,0.0,0.0,0.0,0.0,0.0,0.0,0.0,0.0,0.0,0.0,0.0,0.0,0.0,0.0,0.0,0.0,0.0,0.0,0.0,0.0,0.0,8,0.0,0.0,0.0,0.0,0.0,0.0,2,0.0,0.0,0.0,0.0,0.0,0.0,0.0,0.0,0.0,0.0,0.0,0.0,0.0,0.0,0.0,0.0,0,11,5,0,0.0,0.0,0,0.0,0.0,0.0,0.0
Alessandro Cardinali,it ITA,FW,Parma,19.0,2006.0,1,0,45,0,0,0,0,0,0,0.0,0.0,0.0,0.0,0.0,0.0,0.0,0.0,0.0,0.5,0,0.0,0.0,0.0,0.0,0.0,,0.0,0.0,0.0,0.0,0.0,0.0,0.0,0.0,0.0,0.0,0.0,0.0,0.0,0.0,0.0,0.0,0.0,0.0,0.0,0.0,0.0,0.0,0.0,0.0,0.0,0.0,1,0.0,0.0,0.0,0.0,0.0,0.0,0.0,0.0,0.0,0.0,0.0,0.0,0.0,0.0,0.0,0.0,0.0,0.0,0.0,0.0,0.0,0,0.0,0.0,0.0,0.0,0.0,0.0,0,0.0,0.0,0.0,0.0,0.0,0.0,0.0,0.0,0.0,0.0,0.0,0.0,0.0,0.0,0.0,0.0,0,0,0,0,0.0,0.0,0,0.0,0.0,0.0,0.0
Diego Carlos,br BRA,DF,Como,32.0,1993.0,27,21,"1,949",1,0,0,0,8,0,0.05,0.0,0.05,0.05,0.05,1.6734400745481253,1.6734400745481253,0.0773944536019174,0.0773944536019174,21.7,2,0.0,25.0,0.09,0.13,0.5,0.20918000931851566,-0.6734400745481253,-0.6734400745481253,0.0,0.0,0.0,0.0,0.0,0.0,0.0,0.0,0.0,0.0,0.0,0.0,0.0,0.0,2.0,0.0,0.0,0.0,0.0,0.0,0.0,0.0,0.0,0.0,2,0.0,0.0,0.0,0.0,0.0,0.0,0.0,0.0,0.0,0.0,0.0,0.0,0.0,0.0,0.0,0.0,0.0,0.0,0.0,0.0,0.0,18,0.0,0.0,0.0,0.0,0.0,0.0,22,0.0,0.0,0.0,0.0,0.0,0.0,0.0,0.0,0.0,0.0,0.0,0.0,0.0,0.0,0.0,0.0,0,39,7,2,0.0,0.0,0,0.0,0.0,0.0,0.0
Marco Carnesecchi,it ITA,GK,Atalanta,25.0,2000.0,37,37,"3,330",0,0,0,0,0,0,0.0,0.0,0.0,0.0,0.0,0.0,0.0,0.0,0.0,37.0,0,0.0,0.0,0.0,0.0,0.0,,0.0,0.0,0.0,0.0,0.0,0.0,0.0,0.0,0.0,0.0,0.0,0.0,0.0,0.0,0.0,0.0,0.0,0.0,0.0,0.0,0.0,0.0,0.0,0.0,0.0,0.0,1,0.0,0.0,0.0,0.0,0.0,0.0,0.0,0.0,0.0,0.0,0.0,0.0,0.0,0.0,0.0,0.0,0.0,0.0,0.0,0.0,0.0,0,0.0,0.0,0.0,0.0,0.0,0.0,0,0.0,0.0,0.0,0.0,0.0,0.0,0.0,0.0,0.0,0.0,0.0,0.0,0.0,0.0,0.0,0.0,0,1,6,0,0.0,0.0,0,0.0,0.0,0.0,0.0
Cesare Casadei,it ITA,MF,Torino,22.0,2003.0,33,19,"1,997",6,0,0,0,5,0,0.27,0.0,0.27,0.27,0.27,4.651984546333551,4.651984546333551,0.21241938567733112,0.21241938567733112,22.2,17,0.0,48.6,0.77,0.17,0.35,0.1329138441809586,1.3480154536664486,1.3480154536664486,0.0,0.0,0.0,0.0,0.0,0.0,0.0,0.0,0.0,0.0,0.0,0.0,0.0,0.0,17.0,0.0,0.0,0.0,0.0,0.0,0.0,0.0,0.0,0.0,4,0.0,0.0,0.0,0.0,0.0,0.0,0.0,0.0,0.0,0.0,0.0,0.0,0.0,0.0,0.0,0.0,0.0,0.0,0.0,0.0,0.0,16,0.0,0.0,0.0,0.0,0.0,0.0,9,0.0,0.0,0.0,0.0,0.0,0.0,0.0,0.0,0.0,0.0,0.0,0.0,0.0,0.0,0.0,0.0,0,52,16,2,0.0,0.0,0,0.0,0.0,0.0,0.0
Nicolò Casale,it ITA,DF,Bologna,27.0,1998.0,12,8,678,0,0,0,0,0,0,0.0,0.0,0.0,0.0,0.0,0.7464245669543743,0.7464245669543743,0.09996757593138941,0.09996757593138941,7.5,0,0.0,0.0,0.0,0.0,0.0,0.14928491339087485,-0.7464245669543743,-0.7464245669543743,0.0,0.0,0.0,0.0,0.0,0.0,0.0,0.0,0.0,0.0,0.0,0.0,0.0,0.0,4.0,0.0,0.0,0.0,0.0,0.0,0.0,0.0,0.0,0.0,2,0.0,0.0,0.0,0.0,0.0,0.0,0.0,0.0,0.0,0.0,0.0,0.0,0.0,0.0,0.0,0.0,0.0,0.0,0.0,0.0,0.0,2,0.0,0.0,0.0,0.0,0.0,0.0,7,0.0,0.0,0.0,0.0,0.0,0.0,0.0,0.0,0.0,0.0,0.0,0.0,0.0,0.0,0.0,0.0,0,15,5,0,0.0,0.0,0,0.0,0.0,0.0,0.0
Valentín Castellanos,ar ARG,FW,Lazio,26.0,1998.0,11,8,692,2,3,0,0,2,0,0.26,0.39,0.65,0.26,0.65,2.0615241527557373,2.0615241527557373,0.2661939365107839,0.2661939365107839,7.7,8,0.0,40.0,1.04,0.1,0.25,0.10307620763778687,-0.061524152755737305,-0.061524152755737305,0.0,0.0,0.0,0.0,0.0,0.0,0.0,0.0,0.0,0.0,0.0,0.0,0.0,0.0,8.0,0.0,0.0,0.0,0.0,0.0,0.0,0.0,0.0,0.0,6,0.0,0.0,0.0,0.0,0.0,0.0,0.0,0.0,0.0,0.0,0.0,0.0,0.0,0.0,0.0,0.0,0.0,0.0,0.0,0.0,0.0,3,0.0,0.0,0.0,0.0,0.0,0.0,3,0.0,0.0,0.0,0.0,0.0,0.0,0.0,0.0,0.0,0.0,0.0,0.0,0.0,0.0,0.0,0.0,0,9,18,5,0.0,0.0,0,0.0,0.0,0.0,0.0
Santiago Castro,ar ARG,FW,Bologna,20.0,2004.0,35,26,"2,359",7,2,0,0,3,0,0.27,0.08,0.34,0.27,0.34,8.299087951891124,8.299087951891124,0.3136992505964726,0.3136992505964726,26.2,20,0.0,31.7,0.76,0.11,0.35,0.1317315547919226,-1.2990879518911242,-1.2990879518911242,0.0,0.0,0.0,0.0,0.0,0.0,0.0,0.0,0.0,0.0,0.0,0.0,0.0,0.0,28.0,0.0,0.0,0.0,0.0,0.0,0.0,0.0,0.0,0.0,4,0.0,0.0,0.0,0.0,0.0,0.0,0.0,0.0,0.0,0.0,0.0,0.0,0.0,0.0,0.0,0.0,0.0,0.0,0.0,0.0,0.0,8,0.0,0.0,0.0,0.0,0.0,0.0,1,0.0,0.0,0.0,0.0,0.0,0.0,0.0,0.0,0.0,0.0,0.0,0.0,0.0,0.0,0.0,0.0,0,35,50,12,0.0,0.0,0,0.0,0.0,0.0,0.0
Danilo Cataldi,it ITA,MF,Lazio,30.0,1994.0,27,24,"1,985",3,3,2,2,6,0,0.14,0.14,0.27,0.05,0.18,2.712070008739829,1.1894723707810044,0.12161748918115825,0.0533395681964576,22.1,7,0.0,26.9,0.32,0.04,0.14,0.04574893733773094,0.28792999126017094,-0.18947237078100443,0.0,0.0,0.0,0.0,0.0,0.0,0.0,0.0,0.0,0.0,0.0,0.0,0.0,0.0,23.0,0.0,0.0,0.0,0.0,0.0,0.0,0.0,0.0,0.0,48,0.0,0.0,0.0,0.0,0.0,0.0,0.0,0.0,0.0,0.0,0.0,0.0,0.0,0.0,0.0,0.0,0.0,0.0,0.0,0.0,0.0,22,0.0,0.0,0.0,0.0,0.0,0.0,21,0.0,0.0,0.0,0.0,0.0,0.0,0.0,0.0,0.0,0.0,0.0,0.0,0.0,0.0,0.0,0.0,0,22,12,0,0.0,0.0,0,0.0,0.0,0.0,0.0
Nicolò Cavuoti,it ITA,MF,Cagliari,22.0,2003.0,4,0,44,0,0,0,0,0,0,0.0,0.0,0.0,0.0,0.0,0.0,0.0,0.0,0.0,0.5,0,0.0,0.0,0.0,0.0,0.0,,0.0,0.0,0.0,0.0,0.0,0.0,0.0,0.0,0.0,0.0,0.0,0.0,0.0,0.0,0.0,0.0,0.0,0.0,0.0,0.0,0.0,0.0,0.0,0.0,0.0,0.0,0,0.0,0.0,0.0,0.0,0.0,0.0,0.0,0.0,0.0,0.0,0.0,0.0,0.0,0.0,0.0,0.0,0.0,0.0,0.0,0.0,0.0,0,0.0,0.0,0.0,0.0,0.0,0.0,0,0.0,0.0,0.0,0.0,0.0,0.0,0.0,0.0,0.0,0.0,0.0,0.0,0.0,0.0,0.0,0.0,0,1,1,0,0.0,0.0,0,0.0,0.0,0.0,0.0
Federico Ceccherini,it ITA,DF,Cremonese,33.0,1992.0,9,6,476,0,1,0,0,1,1,0.0,0.19,0.19,0.0,0.19,0.1904537454247474,0.1904537454247474,0.036085972817320566,0.036085972817320566,5.3,2,0.0,40.0,0.38,0.0,0.0,0.038090749084949485,-0.1904537454247474,-0.1904537454247474,0.0,0.0,0.0,0.0,0.0,0.0,0.0,0.0,0.0,0.0,0.0,0.0,0.0,0.0,2.0,0.0,0.0,0.0,0.0,0.0,0.0,0.0,0.0,0.0,3,0.0,0.0,0.0,0.0,0.0,0.0,0.0,0.0,0.0,0.0,0.0,0.0,0.0,0.0,0.0,0.0,0.0,0.0,0.0,0.0,0.0,2,0.0,0.0,0.0,0.0,0.0,0.0,7,0.0,0.0,0.0,0.0,0.0,0.0,0.0,0.0,0.0,0.0,0.0,0.0,0.0,0.0,0.0,0.0,0,10,9,0,0.0,0.0,0,0.0,0.0,0.0,0.0
Zeki Çelik,tr TUR,"MF,DF",Roma,28.0,1997.0,34,32,"2,723",1,2,0,0,2,1,0.03,0.07,0.1,0.03,0.1,0.0,0.0,0.0,0.0,30.3,4,0.0,18.2,0.13,0.05,0.25,0.0,0.0,0.0,0.0,0.0,0.0,0.0,0.0,0.0,0.0,0.0,0.0,0.0,0.0,0.0,0.0,0.0,0.0,0.0,0.0,0.0,0.0,0.0,0.0,0.0,0.0,0.0,75,0.0,0.0,0.0,0.0,0.0,0.0,0.0,0.0,0.0,0.0,0.0,0.0,0.0,0.0,0.0,0.0,0.0,0.0,0.0,0.0,0.0,40,0.0,0.0,0.0,0.0,0.0,0.0,24,0.0,0.0,0.0,0.0,0.0,0.0,0.0,0.0,0.0,0.0,0.0,0.0,0.0,0.0,0.0,0.0,0,35,18,3,0.0,0.0,0,0.0,0.0,0.0,0.0
Fallou Cham,gm GAM,MF,Hellas Verona,19.0,2006.0,6,3,228,0,0,0,0,0,0,0.0,0.0,0.0,0.0,0.0,0.343944251537323,0.343944251537323,0.1375777006149292,0.1375777006149292,2.5,2,0.0,40.0,0.79,0.0,0.0,0.0687888503074646,-0.343944251537323,-0.343944251537323,0.0,0.0,0.0,0.0,0.0,0.0,0.0,0.0,0.0,0.0,0.0,0.0,0.0,0.0,4.0,0.0,0.0,0.0,0.0,0.0,0.0,0.0,0.0,0.0,10,0.0,0.0,0.0,0.0,0.0,0.0,0.0,0.0,0.0,0.0,0.0,0.0,0.0,0.0,0.0,0.0,0.0,0.0,0.0,0.0,0.0,9,0.0,0.0,0.0,0.0,0.0,0.0,4,0.0,0.0,0.0,0.0,0.0,0.0,0.0,0.0,0.0,0.0,0.0,0.0,0.0,0.0,0.0,0.0,0,7,5,1,0.0,0.0,0,0.0,0.0,0.0,0.0
Walid Cheddira,ma MAR,FW,Sassuolo,27.0,1998.0,16,1,221,1,0,0,0,1,0,0.41,0.0,0.41,0.41,0.41,4.555503275245428,4.555503275245428,0.34366747256671293,0.34366747256671293,2.5,2,0.0,25.0,0.81,0.13,0.5,0.138045553795316,-0.5555032752454281,-0.5555032752454281,0.0,0.0,0.0,0.0,0.0,0.0,0.0,0.0,0.0,0.0,0.0,0.0,0.0,0.0,11.0,0.0,0.0,0.0,0.0,0.0,0.0,0.0,0.0,0.0,4,0.0,0.0,0.0,0.0,0.0,0.0,0.0,0.0,0.0,0.0,0.0,0.0,0.0,0.0,0.0,0.0,0.0,0.0,0.0,0.0,0.0,0,0.0,0.0,0.0,0.0,0.0,0.0,0,0.0,0.0,0.0,0.0,0.0,0.0,0.0,0.0,0.0,0.0,0.0,0.0,0.0,0.0,0.0,0.0,0,7,9,1,0.0,0.0,0,0.0,0.0,0.0,0.0
Walid Cheddira,ma MAR,FW,Lecce,27.0,1998.0,17,11,"1,000",3,1,0,0,2,0,0.27,0.09,0.36,0.27,0.36,4.555503275245428,4.555503275245428,0.34366747256671293,0.34366747256671293,11.1,10,0.0,40.0,0.9,0.12,0.3,0.138045553795316,-0.5555032752454281,-0.5555032752454281,0.0,0.0,0.0,0.0,0.0,0.0,0.0,0.0,0.0,0.0,0.0,0.0,0.0,0.0,11.0,0.0,0.0,0.0,0.0,0.0,0.0,0.0,0.0,0.0,4,0.0,0.0,0.0,0.0,0.0,0.0,0.0,0.0,0.0,0.0,0.0,0.0,0.0,0.0,0.0,0.0,0.0,0.0,0.0,0.0,0.0,3,0.0,0.0,0.0,0.0,0.0,0.0,1,0.0,0.0,0.0,0.0,0.0,0.0,0.0,0.0,0.0,0.0,0.0,0.0,0.0,0.0,0.0,0.0,0,20,25,10,0.0,0.0,0,0.0,0.0,0.0,0.0
Oliver Christensen,dk DEN,GK,Fiorentina,26.0,1999.0,1,1,86,0,0,0,0,0,0,0.0,0.0,0.0,0.0,0.0,0.0,0.0,0.0,0.0,1.0,0,0.0,0.0,0.0,0.0,0.0,,0.0,0.0,0.0,0.0,0.0,0.0,0.0,0.0,0.0,0.0,0.0,0.0,0.0,0.0,0.0,0.0,0.0,0.0,0.0,0.0,0.0,0.0,0.0,0.0,0.0,0.0,0,0.0,0.0,0.0,0.0,0.0,0.0,0.0,0.0,0.0,0.0,0.0,0.0,0.0,0.0,0.0,0.0,0.0,0.0,0.0,0.0,0.0,0,0.0,0.0,0.0,0.0,0.0,0.0,0,0.0,0.0,0.0,0.0,0.0,0.0,0.0,0.0,0.0,0.0,0.0,0.0,0.0,0.0,0.0,0.0,0,0,1,0,0.0,0.0,0,0.0,0.0,0.0,0.0
Samuel Chukwueze,ng NGA,"FW,MF",Milan,26.0,1999.0,1,0,26,0,0,0,0,0,0,0.0,0.0,0.0,0.0,0.0,0.0,0.0,0.0,0.0,0.3,0,0.0,0.0,0.0,0.0,0.0,,0.0,0.0,0.0,0.0,0.0,0.0,0.0,0.0,0.0,0.0,0.0,0.0,0.0,0.0,0.0,0.0,0.0,0.0,0.0,0.0,0.0,0.0,0.0,0.0,0.0,0.0,3,0.0,0.0,0.0,0.0,0.0,0.0,0.0,0.0,0.0,0.0,0.0,0.0,0.0,0.0,0.0,0.0,0.0,0.0,0.0,0.0,0.0,0,0.0,0.0,0.0,0.0,0.0,0.0,0,0.0,0.0,0.0,0.0,0.0,0.0,0.0,0.0,0.0,0.0,0.0,0.0,0.0,0.0,0.0,0.0,0,0,3,0,0.0,0.0,0,0.0,0.0,0.0,0.0
Alessandro Circati,au AUS,DF,Parma,21.0,2003.0,31,31,"2,664",1,0,0,0,6,0,0.03,0.0,0.03,0.03,0.03,0.736436253413558,0.736436253413558,0.024851617100570014,0.024851617100570014,29.6,1,0.0,12.5,0.03,0.13,1.0,0.09205453167669475,0.263563746586442,0.263563746586442,0.0,0.0,0.0,0.0,0.0,0.0,0.0,0.0,0.0,0.0,0.0,0.0,0.0,0.0,9.0,0.0,0.0,0.0,0.0,0.0,0.0,0.0,0.0,0.0,5,0.0,0.0,0.0,0.0,0.0,0.0,0.0,0.0,0.0,0.0,0.0,0.0,0.0,0.0,0.0,0.0,0.0,0.0,0.0,0.0,0.0,25,0.0,0.0,0.0,0.0,0.0,0.0,27,0.0,0.0,0.0,0.0,0.0,0.0,0.0,0.0,0.0,0.0,0.0,0.0,0.0,0.0,0.0,0.0,0,30,18,0,0.0,0.0,0,0.0,0.0,0.0,0.0
Matteo Cocchi,it ITA,DF,Inter,18.0,2007.0,1,0,17,0,0,0,0,0,0,0.0,0.0,0.0,0.0,0.0,0.0,0.0,0.0,0.0,0.2,0,0.0,0.0,0.0,0.0,0.0,,0.0,0.0,0.0,0.0,0.0,0.0,0.0,0.0,0.0,0.0,0.0,0.0,0.0,0.0,0.0,0.0,0.0,0.0,0.0,0.0,0.0,0.0,0.0,0.0,0.0,0.0,0,0.0,0.0,0.0,0.0,0.0,0.0,0.0,0.0,0.0,0.0,0.0,0.0,0.0,0.0,0.0,0.0,0.0,0.0,0.0,0.0,0.0,0,0.0,0.0,0.0,0.0,0.0,0.0,0,0.0,0.0,0.0,0.0,0.0,0.0,0.0,0.0,0.0,0.0,0.0,0.0,0.0,0.0,0.0,0.0,0,0,0,0,0.0,0.0,0,0.0,0.0,0.0,0.0
Saúl Coco,gq EQG,DF,Torino,26.0,1999.0,35,35,"3,088",1,1,0,0,3,0,0.03,0.03,0.06,0.03,0.06,1.1569340787827969,1.1569340787827969,0.03366442518281659,0.03366442518281659,34.3,4,0.0,26.7,0.12,0.07,0.25,0.0771289385855198,-0.15693407878279686,-0.15693407878279686,0.0,0.0,0.0,0.0,0.0,0.0,0.0,0.0,0.0,0.0,0.0,0.0,0.0,0.0,11.0,0.0,0.0,0.0,0.0,0.0,0.0,0.0,0.0,0.0,5,0.0,0.0,0.0,0.0,0.0,0.0,0.0,0.0,0.0,0.0,0.0,0.0,0.0,0.0,0.0,0.0,0.0,0.0,0.0,0.0,0.0,34,0.0,0.0,0.0,0.0,0.0,0.0,41,0.0,0.0,0.0,0.0,0.0,0.0,0.0,0.0,0.0,0.0,0.0,0.0,0.0,0.0,0.0,0.0,0,46,34,0,0.0,0.0,0,0.0,0.0,0.0,0.0
Michele Collocolo,it ITA,MF,Cremonese,25.0,1999.0,8,5,362,0,0,0,0,1,0,0.0,0.0,0.0,0.0,0.0,0.0767250163480639,0.0767250163480639,0.019561618898939807,0.019561618898939807,4.0,1,0.0,50.0,0.25,0.0,0.0,0.03836250817403195,-0.0767250163480639,-0.0767250163480639,0.0,0.0,0.0,0.0,0.0,0.0,0.0,0.0,0.0,0.0,0.0,0.0,0.0,0.0,2.0,0.0,0.0,0.0,0.0,0.0,0.0,0.0,0.0,0.0,5,0.0,0.0,0.0,0.0,0.0,0.0,0.0,0.0,0.0,0.0,0.0,0.0,0.0,0.0,0.0,0.0,0.0,0.0,0.0,0.0,0.0,3,0.0,0.0,0.0,0.0,0.0,0.0,1,0.0,0.0,0.0,0.0,0.0,0.0,0.0,0.0,0.0,0.0,0.0,0.0,0.0,0.0,0.0,0.0,0,2,2,0,0.0,0.0,0,0.0,0.0,0.0,0.0
Lorenzo Colombo,it ITA,FW,Genoa,23.0,2002.0,38,30,"2,326",7,1,1,2,2,0,0.27,0.04,0.31,0.23,0.27,9.395731360651553,7.873133630491793,0.3563488505936113,0.2986017811817368,25.8,27,0.0,40.9,1.04,0.09,0.22,0.1192899034922999,-2.3957313606515527,-1.8731336304917932,0.0,0.0,0.0,0.0,0.0,0.0,0.0,0.0,0.0,0.0,0.0,0.0,0.0,0.0,19.0,0.0,0.0,0.0,0.0,0.0,0.0,0.0,0.0,0.0,16,0.0,0.0,0.0,0.0,0.0,0.0,0.0,0.0,0.0,0.0,0.0,0.0,0.0,0.0,0.0,0.0,0.0,0.0,0.0,0.0,0.0,12,0.0,0.0,0.0,0.0,0.0,0.0,1,0.0,0.0,0.0,0.0,0.0,0.0,0.0,0.0,0.0,0.0,0.0,0.0,0.0,0.0,0.0,0.0,0,41,55,3,0.0,0.0,0,0.0,0.0,0.0,0.0
Pietro Comuzzo,it ITA,DF,Fiorentina,20.0,2005.0,27,18,"1,696",1,0,0,0,2,0,0.05,0.0,0.05,0.05,0.05,0.8149047680199146,0.8149047680199146,0.0432182846916867,0.0432182846916867,18.8,2,0.0,20.0,0.11,0.1,0.5,0.08149047680199147,0.18509523198008537,0.18509523198008537,0.0,0.0,0.0,0.0,0.0,0.0,0.0,0.0,0.0,0.0,0.0,0.0,0.0,0.0,3.0,0.0,0.0,0.0,0.0,0.0,0.0,0.0,0.0,0.0,1,0.0,0.0,0.0,0.0,0.0,0.0,0.0,0.0,0.0,0.0,0.0,0.0,0.0,0.0,0.0,0.0,0.0,0.0,0.0,0.0,0.0,16,0.0,0.0,0.0,0.0,0.0,0.0,24,0.0,0.0,0.0,0.0,0.0,0.0,0.0,0.0,0.0,0.0,0.0,0.0,0.0,0.0,0.0,0.0,0,24,4,0,0.0,0.0,1,0.0,0.0,0.0,0.0
Francisco Conceição,pt POR,"MF,FW",Juventus,22.0,2002.0,31,27,"2,078",3,5,0,0,3,0,0.13,0.22,0.35,0.13,0.35,8.487750921398401,8.487750921398401,0.3596504627711187,0.3596504627711187,23.1,23,0.0,31.5,1.0,0.04,0.13,0.11627056056710139,-5.487750921398401,-5.487750921398401,0.0,0.0,0.0,0.0,0.0,0.0,0.0,0.0,0.0,0.0,0.0,0.0,0.0,0.0,42.0,0.0,0.0,0.0,0.0,0.0,0.0,0.0,0.0,0.0,92,0.0,0.0,0.0,0.0,0.0,0.0,0.0,0.0,0.0,0.0,0.0,0.0,0.0,0.0,0.0,0.0,0.0,0.0,0.0,0.0,0.0,26,0.0,0.0,0.0,0.0,0.0,0.0,7,0.0,0.0,0.0,0.0,0.0,0.0,0.0,0.0,0.0,0.0,0.0,0.0,0.0,0.0,0.0,0.0,0,32,40,3,0.0,0.0,0,0.0,0.0,0.0,0.0
Nikita Contini,it ITA,GK,Napoli,29.0,1996.0,1,0,11,0,0,0,0,0,0,0.0,0.0,0.0,0.0,0.0,0.0,0.0,0.0,0.0,0.1,0,0.0,0.0,0.0,0.0,0.0,,0.0,0.0,0.0,0.0,0.0,0.0,0.0,0.0,0.0,0.0,0.0,0.0,0.0,0.0,0.0,0.0,0.0,0.0,0.0,0.0,0.0,0.0,0.0,0.0,0.0,0.0,0,0.0,0.0,0.0,0.0,0.0,0.0,0.0,0.0,0.0,0.0,0.0,0.0,0.0,0.0,0.0,0.0,0.0,0.0,0.0,0.0,0.0,0,0.0,0.0,0.0,0.0,0.0,0.0,0,0.0,0.0,0.0,0.0,0.0,0.0,0.0,0.0,0.0,0.0,0.0,0.0,0.0,0.0,0.0,0.0,0,0,0,0,0.0,0.0,0,0.0,0.0,0.0,0.0
Francesco Coppola,it ITA,DF,Pisa,20.0,2005.0,7,5,458,0,0,0,0,3,0,0.0,0.0,0.0,0.0,0.0,0.0926379188895225,0.0926379188895225,0.018364345154310627,0.018364345154310627,5.1,0,0.0,0.0,0.0,0.0,0.0,0.04631895944476125,-0.0926379188895225,-0.0926379188895225,0.0,0.0,0.0,0.0,0.0,0.0,0.0,0.0,0.0,0.0,0.0,0.0,0.0,0.0,0.0,0.0,0.0,0.0,0.0,0.0,0.0,0.0,0.0,0.0,2,0.0,0.0,0.0,0.0,0.0,0.0,0.0,0.0,0.0,0.0,0.0,0.0,0.0,0.0,0.0,0.0,0.0,0.0,0.0,0.0,0.0,5,0.0,0.0,0.0,0.0,0.0,0.0,5,0.0,0.0,0.0,0.0,0.0,0.0,0.0,0.0,0.0,0.0,0.0,0.0,0.0,0.0,0.0,0.0,0,7,8,0,0.0,0.0,0,0.0,0.0,0.0,0.0
Maxwel Cornet,ci CIV,MF,Genoa,28.0,1996.0,8,1,118,0,0,0,1,0,0,0.0,0.0,0.0,0.0,0.0,1.429563120007515,0.6682642847299576,1.1696425527334213,0.5467616875063289,1.3,2,0.0,50.0,1.53,0.0,0.0,0.1670660711824894,-1.429563120007515,-0.6682642847299576,0.0,0.0,0.0,0.0,0.0,0.0,0.0,0.0,0.0,0.0,0.0,0.0,0.0,0.0,6.0,0.0,0.0,0.0,0.0,0.0,0.0,0.0,0.0,0.0,13,0.0,0.0,0.0,0.0,0.0,0.0,0.0,0.0,0.0,0.0,0.0,0.0,0.0,0.0,0.0,0.0,0.0,0.0,0.0,0.0,0.0,4,0.0,0.0,0.0,0.0,0.0,0.0,0,0.0,0.0,0.0,0.0,0.0,0.0,0.0,0.0,0.0,0.0,0.0,0.0,0.0,0.0,0.0,0.0,0,6,1,1,0.0,0.0,0,0.0,0.0,0.0,0.0
Edoardo Corvi,it ITA,GK,Parma,24.0,2001.0,17,17,"1,530",0,0,0,0,1,0,0.0,0.0,0.0,0.0,0.0,0.0,0.0,0.0,0.0,17.0,0,0.0,0.0,0.0,0.0,0.0,,0.0,0.0,0.0,0.0,0.0,0.0,0.0,0.0,0.0,0.0,0.0,0.0,0.0,0.0,0.0,0.0,0.0,0.0,0.0,0.0,0.0,0.0,0.0,0.0,0.0,0.0,0,0.0,0.0,0.0,0.0,0.0,0.0,0.0,0.0,0.0,0.0,0.0,0.0,0.0,0.0,0.0,0.0,0.0,0.0,0.0,0.0,0.0,0,0.0,0.0,0.0,0.0,0.0,0.0,0,0.0,0.0,0.0,0.0,0.0,0.0,0.0,0.0,0.0,0.0,0.0,0.0,0.0,0.0,0.0,0.0,0,0,5,0,0.0,0.0,0,0.0,0.0,0.0,0.0
Lassana Coulibaly,ml MLI,MF,Lecce,29.0,1996.0,33,31,"2,689",3,1,0,0,4,0,0.1,0.03,0.13,0.1,0.13,3.20009109005332,3.20009109005332,0.10635457832525805,0.10635457832525805,29.9,8,0.0,28.6,0.27,0.11,0.38,0.11428896750190429,-0.20009109005331993,-0.20009109005331993,0.0,0.0,0.0,0.0,0.0,0.0,0.0,0.0,0.0,0.0,0.0,0.0,0.0,0.0,20.0,0.0,0.0,0.0,0.0,0.0,0.0,0.0,0.0,0.0,18,0.0,0.0,0.0,0.0,0.0,0.0,0.0,0.0,0.0,0.0,0.0,0.0,0.0,0.0,0.0,0.0,0.0,0.0,0.0,0.0,0.0,28,0.0,0.0,0.0,0.0,0.0,0.0,9,0.0,0.0,0.0,0.0,0.0,0.0,0.0,0.0,0.0,0.0,0.0,0.0,0.0,0.0,0.0,0.0,0,34,52,1,0.0,0.0,0,0.0,0.0,0.0,0.0
Woyo Coulibaly,ml MLI,DF,Sassuolo,26.0,1999.0,20,9,"1,054",0,0,0,0,2,0,0.0,0.0,0.0,0.0,0.0,0.1083389995619654,0.1083389995619654,0.009531290284043877,0.009531290284043877,11.7,1,0.0,16.7,0.09,0.0,0.0,0.01805649992699423,-0.1083389995619654,-0.1083389995619654,0.0,0.0,0.0,0.0,0.0,0.0,0.0,0.0,0.0,0.0,0.0,0.0,0.0,0.0,4.0,0.0,0.0,0.0,0.0,0.0,0.0,0.0,0.0,0.0,10,0.0,0.0,0.0,0.0,0.0,0.0,0.0,0.0,0.0,0.0,0.0,0.0,0.0,0.0,0.0,0.0,0.0,0.0,0.0,0.0,0.0,14,0.0,0.0,0.0,0.0,0.0,0.0,10,0.0,0.0,0.0,0.0,0.0,0.0,0.0,0.0,0.0,0.0,0.0,0.0,0.0,0.0,0.0,0.0,0,15,12,0,0.0,0.0,0,0.0,0.0,0.0,0.0
Ben Cremaschi,us USA,MF,Parma,20.0,2005.0,8,2,132,0,0,0,0,0,0,0.0,0.0,0.0,0.0,0.0,0.0,0.0,0.0,0.0,1.5,0,0.0,0.0,0.0,0.0,0.0,0.0,0.0,0.0,0.0,0.0,0.0,0.0,0.0,0.0,0.0,0.0,0.0,0.0,0.0,0.0,0.0,0.0,0.0,0.0,0.0,0.0,0.0,0.0,0.0,0.0,0.0,0.0,6,0.0,0.0,0.0,0.0,0.0,0.0,0.0,0.0,0.0,0.0,0.0,0.0,0.0,0.0,0.0,0.0,0.0,0.0,0.0,0.0,0.0,1,0.0,0.0,0.0,0.0,0.0,0.0,0,0.0,0.0,0.0,0.0,0.0,0.0,0.0,0.0,0.0,0.0,0.0,0.0,0.0,0.0,0.0,0.0,0,2,0,0,0.0,0.0,0,0.0,0.0,0.0,0.0
Bryan Cristante,it ITA,MF,Roma,30.0,1995.0,37,36,"3,094",2,1,0,0,6,0,0.06,0.03,0.09,0.06,0.09,2.347831812687218,2.347831812687218,0.06781285723422646,0.06781285723422646,34.4,8,0.0,18.2,0.23,0.05,0.25,0.0546007398299353,-0.3478318126872182,-0.3478318126872182,0.0,0.0,0.0,0.0,0.0,0.0,0.0,0.0,0.0,0.0,0.0,0.0,0.0,0.0,27.0,0.0,0.0,0.0,0.0,0.0,0.0,0.0,0.0,0.0,19,0.0,0.0,0.0,0.0,0.0,0.0,0.0,0.0,0.0,0.0,0.0,0.0,0.0,0.0,0.0,0.0,0.0,0.0,0.0,0.0,0.0,43,0.0,0.0,0.0,0.0,0.0,0.0,28,0.0,0.0,0.0,0.0,0.0,0.0,0.0,0.0,0.0,0.0,0.0,0.0,0.0,0.0,0.0,0.0,0,63,9,0,0.0,0.0,0,0.0,0.0,0.0,0.0
Juan Cuadrado,co COL,MF,Pisa,37.0,1988.0,19,2,506,1,0,1,1,3,0,0.18,0.0,0.18,0.0,0.0,0.958076405338943,0.1967775961384177,0.18744973147935842,0.038499964461864336,5.6,2,0.0,20.0,0.36,0.0,0.0,0.01967775961384177,0.041923594661056995,-0.1967775961384177,0.0,0.0,0.0,0.0,0.0,0.0,0.0,0.0,0.0,0.0,0.0,0.0,0.0,0.0,13.0,0.0,0.0,0.0,0.0,0.0,0.0,0.0,0.0,0.0,45,0.0,0.0,0.0,0.0,0.0,0.0,0.0,0.0,0.0,0.0,0.0,0.0,0.0,0.0,0.0,0.0,0.0,0.0,0.0,0.0,0.0,10,0.0,0.0,0.0,0.0,0.0,0.0,5,0.0,0.0,0.0,0.0,0.0,0.0,0.0,0.0,0.0,0.0,0.0,0.0,0.0,0.0,0.0,0.0,0,9,16,0,0.0,0.0,0,0.0,0.0,0.0,0.0
Patrick Cutrone,it ITA,FW,Parma,27.0,1998.0,15,11,888,1,0,0,0,0,0,0.1,0.0,0.1,0.1,0.1,3.271421535871923,3.271421535871923,0.3242598438639571,0.3242598438639571,9.9,7,0.0,28.0,0.71,0.04,0.14,0.13085686143487693,-2.271421535871923,-2.271421535871923,0.0,0.0,0.0,0.0,0.0,0.0,0.0,0.0,0.0,0.0,0.0,0.0,0.0,0.0,3.0,0.0,0.0,0.0,0.0,0.0,0.0,0.0,0.0,0.0,12,0.0,0.0,0.0,0.0,0.0,0.0,0.0,0.0,0.0,0.0,0.0,0.0,0.0,0.0,0.0,0.0,0.0,0.0,0.0,0.0,0.0,1,0.0,0.0,0.0,0.0,0.0,0.0,3,0.0,0.0,0.0,0.0,0.0,0.0,0.0,0.0,0.0,0.0,0.0,0.0,0.0,0.0,0.0,0.0,0,7,16,8,0.0,0.0,0,0.0,0.0,0.0,0.0
Lucas Da Cunha,fr FRA,MF,Como,24.0,2001.0,36,31,"2,739",6,4,4,4,4,0,0.2,0.13,0.33,0.07,0.2,6.926369271241128,3.8811739748343825,0.22545144101689024,0.12633116012119147,30.4,16,0.0,38.1,0.53,0.05,0.13,0.09240890416272339,-0.9263692712411276,-1.8811739748343825,0.0,0.0,0.0,0.0,0.0,0.0,0.0,0.0,0.0,0.0,0.0,0.0,0.0,0.0,45.0,0.0,0.0,0.0,0.0,0.0,0.0,0.0,0.0,0.0,99,0.0,0.0,0.0,0.0,0.0,0.0,0.0,0.0,0.0,0.0,0.0,0.0,0.0,0.0,0.0,0.0,0.0,0.0,0.0,0.0,0.0,33,0.0,0.0,0.0,0.0,0.0,0.0,18,0.0,0.0,0.0,0.0,0.0,0.0,0.0,0.0,0.0,0.0,0.0,0.0,0.0,0.0,0.0,0.0,0,34,19,1,0.0,0.0,0,0.0,0.0,0.0,0.0
Thijs Dallinga,nl NED,FW,Bologna,24.0,2000.0,23,9,811,2,2,0,0,2,0,0.22,0.22,0.44,0.22,0.44,3.886146053671837,3.886146053671837,0.4455454074273444,0.4455454074273444,9.0,5,0.0,20.8,0.55,0.08,0.4,0.16192275223632654,-1.8861460536718369,-1.8861460536718369,0.0,0.0,0.0,0.0,0.0,0.0,0.0,0.0,0.0,0.0,0.0,0.0,0.0,0.0,10.0,0.0,0.0,0.0,0.0,0.0,0.0,0.0,0.0,0.0,5,0.0,0.0,0.0,0.0,0.0,0.0,0.0,0.0,0.0,0.0,0.0,0.0,0.0,0.0,0.0,0.0,0.0,0.0,0.0,0.0,0.0,4,0.0,0.0,0.0,0.0,0.0,0.0,1,0.0,0.0,0.0,0.0,0.0,0.0,0.0,0.0,0.0,0.0,0.0,0.0,0.0,0.0,0.0,0.0,0,20,9,4,0.0,0.0,0,0.0,0.0,0.0,0.0
Matteo Darmian,it ITA,"MF,DF",Inter,35.0,1989.0,6,2,248,0,0,0,0,0,0,0.0,0.0,0.0,0.0,0.0,0.0,0.0,0.0,0.0,2.8,0,0.0,0.0,0.0,0.0,0.0,,0.0,0.0,0.0,0.0,0.0,0.0,0.0,0.0,0.0,0.0,0.0,0.0,0.0,0.0,0.0,0.0,0.0,0.0,0.0,0.0,0.0,0.0,0.0,0.0,0.0,0.0,5,0.0,0.0,0.0,0.0,0.0,0.0,0.0,0.0,0.0,0.0,0.0,0.0,0.0,0.0,0.0,0.0,0.0,0.0,0.0,0.0,0.0,3,0.0,0.0,0.0,0.0,0.0,0.0,1,0.0,0.0,0.0,0.0,0.0,0.0,0.0,0.0,0.0,0.0,0.0,0.0,0.0,0.0,0.0,0.0,0,4,2,1,0.0,0.0,0,0.0,0.0,0.0,0.0
Juan David Cabal,co COL,MF,Juventus,24.0,2001.0,12,2,296,2,0,0,0,1,0,0.61,0.0,0.61,0.61,0.61,0.0,0.0,0.0,0.0,3.3,2,0.0,40.0,0.61,0.4,1.0,0.0,0.0,0.0,0.0,0.0,0.0,0.0,0.0,0.0,0.0,0.0,0.0,0.0,0.0,0.0,0.0,0.0,0.0,0.0,0.0,0.0,0.0,0.0,0.0,0.0,0.0,0.0,4,0.0,0.0,0.0,0.0,0.0,0.0,0.0,0.0,0.0,0.0,0.0,0.0,0.0,0.0,0.0,0.0,0.0,0.0,0.0,0.0,0.0,5,0.0,0.0,0.0,0.0,0.0,0.0,4,0.0,0.0,0.0,0.0,0.0,0.0,0.0,0.0,0.0,0.0,0.0,0.0,0.0,0.0,0.0,0.0,0,4,1,2,0.0,0.0,0,0.0,0.0,0.0,0.0
Jonathan David,ca CAN,FW,Juventus,25.0,2000.0,35,20,"1,781",6,4,0,1,0,0,0.3,0.2,0.51,0.3,0.51,0.0,0.0,0.0,0.0,19.8,16,0.0,39.0,0.81,0.15,0.38,0.0,0.0,0.0,0.0,0.0,0.0,0.0,0.0,0.0,0.0,0.0,0.0,0.0,0.0,0.0,0.0,0.0,0.0,0.0,0.0,0.0,0.0,0.0,0.0,0.0,0.0,0.0,8,0.0,0.0,0.0,0.0,0.0,0.0,0.0,0.0,0.0,0.0,0.0,0.0,0.0,0.0,0.0,0.0,0.0,0.0,0.0,0.0,0.0,10,0.0,0.0,0.0,0.0,0.0,0.0,6,0.0,0.0,0.0,0.0,0.0,0.0,0.0,0.0,0.0,0.0,0.0,0.0,0.0,0.0,0.0,0.0,0,30,26,11,0.0,0.0,0,0.0,0.0,0.0,0.0
Keinan Davis,eng ENG,FW,Udinese,27.0,1998.0,30,27,"2,065",10,4,4,4,5,0,0.44,0.17,0.61,0.26,0.44,9.890136182308195,6.844940945506096,0.42265539240633315,0.29251884382504684,22.9,25,0.0,50.0,1.09,0.12,0.24,0.13689881891012193,0.10986381769180475,-0.8449409455060959,0.0,0.0,0.0,0.0,0.0,0.0,0.0,0.0,0.0,0.0,0.0,0.0,0.0,0.0,31.0,0.0,0.0,0.0,0.0,0.0,0.0,0.0,0.0,0.0,5,0.0,0.0,0.0,0.0,0.0,0.0,0.0,0.0,0.0,0.0,0.0,0.0,0.0,0.0,0.0,0.0,0.0,0.0,0.0,0.0,0.0,5,0.0,0.0,0.0,0.0,0.0,0.0,1,0.0,0.0,0.0,0.0,0.0,0.0,0.0,0.0,0.0,0.0,0.0,0.0,0.0,0.0,0.0,0.0,0,41,47,10,0.0,0.0,0,0.0,0.0,0.0,0.0
Kevin De Bruyne,be BEL,MF,Napoli,34.0,1991.0,18,13,"1,165",5,2,3,3,1,0,0.39,0.15,0.54,0.15,0.31,3.5163134410977364,1.2324169697239995,0.2691056204921737,0.09431762523397956,12.9,11,0.0,40.7,0.85,0.07,0.18,0.04564507295274072,1.4836865589022636,0.7675830302760005,0.0,0.0,0.0,0.0,0.0,0.0,0.0,0.0,0.0,0.0,0.0,0.0,0.0,0.0,36.0,0.0,0.0,0.0,0.0,0.0,0.0,0.0,0.0,0.0,58,0.0,0.0,0.0,0.0,0.0,0.0,0.0,0.0,0.0,0.0,0.0,0.0,0.0,0.0,0.0,0.0,0.0,0.0,0.0,0.0,0.0,8,0.0,0.0,0.0,0.0,0.0,0.0,5,0.0,0.0,0.0,0.0,0.0,0.0,0.0,0.0,0.0,0.0,0.0,0.0,0.0,0.0,0.0,0.0,0,8,6,4,0.0,0.0,0,0.0,0.0,0.0,0.0
Charles De Ketelaere,be BEL,"MF,FW",Atalanta,24.0,2001.0,31,26,"2,177",3,5,0,0,4,0,0.12,0.21,0.33,0.12,0.33,4.545966546982527,4.545966546982527,0.18546554362122727,0.18546554362122727,24.2,16,0.0,34.8,0.66,0.07,0.19,0.09882535971701145,-1.5459665469825268,-1.5459665469825268,0.0,0.0,0.0,0.0,0.0,0.0,0.0,0.0,0.0,0.0,0.0,0.0,0.0,0.0,64.0,0.0,0.0,0.0,0.0,0.0,0.0,0.0,0.0,0.0,46,0.0,0.0,0.0,0.0,0.0,0.0,0.0,0.0,0.0,0.0,0.0,0.0,0.0,0.0,0.0,0.0,0.0,0.0,0.0,0.0,0.0,15,0.0,0.0,0.0,0.0,0.0,0.0,5,0.0,0.0,0.0,0.0,0.0,0.0,0.0,0.0,0.0,0.0,0.0,0.0,0.0,0.0,0.0,0.0,0,23,36,3,0.0,0.0,0,0.0,0.0,0.0,0.0
Manuel De Luca,it ITA,FW,Cremonese,27.0,1998.0,2,0,16,1,0,1,1,0,0,5.63,0.0,5.63,0.0,0.0,0.835056483745575,0.0737576633691787,7.515508353710175,0.6638189703226084,0.2,2,0.0,100.0,11.25,0.0,0.0,0.03687883168458935,0.16494351625442505,-0.0737576633691787,0.0,0.0,0.0,0.0,0.0,0.0,0.0,0.0,0.0,0.0,0.0,0.0,0.0,0.0,0.0,0.0,0.0,0.0,0.0,0.0,0.0,0.0,0.0,0.0,0,0.0,0.0,0.0,0.0,0.0,0.0,0.0,0.0,0.0,0.0,0.0,0.0,0.0,0.0,0.0,0.0,0.0,0.0,0.0,0.0,0.0,0,0.0,0.0,0.0,0.0,0.0,0.0,0,0.0,0.0,0.0,0.0,0.0,0.0,0.0,0.0,0.0,0.0,0.0,0.0,0.0,0.0,0.0,0.0,0,1,1,0,0.0,0.0,0,0.0,0.0,0.0,0.0
Lorenzo De Silvestri,it ITA,DF,Bologna,37.0,1988.0,12,6,491,0,0,0,0,2,0,0.0,0.0,0.0,0.0,0.0,0.0,0.0,0.0,0.0,5.5,0,0.0,0.0,0.0,0.0,0.0,,0.0,0.0,0.0,0.0,0.0,0.0,0.0,0.0,0.0,0.0,0.0,0.0,0.0,0.0,0.0,0.0,5.0,0.0,0.0,0.0,0.0,0.0,0.0,0.0,0.0,0.0,7,0.0,0.0,0.0,0.0,0.0,0.0,0.0,0.0,0.0,0.0,0.0,0.0,0.0,0.0,0.0,0.0,0.0,0.0,0.0,0.0,0.0,1,0.0,0.0,0.0,0.0,0.0,0.0,7,0.0,0.0,0.0,0.0,0.0,0.0,0.0,0.0,0.0,0.0,0.0,0.0,0.0,0.0,0.0,0.0,0,9,3,0,0.0,0.0,0,0.0,0.0,0.0,0.0
Koni De Winter,be BEL,DF,Milan,23.0,2002.0,26,19,"1,800",1,1,0,0,1,0,0.05,0.05,0.1,0.05,0.1,0.7965529607608914,0.7965529607608914,0.039894138268492065,0.039894138268492065,20.0,1,0.0,14.3,0.05,0.14,1.0,0.11379328010869878,0.20344703923910856,0.20344703923910856,0.0,0.0,0.0,0.0,0.0,0.0,0.0,0.0,0.0,0.0,0.0,0.0,0.0,0.0,5.0,0.0,0.0,0.0,0.0,0.0,0.0,0.0,0.0,0.0,5,0.0,0.0,0.0,0.0,0.0,0.0,0.0,0.0,0.0,0.0,0.0,0.0,0.0,0.0,0.0,0.0,0.0,0.0,0.0,0.0,0.0,19,0.0,0.0,0.0,0.0,0.0,0.0,13,0.0,0.0,0.0,0.0,0.0,0.0,0.0,0.0,0.0,0.0,0.0,0.0,0.0,0.0,0.0,0.0,0,27,8,1,0.0,0.0,0,0.0,0.0,0.0,0.0
Alessandro Deiola,it ITA,"MF,DF",Cagliari,29.0,1995.0,20,17,"1,430",0,2,0,0,3,0,0.0,0.13,0.13,0.0,0.13,2.228636055253446,2.228636055253446,0.13890390926094887,0.13890390926094887,15.9,7,0.0,31.8,0.44,0.0,0.0,0.10130163887515664,-2.228636055253446,-2.228636055253446,0.0,0.0,0.0,0.0,0.0,0.0,0.0,0.0,0.0,0.0,0.0,0.0,0.0,0.0,6.0,0.0,0.0,0.0,0.0,0.0,0.0,0.0,0.0,0.0,2,0.0,0.0,0.0,0.0,0.0,0.0,0.0,0.0,0.0,0.0,0.0,0.0,0.0,0.0,0.0,0.0,0.0,0.0,0.0,0.0,0.0,20,0.0,0.0,0.0,0.0,0.0,0.0,13,0.0,0.0,0.0,0.0,0.0,0.0,0.0,0.0,0.0,0.0,0.0,0.0,0.0,0.0,0.0,0.0,0,22,11,7,0.0,0.0,0,0.0,0.0,0.0,0.0
Fisayo Dele-Bashiru,ng NGA,MF,Lazio,24.0,2001.0,24,11,"1,187",1,0,0,0,0,0,0.08,0.0,0.08,0.08,0.08,0.5851763747632504,0.5851763747632504,0.04544078837678389,0.04544078837678389,13.2,2,0.0,22.2,0.15,0.11,0.5,0.06501959719591671,0.41482362523674965,0.41482362523674965,0.0,0.0,0.0,0.0,0.0,0.0,0.0,0.0,0.0,0.0,0.0,0.0,0.0,0.0,11.0,0.0,0.0,0.0,0.0,0.0,0.0,0.0,0.0,0.0,10,0.0,0.0,0.0,0.0,0.0,0.0,0.0,0.0,0.0,0.0,0.0,0.0,0.0,0.0,0.0,0.0,0.0,0.0,0.0,0.0,0.0,15,0.0,0.0,0.0,0.0,0.0,0.0,4,0.0,0.0,0.0,0.0,0.0,0.0,0.0,0.0,0.0,0.0,0.0,0.0,0.0,0.0,0.0,0.0,0,8,3,2,0.0,0.0,0,0.0,0.0,0.0,0.0
Enrico Delprato,it ITA,"DF,MF",Parma,25.0,1999.0,35,34,"2,951",2,0,0,0,5,0,0.06,0.0,0.06,0.06,0.06,0.0,0.0,0.0,0.0,32.8,9,0.0,50.0,0.27,0.11,0.22,0.0,0.0,0.0,0.0,0.0,0.0,0.0,0.0,0.0,0.0,0.0,0.0,0.0,0.0,0.0,0.0,0.0,0.0,0.0,0.0,0.0,0.0,0.0,0.0,0.0,0.0,0.0,19,0.0,0.0,0.0,0.0,0.0,0.0,0.0,0.0,0.0,0.0,0.0,0.0,0.0,0.0,0.0,0.0,0.0,0.0,0.0,0.0,0.0,21,0.0,0.0,0.0,0.0,0.0,0.0,24,0.0,0.0,0.0,0.0,0.0,0.0,0.0,0.0,0.0,0.0,0.0,0.0,0.0,0.0,0.0,0.0,0,16,10,6,0.0,0.0,0,0.0,0.0,0.0,0.0
Ali Dembélé,fr FRA,DF,Torino,21.0,2004.0,2,0,21,0,0,0,0,0,0,0.0,0.0,0.0,0.0,0.0,0.0524663105607032,0.0524663105607032,0.3147978633642192,0.3147978633642192,0.2,0,0.0,0.0,0.0,0.0,0.0,0.0524663105607032,-0.0524663105607032,-0.0524663105607032,0.0,0.0,0.0,0.0,0.0,0.0,0.0,0.0,0.0,0.0,0.0,0.0,0.0,0.0,0.0,0.0,0.0,0.0,0.0,0.0,0.0,0.0,0.0,0.0,0,0.0,0.0,0.0,0.0,0.0,0.0,0.0,0.0,0.0,0.0,0.0,0.0,0.0,0.0,0.0,0.0,0.0,0.0,0.0,0.0,0.0,0,0.0,0.0,0.0,0.0,0.0,0.0,0,0.0,0.0,0.0,0.0,0.0,0.0,0.0,0.0,0.0,0.0,0.0,0.0,0.0,0.0,0.0,0.0,0,0,0,0,0.0,0.0,0,0.0,0.0,0.0,0.0
Daniel Denoon,ch SUI,DF,Pisa,21.0,2004.0,2,2,122,0,0,0,0,1,0,0.0,0.0,0.0,0.0,0.0,0.0,0.0,0.0,0.0,1.4,0,0.0,0.0,0.0,0.0,0.0,,0.0,0.0,0.0,0.0,0.0,0.0,0.0,0.0,0.0,0.0,0.0,0.0,0.0,0.0,0.0,0.0,0.0,0.0,0.0,0.0,0.0,0.0,0.0,0.0,0.0,0.0,0,0.0,0.0,0.0,0.0,0.0,0.0,0.0,0.0,0.0,0.0,0.0,0.0,0.0,0.0,0.0,0.0,0.0,0.0,0.0,0.0,0.0,2,0.0,0.0,0.0,0.0,0.0,0.0,1,0.0,0.0,0.0,0.0,0.0,0.0,0.0,0.0,0.0,0.0,0.0,0.0,0.0,0.0,0.0,0.0,0,4,3,0,0.0,0.0,0,0.0,0.0,0.0,0.0
Raffaele Di Gennaro,it ITA,GK,Inter,31.0,1993.0,1,0,10,0,0,0,0,0,0,0.0,0.0,0.0,0.0,0.0,0.0,0.0,0.0,0.0,0.1,0,0.0,0.0,0.0,0.0,0.0,,0.0,0.0,0.0,0.0,0.0,0.0,0.0,0.0,0.0,0.0,0.0,0.0,0.0,0.0,0.0,0.0,0.0,0.0,0.0,0.0,0.0,0.0,0.0,0.0,0.0,0.0,0,0.0,0.0,0.0,0.0,0.0,0.0,0.0,0.0,0.0,0.0,0.0,0.0,0.0,0.0,0.0,0.0,0.0,0.0,0.0,0.0,0.0,0,0.0,0.0,0.0,0.0,0.0,0.0,0,0.0,0.0,0.0,0.0,0.0,0.0,0.0,0.0,0.0,0.0,0.0,0.0,0.0,0.0,0.0,0.0,0,0,0,0,0.0,0.0,0,0.0,0.0,0.0,0.0
Michele Di Gregorio,it ITA,GK,Juventus,28.0,1997.0,30,29,"2,655",0,0,0,0,1,0,0.0,0.0,0.0,0.0,0.0,0.0,0.0,0.0,0.0,29.5,0,0.0,0.0,0.0,0.0,0.0,,0.0,0.0,0.0,0.0,0.0,0.0,0.0,0.0,0.0,0.0,0.0,0.0,0.0,0.0,0.0,0.0,0.0,0.0,0.0,0.0,0.0,0.0,0.0,0.0,0.0,0.0,0,0.0,0.0,0.0,0.0,0.0,0.0,0.0,0.0,0.0,0.0,0.0,0.0,0.0,0.0,0.0,0.0,0.0,0.0,0.0,0.0,0.0,0,0.0,0.0,0.0,0.0,0.0,0.0,0,0.0,0.0,0.0,0.0,0.0,0.0,0.0,0.0,0.0,0.0,0.0,0.0,0.0,0.0,0.0,0.0,0,0,5,0,0.0,0.0,0,0.0,0.0,0.0,0.0
Giovanni Di Lorenzo,it ITA,"DF,MF",Napoli,31.0,1993.0,26,26,"2,276",2,1,0,0,1,0,0.08,0.04,0.12,0.08,0.12,1.9505766704678535,1.9505766704678535,0.07706404756018737,0.07706404756018737,25.3,9,0.0,36.0,0.36,0.08,0.22,0.07802306681871414,0.049423329532146454,0.049423329532146454,0.0,0.0,0.0,0.0,0.0,0.0,0.0,0.0,0.0,0.0,0.0,0.0,0.0,0.0,16.0,0.0,0.0,0.0,0.0,0.0,0.0,0.0,0.0,0.0,38,0.0,0.0,0.0,0.0,0.0,0.0,0.0,0.0,0.0,0.0,0.0,0.0,0.0,0.0,0.0,0.0,0.0,0.0,0.0,0.0,0.0,26,0.0,0.0,0.0,0.0,0.0,0.0,9,0.0,0.0,0.0,0.0,0.0,0.0,0.0,0.0,0.0,0.0,0.0,0.0,0.0,0.0,0.0,0.0,0,33,23,1,0.0,0.0,0,0.0,0.0,0.0,0.0
Alessandro Di Pardo,it ITA,"DF,MF",Cagliari,26.0,1999.0,3,0,54,0,0,0,0,0,0,0.0,0.0,0.0,0.0,0.0,0.1000637710094451,0.1000637710094451,0.18011478781700116,0.18011478781700116,0.6,0,0.0,0.0,0.0,0.0,0.0,0.1000637710094451,-0.1000637710094451,-0.1000637710094451,0.0,0.0,0.0,0.0,0.0,0.0,0.0,0.0,0.0,0.0,0.0,0.0,0.0,0.0,0.0,0.0,0.0,0.0,0.0,0.0,0.0,0.0,0.0,0.0,0,0.0,0.0,0.0,0.0,0.0,0.0,0.0,0.0,0.0,0.0,0.0,0.0,0.0,0.0,0.0,0.0,0.0,0.0,0.0,0.0,0.0,1,0.0,0.0,0.0,0.0,0.0,0.0,0,0.0,0.0,0.0,0.0,0.0,0.0,0.0,0.0,0.0,0.0,0.0,0.0,0.0,0.0,0.0,0.0,0,0,1,0,0.0,0.0,0,0.0,0.0,0.0,0.0
Boulaye Dia,sn SEN,"FW,MF",Lazio,28.0,1996.0,27,14,"1,253",1,2,0,0,1,0,0.07,0.14,0.22,0.07,0.22,2.6981686614453793,2.6981686614453793,0.19318630034215126,0.19318630034215126,13.9,7,0.0,58.3,0.5,0.08,0.14,0.2248473884537816,-1.6981686614453793,-1.6981686614453793,0.0,0.0,0.0,0.0,0.0,0.0,0.0,0.0,0.0,0.0,0.0,0.0,0.0,0.0,15.0,0.0,0.0,0.0,0.0,0.0,0.0,0.0,0.0,0.0,0,0.0,0.0,0.0,0.0,0.0,0.0,0.0,0.0,0.0,0.0,0.0,0.0,0.0,0.0,0.0,0.0,0.0,0.0,0.0,0.0,0.0,7,0.0,0.0,0.0,0.0,0.0,0.0,3,0.0,0.0,0.0,0.0,0.0,0.0,0.0,0.0,0.0,0.0,0.0,0.0,0.0,0.0,0.0,0.0,0,19,14,4,0.0,0.0,0,0.0,0.0,0.0,0.0
Assane Diao,sn SEN,MF,Como,19.0,2005.0,17,13,"1,075",2,1,0,0,2,0,0.17,0.08,0.25,0.17,0.25,3.1755769215524197,3.1755769215524197,0.260293190291182,0.260293190291182,11.9,10,0.0,32.3,0.84,0.06,0.2,0.10243796521136837,-1.1755769215524197,-1.1755769215524197,0.0,0.0,0.0,0.0,0.0,0.0,0.0,0.0,0.0,0.0,0.0,0.0,0.0,0.0,9.0,0.0,0.0,0.0,0.0,0.0,0.0,0.0,0.0,0.0,27,0.0,0.0,0.0,0.0,0.0,0.0,0.0,0.0,0.0,0.0,0.0,0.0,0.0,0.0,0.0,0.0,0.0,0.0,0.0,0.0,0.0,5,0.0,0.0,0.0,0.0,0.0,0.0,4,0.0,0.0,0.0,0.0,0.0,0.0,0.0,0.0,0.0,0.0,0.0,0.0,0.0,0.0,0.0,0.0,0,15,39,3,0.0,0.0,0,0.0,0.0,0.0,0.0
Federico Dimarco,it ITA,MF,Inter,27.0,1997.0,35,30,"2,698",7,16,0,0,3,0,0.23,0.53,0.77,0.23,0.77,7.286320146173239,7.286320146173239,0.24207043674994147,0.24207043674994147,30.0,22,0.0,33.8,0.73,0.11,0.32,0.11209723301804983,-0.28632014617323875,-0.28632014617323875,0.0,0.0,0.0,0.0,0.0,0.0,0.0,0.0,0.0,0.0,0.0,0.0,0.0,0.0,95.0,0.0,0.0,0.0,0.0,0.0,0.0,0.0,0.0,0.0,295,0.0,0.0,0.0,0.0,0.0,0.0,0.0,0.0,0.0,0.0,0.0,0.0,0.0,0.0,0.0,0.0,0.0,0.0,0.0,0.0,0.0,31,0.0,0.0,0.0,0.0,0.0,0.0,30,0.0,0.0,0.0,0.0,0.0,0.0,0.0,0.0,0.0,0.0,0.0,0.0,0.0,0.0,0.0,0.0,0,41,23,5,0.0,0.0,0,0.0,0.0,0.0,0.0
Andy Diouf,fr FRA,MF,Inter,22.0,2003.0,19,4,493,1,0,0,0,1,0,0.18,0.0,0.18,0.18,0.18,0.9449317157268524,0.9449317157268524,0.18407760695977643,0.18407760695977643,5.5,3,0.0,30.0,0.55,0.1,0.33,0.09449317157268525,0.05506828427314758,0.05506828427314758,0.0,0.0,0.0,0.0,0.0,0.0,0.0,0.0,0.0,0.0,0.0,0.0,0.0,0.0,11.0,0.0,0.0,0.0,0.0,0.0,0.0,0.0,0.0,0.0,6,0.0,0.0,0.0,0.0,0.0,0.0,0.0,0.0,0.0,0.0,0.0,0.0,0.0,0.0,0.0,0.0,0.0,0.0,0.0,0.0,0.0,6,0.0,0.0,0.0,0.0,0.0,0.0,1,0.0,0.0,0.0,0.0,0.0,0.0,0.0,0.0,0.0,0.0,0.0,0.0,0.0,0.0,0.0,0.0,0,5,3,1,0.0,0.0,0,0.0,0.0,0.0,0.0
Berat Djimsiti,al ALB,DF,Atalanta,32.0,1993.0,34,29,"2,525",0,0,0,0,4,0,0.0,0.0,0.0,0.0,0.0,0.0,0.0,0.0,0.0,28.1,2,0.0,12.5,0.07,0.0,0.0,0.0,0.0,0.0,0.0,0.0,0.0,0.0,0.0,0.0,0.0,0.0,0.0,0.0,0.0,0.0,0.0,0.0,0.0,0.0,0.0,0.0,0.0,0.0,0.0,0.0,0.0,0.0,2,0.0,0.0,0.0,0.0,0.0,0.0,0.0,0.0,0.0,0.0,0.0,0.0,0.0,0.0,0.0,0.0,0.0,0.0,0.0,0.0,0.0,30,0.0,0.0,0.0,0.0,0.0,0.0,42,0.0,0.0,0.0,0.0,0.0,0.0,0.0,0.0,0.0,0.0,0.0,0.0,0.0,0.0,0.0,0.0,0,17,8,0,0.0,0.0,0,0.0,0.0,0.0,0.0
Dodô,br BRA,"DF,MF",Fiorentina,26.0,1998.0,36,36,"3,134",1,2,0,0,7,0,0.03,0.06,0.09,0.03,0.09,1.3770605642348528,1.3770605642348528,0.039244917916762746,0.039244917916762746,34.8,4,0.0,16.0,0.11,0.04,0.25,0.055082422569394114,-0.3770605642348528,-0.3770605642348528,0.0,0.0,0.0,0.0,0.0,0.0,0.0,0.0,0.0,0.0,0.0,0.0,0.0,0.0,51.0,0.0,0.0,0.0,0.0,0.0,0.0,0.0,0.0,0.0,153,0.0,0.0,0.0,0.0,0.0,0.0,0.0,0.0,0.0,0.0,0.0,0.0,0.0,0.0,0.0,0.0,0.0,0.0,0.0,0.0,0.0,18,0.0,0.0,0.0,0.0,0.0,0.0,31,0.0,0.0,0.0,0.0,0.0,0.0,0.0,0.0,0.0,0.0,0.0,0.0,0.0,0.0,0.0,0.0,0,22,53,2,0.0,0.0,0,0.0,0.0,0.0,0.0
Josh Doig,sct SCO,DF,Sassuolo,23.0,2002.0,30,22,"1,917",0,0,0,0,5,0,0.0,0.0,0.0,0.0,0.0,0.7494111750274897,0.7494111750274897,0.03505561629546469,0.03505561629546469,21.3,4,0.0,36.4,0.19,0.0,0.0,0.0681282886388627,-0.7494111750274897,-0.7494111750274897,0.0,0.0,0.0,0.0,0.0,0.0,0.0,0.0,0.0,0.0,0.0,0.0,0.0,0.0,15.0,0.0,0.0,0.0,0.0,0.0,0.0,0.0,0.0,0.0,39,0.0,0.0,0.0,0.0,0.0,0.0,0.0,0.0,0.0,0.0,0.0,0.0,0.0,0.0,0.0,0.0,0.0,0.0,0.0,0.0,0.0,20,0.0,0.0,0.0,0.0,0.0,0.0,22,0.0,0.0,0.0,0.0,0.0,0.0,0.0,0.0,0.0,0.0,0.0,0.0,0.0,0.0,0.0,0.0,0,16,19,0,0.0,0.0,0,0.0,0.0,0.0,0.0
Benjamín Domínguez,ar ARG,MF,Bologna,21.0,2003.0,15,6,547,0,3,0,0,1,0,0.0,0.49,0.49,0.0,0.49,0.6471717953681946,0.6471717953681946,0.10532633197674052,0.10532633197674052,6.1,2,0.0,16.7,0.33,0.0,0.0,0.05393098294734955,-0.6471717953681946,-0.6471717953681946,0.0,0.0,0.0,0.0,0.0,0.0,0.0,0.0,0.0,0.0,0.0,0.0,0.0,0.0,7.0,0.0,0.0,0.0,0.0,0.0,0.0,0.0,0.0,0.0,7,0.0,0.0,0.0,0.0,0.0,0.0,0.0,0.0,0.0,0.0,0.0,0.0,0.0,0.0,0.0,0.0,0.0,0.0,0.0,0.0,0.0,2,0.0,0.0,0.0,0.0,0.0,0.0,2,0.0,0.0,0.0,0.0,0.0,0.0,0.0,0.0,0.0,0.0,0.0,0.0,0.0,0.0,0.0,0.0,0,6,18,3,0.0,0.0,0,0.0,0.0,0.0,0.0
Alberto Dossena,it ITA,DF,Cagliari,26.0,1998.0,12,9,859,0,1,0,0,5,0,0.0,0.1,0.1,0.0,0.1,0.8983321329578757,0.8983321329578757,0.09511751996024566,0.09511751996024566,9.5,2,0.0,28.6,0.21,0.0,0.0,0.12833316185112512,-0.8983321329578757,-0.8983321329578757,0.0,0.0,0.0,0.0,0.0,0.0,0.0,0.0,0.0,0.0,0.0,0.0,0.0,0.0,3.0,0.0,0.0,0.0,0.0,0.0,0.0,0.0,0.0,0.0,0,0.0,0.0,0.0,0.0,0.0,0.0,0.0,0.0,0.0,0.0,0.0,0.0,0.0,0.0,0.0,0.0,0.0,0.0,0.0,0.0,0.0,13,0.0,0.0,0.0,0.0,0.0,0.0,9,0.0,0.0,0.0,0.0,0.0,0.0,0.0,0.0,0.0,0.0,0.0,0.0,0.0,0.0,0.0,0.0,0,11,8,2,0.0,0.0,0,0.0,0.0,0.0,0.0
Mamedi Doucouré,fr FRA,DF,Genoa,18.0,2007.0,1,0,9,0,0,0,0,0,0,0.0,0.0,0.0,0.0,0.0,0.0,0.0,0.0,0.0,0.1,0,0.0,0.0,0.0,0.0,0.0,,0.0,0.0,0.0,0.0,0.0,0.0,0.0,0.0,0.0,0.0,0.0,0.0,0.0,0.0,0.0,0.0,0.0,0.0,0.0,0.0,0.0,0.0,0.0,0.0,0.0,0.0,0,0.0,0.0,0.0,0.0,0.0,0.0,0.0,0.0,0.0,0.0,0.0,0.0,0.0,0.0,0.0,0.0,0.0,0.0,0.0,0.0,0.0,0,0.0,0.0,0.0,0.0,0.0,0.0,0,0.0,0.0,0.0,0.0,0.0,0.0,0.0,0.0,0.0,0.0,0.0,0.0,0.0,0.0,0.0,0.0,0,0,0,0,0.0,0.0,0,0.0,0.0,0.0,0.0
Anastasios Douvikas,gr GRE,FW,Como,25.0,1999.0,38,25,"2,273",14,1,1,1,0,0,0.55,0.04,0.59,0.51,0.55,0.0,0.0,0.0,0.0,25.3,30,0.0,46.2,1.19,0.2,0.43,0.0,0.0,0.0,0.0,0.0,0.0,0.0,0.0,0.0,0.0,0.0,0.0,0.0,0.0,0.0,0.0,0.0,0.0,0.0,0.0,0.0,0.0,0.0,0.0,0.0,0.0,0.0,4,0.0,0.0,0.0,0.0,0.0,0.0,0.0,0.0,0.0,0.0,0.0,0.0,0.0,0.0,0.0,0.0,0.0,0.0,0.0,0.0,0.0,10,0.0,0.0,0.0,0.0,0.0,0.0,4,0.0,0.0,0.0,0.0,0.0,0.0,0.0,0.0,0.0,0.0,0.0,0.0,0.0,0.0,0.0,0.0,0,36,42,7,0.0,0.0,0,0.0,0.0,0.0,0.0
Artem Dovbyk,ua UKR,FW,Roma,28.0,1997.0,14,3,393,3,1,0,0,0,0,0.69,0.23,0.92,0.69,0.92,3.097826164215803,3.097826164215803,0.7659460296137975,0.7659460296137975,4.4,6,0.0,50.0,1.37,0.25,0.5,0.25815218035131693,-0.09782616421580315,-0.09782616421580315,0.0,0.0,0.0,0.0,0.0,0.0,0.0,0.0,0.0,0.0,0.0,0.0,0.0,0.0,11.0,0.0,0.0,0.0,0.0,0.0,0.0,0.0,0.0,0.0,1,0.0,0.0,0.0,0.0,0.0,0.0,0.0,0.0,0.0,0.0,0.0,0.0,0.0,0.0,0.0,0.0,0.0,0.0,0.0,0.0,0.0,3,0.0,0.0,0.0,0.0,0.0,0.0,0,0.0,0.0,0.0,0.0,0.0,0.0,0.0,0.0,0.0,0.0,0.0,0.0,0.0,0.0,0.0,0.0,0,11,6,4,0.0,0.0,0,0.0,0.0,0.0,0.0
Denzel Dumfries,nl NED,MF,Inter,29.0,1996.0,20,15,"1,325",3,1,0,0,2,0,0.2,0.07,0.27,0.2,0.27,3.654471157118678,3.654471157118678,0.2469237268323431,0.2469237268323431,14.7,5,0.0,21.7,0.34,0.13,0.6,0.15889005030950773,-0.6544711571186781,-0.6544711571186781,0.0,0.0,0.0,0.0,0.0,0.0,0.0,0.0,0.0,0.0,0.0,0.0,0.0,0.0,13.0,0.0,0.0,0.0,0.0,0.0,0.0,0.0,0.0,0.0,34,0.0,0.0,0.0,0.0,0.0,0.0,0.0,0.0,0.0,0.0,0.0,0.0,0.0,0.0,0.0,0.0,0.0,0.0,0.0,0.0,0.0,9,0.0,0.0,0.0,0.0,0.0,0.0,7,0.0,0.0,0.0,0.0,0.0,0.0,0.0,0.0,0.0,0.0,0.0,0.0,0.0,0.0,0.0,0.0,0,20,13,2,0.0,0.0,0,0.0,0.0,0.0,0.0
Rafiu Durosinmi,ng NGA,FW,Pisa,22.0,2003.0,12,4,432,1,1,0,0,1,1,0.21,0.21,0.42,0.21,0.42,0.7598076574504375,0.7598076574504375,0.1597726382489238,0.1597726382489238,4.8,5,0.0,55.6,1.04,0.11,0.2,0.08442307305004862,0.24019234254956245,0.24019234254956245,0.0,0.0,0.0,0.0,0.0,0.0,0.0,0.0,0.0,0.0,0.0,0.0,0.0,0.0,3.0,0.0,0.0,0.0,0.0,0.0,0.0,0.0,0.0,0.0,0,0.0,0.0,0.0,0.0,0.0,0.0,0.0,0.0,0.0,0.0,0.0,0.0,0.0,0.0,0.0,0.0,0.0,0.0,0.0,0.0,0.0,0,0.0,0.0,0.0,0.0,0.0,0.0,1,0.0,0.0,0.0,0.0,0.0,0.0,0.0,0.0,0.0,0.0,0.0,0.0,0.0,0.0,0.0,0.0,0,15,2,3,0.0,0.0,0,0.0,0.0,0.0,0.0
Paulo Dybala,ar ARG,"MF,FW",Roma,31.0,1993.0,22,15,"1,354",2,6,0,1,0,0,0.13,0.4,0.53,0.13,0.53,6.285113666206598,5.523814860731363,0.41592663967543664,0.3655465716660461,15.0,18,0.0,41.9,1.2,0.05,0.11,0.12846081071468288,-4.285113666206598,-3.5238148607313633,0.0,0.0,0.0,0.0,0.0,0.0,0.0,0.0,0.0,0.0,0.0,0.0,0.0,0.0,55.0,0.0,0.0,0.0,0.0,0.0,0.0,0.0,0.0,0.0,98,0.0,0.0,0.0,0.0,0.0,0.0,0.0,0.0,0.0,0.0,0.0,0.0,0.0,0.0,0.0,0.0,0.0,0.0,0.0,0.0,0.0,6,0.0,0.0,0.0,0.0,0.0,0.0,5,0.0,0.0,0.0,0.0,0.0,0.0,0.0,0.0,0.0,0.0,0.0,0.0,0.0,0.0,0.0,0.0,0,11,40,3,0.0,0.0,0,0.0,0.0,0.0,0.0
Edin Džeko,ba BIH,FW,Fiorentina,39.0,1986.0,11,2,244,0,0,0,0,1,0,0.0,0.0,0.0,0.0,0.0,0.2566082924604416,0.2566082924604416,0.10497611964290791,0.10497611964290791,2.7,1,0.0,25.0,0.37,0.0,0.0,0.0641520731151104,-0.2566082924604416,-0.2566082924604416,0.0,0.0,0.0,0.0,0.0,0.0,0.0,0.0,0.0,0.0,0.0,0.0,0.0,0.0,2.0,0.0,0.0,0.0,0.0,0.0,0.0,0.0,0.0,0.0,1,0.0,0.0,0.0,0.0,0.0,0.0,0.0,0.0,0.0,0.0,0.0,0.0,0.0,0.0,0.0,0.0,0.0,0.0,0.0,0.0,0.0,1,0.0,0.0,0.0,0.0,0.0,0.0,1,0.0,0.0,0.0,0.0,0.0,0.0,0.0,0.0,0.0,0.0,0.0,0.0,0.0,0.0,0.0,0.0,0,2,5,0,0.0,0.0,0,0.0,0.0,0.0,0.0
Enzo Ebosse,cm CMR,DF,Hellas Verona,26.0,1999.0,4,3,214,0,0,0,0,1,0,0.0,0.0,0.0,0.0,0.0,0.0585717372596263,0.0585717372596263,0.003928059875831868,0.003928059875831868,2.4,0,0.0,0.0,0.0,0.0,0.0,0.0585717372596263,-0.0585717372596263,-0.0585717372596263,0.0,0.0,0.0,0.0,0.0,0.0,0.0,0.0,0.0,0.0,0.0,0.0,0.0,0.0,6.0,0.0,0.0,0.0,0.0,0.0,0.0,0.0,0.0,0.0,0,0.0,0.0,0.0,0.0,0.0,0.0,0.0,0.0,0.0,0.0,0.0,0.0,0.0,0.0,0.0,0.0,0.0,0.0,0.0,0.0,0.0,1,0.0,0.0,0.0,0.0,0.0,0.0,0,0.0,0.0,0.0,0.0,0.0,0.0,0.0,0.0,0.0,0.0,0.0,0.0,0.0,0.0,0.0,0.0,0,5,1,0,0.0,0.0,0,0.0,0.0,0.0,0.0
Enzo Ebosse,cm CMR,DF,Torino,26.0,1999.0,13,13,"1,115",0,1,0,0,3,0,0.0,0.08,0.08,0.0,0.08,0.0585717372596263,0.0585717372596263,0.003928059875831868,0.003928059875831868,12.4,0,0.0,0.0,0.0,0.0,0.0,0.0585717372596263,-0.0585717372596263,-0.0585717372596263,0.0,0.0,0.0,0.0,0.0,0.0,0.0,0.0,0.0,0.0,0.0,0.0,0.0,0.0,6.0,0.0,0.0,0.0,0.0,0.0,0.0,0.0,0.0,0.0,7,0.0,0.0,0.0,0.0,0.0,0.0,0.0,0.0,0.0,0.0,0.0,0.0,0.0,0.0,0.0,0.0,0.0,0.0,0.0,0.0,0.0,6,0.0,0.0,0.0,0.0,0.0,0.0,10,0.0,0.0,0.0,0.0,0.0,0.0,0.0,0.0,0.0,0.0,0.0,0.0,0.0,0.0,0.0,0.0,0,16,9,0,0.0,0.0,0,0.0,0.0,0.0,0.0
Andrias Edmundsson,fo FRO,DF,Hellas Verona,24.0,2000.0,15,15,"1,319",0,0,0,0,3,0,0.0,0.0,0.0,0.0,0.0,0.1617794651538133,0.1617794651538133,0.011013730608050831,0.011013730608050831,14.7,1,0.0,25.0,0.07,0.0,0.0,0.04044486628845333,-0.1617794651538133,-0.1617794651538133,0.0,0.0,0.0,0.0,0.0,0.0,0.0,0.0,0.0,0.0,0.0,0.0,0.0,0.0,2.0,0.0,0.0,0.0,0.0,0.0,0.0,0.0,0.0,0.0,4,0.0,0.0,0.0,0.0,0.0,0.0,0.0,0.0,0.0,0.0,0.0,0.0,0.0,0.0,0.0,0.0,0.0,0.0,0.0,0.0,0.0,20,0.0,0.0,0.0,0.0,0.0,0.0,28,0.0,0.0,0.0,0.0,0.0,0.0,0.0,0.0,0.0,0.0,0.0,0.0,0.0,0.0,0.0,0.0,0,13,7,0,0.0,0.0,1,0.0,0.0,0.0,0.0
Kingsley Ehizibue,nl NED,"MF,DF",Udinese,30.0,1995.0,32,20,"1,811",2,0,0,0,5,0,0.1,0.0,0.1,0.1,0.1,1.4330500978976488,1.4330500978976488,0.07125663470209304,0.07125663470209304,20.1,2,0.0,22.2,0.1,0.22,1.0,0.1592277886552943,0.5669499021023512,0.5669499021023512,0.0,0.0,0.0,0.0,0.0,0.0,0.0,0.0,0.0,0.0,0.0,0.0,0.0,0.0,8.0,0.0,0.0,0.0,0.0,0.0,0.0,0.0,0.0,0.0,32,0.0,0.0,0.0,0.0,0.0,0.0,0.0,0.0,0.0,0.0,0.0,0.0,0.0,0.0,0.0,0.0,0.0,0.0,0.0,0.0,0.0,31,0.0,0.0,0.0,0.0,0.0,0.0,13,0.0,0.0,0.0,0.0,0.0,0.0,0.0,0.0,0.0,0.0,0.0,0.0,0.0,0.0,0.0,0.0,0,34,24,2,0.0,0.0,0,0.0,0.0,0.0,0.0
Jeff Ekhator,it ITA,"FW,MF",Genoa,18.0,2006.0,30,9,956,3,0,0,0,3,0,0.28,0.0,0.28,0.28,0.28,3.187806397676468,3.187806397676468,0.30849739332352916,0.30849739332352916,10.6,5,0.0,25.0,0.47,0.15,0.6,0.1593903198838234,-0.1878063976764679,-0.1878063976764679,0.0,0.0,0.0,0.0,0.0,0.0,0.0,0.0,0.0,0.0,0.0,0.0,0.0,0.0,10.0,0.0,0.0,0.0,0.0,0.0,0.0,0.0,0.0,0.0,9,0.0,0.0,0.0,0.0,0.0,0.0,0.0,0.0,0.0,0.0,0.0,0.0,0.0,0.0,0.0,0.0,0.0,0.0,0.0,0.0,0.0,8,0.0,0.0,0.0,0.0,0.0,0.0,2,0.0,0.0,0.0,0.0,0.0,0.0,0.0,0.0,0.0,0.0,0.0,0.0,0.0,0.0,0.0,0.0,0,20,19,10,0.0,0.0,0,0.0,0.0,0.0,0.0
Jurgen Ekkelenkamp,nl NED,MF,Udinese,25.0,2000.0,31,27,"2,186",5,3,0,0,1,0,0.21,0.12,0.33,0.21,0.33,4.730059016495943,4.730059016495943,0.1905574357585653,0.1905574357585653,24.3,15,0.0,45.5,0.62,0.15,0.33,0.14333512171199828,0.26994098350405693,0.26994098350405693,0.0,0.0,0.0,0.0,0.0,0.0,0.0,0.0,0.0,0.0,0.0,0.0,0.0,0.0,27.0,0.0,0.0,0.0,0.0,0.0,0.0,0.0,0.0,0.0,32,0.0,0.0,0.0,0.0,0.0,0.0,0.0,0.0,0.0,0.0,0.0,0.0,0.0,0.0,0.0,0.0,0.0,0.0,0.0,0.0,0.0,27,0.0,0.0,0.0,0.0,0.0,0.0,18,0.0,0.0,0.0,0.0,0.0,0.0,0.0,0.0,0.0,0.0,0.0,0.0,0.0,0.0,0.0,0.0,0,22,19,3,0.0,0.0,0,0.0,0.0,0.0,0.0
Caleb Ekuban,gh GHA,"FW,MF",Genoa,31.0,1994.0,31,6,994,4,1,0,0,0,0,0.36,0.09,0.45,0.36,0.45,4.121994238346815,4.121994238346815,0.3929867388254379,0.3929867388254379,11.0,10,0.0,34.5,0.91,0.14,0.4,0.14213773235678673,-0.12199423834681511,-0.12199423834681511,0.0,0.0,0.0,0.0,0.0,0.0,0.0,0.0,0.0,0.0,0.0,0.0,0.0,0.0,11.0,0.0,0.0,0.0,0.0,0.0,0.0,0.0,0.0,0.0,5,0.0,0.0,0.0,0.0,0.0,0.0,0.0,0.0,0.0,0.0,0.0,0.0,0.0,0.0,0.0,0.0,0.0,0.0,0.0,0.0,0.0,1,0.0,0.0,0.0,0.0,0.0,0.0,5,0.0,0.0,0.0,0.0,0.0,0.0,0.0,0.0,0.0,0.0,0.0,0.0,0.0,0.0,0.0,0.0,0,16,29,6,0.0,0.0,0,0.0,0.0,0.0,0.0
Mikael Ellertsson,is ISL,MF,Genoa,23.0,2002.0,36,31,"2,767",1,1,0,0,1,1,0.03,0.03,0.07,0.03,0.07,2.1503593772649765,2.1503593772649765,0.06986727218550465,0.06986727218550465,30.7,6,0.0,23.1,0.2,0.04,0.17,0.08270612989480679,-1.1503593772649765,-1.1503593772649765,0.0,0.0,0.0,0.0,0.0,0.0,0.0,0.0,0.0,0.0,0.0,0.0,0.0,0.0,16.0,0.0,0.0,0.0,0.0,0.0,0.0,0.0,0.0,0.0,32,0.0,0.0,0.0,0.0,0.0,0.0,0.0,0.0,0.0,0.0,0.0,0.0,0.0,0.0,0.0,0.0,0.0,0.0,0.0,0.0,0.0,26,0.0,0.0,0.0,0.0,0.0,0.0,14,0.0,0.0,0.0,0.0,0.0,0.0,0.0,0.0,0.0,0.0,0.0,0.0,0.0,0.0,0.0,0.0,0,28,42,1,0.0,0.0,0,0.0,0.0,0.0,0.0
Elif Elmas,mk MKD,"MF,FW",Napoli,25.0,1999.0,33,20,"1,783",1,3,0,0,3,0,0.05,0.15,0.2,0.05,0.2,0.0,0.0,0.0,0.0,19.8,9,0.0,33.3,0.45,0.04,0.11,0.0,0.0,0.0,0.0,0.0,0.0,0.0,0.0,0.0,0.0,0.0,0.0,0.0,0.0,0.0,0.0,0.0,0.0,0.0,0.0,0.0,0.0,0.0,0.0,0.0,0.0,0.0,41,0.0,0.0,0.0,0.0,0.0,0.0,0.0,0.0,0.0,0.0,0.0,0.0,0.0,0.0,0.0,0.0,0.0,0.0,0.0,0.0,0.0,13,0.0,0.0,0.0,0.0,0.0,0.0,7,0.0,0.0,0.0,0.0,0.0,0.0,0.0,0.0,0.0,0.0,0.0,0.0,0.0,0.0,0.0,0.0,0,18,13,2,0.0,0.0,0,0.0,0.0,0.0,0.0
Nesta Elphege,fr FRA,FW,Parma,24.0,2001.0,9,2,309,2,1,0,0,0,0,0.58,0.29,0.87,0.58,0.87,2.3499458953738213,2.3499458953738213,0.7121048167799459,0.7121048167799459,3.4,3,0.0,50.0,0.87,0.33,0.67,0.39165764922897023,-0.34994589537382126,-0.34994589537382126,0.0,0.0,0.0,0.0,0.0,0.0,0.0,0.0,0.0,0.0,0.0,0.0,0.0,0.0,4.0,0.0,0.0,0.0,0.0,0.0,0.0,0.0,0.0,0.0,0,0.0,0.0,0.0,0.0,0.0,0.0,0.0,0.0,0.0,0.0,0.0,0.0,0.0,0.0,0.0,0.0,0.0,0.0,0.0,0.0,0.0,0,0.0,0.0,0.0,0.0,0.0,0.0,0,0.0,0.0,0.0,0.0,0.0,0.0,0.0,0.0,0.0,0.0,0.0,0.0,0.0,0.0,0.0,0.0,0,3,0,3,0.0,0.0,0,0.0,0.0,0.0,0.0
Francesco Esposito,it ITA,FW,Inter,20.0,2005.0,35,15,"1,571",7,3,0,0,1,0,0.4,0.17,0.57,0.4,0.57,0.0,0.0,0.0,0.0,17.5,23,0.0,40.4,1.32,0.12,0.3,0.0,0.0,0.0,0.0,0.0,0.0,0.0,0.0,0.0,0.0,0.0,0.0,0.0,0.0,0.0,0.0,0.0,0.0,0.0,0.0,0.0,0.0,0.0,0.0,0.0,0.0,0.0,4,0.0,0.0,0.0,0.0,0.0,0.0,0.0,0.0,0.0,0.0,0.0,0.0,0.0,0.0,0.0,0.0,0.0,0.0,0.0,0.0,0.0,5,0.0,0.0,0.0,0.0,0.0,0.0,5,0.0,0.0,0.0,0.0,0.0,0.0,0.0,0.0,0.0,0.0,0.0,0.0,0.0,0.0,0.0,0.0,0,29,50,2,0.0,0.0,0,0.0,0.0,0.0,0.0
Sebastiano Esposito,it ITA,"FW,MF",Cagliari,23.0,2002.0,36,34,"2,675",7,5,1,1,6,0,0.24,0.17,0.4,0.2,0.37,5.744417134672403,4.983118314296007,0.18793076776463696,0.16302459043498388,29.7,16,0.0,28.1,0.54,0.11,0.38,0.08742312832098258,1.2555828653275967,1.0168816857039928,0.0,0.0,0.0,0.0,0.0,0.0,0.0,0.0,0.0,0.0,0.0,0.0,0.0,0.0,71.0,0.0,0.0,0.0,0.0,0.0,0.0,0.0,0.0,0.0,139,0.0,0.0,0.0,0.0,0.0,0.0,0.0,0.0,0.0,0.0,0.0,0.0,0.0,0.0,0.0,0.0,0.0,0.0,0.0,0.0,0.0,35,0.0,0.0,0.0,0.0,0.0,0.0,21,0.0,0.0,0.0,0.0,0.0,0.0,0.0,0.0,0.0,0.0,0.0,0.0,0.0,0.0,0.0,0.0,0,46,56,5,0.0,0.0,0,0.0,0.0,0.0,0.0
Tomás Esteves,pt POR,"DF,MF",Pisa,23.0,2002.0,1,0,14,0,0,0,0,0,0,0.0,0.0,0.0,0.0,0.0,0.0,0.0,0.0,0.0,0.2,0,0.0,0.0,0.0,0.0,0.0,,0.0,0.0,0.0,0.0,0.0,0.0,0.0,0.0,0.0,0.0,0.0,0.0,0.0,0.0,0.0,0.0,0.0,0.0,0.0,0.0,0.0,0.0,0.0,0.0,0.0,0.0,0,0.0,0.0,0.0,0.0,0.0,0.0,0.0,0.0,0.0,0.0,0.0,0.0,0.0,0.0,0.0,0.0,0.0,0.0,0.0,0.0,0.0,0,0.0,0.0,0.0,0.0,0.0,0.0,0,0.0,0.0,0.0,0.0,0.0,0.0,0.0,0.0,0.0,0.0,0.0,0.0,0.0,0.0,0.0,0.0,0,0,0,0,0.0,0.0,0,0.0,0.0,0.0,0.0
Nahuel Estévez,ar ARG,MF,Parma,29.0,1995.0,32,9,"1,049",0,1,0,0,2,0,0.0,0.09,0.09,0.0,0.09,0.6303743990138173,0.6303743990138173,0.05667701889235121,0.05667701889235121,11.7,1,0.0,11.1,0.09,0.0,0.0,0.07004159989042415,-0.6303743990138173,-0.6303743990138173,0.0,0.0,0.0,0.0,0.0,0.0,0.0,0.0,0.0,0.0,0.0,0.0,0.0,0.0,11.0,0.0,0.0,0.0,0.0,0.0,0.0,0.0,0.0,0.0,43,0.0,0.0,0.0,0.0,0.0,0.0,0.0,0.0,0.0,0.0,0.0,0.0,0.0,0.0,0.0,0.0,0.0,0.0,0.0,0.0,0.0,10,0.0,0.0,0.0,0.0,0.0,0.0,5,0.0,0.0,0.0,0.0,0.0,0.0,0.0,0.0,0.0,0.0,0.0,0.0,0.0,0.0,0.0,0.0,0,11,13,0,0.0,0.0,0,0.0,0.0,0.0,0.0
Pervis Estupiñán,ec ECU,MF,Milan,27.0,1998.0,19,13,"1,034",1,1,0,0,5,1,0.09,0.09,0.17,0.09,0.17,0.0,0.0,0.0,0.0,11.5,1,0.0,11.1,0.09,0.11,1.0,0.0,0.0,0.0,0.0,0.0,0.0,0.0,0.0,0.0,0.0,0.0,0.0,0.0,0.0,0.0,0.0,0.0,0.0,0.0,0.0,0.0,0.0,0.0,0.0,0.0,0.0,0.0,20,0.0,0.0,0.0,0.0,0.0,0.0,0.0,0.0,0.0,0.0,0.0,0.0,0.0,0.0,0.0,0.0,0.0,0.0,0.0,0.0,0.0,9,0.0,0.0,0.0,0.0,0.0,0.0,11,0.0,0.0,0.0,0.0,0.0,0.0,0.0,0.0,0.0,0.0,0.0,0.0,0.0,0.0,0.0,0.0,0,17,8,5,0.0,0.0,0,0.0,0.0,0.0,0.0
Giovanni Fabbian,it ITA,MF,Bologna,22.0,2003.0,14,8,705,2,0,0,0,0,0,0.26,0.0,0.26,0.26,0.26,2.665424160659313,2.665424160659313,0.20680015039598118,0.20680015039598118,7.8,4,0.0,28.6,0.51,0.14,0.5,0.12115564366633241,-0.6654241606593132,-0.6654241606593132,0.0,0.0,0.0,0.0,0.0,0.0,0.0,0.0,0.0,0.0,0.0,0.0,0.0,0.0,9.0,0.0,0.0,0.0,0.0,0.0,0.0,0.0,0.0,0.0,2,0.0,0.0,0.0,0.0,0.0,0.0,0.0,0.0,0.0,0.0,0.0,0.0,0.0,0.0,0.0,0.0,0.0,0.0,0.0,0.0,0.0,4,0.0,0.0,0.0,0.0,0.0,0.0,5,0.0,0.0,0.0,0.0,0.0,0.0,0.0,0.0,0.0,0.0,0.0,0.0,0.0,0.0,0.0,0.0,0,13,18,2,0.0,0.0,0,0.0,0.0,0.0,0.0
Giovanni Fabbian,it ITA,MF,Fiorentina,22.0,2003.0,15,4,468,0,0,0,0,2,0,0.0,0.0,0.0,0.0,0.0,2.665424160659313,2.665424160659313,0.20680015039598118,0.20680015039598118,5.2,2,0.0,28.6,0.38,0.0,0.0,0.12115564366633241,-0.6654241606593132,-0.6654241606593132,0.0,0.0,0.0,0.0,0.0,0.0,0.0,0.0,0.0,0.0,0.0,0.0,0.0,0.0,9.0,0.0,0.0,0.0,0.0,0.0,0.0,0.0,0.0,0.0,4,0.0,0.0,0.0,0.0,0.0,0.0,0.0,0.0,0.0,0.0,0.0,0.0,0.0,0.0,0.0,0.0,0.0,0.0,0.0,0.0,0.0,2,0.0,0.0,0.0,0.0,0.0,0.0,1,0.0,0.0,0.0,0.0,0.0,0.0,0.0,0.0,0.0,0.0,0.0,0.0,0.0,0.0,0.0,0.0,0,6,9,0,0.0,0.0,0,0.0,0.0,0.0,0.0
Alieu Fadera,gm GAM,FW,Sassuolo,23.0,2001.0,28,8,987,2,1,0,0,5,0,0.18,0.09,0.27,0.18,0.27,2.3619886562228203,2.3619886562228203,0.22166734000005614,0.22166734000005614,11.0,4,0.0,30.8,0.36,0.15,0.5,0.1816914350940631,-0.3619886562228203,-0.3619886562228203,0.0,0.0,0.0,0.0,0.0,0.0,0.0,0.0,0.0,0.0,0.0,0.0,0.0,0.0,7.0,0.0,0.0,0.0,0.0,0.0,0.0,0.0,0.0,0.0,24,0.0,0.0,0.0,0.0,0.0,0.0,0.0,0.0,0.0,0.0,0.0,0.0,0.0,0.0,0.0,0.0,0.0,0.0,0.0,0.0,0.0,23,0.0,0.0,0.0,0.0,0.0,0.0,5,0.0,0.0,0.0,0.0,0.0,0.0,0.0,0.0,0.0,0.0,0.0,0.0,0.0,0.0,0.0,0.0,0,36,36,8,0.0,0.0,0,0.0,0.0,0.0,0.0
Nicolò Fagioli,it ITA,MF,Fiorentina,24.0,2001.0,33,30,"2,554",2,3,0,0,5,0,0.07,0.11,0.18,0.07,0.18,1.9044424574822187,1.9044424574822187,0.06622867896962893,0.06622867896962893,28.4,7,0.0,21.2,0.25,0.06,0.29,0.057710377499461174,0.09555754251778126,0.09555754251778126,0.0,0.0,0.0,0.0,0.0,0.0,0.0,0.0,0.0,0.0,0.0,0.0,0.0,0.0,64.0,0.0,0.0,0.0,0.0,0.0,0.0,0.0,0.0,0.0,84,0.0,0.0,0.0,0.0,0.0,0.0,0.0,0.0,0.0,0.0,0.0,0.0,0.0,0.0,0.0,0.0,0.0,0.0,0.0,0.0,0.0,31,0.0,0.0,0.0,0.0,0.0,0.0,18,0.0,0.0,0.0,0.0,0.0,0.0,0.0,0.0,0.0,0.0,0.0,0.0,0.0,0.0,0.0,0.0,0,23,45,0,0.0,0.0,0,0.0,0.0,0.0,0.0
Wladimiro Falcone,it ITA,GK,Lecce,30.0,1995.0,38,38,"3,420",0,0,0,0,2,0,0.0,0.0,0.0,0.0,0.0,0.0,0.0,0.0,0.0,38.0,0,0.0,0.0,0.0,0.0,0.0,,0.0,0.0,0.0,0.0,0.0,0.0,0.0,0.0,0.0,0.0,0.0,0.0,0.0,0.0,0.0,0.0,1.0,0.0,0.0,0.0,0.0,0.0,0.0,0.0,0.0,0.0,0,0.0,0.0,0.0,0.0,0.0,0.0,0.0,0.0,0.0,0.0,0.0,0.0,0.0,0.0,0.0,0.0,0.0,0.0,0.0,0.0,0.0,2,0.0,0.0,0.0,0.0,0.0,0.0,0,0.0,0.0,0.0,0.0,0.0,0.0,0.0,0.0,0.0,0.0,0.0,0.0,0.0,0.0,0.0,0.0,0,0,8,0,0.0,0.0,0,0.0,0.0,0.0,0.0
Jacopo Fazzini,it ITA,"MF,FW",Fiorentina,22.0,2003.0,20,5,584,0,0,0,0,2,0,0.0,0.0,0.0,0.0,0.0,0.8832504265010357,0.8832504265010357,0.14144579783824415,0.14144579783824415,6.5,1,0.0,11.1,0.15,0.0,0.0,0.09813893627789286,-0.8832504265010357,-0.8832504265010357,0.0,0.0,0.0,0.0,0.0,0.0,0.0,0.0,0.0,0.0,0.0,0.0,0.0,0.0,9.0,0.0,0.0,0.0,0.0,0.0,0.0,0.0,0.0,0.0,16,0.0,0.0,0.0,0.0,0.0,0.0,0.0,0.0,0.0,0.0,0.0,0.0,0.0,0.0,0.0,0.0,0.0,0.0,0.0,0.0,0.0,10,0.0,0.0,0.0,0.0,0.0,0.0,5,0.0,0.0,0.0,0.0,0.0,0.0,0.0,0.0,0.0,0.0,0.0,0.0,0.0,0.0,0.0,0.0,0,12,15,0,0.0,0.0,0,0.0,0.0,0.0,0.0
Mattia Felici,it ITA,MF,Cagliari,24.0,2001.0,12,4,412,2,1,0,0,3,0,0.44,0.22,0.66,0.44,0.66,1.336680732667446,1.336680732667446,0.3030258587911086,0.3030258587911086,4.6,6,0.0,66.7,1.31,0.22,0.33,0.14852008140749398,0.6633192673325541,0.6633192673325541,0.0,0.0,0.0,0.0,0.0,0.0,0.0,0.0,0.0,0.0,0.0,0.0,0.0,0.0,8.0,0.0,0.0,0.0,0.0,0.0,0.0,0.0,0.0,0.0,23,0.0,0.0,0.0,0.0,0.0,0.0,0.0,0.0,0.0,0.0,0.0,0.0,0.0,0.0,0.0,0.0,0.0,0.0,0.0,0.0,0.0,6,0.0,0.0,0.0,0.0,0.0,0.0,5,0.0,0.0,0.0,0.0,0.0,0.0,0.0,0.0,0.0,0.0,0.0,0.0,0.0,0.0,0.0,0.0,0,10,6,0,0.0,0.0,0,0.0,0.0,0.0,0.0
Pedro Felipe,br BRA,DF,Sassuolo,21.0,2004.0,3,1,129,0,1,0,0,0,0,0.0,0.7,0.7,0.0,0.7,0.0,0.0,0.0,0.0,1.4,0,0.0,0.0,0.0,0.0,0.0,,0.0,0.0,0.0,0.0,0.0,0.0,0.0,0.0,0.0,0.0,0.0,0.0,0.0,0.0,0.0,0.0,1.0,0.0,0.0,0.0,0.0,0.0,0.0,0.0,0.0,0.0,0,0.0,0.0,0.0,0.0,0.0,0.0,0.0,0.0,0.0,0.0,0.0,0.0,0.0,0.0,0.0,0.0,0.0,0.0,0.0,0.0,0.0,1,0.0,0.0,0.0,0.0,0.0,0.0,2,0.0,0.0,0.0,0.0,0.0,0.0,0.0,0.0,0.0,0.0,0.0,0.0,0.0,0.0,0.0,0.0,0,2,1,0,0.0,0.0,0,0.0,0.0,0.0,0.0
Evan Ferguson,ie IRL,FW,Roma,20.0,2004.0,16,10,773,3,2,0,0,1,0,0.35,0.23,0.58,0.35,0.58,3.4807619526982307,3.4807619526982307,0.40317706015809623,0.40317706015809623,8.6,15,0.0,55.6,1.75,0.11,0.2,0.13387545971916273,-0.48076195269823074,-0.48076195269823074,0.0,0.0,0.0,0.0,0.0,0.0,0.0,0.0,0.0,0.0,0.0,0.0,0.0,0.0,15.0,0.0,0.0,0.0,0.0,0.0,0.0,0.0,0.0,0.0,2,0.0,0.0,0.0,0.0,0.0,0.0,0.0,0.0,0.0,0.0,0.0,0.0,0.0,0.0,0.0,0.0,0.0,0.0,0.0,0.0,0.0,4,0.0,0.0,0.0,0.0,0.0,0.0,1,0.0,0.0,0.0,0.0,0.0,0.0,0.0,0.0,0.0,0.0,0.0,0.0,0.0,0.0,0.0,0.0,0,11,9,3,0.0,0.0,0,0.0,0.0,0.0,0.0
Lewis Ferguson,sct SCO,MF,Bologna,25.0,1999.0,27,17,"1,601",1,0,0,0,7,1,0.06,0.0,0.06,0.06,0.06,0.6512357760220766,0.6512357760220766,0.03718986030582924,0.03718986030582924,17.8,2,0.0,15.4,0.11,0.08,0.5,0.05009505969400589,0.3487642239779234,0.3487642239779234,0.0,0.0,0.0,0.0,0.0,0.0,0.0,0.0,0.0,0.0,0.0,0.0,0.0,0.0,16.0,0.0,0.0,0.0,0.0,0.0,0.0,0.0,0.0,0.0,25,0.0,0.0,0.0,0.0,0.0,0.0,0.0,0.0,0.0,0.0,0.0,0.0,0.0,0.0,0.0,0.0,0.0,0.0,0.0,0.0,0.0,16,0.0,0.0,0.0,0.0,0.0,0.0,12,0.0,0.0,0.0,0.0,0.0,0.0,0.0,0.0,0.0,0.0,0.0,0.0,0.0,0.0,0.0,0.0,1,34,26,3,0.0,0.0,0,0.0,0.0,0.0,0.0
Seydou Fini,it ITA,FW,Genoa,19.0,2006.0,1,0,32,0,0,0,0,0,0,0.0,0.0,0.0,0.0,0.0,0.0,0.0,0.0,0.0,0.4,0,0.0,0.0,0.0,0.0,0.0,,0.0,0.0,0.0,0.0,0.0,0.0,0.0,0.0,0.0,0.0,0.0,0.0,0.0,0.0,0.0,0.0,1.0,0.0,0.0,0.0,0.0,0.0,0.0,0.0,0.0,0.0,1,0.0,0.0,0.0,0.0,0.0,0.0,0.0,0.0,0.0,0.0,0.0,0.0,0.0,0.0,0.0,0.0,0.0,0.0,0.0,0.0,0.0,0,0.0,0.0,0.0,0.0,0.0,0.0,0,0.0,0.0,0.0,0.0,0.0,0.0,0.0,0.0,0.0,0.0,0.0,0.0,0.0,0.0,0.0,0.0,0,1,0,2,0.0,0.0,0,0.0,0.0,0.0,0.0
Romano Floriani,it ITA,MF,Cremonese,22.0,2003.0,28,12,"1,168",0,1,0,0,2,0,0.0,0.08,0.08,0.0,0.08,0.2002486418932676,0.2002486418932676,0.015590292188922217,0.015590292188922217,13.0,1,0.0,20.0,0.08,0.0,0.0,0.04004972837865352,-0.2002486418932676,-0.2002486418932676,0.0,0.0,0.0,0.0,0.0,0.0,0.0,0.0,0.0,0.0,0.0,0.0,0.0,0.0,9.0,0.0,0.0,0.0,0.0,0.0,0.0,0.0,0.0,0.0,29,0.0,0.0,0.0,0.0,0.0,0.0,0.0,0.0,0.0,0.0,0.0,0.0,0.0,0.0,0.0,0.0,0.0,0.0,0.0,0.0,0.0,14,0.0,0.0,0.0,0.0,0.0,0.0,6,0.0,0.0,0.0,0.0,0.0,0.0,0.0,0.0,0.0,0.0,0.0,0.0,0.0,0.0,0.0,0.0,0,21,5,2,0.0,0.0,0,0.0,0.0,0.0,0.0
Sadik Fofana,tg TOG,MF,Lecce,22.0,2003.0,5,1,84,0,0,0,0,0,0,0.0,0.0,0.0,0.0,0.0,0.1006206348538398,0.1006206348538398,0.11319821421056979,0.11319821421056979,0.9,0,0.0,0.0,0.0,0.0,0.0,0.0503103174269199,-0.1006206348538398,-0.1006206348538398,0.0,0.0,0.0,0.0,0.0,0.0,0.0,0.0,0.0,0.0,0.0,0.0,0.0,0.0,2.0,0.0,0.0,0.0,0.0,0.0,0.0,0.0,0.0,0.0,0,0.0,0.0,0.0,0.0,0.0,0.0,0.0,0.0,0.0,0.0,0.0,0.0,0.0,0.0,0.0,0.0,0.0,0.0,0.0,0.0,0.0,2,0.0,0.0,0.0,0.0,0.0,0.0,0,0.0,0.0,0.0,0.0,0.0,0.0,0.0,0.0,0.0,0.0,0.0,0.0,0.0,0.0,0.0,0.0,0,3,1,0,0.0,0.0,0,0.0,0.0,0.0,0.0
Youssouf Fofana,fr FRA,MF,Milan,26.0,1999.0,33,28,"2,203",2,3,0,0,4,0,0.08,0.12,0.2,0.08,0.2,4.585123873315752,4.585123873315752,0.18496689762367446,0.18496689762367446,24.5,18,0.0,40.0,0.74,0.04,0.11,0.1042073607571762,-2.5851238733157524,-2.5851238733157524,0.0,0.0,0.0,0.0,0.0,0.0,0.0,0.0,0.0,0.0,0.0,0.0,0.0,0.0,36.0,0.0,0.0,0.0,0.0,0.0,0.0,0.0,0.0,0.0,10,0.0,0.0,0.0,0.0,0.0,0.0,0.0,0.0,0.0,0.0,0.0,0.0,0.0,0.0,0.0,0.0,0.0,0.0,0.0,0.0,0.0,19,0.0,0.0,0.0,0.0,0.0,0.0,19,0.0,0.0,0.0,0.0,0.0,0.0,0.0,0.0,0.0,0.0,0.0,0.0,0.0,0.0,0.0,0.0,0,21,16,0,0.0,0.0,0,0.0,0.0,0.0,0.0
Francesco Folino,it ITA,DF,Cremonese,23.0,2002.0,18,7,722,1,0,0,0,1,0,0.12,0.0,0.12,0.12,0.12,0.3679794892668724,0.3679794892668724,0.04799732468698335,0.04799732468698335,8.0,1,0.0,50.0,0.12,0.5,1.0,0.1839897446334362,0.6320205107331276,0.6320205107331276,0.0,0.0,0.0,0.0,0.0,0.0,0.0,0.0,0.0,0.0,0.0,0.0,0.0,0.0,1.0,0.0,0.0,0.0,0.0,0.0,0.0,0.0,0.0,0.0,1,0.0,0.0,0.0,0.0,0.0,0.0,0.0,0.0,0.0,0.0,0.0,0.0,0.0,0.0,0.0,0.0,0.0,0.0,0.0,0.0,0.0,4,0.0,0.0,0.0,0.0,0.0,0.0,2,0.0,0.0,0.0,0.0,0.0,0.0,0.0,0.0,0.0,0.0,0.0,0.0,0.0,0.0,0.0,0.0,0,11,9,0,0.0,0.0,0,0.0,0.0,0.0,0.0
Michael Folorunsho,it ITA,"MF,FW",Cagliari,27.0,1998.0,27,24,"1,999",2,0,0,0,3,0,0.09,0.0,0.09,0.09,0.09,2.947147471830249,2.947147471830249,0.13053310652791456,0.13053310652791456,22.2,9,0.0,25.0,0.41,0.06,0.22,0.08186520755084024,-0.9471474718302488,-0.9471474718302488,0.0,0.0,0.0,0.0,0.0,0.0,0.0,0.0,0.0,0.0,0.0,0.0,0.0,0.0,14.0,0.0,0.0,0.0,0.0,0.0,0.0,0.0,0.0,0.0,22,0.0,0.0,0.0,0.0,0.0,0.0,0.0,0.0,0.0,0.0,0.0,0.0,0.0,0.0,0.0,0.0,0.0,0.0,0.0,0.0,0.0,10,0.0,0.0,0.0,0.0,0.0,0.0,10,0.0,0.0,0.0,0.0,0.0,0.0,0.0,0.0,0.0,0.0,0.0,0.0,0.0,0.0,0.0,0.0,0,35,49,13,0.0,0.0,0,0.0,0.0,0.0,0.0
Niccolò Fortini,it ITA,MF,Fiorentina,19.0,2006.0,16,2,541,0,0,0,0,0,0,0.0,0.0,0.0,0.0,0.0,0.2287251818925142,0.2287251818925142,0.04218292289001286,0.04218292289001286,6.0,2,0.0,25.0,0.33,0.0,0.0,0.028590647736564275,-0.2287251818925142,-0.2287251818925142,0.0,0.0,0.0,0.0,0.0,0.0,0.0,0.0,0.0,0.0,0.0,0.0,0.0,0.0,4.0,0.0,0.0,0.0,0.0,0.0,0.0,0.0,0.0,0.0,29,0.0,0.0,0.0,0.0,0.0,0.0,0.0,0.0,0.0,0.0,0.0,0.0,0.0,0.0,0.0,0.0,0.0,0.0,0.0,0.0,0.0,9,0.0,0.0,0.0,0.0,0.0,0.0,4,0.0,0.0,0.0,0.0,0.0,0.0,0.0,0.0,0.0,0.0,0.0,0.0,0.0,0.0,0.0,0.0,0,5,18,0,0.0,0.0,0,0.0,0.0,0.0,0.0
Christian Frangella,it ITA,MF,Sassuolo,18.0,2006.0,1,0,3,0,0,0,0,0,0,0.0,0.0,0.0,0.0,0.0,0.0,0.0,0.0,0.0,0.0,0,0.0,0.0,0.0,0.0,0.0,,0.0,0.0,0.0,0.0,0.0,0.0,0.0,0.0,0.0,0.0,0.0,0.0,0.0,0.0,0.0,0.0,0.0,0.0,0.0,0.0,0.0,0.0,0.0,0.0,0.0,0.0,1,0.0,0.0,0.0,0.0,0.0,0.0,0.0,0.0,0.0,0.0,0.0,0.0,0.0,0.0,0.0,0.0,0.0,0.0,0.0,0.0,0.0,0,0.0,0.0,0.0,0.0,0.0,0.0,1,0.0,0.0,0.0,0.0,0.0,0.0,0.0,0.0,0.0,0.0,0.0,0.0,0.0,0.0,0.0,0.0,0,0,0,1,0.0,0.0,0,0.0,0.0,0.0,0.0
Davide Frattesi,it ITA,MF,Inter,25.0,1999.0,22,3,569,0,0,0,0,0,0,0.0,0.0,0.0,0.0,0.0,2.294348761439323,2.294348761439323,0.39482101057273244,0.39482101057273244,6.3,4,0.0,25.0,0.63,0.0,0.0,0.1433967975899577,-2.294348761439323,-2.294348761439323,0.0,0.0,0.0,0.0,0.0,0.0,0.0,0.0,0.0,0.0,0.0,0.0,0.0,0.0,5.0,0.0,0.0,0.0,0.0,0.0,0.0,0.0,0.0,0.0,2,0.0,0.0,0.0,0.0,0.0,0.0,0.0,0.0,0.0,0.0,0.0,0.0,0.0,0.0,0.0,0.0,0.0,0.0,0.0,0.0,0.0,7,0.0,0.0,0.0,0.0,0.0,0.0,3,0.0,0.0,0.0,0.0,0.0,0.0,0.0,0.0,0.0,0.0,0.0,0.0,0.0,0.0,0.0,0.0,0,9,11,2,0.0,0.0,0,0.0,0.0,0.0,0.0
Morten Frendrup,dk DEN,MF,Genoa,24.0,2001.0,36,35,"3,081",1,0,0,0,5,0,0.03,0.0,0.03,0.03,0.03,0.2742339605465531,0.2742339605465531,0.007979649676427345,0.007979649676427345,34.2,3,0.0,37.5,0.09,0.13,0.33,0.034279245068319135,0.7257660394534469,0.7257660394534469,0.0,0.0,0.0,0.0,0.0,0.0,0.0,0.0,0.0,0.0,0.0,0.0,0.0,0.0,14.0,0.0,0.0,0.0,0.0,0.0,0.0,0.0,0.0,0.0,5,0.0,0.0,0.0,0.0,0.0,0.0,0.0,0.0,0.0,0.0,0.0,0.0,0.0,0.0,0.0,0.0,0.0,0.0,0.0,0.0,0.0,71,0.0,0.0,0.0,0.0,0.0,0.0,41,0.0,0.0,0.0,0.0,0.0,0.0,0.0,0.0,0.0,0.0,0.0,0.0,0.0,0.0,0.0,0.0,0,41,39,0,0.0,0.0,0,0.0,0.0,0.0,0.0
Martin Frese,dk DEN,"MF,DF",Hellas Verona,27.0,1998.0,31,27,"2,408",2,0,0,0,8,0,0.07,0.0,0.07,0.07,0.07,1.3630766216665506,1.3630766216665506,0.05050510331411674,0.05050510331411674,26.8,11,0.0,52.4,0.41,0.1,0.18,0.06490841055555004,0.6369233783334494,0.6369233783334494,0.0,0.0,0.0,0.0,0.0,0.0,0.0,0.0,0.0,0.0,0.0,0.0,0.0,0.0,30.0,0.0,0.0,0.0,0.0,0.0,0.0,0.0,0.0,0.0,74,0.0,0.0,0.0,0.0,0.0,0.0,0.0,0.0,0.0,0.0,0.0,0.0,0.0,0.0,0.0,0.0,0.0,0.0,0.0,0.0,0.0,54,0.0,0.0,0.0,0.0,0.0,0.0,30,0.0,0.0,0.0,0.0,0.0,0.0,0.0,0.0,0.0,0.0,0.0,0.0,0.0,0.0,0.0,0.0,0,46,20,4,0.0,0.0,1,0.0,0.0,0.0,0.0
Remo Freuler,ch SUI,MF,Bologna,33.0,1992.0,29,26,"2,213",1,2,0,0,5,0,0.04,0.08,0.12,0.04,0.12,1.6811274103820324,1.6811274103820324,0.06766613011376696,0.06766613011376696,24.6,1,0.0,12.5,0.04,0.13,1.0,0.21014092629775405,-0.6811274103820324,-0.6811274103820324,0.0,0.0,0.0,0.0,0.0,0.0,0.0,0.0,0.0,0.0,0.0,0.0,0.0,0.0,22.0,0.0,0.0,0.0,0.0,0.0,0.0,0.0,0.0,0.0,18,0.0,0.0,0.0,0.0,0.0,0.0,0.0,0.0,0.0,0.0,0.0,0.0,0.0,0.0,0.0,0.0,0.0,0.0,0.0,0.0,0.0,31,0.0,0.0,0.0,0.0,0.0,0.0,22,0.0,0.0,0.0,0.0,0.0,0.0,0.0,0.0,0.0,0.0,0.0,0.0,0.0,0.0,0.0,0.0,0,19,24,1,0.0,0.0,1,0.0,0.0,0.0,0.0
Niclas Füllkrug,de GER,FW,Milan,32.0,1993.0,20,3,659,1,0,0,1,0,0,0.14,0.0,0.14,0.14,0.14,3.413054244592786,2.651755439117551,0.4906946997018382,0.38124279476130923,7.3,5,0.0,31.3,0.68,0.06,0.2,0.16573471494484693,-2.413054244592786,-1.6517554391175508,0.0,0.0,0.0,0.0,0.0,0.0,0.0,0.0,0.0,0.0,0.0,0.0,0.0,0.0,9.0,0.0,0.0,0.0,0.0,0.0,0.0,0.0,0.0,0.0,1,0.0,0.0,0.0,0.0,0.0,0.0,0.0,0.0,0.0,0.0,0.0,0.0,0.0,0.0,0.0,0.0,0.0,0.0,0.0,0.0,0.0,2,0.0,0.0,0.0,0.0,0.0,0.0,3,0.0,0.0,0.0,0.0,0.0,0.0,0.0,0.0,0.0,0.0,0.0,0.0,0.0,0.0,0.0,0.0,0,8,8,14,0.0,0.0,0,0.0,0.0,0.0,0.0
Alessio Furlanetto,it ITA,GK,Lazio,23.0,2002.0,2,2,180,0,0,0,0,0,0,0.0,0.0,0.0,0.0,0.0,0.0,0.0,0.0,0.0,2.0,0,0.0,0.0,0.0,0.0,0.0,,0.0,0.0,0.0,0.0,0.0,0.0,0.0,0.0,0.0,0.0,0.0,0.0,0.0,0.0,0.0,0.0,0.0,0.0,0.0,0.0,0.0,0.0,0.0,0.0,0.0,0.0,0,0.0,0.0,0.0,0.0,0.0,0.0,0.0,0.0,0.0,0.0,0.0,0.0,0.0,0.0,0.0,0.0,0.0,0.0,0.0,0.0,0.0,0,0.0,0.0,0.0,0.0,0.0,0.0,0,0.0,0.0,0.0,0.0,0.0,0.0,0.0,0.0,0.0,0.0,0.0,0.0,0.0,0.0,0.0,0.0,0,0,0,0,0.0,0.0,0,0.0,0.0,0.0,0.0
Matteo Gabbia,it ITA,DF,Milan,25.0,1999.0,30,28,"2,530",0,0,0,0,4,0,0.0,0.0,0.0,0.0,0.0,1.5443233884871006,1.5443233884871006,0.054914699709142256,0.054914699709142256,28.1,3,0.0,15.8,0.11,0.0,0.0,0.08128017834142635,-1.5443233884871006,-1.5443233884871006,0.0,0.0,0.0,0.0,0.0,0.0,0.0,0.0,0.0,0.0,0.0,0.0,0.0,0.0,2.0,0.0,0.0,0.0,0.0,0.0,0.0,0.0,0.0,0.0,1,0.0,0.0,0.0,0.0,0.0,0.0,0.0,0.0,0.0,0.0,0.0,0.0,0.0,0.0,0.0,0.0,0.0,0.0,0.0,0.0,0.0,14,0.0,0.0,0.0,0.0,0.0,0.0,13,0.0,0.0,0.0,0.0,0.0,0.0,0.0,0.0,0.0,0.0,0.0,0.0,0.0,0.0,0.0,0.0,0,25,6,0,0.0,0.0,0,0.0,0.0,0.0,0.0
Tiago Gabriel,pt POR,DF,Lecce,20.0,2004.0,37,36,"3,219",2,0,0,0,7,0,0.06,0.0,0.06,0.06,0.06,3.9836879689246416,3.9836879689246416,0.1112416745898907,0.1112416745898907,35.8,4,0.0,20.0,0.11,0.1,0.5,0.1991843984462321,-1.9836879689246416,-1.9836879689246416,0.0,0.0,0.0,0.0,0.0,0.0,0.0,0.0,0.0,0.0,0.0,0.0,0.0,0.0,2.0,0.0,0.0,0.0,0.0,0.0,0.0,0.0,0.0,0.0,2,0.0,0.0,0.0,0.0,0.0,0.0,0.0,0.0,0.0,0.0,0.0,0.0,0.0,0.0,0.0,0.0,0.0,0.0,0.0,0.0,0.0,40,0.0,0.0,0.0,0.0,0.0,0.0,46,0.0,0.0,0.0,0.0,0.0,0.0,0.0,0.0,0.0,0.0,0.0,0.0,0.0,0.0,0.0,0.0,0,29,40,1,0.0,0.0,1,0.0,0.0,0.0,0.0
Gianluca Gaetano,it ITA,"MF,FW",Cagliari,25.0,2000.0,33,21,"1,912",2,4,0,0,4,0,0.09,0.19,0.28,0.09,0.28,1.9962377035990355,1.9962377035990355,0.0935736423562048,0.0935736423562048,21.2,11,0.0,32.4,0.52,0.06,0.18,0.05871287363526575,0.003762296400964482,0.003762296400964482,0.0,0.0,0.0,0.0,0.0,0.0,0.0,0.0,0.0,0.0,0.0,0.0,0.0,0.0,27.0,0.0,0.0,0.0,0.0,0.0,0.0,0.0,0.0,0.0,38,0.0,0.0,0.0,0.0,0.0,0.0,0.0,0.0,0.0,0.0,0.0,0.0,0.0,0.0,0.0,0.0,0.0,0.0,0.0,0.0,0.0,15,0.0,0.0,0.0,0.0,0.0,0.0,23,0.0,0.0,0.0,0.0,0.0,0.0,0.0,0.0,0.0,0.0,0.0,0.0,0.0,0.0,0.0,0.0,0,26,29,0,0.0,0.0,0,0.0,0.0,0.0,0.0
Roberto Gagliardini,it ITA,MF,Hellas Verona,31.0,1994.0,29,25,"2,272",1,0,0,0,9,0,0.04,0.0,0.04,0.04,0.04,1.3313347091898322,1.3313347091898322,0.05416822957824814,0.05416822957824814,25.2,3,0.0,20.0,0.12,0.07,0.33,0.08875564727932214,-0.3313347091898322,-0.3313347091898322,0.0,0.0,0.0,0.0,0.0,0.0,0.0,0.0,0.0,0.0,0.0,0.0,0.0,0.0,16.0,0.0,0.0,0.0,0.0,0.0,0.0,0.0,0.0,0.0,16,0.0,0.0,0.0,0.0,0.0,0.0,0.0,0.0,0.0,0.0,0.0,0.0,0.0,0.0,0.0,0.0,0.0,0.0,0.0,0.0,0.0,40,0.0,0.0,0.0,0.0,0.0,0.0,56,0.0,0.0,0.0,0.0,0.0,0.0,0.0,0.0,0.0,0.0,0.0,0.0,0.0,0.0,0.0,0.0,0,45,35,0,0.0,0.0,0,0.0,0.0,0.0,0.0
Antonino Gallo,it ITA,DF,Lecce,25.0,2000.0,37,34,"3,056",0,4,0,0,3,0,0.0,0.12,0.12,0.0,0.12,0.8320707594975829,0.8320707594975829,0.024448700083180695,0.024448700083180695,34.0,1,0.0,16.7,0.03,0.0,0.0,0.13867845991626382,-0.8320707594975829,-0.8320707594975829,0.0,0.0,0.0,0.0,0.0,0.0,0.0,0.0,0.0,0.0,0.0,0.0,0.0,0.0,36.0,0.0,0.0,0.0,0.0,0.0,0.0,0.0,0.0,0.0,134,0.0,0.0,0.0,0.0,0.0,0.0,0.0,0.0,0.0,0.0,0.0,0.0,0.0,0.0,0.0,0.0,0.0,0.0,0.0,0.0,0.0,37,0.0,0.0,0.0,0.0,0.0,0.0,15,0.0,0.0,0.0,0.0,0.0,0.0,0.0,0.0,0.0,0.0,0.0,0.0,0.0,0.0,0.0,0.0,0,7,13,0,0.0,0.0,0,0.0,0.0,0.0,0.0
Omri Gandelman,il ISR,"MF,FW",Lecce,25.0,2000.0,19,10,975,2,1,0,0,0,0,0.18,0.09,0.28,0.18,0.28,1.733949035406113,1.733949035406113,0.16071618247842445,0.16071618247842445,10.8,3,0.0,30.0,0.28,0.2,0.67,0.1733949035406113,0.2660509645938871,0.2660509645938871,0.0,0.0,0.0,0.0,0.0,0.0,0.0,0.0,0.0,0.0,0.0,0.0,0.0,0.0,7.0,0.0,0.0,0.0,0.0,0.0,0.0,0.0,0.0,0.0,4,0.0,0.0,0.0,0.0,0.0,0.0,0.0,0.0,0.0,0.0,0.0,0.0,0.0,0.0,0.0,0.0,0.0,0.0,0.0,0.0,0.0,6,0.0,0.0,0.0,0.0,0.0,0.0,4,0.0,0.0,0.0,0.0,0.0,0.0,0.0,0.0,0.0,0.0,0.0,0.0,0.0,0.0,0.0,0.0,0,13,3,1,0.0,0.0,0,0.0,0.0,0.0,0.0
Ulisses Garcia,ch SUI,DF,Sassuolo,29.0,1996.0,13,10,943,1,2,0,0,3,0,0.1,0.19,0.29,0.1,0.29,0.0658854357898235,0.0658854357898235,0.006301476324212662,0.006301476324212662,10.5,1,0.0,50.0,0.1,0.5,1.0,0.03294271789491175,0.9341145642101765,0.9341145642101765,0.0,0.0,0.0,0.0,0.0,0.0,0.0,0.0,0.0,0.0,0.0,0.0,0.0,0.0,12.0,0.0,0.0,0.0,0.0,0.0,0.0,0.0,0.0,0.0,34,0.0,0.0,0.0,0.0,0.0,0.0,0.0,0.0,0.0,0.0,0.0,0.0,0.0,0.0,0.0,0.0,0.0,0.0,0.0,0.0,0.0,10,0.0,0.0,0.0,0.0,0.0,0.0,8,0.0,0.0,0.0,0.0,0.0,0.0,0.0,0.0,0.0,0.0,0.0,0.0,0.0,0.0,0.0,0.0,0,11,2,1,0.0,0.0,0,0.0,0.0,0.0,0.0
Federico Gatti,it ITA,DF,Juventus,27.0,1998.0,21,12,"1,093",2,0,0,0,3,0,0.16,0.0,0.16,0.16,0.16,1.963082203641534,1.963082203641534,0.16343885136701025,0.16343885136701025,12.1,6,0.0,42.9,0.49,0.14,0.33,0.14022015740296673,0.036917796358465926,0.036917796358465926,0.0,0.0,0.0,0.0,0.0,0.0,0.0,0.0,0.0,0.0,0.0,0.0,0.0,0.0,3.0,0.0,0.0,0.0,0.0,0.0,0.0,0.0,0.0,0.0,2,0.0,0.0,0.0,0.0,0.0,0.0,0.0,0.0,0.0,0.0,0.0,0.0,0.0,0.0,0.0,0.0,0.0,0.0,0.0,0.0,0.0,10,0.0,0.0,0.0,0.0,0.0,0.0,12,0.0,0.0,0.0,0.0,0.0,0.0,0.0,0.0,0.0,0.0,0.0,0.0,0.0,0.0,0.0,0.0,0,17,6,0,0.0,0.0,0,0.0,0.0,0.0,0.0
David de Gea,es ESP,GK,Fiorentina,34.0,1990.0,37,37,"3,330",0,0,0,0,0,0,0.0,0.0,0.0,0.0,0.0,0.0,0.0,0.0,0.0,37.0,0,0.0,0.0,0.0,0.0,0.0,,0.0,0.0,0.0,0.0,0.0,0.0,0.0,0.0,0.0,0.0,0.0,0.0,0.0,0.0,0.0,0.0,1.0,0.0,0.0,0.0,0.0,0.0,0.0,0.0,0.0,0.0,0,0.0,0.0,0.0,0.0,0.0,0.0,0.0,0.0,0.0,0.0,0.0,0.0,0.0,0.0,0.0,0.0,0.0,0.0,0.0,0.0,0.0,0,0.0,0.0,0.0,0.0,0.0,0.0,0,0.0,0.0,0.0,0.0,0.0,0.0,0.0,0.0,0.0,0.0,0.0,0.0,0.0,0.0,0.0,0.0,0,0,6,0,0.0,0.0,0,0.0,0.0,0.0,0.0
Daniele Ghilardi,it ITA,DF,Roma,22.0,2003.0,23,9,"1,097",0,0,0,0,1,0,0.0,0.0,0.0,0.0,0.0,0.5609008073806763,0.5609008073806763,0.04717857258342137,0.04717857258342137,12.2,0,0.0,0.0,0.0,0.0,0.0,0.18696693579355875,-0.5609008073806763,-0.5609008073806763,0.0,0.0,0.0,0.0,0.0,0.0,0.0,0.0,0.0,0.0,0.0,0.0,0.0,0.0,4.0,0.0,0.0,0.0,0.0,0.0,0.0,0.0,0.0,0.0,3,0.0,0.0,0.0,0.0,0.0,0.0,0.0,0.0,0.0,0.0,0.0,0.0,0.0,0.0,0.0,0.0,0.0,0.0,0.0,0.0,0.0,15,0.0,0.0,0.0,0.0,0.0,0.0,22,0.0,0.0,0.0,0.0,0.0,0.0,0.0,0.0,0.0,0.0,0.0,0.0,0.0,0.0,0.0,0.0,0,23,17,0,0.0,0.0,0,0.0,0.0,0.0,0.0
Andrea Ghion,it ITA,MF,Sassuolo,25.0,2000.0,1,0,10,0,0,0,0,0,0,0.0,0.0,0.0,0.0,0.0,0.0,0.0,0.0,0.0,0.1,0,0.0,0.0,0.0,0.0,0.0,,0.0,0.0,0.0,0.0,0.0,0.0,0.0,0.0,0.0,0.0,0.0,0.0,0.0,0.0,0.0,0.0,0.0,0.0,0.0,0.0,0.0,0.0,0.0,0.0,0.0,0.0,1,0.0,0.0,0.0,0.0,0.0,0.0,0.0,0.0,0.0,0.0,0.0,0.0,0.0,0.0,0.0,0.0,0.0,0.0,0.0,0.0,0.0,1,0.0,0.0,0.0,0.0,0.0,0.0,0,0.0,0.0,0.0,0.0,0.0,0.0,0.0,0.0,0.0,0.0,0.0,0.0,0.0,0.0,0.0,0.0,0,0,0,0,0.0,0.0,0,0.0,0.0,0.0,0.0
Mario Gila,es ESP,DF,Lazio,24.0,2000.0,31,31,"2,472",0,0,0,0,4,1,0.0,0.0,0.0,0.0,0.0,1.6254177382215858,1.6254177382215858,0.058561888086446245,0.058561888086446245,27.5,3,0.0,25.0,0.11,0.0,0.0,0.13545147818513215,-1.6254177382215858,-1.6254177382215858,0.0,0.0,0.0,0.0,0.0,0.0,0.0,0.0,0.0,0.0,0.0,0.0,0.0,0.0,5.0,0.0,0.0,0.0,0.0,0.0,0.0,0.0,0.0,0.0,1,0.0,0.0,0.0,0.0,0.0,0.0,0.0,0.0,0.0,0.0,0.0,0.0,0.0,0.0,0.0,0.0,0.0,0.0,0.0,0.0,0.0,34,0.0,0.0,0.0,0.0,0.0,0.0,26,0.0,0.0,0.0,0.0,0.0,0.0,0.0,0.0,0.0,0.0,0.0,0.0,0.0,0.0,0.0,0.0,0,19,25,0,0.0,0.0,0,0.0,0.0,0.0,0.0
Billy Gilmour,sct SCO,MF,Napoli,24.0,2001.0,17,8,805,1,0,0,0,1,0,0.11,0.0,0.11,0.11,0.11,0.5720022153109312,0.5720022153109312,0.06451152804258622,0.06451152804258622,8.9,3,0.0,30.0,0.34,0.1,0.33,0.05720022153109312,0.4279977846890688,0.4279977846890688,0.0,0.0,0.0,0.0,0.0,0.0,0.0,0.0,0.0,0.0,0.0,0.0,0.0,0.0,6.0,0.0,0.0,0.0,0.0,0.0,0.0,0.0,0.0,0.0,6,0.0,0.0,0.0,0.0,0.0,0.0,0.0,0.0,0.0,0.0,0.0,0.0,0.0,0.0,0.0,0.0,0.0,0.0,0.0,0.0,0.0,8,0.0,0.0,0.0,0.0,0.0,0.0,11,0.0,0.0,0.0,0.0,0.0,0.0,0.0,0.0,0.0,0.0,0.0,0.0,0.0,0.0,0.0,0.0,0,9,7,0,0.0,0.0,0,0.0,0.0,0.0,0.0
Santiago Giménez,mx MEX,FW,Milan,24.0,2001.0,16,11,892,0,1,0,0,2,0,0.0,0.1,0.1,0.0,0.1,3.7894718274474144,3.7894718274474144,0.37685355190084785,0.37685355190084785,9.9,9,0.0,33.3,0.91,0.0,0.0,0.14035080842397832,-3.7894718274474144,-3.7894718274474144,0.0,0.0,0.0,0.0,0.0,0.0,0.0,0.0,0.0,0.0,0.0,0.0,0.0,0.0,4.0,0.0,0.0,0.0,0.0,0.0,0.0,0.0,0.0,0.0,1,0.0,0.0,0.0,0.0,0.0,0.0,0.0,0.0,0.0,0.0,0.0,0.0,0.0,0.0,0.0,0.0,0.0,0.0,0.0,0.0,0.0,5,0.0,0.0,0.0,0.0,0.0,0.0,1,0.0,0.0,0.0,0.0,0.0,0.0,0.0,0.0,0.0,0.0,0.0,0.0,0.0,0.0,0.0,0.0,0,10,15,7,0.0,0.0,0,0.0,0.0,0.0,0.0
Gvidas Gineitis,lt LTU,MF,Torino,21.0,2004.0,29,23,"1,756",0,1,0,0,5,0,0.0,0.05,0.05,0.0,0.05,0.9363524671643972,0.9363524671643972,0.047396919035318195,0.047396919035318195,19.5,5,0.0,18.5,0.26,0.0,0.0,0.034679721006088786,-0.9363524671643972,-0.9363524671643972,0.0,0.0,0.0,0.0,0.0,0.0,0.0,0.0,0.0,0.0,0.0,0.0,0.0,0.0,26.0,0.0,0.0,0.0,0.0,0.0,0.0,0.0,0.0,0.0,64,0.0,0.0,0.0,0.0,0.0,0.0,0.0,0.0,0.0,0.0,0.0,0.0,0.0,0.0,0.0,0.0,0.0,0.0,0.0,0.0,0.0,28,0.0,0.0,0.0,0.0,0.0,0.0,23,0.0,0.0,0.0,0.0,0.0,0.0,0.0,0.0,0.0,0.0,0.0,0.0,0.0,0.0,0.0,0.0,0,43,32,1,0.0,0.0,0,0.0,0.0,0.0,0.0
Giovane,br BRA,"FW,MF",Hellas Verona,21.0,2003.0,21,19,"1,533",3,4,0,0,2,0,0.18,0.23,0.41,0.18,0.41,4.269323905929923,4.269323905929923,0.20514637027960123,0.20514637027960123,17.0,25,0.0,53.2,1.47,0.06,0.12,0.07623792689160577,-1.269323905929923,-1.269323905929923,0.0,0.0,0.0,0.0,0.0,0.0,0.0,0.0,0.0,0.0,0.0,0.0,0.0,0.0,32.0,0.0,0.0,0.0,0.0,0.0,0.0,0.0,0.0,0.0,56,0.0,0.0,0.0,0.0,0.0,0.0,0.0,0.0,0.0,0.0,0.0,0.0,0.0,0.0,0.0,0.0,0.0,0.0,0.0,0.0,0.0,9,0.0,0.0,0.0,0.0,0.0,0.0,5,0.0,0.0,0.0,0.0,0.0,0.0,0.0,0.0,0.0,0.0,0.0,0.0,0.0,0.0,0.0,0.0,0,21,15,8,0.0,0.0,0,0.0,0.0,0.0,0.0
Giovane,br BRA,"MF,FW",Napoli,21.0,2003.0,12,2,338,0,1,0,0,0,0,0.0,0.27,0.27,0.0,0.27,4.269323905929923,4.269323905929923,0.20514637027960123,0.20514637027960123,3.8,2,0.0,22.2,0.53,0.0,0.0,0.07623792689160577,-1.269323905929923,-1.269323905929923,0.0,0.0,0.0,0.0,0.0,0.0,0.0,0.0,0.0,0.0,0.0,0.0,0.0,0.0,32.0,0.0,0.0,0.0,0.0,0.0,0.0,0.0,0.0,0.0,11,0.0,0.0,0.0,0.0,0.0,0.0,0.0,0.0,0.0,0.0,0.0,0.0,0.0,0.0,0.0,0.0,0.0,0.0,0.0,0.0,0.0,0,0.0,0.0,0.0,0.0,0.0,0.0,1,0.0,0.0,0.0,0.0,0.0,0.0,0.0,0.0,0.0,0.0,0.0,0.0,0.0,0.0,0.0,0.0,0,3,9,7,0.0,0.0,0,0.0,0.0,0.0,0.0
Saba Goglichidze,ge GEO,DF,Udinese,21.0,2004.0,8,4,424,0,0,0,0,2,0,0.0,0.0,0.0,0.0,0.0,0.5540105774998665,0.5540105774998665,0.11928457410284206,0.11928457410284206,4.7,1,0.0,33.3,0.21,0.0,0.0,0.1846701924999555,-0.5540105774998665,-0.5540105774998665,0.0,0.0,0.0,0.0,0.0,0.0,0.0,0.0,0.0,0.0,0.0,0.0,0.0,0.0,2.0,0.0,0.0,0.0,0.0,0.0,0.0,0.0,0.0,0.0,2,0.0,0.0,0.0,0.0,0.0,0.0,0.0,0.0,0.0,0.0,0.0,0.0,0.0,0.0,0.0,0.0,0.0,0.0,0.0,0.0,0.0,8,0.0,0.0,0.0,0.0,0.0,0.0,8,0.0,0.0,0.0,0.0,0.0,0.0,0.0,0.0,0.0,0.0,0.0,0.0,0.0,0.0,0.0,0.0,0,5,4,0,0.0,0.0,0,0.0,0.0,0.0,0.0
Edoardo Goldaniga,it ITA,DF,Como,31.0,1993.0,2,0,15,0,0,0,0,0,0,0.0,0.0,0.0,0.0,0.0,0.0,0.0,0.0,0.0,0.2,0,0.0,0.0,0.0,0.0,0.0,,0.0,0.0,0.0,0.0,0.0,0.0,0.0,0.0,0.0,0.0,0.0,0.0,0.0,0.0,0.0,0.0,0.0,0.0,0.0,0.0,0.0,0.0,0.0,0.0,0.0,0.0,0,0.0,0.0,0.0,0.0,0.0,0.0,0.0,0.0,0.0,0.0,0.0,0.0,0.0,0.0,0.0,0.0,0.0,0.0,0.0,0.0,0.0,0,0.0,0.0,0.0,0.0,0.0,0.0,0,0.0,0.0,0.0,0.0,0.0,0.0,0.0,0.0,0.0,0.0,0.0,0.0,0.0,0.0,0.0,0.0,0,0,0,0,0.0,0.0,0,0.0,0.0,0.0,0.0
Nicolás González,ar ARG,"FW,MF",Juventus,27.0,1998.0,2,0,19,0,0,0,0,0,0,0.0,0.0,0.0,0.0,0.0,0.0817915219813585,0.0817915219813585,0.5258026413087332,0.5258026413087332,0.2,0,0.0,0.0,0.0,0.0,0.0,0.04089576099067925,-0.0817915219813585,-0.0817915219813585,0.0,0.0,0.0,0.0,0.0,0.0,0.0,0.0,0.0,0.0,0.0,0.0,0.0,0.0,1.0,0.0,0.0,0.0,0.0,0.0,0.0,0.0,0.0,0.0,0,0.0,0.0,0.0,0.0,0.0,0.0,0.0,0.0,0.0,0.0,0.0,0.0,0.0,0.0,0.0,0.0,0.0,0.0,0.0,0.0,0.0,0,0.0,0.0,0.0,0.0,0.0,0.0,0,0.0,0.0,0.0,0.0,0.0,0.0,0.0,0.0,0.0,0.0,0.0,0.0,0.0,0.0,0.0,0.0,0,0,3,0,0.0,0.0,0,0.0,0.0,0.0,0.0
Olaf Gorter,nl NED,MF,Lecce,20.0,2005.0,2,0,28,0,0,0,0,0,0,0.0,0.0,0.0,0.0,0.0,0.0,0.0,0.0,0.0,0.3,0,0.0,0.0,0.0,0.0,0.0,,0.0,0.0,0.0,0.0,0.0,0.0,0.0,0.0,0.0,0.0,0.0,0.0,0.0,0.0,0.0,0.0,0.0,0.0,0.0,0.0,0.0,0.0,0.0,0.0,0.0,0.0,0,0.0,0.0,0.0,0.0,0.0,0.0,0.0,0.0,0.0,0.0,0.0,0.0,0.0,0.0,0.0,0.0,0.0,0.0,0.0,0.0,0.0,1,0.0,0.0,0.0,0.0,0.0,0.0,0,0.0,0.0,0.0,0.0,0.0,0.0,0.0,0.0,0.0,0.0,0.0,0.0,0.0,0.0,0.0,0.0,0,1,0,0,0.0,0.0,0,0.0,0.0,0.0,0.0
Robin Gosens,de GER,"DF,MF",Fiorentina,31.0,1994.0,26,24,"1,881",3,1,0,0,2,0,0.14,0.05,0.19,0.14,0.19,2.3951865192502737,2.3951865192502737,0.11298049619105065,0.11298049619105065,20.9,7,0.0,38.9,0.33,0.17,0.43,0.1330659177361263,0.6048134807497263,0.6048134807497263,0.0,0.0,0.0,0.0,0.0,0.0,0.0,0.0,0.0,0.0,0.0,0.0,0.0,0.0,11.0,0.0,0.0,0.0,0.0,0.0,0.0,0.0,0.0,0.0,41,0.0,0.0,0.0,0.0,0.0,0.0,0.0,0.0,0.0,0.0,0.0,0.0,0.0,0.0,0.0,0.0,0.0,0.0,0.0,0.0,0.0,18,0.0,0.0,0.0,0.0,0.0,0.0,23,0.0,0.0,0.0,0.0,0.0,0.0,0.0,0.0,0.0,0.0,0.0,0.0,0.0,0.0,0.0,0.0,0,24,25,3,0.0,0.0,0,0.0,0.0,0.0,0.0
Alberto Grassi,it ITA,MF,Cremonese,30.0,1995.0,30,18,"1,753",0,0,0,0,4,1,0.0,0.0,0.0,0.0,0.0,0.7624318739399314,0.7624318739399314,0.039032348495218326,0.039032348495218326,19.5,4,0.0,30.8,0.21,0.0,0.0,0.05864860568768703,-0.7624318739399314,-0.7624318739399314,0.0,0.0,0.0,0.0,0.0,0.0,0.0,0.0,0.0,0.0,0.0,0.0,0.0,0.0,8.0,0.0,0.0,0.0,0.0,0.0,0.0,0.0,0.0,0.0,3,0.0,0.0,0.0,0.0,0.0,0.0,0.0,0.0,0.0,0.0,0.0,0.0,0.0,0.0,0.0,0.0,0.0,0.0,0.0,0.0,0.0,11,0.0,0.0,0.0,0.0,0.0,0.0,35,0.0,0.0,0.0,0.0,0.0,0.0,0.0,0.0,0.0,0.0,0.0,0.0,0.0,0.0,0.0,0.0,0,17,30,0,0.0,0.0,0,0.0,0.0,0.0,0.0
Jacopo Grossi,it ITA,MF,Genoa,18.0,2006.0,1,0,22,0,0,0,0,0,0,0.0,0.0,0.0,0.0,0.0,0.0951580107212066,0.0951580107212066,0.4282110482454297,0.4282110482454297,0.2,0,0.0,0.0,0.0,0.0,0.0,0.0951580107212066,-0.0951580107212066,-0.0951580107212066,0.0,0.0,0.0,0.0,0.0,0.0,0.0,0.0,0.0,0.0,0.0,0.0,0.0,0.0,0.0,0.0,0.0,0.0,0.0,0.0,0.0,0.0,0.0,0.0,3,0.0,0.0,0.0,0.0,0.0,0.0,0.0,0.0,0.0,0.0,0.0,0.0,0.0,0.0,0.0,0.0,0.0,0.0,0.0,0.0,0.0,0,0.0,0.0,0.0,0.0,0.0,0.0,0,0.0,0.0,0.0,0.0,0.0,0.0,0.0,0.0,0.0,0.0,0.0,0.0,0.0,0.0,0.0,0.0,0,0,0,0,0.0,0.0,0,0.0,0.0,0.0,0.0
Albert Grønbaek,dk DEN,MF,Genoa,24.0,2001.0,4,1,103,0,0,0,0,1,0,0.0,0.0,0.0,0.0,0.0,0.0,0.0,0.0,0.0,1.1,1,0.0,100.0,0.87,0.0,0.0,0.0,0.0,0.0,0.0,0.0,0.0,0.0,0.0,0.0,0.0,0.0,0.0,0.0,0.0,0.0,0.0,0.0,0.0,0.0,0.0,0.0,0.0,0.0,0.0,0.0,0.0,0.0,1,0.0,0.0,0.0,0.0,0.0,0.0,0.0,0.0,0.0,0.0,0.0,0.0,0.0,0.0,0.0,0.0,0.0,0.0,0.0,0.0,0.0,2,0.0,0.0,0.0,0.0,0.0,0.0,0,0.0,0.0,0.0,0.0,0.0,0.0,0.0,0.0,0.0,0.0,0.0,0.0,0.0,0.0,0.0,0.0,0,1,1,0,0.0,0.0,0,0.0,0.0,0.0,0.0
Mattéo Guendouzi,fr FRA,MF,Lazio,26.0,1999.0,16,16,"1,428",2,1,0,0,5,1,0.13,0.06,0.19,0.13,0.19,1.22304982598871,1.22304982598871,0.07676044932983535,0.07676044932983535,15.9,8,0.0,50.0,0.5,0.13,0.25,0.07644061412429437,0.7769501740112901,0.7769501740112901,0.0,0.0,0.0,0.0,0.0,0.0,0.0,0.0,0.0,0.0,0.0,0.0,0.0,0.0,15.0,0.0,0.0,0.0,0.0,0.0,0.0,0.0,0.0,0.0,20,0.0,0.0,0.0,0.0,0.0,0.0,0.0,0.0,0.0,0.0,0.0,0.0,0.0,0.0,0.0,0.0,0.0,0.0,0.0,0.0,0.0,8,0.0,0.0,0.0,0.0,0.0,0.0,11,0.0,0.0,0.0,0.0,0.0,0.0,0.0,0.0,0.0,0.0,0.0,0.0,0.0,0.0,0.0,0.0,0,17,21,0,0.0,0.0,0,0.0,0.0,0.0,0.0
Idrissa Guèye,sn SEN,FW,Udinese,18.0,2006.0,19,1,421,1,0,0,0,2,0,0.21,0.0,0.21,0.21,0.21,2.2640949226915836,2.2640949226915836,0.5537188669626156,0.5537188669626156,4.7,6,0.0,30.0,1.28,0.05,0.17,0.11320474613457918,-1.2640949226915836,-1.2640949226915836,0.0,0.0,0.0,0.0,0.0,0.0,0.0,0.0,0.0,0.0,0.0,0.0,0.0,0.0,4.0,0.0,0.0,0.0,0.0,0.0,0.0,0.0,0.0,0.0,4,0.0,0.0,0.0,0.0,0.0,0.0,0.0,0.0,0.0,0.0,0.0,0.0,0.0,0.0,0.0,0.0,0.0,0.0,0.0,0.0,0.0,4,0.0,0.0,0.0,0.0,0.0,0.0,3,0.0,0.0,0.0,0.0,0.0,0.0,0.0,0.0,0.0,0.0,0.0,0.0,0.0,0.0,0.0,0.0,0,15,9,3,0.0,0.0,0,0.0,0.0,0.0,0.0
Miguel Gutiérrez,es ESP,"MF,DF",Napoli,24.0,2001.0,28,15,"1,488",1,1,0,0,0,0,0.06,0.06,0.12,0.06,0.12,0.571861126460135,0.571861126460135,0.03482239606320173,0.03482239606320173,16.5,5,0.0,33.3,0.3,0.07,0.2,0.03812407509734233,0.428138873539865,0.428138873539865,0.0,0.0,0.0,0.0,0.0,0.0,0.0,0.0,0.0,0.0,0.0,0.0,0.0,0.0,20.0,0.0,0.0,0.0,0.0,0.0,0.0,0.0,0.0,0.0,48,0.0,0.0,0.0,0.0,0.0,0.0,0.0,0.0,0.0,0.0,0.0,0.0,0.0,0.0,0.0,0.0,0.0,0.0,0.0,0.0,0.0,22,0.0,0.0,0.0,0.0,0.0,0.0,7,0.0,0.0,0.0,0.0,0.0,0.0,0.0,0.0,0.0,0.0,0.0,0.0,0.0,0.0,0.0,0.0,0,19,28,1,0.0,0.0,0,0.0,0.0,0.0,0.0
Albert Guðmundsson,is ISL,"FW,MF",Fiorentina,28.0,1997.0,33,27,"2,250",5,4,3,3,4,1,0.2,0.16,0.36,0.08,0.24,0.0,0.0,0.0,0.0,25.0,15,0.0,36.6,0.6,0.05,0.13,0.0,0.0,0.0,0.0,0.0,0.0,0.0,0.0,0.0,0.0,0.0,0.0,0.0,0.0,0.0,0.0,0.0,0.0,0.0,0.0,0.0,0.0,0.0,0.0,0.0,0.0,0.0,54,0.0,0.0,0.0,0.0,0.0,0.0,0.0,0.0,0.0,0.0,0.0,0.0,0.0,0.0,0.0,0.0,0.0,0.0,0.0,0.0,0.0,4,0.0,0.0,0.0,0.0,0.0,0.0,3,0.0,0.0,0.0,0.0,0.0,0.0,0.0,0.0,0.0,0.0,0.0,0.0,0.0,0.0,0.0,0.0,0,34,30,6,0.0,0.0,0,0.0,0.0,0.0,0.0
Jack Harrison,eng ENG,"FW,MF",Fiorentina,28.0,1996.0,15,10,981,1,3,0,0,1,0,0.09,0.28,0.37,0.09,0.37,0.9175047194585204,0.9175047194585204,0.08400348397890828,0.08400348397890828,10.9,4,0.0,30.8,0.37,0.08,0.25,0.07057728611219388,0.08249528054147959,0.08249528054147959,0.0,0.0,0.0,0.0,0.0,0.0,0.0,0.0,0.0,0.0,0.0,0.0,0.0,0.0,15.0,0.0,0.0,0.0,0.0,0.0,0.0,0.0,0.0,0.0,56,0.0,0.0,0.0,0.0,0.0,0.0,0.0,0.0,0.0,0.0,0.0,0.0,0.0,0.0,0.0,0.0,0.0,0.0,0.0,0.0,0.0,6,0.0,0.0,0.0,0.0,0.0,0.0,2,0.0,0.0,0.0,0.0,0.0,0.0,0.0,0.0,0.0,0.0,0.0,0.0,0.0,0.0,0.0,0.0,0,9,7,0,0.0,0.0,0,0.0,0.0,0.0,0.0
Abdou Harroui,nl NED,MF,Hellas Verona,27.0,1998.0,23,11,907,1,0,1,1,3,0,0.1,0.0,0.1,0.0,0.0,1.1734618581831455,0.4121630229055881,0.11631229871859372,0.040853163063329215,10.1,2,0.0,16.7,0.2,0.0,0.0,0.03434691857546567,-0.17346185818314552,-0.4121630229055881,0.0,0.0,0.0,0.0,0.0,0.0,0.0,0.0,0.0,0.0,0.0,0.0,0.0,0.0,14.0,0.0,0.0,0.0,0.0,0.0,0.0,0.0,0.0,0.0,28,0.0,0.0,0.0,0.0,0.0,0.0,0.0,0.0,0.0,0.0,0.0,0.0,0.0,0.0,0.0,0.0,0.0,0.0,0.0,0.0,0.0,17,0.0,0.0,0.0,0.0,0.0,0.0,1,0.0,0.0,0.0,0.0,0.0,0.0,0.0,0.0,0.0,0.0,0.0,0.0,0.0,0.0,0.0,0.0,0,22,1,2,0.0,0.0,0,0.0,0.0,0.0,0.0
Torbjørn Heggem,no NOR,DF,Bologna,26.0,1999.0,27,23,"2,113",0,0,0,0,0,1,0.0,0.0,0.0,0.0,0.0,1.0151279531419275,1.0151279531419275,0.043319827303353944,0.043319827303353944,23.5,2,0.0,18.2,0.09,0.0,0.0,0.09228435937653887,-1.0151279531419275,-1.0151279531419275,0.0,0.0,0.0,0.0,0.0,0.0,0.0,0.0,0.0,0.0,0.0,0.0,0.0,0.0,2.0,0.0,0.0,0.0,0.0,0.0,0.0,0.0,0.0,0.0,1,0.0,0.0,0.0,0.0,0.0,0.0,0.0,0.0,0.0,0.0,0.0,0.0,0.0,0.0,0.0,0.0,0.0,0.0,0.0,0.0,0.0,19,0.0,0.0,0.0,0.0,0.0,0.0,25,0.0,0.0,0.0,0.0,0.0,0.0,0.0,0.0,0.0,0.0,0.0,0.0,0.0,0.0,0.0,0.0,0,31,12,0,0.0,0.0,0,0.0,0.0,0.0,0.0
Eivind Helland,no NOR,DF,Bologna,20.0,2005.0,6,6,484,0,0,0,0,2,0,0.0,0.0,0.0,0.0,0.0,0.0996828228235244,0.0996828228235244,0.018051215400638223,0.018051215400638223,5.4,0,0.0,0.0,0.0,0.0,0.0,0.0996828228235244,-0.0996828228235244,-0.0996828228235244,0.0,0.0,0.0,0.0,0.0,0.0,0.0,0.0,0.0,0.0,0.0,0.0,0.0,0.0,3.0,0.0,0.0,0.0,0.0,0.0,0.0,0.0,0.0,0.0,0,0.0,0.0,0.0,0.0,0.0,0.0,0.0,0.0,0.0,0.0,0.0,0.0,0.0,0.0,0.0,0.0,0.0,0.0,0.0,0.0,0.0,5,0.0,0.0,0.0,0.0,0.0,0.0,7,0.0,0.0,0.0,0.0,0.0,0.0,0.0,0.0,0.0,0.0,0.0,0.0,0.0,0.0,0.0,0.0,0,5,1,0,0.0,0.0,0,0.0,0.0,0.0,0.0
Luis Henrique,br BRA,MF,Inter,23.0,2001.0,30,18,"1,624",1,2,0,0,1,0,0.06,0.11,0.17,0.06,0.17,1.1519507393240929,1.1519507393240929,0.06411599662286231,0.06411599662286231,18.0,7,0.0,46.7,0.39,0.07,0.14,0.07679671595493952,-0.15195073932409286,-0.15195073932409286,0.0,0.0,0.0,0.0,0.0,0.0,0.0,0.0,0.0,0.0,0.0,0.0,0.0,0.0,22.0,0.0,0.0,0.0,0.0,0.0,0.0,0.0,0.0,0.0,39,0.0,0.0,0.0,0.0,0.0,0.0,0.0,0.0,0.0,0.0,0.0,0.0,0.0,0.0,0.0,0.0,0.0,0.0,0.0,0.0,0.0,16,0.0,0.0,0.0,0.0,0.0,0.0,7,0.0,0.0,0.0,0.0,0.0,0.0,0.0,0.0,0.0,0.0,0.0,0.0,0.0,0.0,0.0,0.0,0,5,0,1,0.0,0.0,0,0.0,0.0,0.0,0.0
Mario Hermoso,es ESP,DF,Roma,30.0,1995.0,27,25,"2,085",3,2,0,0,9,0,0.13,0.09,0.22,0.13,0.22,2.192820576019585,2.192820576019585,0.093710281026478,0.093710281026478,23.2,6,0.0,30.0,0.26,0.15,0.5,0.10964102880097926,0.8071794239804149,0.8071794239804149,0.0,0.0,0.0,0.0,0.0,0.0,0.0,0.0,0.0,0.0,0.0,0.0,0.0,0.0,10.0,0.0,0.0,0.0,0.0,0.0,0.0,0.0,0.0,0.0,10,0.0,0.0,0.0,0.0,0.0,0.0,0.0,0.0,0.0,0.0,0.0,0.0,0.0,0.0,0.0,0.0,0.0,0.0,0.0,0.0,0.0,20,0.0,0.0,0.0,0.0,0.0,0.0,30,0.0,0.0,0.0,0.0,0.0,0.0,0.0,0.0,0.0,0.0,0.0,0.0,0.0,0.0,0.0,0.0,0,40,19,0,0.0,0.0,0,0.0,0.0,0.0,0.0
Hernani,br BRA,MF,Parma,31.0,1994.0,4,0,73,0,0,0,0,0,0,0.0,0.0,0.0,0.0,0.0,0.0357290841639041,0.0357290841639041,0.05544168232329946,0.05544168232329946,0.8,0,0.0,0.0,0.0,0.0,0.0,0.0357290841639041,-0.0357290841639041,-0.0357290841639041,0.0,0.0,0.0,0.0,0.0,0.0,0.0,0.0,0.0,0.0,0.0,0.0,0.0,0.0,1.0,0.0,0.0,0.0,0.0,0.0,0.0,0.0,0.0,0.0,2,0.0,0.0,0.0,0.0,0.0,0.0,0.0,0.0,0.0,0.0,0.0,0.0,0.0,0.0,0.0,0.0,0.0,0.0,0.0,0.0,0.0,0,0.0,0.0,0.0,0.0,0.0,0.0,1,0.0,0.0,0.0,0.0,0.0,0.0,0.0,0.0,0.0,0.0,0.0,0.0,0.0,0.0,0.0,0.0,0,2,3,1,0.0,0.0,0,0.0,0.0,0.0,0.0
Isak Hien,se SWE,DF,Atalanta,26.0,1999.0,28,20,"1,970",1,0,0,0,5,0,0.05,0.0,0.05,0.05,0.05,1.0833443198353052,1.0833443198353052,0.04997487892628266,0.04997487892628266,21.9,3,0.0,33.3,0.14,0.11,0.33,0.12037159109281169,-0.08334431983530521,-0.08334431983530521,0.0,0.0,0.0,0.0,0.0,0.0,0.0,0.0,0.0,0.0,0.0,0.0,0.0,0.0,2.0,0.0,0.0,0.0,0.0,0.0,0.0,0.0,0.0,0.0,0,0.0,0.0,0.0,0.0,0.0,0.0,0.0,0.0,0.0,0.0,0.0,0.0,0.0,0.0,0.0,0.0,0.0,0.0,0.0,0.0,0.0,34,0.0,0.0,0.0,0.0,0.0,0.0,29,0.0,0.0,0.0,0.0,0.0,0.0,0.0,0.0,0.0,0.0,0.0,0.0,0.0,0.0,0.0,0.0,0,36,21,0,0.0,0.0,1,0.0,0.0,0.0,0.0
Malthe Hojholt,dk DEN,MF,Pisa,24.0,2001.0,17,9,850,0,0,0,0,2,0,0.0,0.0,0.0,0.0,0.0,0.0,0.0,0.0,0.0,9.4,2,0.0,50.0,0.21,0.0,0.0,0.0,0.0,0.0,0.0,0.0,0.0,0.0,0.0,0.0,0.0,0.0,0.0,0.0,0.0,0.0,0.0,0.0,0.0,0.0,0.0,0.0,0.0,0.0,0.0,0.0,0.0,0.0,4,0.0,0.0,0.0,0.0,0.0,0.0,0.0,0.0,0.0,0.0,0.0,0.0,0.0,0.0,0.0,0.0,0.0,0.0,0.0,0.0,0.0,8,0.0,0.0,0.0,0.0,0.0,0.0,9,0.0,0.0,0.0,0.0,0.0,0.0,0.0,0.0,0.0,0.0,0.0,0.0,0.0,0.0,0.0,0.0,0,13,5,0,0.0,0.0,0,0.0,0.0,0.0,0.0
Emil Holm,se SWE,DF,Bologna,25.0,2000.0,11,8,655,1,4,0,0,3,1,0.14,0.55,0.69,0.14,0.69,1.1488585537299514,1.1488585537299514,0.11604631855858094,0.11604631855858094,7.3,1,0.0,12.5,0.14,0.13,1.0,0.08837373490230395,-0.14885855372995138,-0.14885855372995138,0.0,0.0,0.0,0.0,0.0,0.0,0.0,0.0,0.0,0.0,0.0,0.0,0.0,0.0,9.0,0.0,0.0,0.0,0.0,0.0,0.0,0.0,0.0,0.0,23,0.0,0.0,0.0,0.0,0.0,0.0,0.0,0.0,0.0,0.0,0.0,0.0,0.0,0.0,0.0,0.0,0.0,0.0,0.0,0.0,0.0,13,0.0,0.0,0.0,0.0,0.0,0.0,7,0.0,0.0,0.0,0.0,0.0,0.0,0.0,0.0,0.0,0.0,0.0,0.0,0.0,0.0,0.0,0.0,1,11,14,0,0.0,0.0,0,0.0,0.0,0.0,0.0
Emil Holm,se SWE,MF,Juventus,25.0,2000.0,7,2,230,0,0,0,0,0,0,0.0,0.0,0.0,0.0,0.0,1.1488585537299514,1.1488585537299514,0.11604631855858094,0.11604631855858094,2.6,1,0.0,20.0,0.39,0.0,0.0,0.08837373490230395,-0.14885855372995138,-0.14885855372995138,0.0,0.0,0.0,0.0,0.0,0.0,0.0,0.0,0.0,0.0,0.0,0.0,0.0,0.0,9.0,0.0,0.0,0.0,0.0,0.0,0.0,0.0,0.0,0.0,6,0.0,0.0,0.0,0.0,0.0,0.0,0.0,0.0,0.0,0.0,0.0,0.0,0.0,0.0,0.0,0.0,0.0,0.0,0.0,0.0,0.0,5,0.0,0.0,0.0,0.0,0.0,0.0,3,0.0,0.0,0.0,0.0,0.0,0.0,0.0,0.0,0.0,0.0,0.0,0.0,0.0,0.0,0.0,0.0,0,0,5,0,0.0,0.0,0,0.0,0.0,0.0,0.0
Elseid Hysaj,al ALB,DF,Lazio,31.0,1994.0,5,1,174,0,0,0,0,0,0,0.0,0.0,0.0,0.0,0.0,0.0,0.0,0.0,0.0,1.9,0,0.0,0.0,0.0,0.0,0.0,,0.0,0.0,0.0,0.0,0.0,0.0,0.0,0.0,0.0,0.0,0.0,0.0,0.0,0.0,0.0,0.0,0.0,0.0,0.0,0.0,0.0,0.0,0.0,0.0,0.0,0.0,2,0.0,0.0,0.0,0.0,0.0,0.0,0.0,0.0,0.0,0.0,0.0,0.0,0.0,0.0,0.0,0.0,0.0,0.0,0.0,0.0,0.0,0,0.0,0.0,0.0,0.0,0.0,0.0,2,0.0,0.0,0.0,0.0,0.0,0.0,0.0,0.0,0.0,0.0,0.0,0.0,0.0,0.0,0.0,0.0,0,0,1,0,0.0,0.0,0,0.0,0.0,0.0,0.0
Rasmus Højlund,dk DEN,FW,Napoli,22.0,2003.0,33,32,"2,750",12,5,1,1,1,0,0.39,0.16,0.56,0.36,0.52,13.312345487996936,12.551046593114734,0.4303559963792113,0.40574504072569184,30.6,25,0.0,41.7,0.82,0.18,0.44,0.20918410988524555,-0.31234548799693584,-0.5510465931147337,0.0,0.0,0.0,0.0,0.0,0.0,0.0,0.0,0.0,0.0,0.0,0.0,0.0,0.0,33.0,0.0,0.0,0.0,0.0,0.0,0.0,0.0,0.0,0.0,3,0.0,0.0,0.0,0.0,0.0,0.0,0.0,0.0,0.0,0.0,0.0,0.0,0.0,0.0,0.0,0.0,0.0,0.0,0.0,0.0,0.0,1,0.0,0.0,0.0,0.0,0.0,0.0,0,0.0,0.0,0.0,0.0,0.0,0.0,0.0,0.0,0.0,0.0,0.0,0.0,0.0,0.0,0.0,0.0,0,37,53,20,0.0,0.0,0,0.0,0.0,0.0,0.0
Edoardo Iannoni,it ITA,MF,Sassuolo,24.0,2001.0,15,1,260,1,0,0,0,3,0,0.35,0.0,0.35,0.35,0.35,0.7571988552808762,0.7571988552808762,0.2962952042403429,0.2962952042403429,2.9,1,0.0,33.3,0.35,0.33,1.0,0.25239961842695874,0.24280114471912384,0.24280114471912384,0.0,0.0,0.0,0.0,0.0,0.0,0.0,0.0,0.0,0.0,0.0,0.0,0.0,0.0,0.0,0.0,0.0,0.0,0.0,0.0,0.0,0.0,0.0,0.0,2,0.0,0.0,0.0,0.0,0.0,0.0,0.0,0.0,0.0,0.0,0.0,0.0,0.0,0.0,0.0,0.0,0.0,0.0,0.0,0.0,0.0,3,0.0,0.0,0.0,0.0,0.0,0.0,3,0.0,0.0,0.0,0.0,0.0,0.0,0.0,0.0,0.0,0.0,0.0,0.0,0.0,0.0,0.0,0.0,0,11,0,1,0.0,0.0,0,0.0,0.0,0.0,0.0
Riyad Idrissi,it ITA,"MF,DF",Cagliari,20.0,2005.0,23,4,783,2,0,0,0,3,0,0.23,0.0,0.23,0.23,0.23,0.7890109941363335,0.7890109941363335,0.09635141041013572,0.09635141041013572,8.7,6,0.0,100.0,0.69,0.33,0.33,0.1315018323560556,1.2109890058636665,1.2109890058636665,0.0,0.0,0.0,0.0,0.0,0.0,0.0,0.0,0.0,0.0,0.0,0.0,0.0,0.0,6.0,0.0,0.0,0.0,0.0,0.0,0.0,0.0,0.0,0.0,23,0.0,0.0,0.0,0.0,0.0,0.0,0.0,0.0,0.0,0.0,0.0,0.0,0.0,0.0,0.0,0.0,0.0,0.0,0.0,0.0,0.0,15,0.0,0.0,0.0,0.0,0.0,0.0,9,0.0,0.0,0.0,0.0,0.0,0.0,0.0,0.0,0.0,0.0,0.0,0.0,0.0,0.0,0.0,0.0,0,9,6,1,0.0,0.0,0,0.0,0.0,0.0,0.0
Jay Idzes,id IDN,DF,Sassuolo,25.0,2000.0,35,35,"3,061",0,0,0,0,2,0,0.0,0.0,0.0,0.0,0.0,0.2000958640128374,0.2000958640128374,0.005875571863345959,0.005875571863345959,34.0,0,0.0,0.0,0.0,0.0,0.0,0.04001917280256748,-0.2000958640128374,-0.2000958640128374,0.0,0.0,0.0,0.0,0.0,0.0,0.0,0.0,0.0,0.0,0.0,0.0,0.0,0.0,3.0,0.0,0.0,0.0,0.0,0.0,0.0,0.0,0.0,0.0,1,0.0,0.0,0.0,0.0,0.0,0.0,0.0,0.0,0.0,0.0,0.0,0.0,0.0,0.0,0.0,0.0,0.0,0.0,0.0,0.0,0.0,15,0.0,0.0,0.0,0.0,0.0,0.0,38,0.0,0.0,0.0,0.0,0.0,0.0,0.0,0.0,0.0,0.0,0.0,0.0,0.0,0.0,0.0,0.0,0,33,14,1,0.0,0.0,0,0.0,0.0,0.0,0.0
Ivan Ilić,rs SRB,MF,Torino,24.0,2001.0,8,5,416,0,0,0,0,2,0,0.0,0.0,0.0,0.0,0.0,0.0,0.0,0.0,0.0,4.6,0,0.0,0.0,0.0,0.0,0.0,,0.0,0.0,0.0,0.0,0.0,0.0,0.0,0.0,0.0,0.0,0.0,0.0,0.0,0.0,0.0,0.0,8.0,0.0,0.0,0.0,0.0,0.0,0.0,0.0,0.0,0.0,2,0.0,0.0,0.0,0.0,0.0,0.0,0.0,0.0,0.0,0.0,0.0,0.0,0.0,0.0,0.0,0.0,0.0,0.0,0.0,0.0,0.0,5,0.0,0.0,0.0,0.0,0.0,0.0,5,0.0,0.0,0.0,0.0,0.0,0.0,0.0,0.0,0.0,0.0,0.0,0.0,0.0,0.0,0.0,0.0,0,9,4,0,0.0,0.0,0,0.0,0.0,0.0,0.0
Samuel Iling-Junior,eng ENG,MF,Pisa,21.0,2003.0,5,1,110,0,0,0,0,0,0,0.0,0.0,0.0,0.0,0.0,0.0,0.0,0.0,0.0,1.2,0,0.0,0.0,0.0,0.0,0.0,,0.0,0.0,0.0,0.0,0.0,0.0,0.0,0.0,0.0,0.0,0.0,0.0,0.0,0.0,0.0,0.0,1.0,0.0,0.0,0.0,0.0,0.0,0.0,0.0,0.0,0.0,5,0.0,0.0,0.0,0.0,0.0,0.0,0.0,0.0,0.0,0.0,0.0,0.0,0.0,0.0,0.0,0.0,0.0,0.0,0.0,0.0,0.0,2,0.0,0.0,0.0,0.0,0.0,0.0,0,0.0,0.0,0.0,0.0,0.0,0.0,0.0,0.0,0.0,0.0,0.0,0.0,0.0,0.0,0.0,0.0,0,1,0,0,0.0,0.0,0,0.0,0.0,0.0,0.0
Emirhan İlkhan,tr TUR,MF,Torino,21.0,2004.0,19,13,"1,001",1,2,0,0,2,1,0.09,0.18,0.27,0.09,0.27,2.3624519193544984,2.3624519193544984,0.20682944819251445,0.20682944819251445,11.1,3,0.0,23.1,0.27,0.08,0.33,0.1817270707195768,-1.3624519193544984,-1.3624519193544984,0.0,0.0,0.0,0.0,0.0,0.0,0.0,0.0,0.0,0.0,0.0,0.0,0.0,0.0,12.0,0.0,0.0,0.0,0.0,0.0,0.0,0.0,0.0,0.0,7,0.0,0.0,0.0,0.0,0.0,0.0,0.0,0.0,0.0,0.0,0.0,0.0,0.0,0.0,0.0,0.0,0.0,0.0,0.0,0.0,0.0,19,0.0,0.0,0.0,0.0,0.0,0.0,13,0.0,0.0,0.0,0.0,0.0,0.0,0.0,0.0,0.0,0.0,0.0,0.0,0.0,0.0,0.0,0.0,0,11,18,0,0.0,0.0,0,0.0,0.0,0.0,0.0
Ciro Immobile,it ITA,FW,Bologna,35.0,1990.0,6,2,193,0,0,0,0,1,0,0.0,0.0,0.0,0.0,0.0,0.062911570072174,0.062911570072174,0.03060562868376033,0.03060562868376033,2.1,0,0.0,0.0,0.0,0.0,0.0,0.031455785036087,-0.062911570072174,-0.062911570072174,0.0,0.0,0.0,0.0,0.0,0.0,0.0,0.0,0.0,0.0,0.0,0.0,0.0,0.0,1.0,0.0,0.0,0.0,0.0,0.0,0.0,0.0,0.0,0.0,3,0.0,0.0,0.0,0.0,0.0,0.0,0.0,0.0,0.0,0.0,0.0,0.0,0.0,0.0,0.0,0.0,0.0,0.0,0.0,0.0,0.0,0,0.0,0.0,0.0,0.0,0.0,0.0,0,0.0,0.0,0.0,0.0,0.0,0.0,0.0,0.0,0.0,0.0,0.0,0.0,0.0,0.0,0.0,0.0,0,8,3,5,0.0,0.0,0,0.0,0.0,0.0,0.0
Isaac,br BRA,FW,Hellas Verona,21.0,2004.0,3,0,40,0,0,0,0,0,0,0.0,0.0,0.0,0.0,0.0,0.0,0.0,0.0,0.0,0.4,0,0.0,0.0,0.0,0.0,0.0,,0.0,0.0,0.0,0.0,0.0,0.0,0.0,0.0,0.0,0.0,0.0,0.0,0.0,0.0,0.0,0.0,0.0,0.0,0.0,0.0,0.0,0.0,0.0,0.0,0.0,0.0,1,0.0,0.0,0.0,0.0,0.0,0.0,0.0,0.0,0.0,0.0,0.0,0.0,0.0,0.0,0.0,0.0,0.0,0.0,0.0,0.0,0.0,0,0.0,0.0,0.0,0.0,0.0,0.0,0,0.0,0.0,0.0,0.0,0.0,0.0,0.0,0.0,0.0,0.0,0.0,0.0,0.0,0.0,0.0,0.0,0,1,2,0,0.0,0.0,0,0.0,0.0,0.0,0.0
Gustav Isaksen,dk DEN,FW,Lazio,24.0,2001.0,30,18,"1,593",5,1,0,0,0,0,0.28,0.06,0.34,0.28,0.34,5.408482110127807,5.408482110127807,0.30309052921015106,0.30309052921015106,17.7,19,0.0,39.6,1.07,0.1,0.26,0.11267671062766264,-0.40848211012780666,-0.40848211012780666,0.0,0.0,0.0,0.0,0.0,0.0,0.0,0.0,0.0,0.0,0.0,0.0,0.0,0.0,17.0,0.0,0.0,0.0,0.0,0.0,0.0,0.0,0.0,0.0,32,0.0,0.0,0.0,0.0,0.0,0.0,0.0,0.0,0.0,0.0,0.0,0.0,0.0,0.0,0.0,0.0,0.0,0.0,0.0,0.0,0.0,8,0.0,0.0,0.0,0.0,0.0,0.0,7,0.0,0.0,0.0,0.0,0.0,0.0,0.0,0.0,0.0,0.0,0.0,0.0,0.0,0.0,0.0,0.0,0,18,57,1,0.0,0.0,0,0.0,0.0,0.0,0.0
Ardian Ismajli,al ALB,DF,Torino,28.0,1996.0,25,21,"1,906",0,1,0,0,5,0,0.0,0.05,0.05,0.0,0.05,0.7488318141549826,0.7488318141549826,0.03534077780490216,0.03534077780490216,21.2,4,0.0,66.7,0.19,0.0,0.0,0.12480530235916376,-0.7488318141549826,-0.7488318141549826,0.0,0.0,0.0,0.0,0.0,0.0,0.0,0.0,0.0,0.0,0.0,0.0,0.0,0.0,4.0,0.0,0.0,0.0,0.0,0.0,0.0,0.0,0.0,0.0,8,0.0,0.0,0.0,0.0,0.0,0.0,0.0,0.0,0.0,0.0,0.0,0.0,0.0,0.0,0.0,0.0,0.0,0.0,0.0,0.0,0.0,14,0.0,0.0,0.0,0.0,0.0,0.0,36,0.0,0.0,0.0,0.0,0.0,0.0,0.0,0.0,0.0,0.0,0.0,0.0,0.0,0.0,0.0,0.0,0,21,18,1,0.0,0.0,0,0.0,0.0,0.0,0.0
Franco Israel,uy URU,GK,Torino,25.0,2000.0,9,9,810,0,0,0,0,1,0,0.0,0.0,0.0,0.0,0.0,0.0,0.0,0.0,0.0,9.0,0,0.0,0.0,0.0,0.0,0.0,,0.0,0.0,0.0,0.0,0.0,0.0,0.0,0.0,0.0,0.0,0.0,0.0,0.0,0.0,0.0,0.0,0.0,0.0,0.0,0.0,0.0,0.0,0.0,0.0,0.0,0.0,0,0.0,0.0,0.0,0.0,0.0,0.0,0.0,0.0,0.0,0.0,0.0,0.0,0.0,0.0,0.0,0.0,0.0,0.0,0.0,0.0,0.0,0,0.0,0.0,0.0,0.0,0.0,0.0,0,0.0,0.0,0.0,0.0,0.0,0.0,0.0,0.0,0.0,0.0,0.0,0.0,0.0,0.0,0.0,0.0,0,0,3,0,0.0,0.0,0,0.0,0.0,0.0,0.0
Ardon Jashari,ch SUI,MF,Milan,23.0,2002.0,14,7,701,0,1,0,0,0,0,0.0,0.13,0.13,0.0,0.13,0.2434516996145248,0.2434516996145248,0.03116735841437729,0.03116735841437729,7.8,2,0.0,28.6,0.26,0.0,0.0,0.0347788142306464,-0.2434516996145248,-0.2434516996145248,0.0,0.0,0.0,0.0,0.0,0.0,0.0,0.0,0.0,0.0,0.0,0.0,0.0,0.0,9.0,0.0,0.0,0.0,0.0,0.0,0.0,0.0,0.0,0.0,11,0.0,0.0,0.0,0.0,0.0,0.0,0.0,0.0,0.0,0.0,0.0,0.0,0.0,0.0,0.0,0.0,0.0,0.0,0.0,0.0,0.0,11,0.0,0.0,0.0,0.0,0.0,0.0,5,0.0,0.0,0.0,0.0,0.0,0.0,0.0,0.0,0.0,0.0,0.0,0.0,0.0,0.0,0.0,0.0,0,11,8,0,0.0,0.0,0,0.0,0.0,0.0,0.0
Gaby Jean,fr FRA,DF,Lecce,25.0,2000.0,7,1,197,0,0,0,0,1,0,0.0,0.0,0.0,0.0,0.0,0.0,0.0,0.0,0.0,2.2,0,0.0,0.0,0.0,0.0,0.0,,0.0,0.0,0.0,0.0,0.0,0.0,0.0,0.0,0.0,0.0,0.0,0.0,0.0,0.0,0.0,0.0,0.0,0.0,0.0,0.0,0.0,0.0,0.0,0.0,0.0,0.0,0,0.0,0.0,0.0,0.0,0.0,0.0,0.0,0.0,0.0,0.0,0.0,0.0,0.0,0.0,0.0,0.0,0.0,0.0,0.0,0.0,0.0,3,0.0,0.0,0.0,0.0,0.0,0.0,1,0.0,0.0,0.0,0.0,0.0,0.0,0.0,0.0,0.0,0.0,0.0,0.0,0.0,0.0,0.0,0.0,0,1,2,0,0.0,0.0,0,0.0,0.0,0.0,0.0
Oliver Jensen,dk DEN,MF,Parma,23.0,2002.0,34,19,"1,840",1,1,0,0,2,0,0.05,0.05,0.1,0.05,0.1,0.0,0.0,0.0,0.0,20.4,3,0.0,20.0,0.15,0.07,0.33,0.0,0.0,0.0,0.0,0.0,0.0,0.0,0.0,0.0,0.0,0.0,0.0,0.0,0.0,0.0,0.0,0.0,0.0,0.0,0.0,0.0,0.0,0.0,0.0,0.0,0.0,0.0,14,0.0,0.0,0.0,0.0,0.0,0.0,0.0,0.0,0.0,0.0,0.0,0.0,0.0,0.0,0.0,0.0,0.0,0.0,0.0,0.0,0.0,8,0.0,0.0,0.0,0.0,0.0,0.0,17,0.0,0.0,0.0,0.0,0.0,0.0,0.0,0.0,0.0,0.0,0.0,0.0,0.0,0.0,0.0,0.0,0,13,20,2,0.0,0.0,0,0.0,0.0,0.0,0.0
Juan Jesus,br BRA,DF,Napoli,34.0,1991.0,24,19,"1,675",0,0,0,0,10,1,0.0,0.0,0.0,0.0,0.0,0.2074212320148944,0.2074212320148944,0.011178389749305686,0.011178389749305686,18.6,0,0.0,0.0,0.0,0.0,0.0,0.06914041067163147,-0.2074212320148944,-0.2074212320148944,0.0,0.0,0.0,0.0,0.0,0.0,0.0,0.0,0.0,0.0,0.0,0.0,0.0,0.0,4.0,0.0,0.0,0.0,0.0,0.0,0.0,0.0,0.0,0.0,1,0.0,0.0,0.0,0.0,0.0,0.0,0.0,0.0,0.0,0.0,0.0,0.0,0.0,0.0,0.0,0.0,0.0,0.0,0.0,0.0,0.0,22,0.0,0.0,0.0,0.0,0.0,0.0,26,0.0,0.0,0.0,0.0,0.0,0.0,0.0,0.0,0.0,0.0,0.0,0.0,0.0,0.0,0.0,0.0,1,39,2,0,0.0,0.0,0,0.0,0.0,0.0,0.0
Álex Jiménez,es ESP,DF,Milan,20.0,2005.0,1,0,45,0,0,0,0,1,0,0.0,0.0,0.0,0.0,0.0,0.0,0.0,0.0,0.0,0.5,0,0.0,0.0,0.0,0.0,0.0,0.0,0.0,0.0,0.0,0.0,0.0,0.0,0.0,0.0,0.0,0.0,0.0,0.0,0.0,0.0,0.0,0.0,0.0,0.0,0.0,0.0,0.0,0.0,0.0,0.0,0.0,0.0,1,0.0,0.0,0.0,0.0,0.0,0.0,0.0,0.0,0.0,0.0,0.0,0.0,0.0,0.0,0.0,0.0,0.0,0.0,0.0,0.0,0.0,0,0.0,0.0,0.0,0.0,0.0,0.0,0,0.0,0.0,0.0,0.0,0.0,0.0,0.0,0.0,0.0,0.0,0.0,0.0,0.0,0.0,0.0,0.0,0,0,1,0,0.0,0.0,0,0.0,0.0,0.0,0.0
Þórir Jóhann Helgason,is ISL,MF,Lecce,24.0,2000.0,8,1,147,0,0,0,0,0,0,0.0,0.0,0.0,0.0,0.0,0.0,0.0,0.0,0.0,1.6,2,0.0,66.7,1.22,0.0,0.0,0.0,0.0,0.0,0.0,0.0,0.0,0.0,0.0,0.0,0.0,0.0,0.0,0.0,0.0,0.0,0.0,0.0,0.0,0.0,0.0,0.0,0.0,0.0,0.0,0.0,0.0,0.0,6,0.0,0.0,0.0,0.0,0.0,0.0,0.0,0.0,0.0,0.0,0.0,0.0,0.0,0.0,0.0,0.0,0.0,0.0,0.0,0.0,0.0,0,0.0,0.0,0.0,0.0,0.0,0.0,3,0.0,0.0,0.0,0.0,0.0,0.0,0.0,0.0,0.0,0.0,0.0,0.0,0.0,0.0,0.0,0.0,0,0,0,0,0.0,0.0,0,0.0,0.0,0.0,0.0
Dennis Johnsen,no NOR,"MF,FW",Cremonese,27.0,1998.0,11,5,390,1,1,0,0,0,0,0.23,0.23,0.46,0.23,0.46,0.736239617690444,0.736239617690444,0.16990145023625633,0.16990145023625633,4.3,2,0.0,40.0,0.46,0.2,0.5,0.1472479235380888,0.263760382309556,0.263760382309556,0.0,0.0,0.0,0.0,0.0,0.0,0.0,0.0,0.0,0.0,0.0,0.0,0.0,0.0,4.0,0.0,0.0,0.0,0.0,0.0,0.0,0.0,0.0,0.0,12,0.0,0.0,0.0,0.0,0.0,0.0,0.0,0.0,0.0,0.0,0.0,0.0,0.0,0.0,0.0,0.0,0.0,0.0,0.0,0.0,0.0,2,0.0,0.0,0.0,0.0,0.0,0.0,0,0.0,0.0,0.0,0.0,0.0,0.0,0.0,0.0,0.0,0.0,0.0,0.0,0.0,0.0,0.0,0.0,0,2,4,1,0.0,0.0,0,0.0,0.0,0.0,0.0
Mohamed Kaba,gn GUI,MF,Lecce,23.0,2001.0,15,5,633,0,0,0,0,1,0,0.0,0.0,0.0,0.0,0.0,0.4404364861547947,0.4404364861547947,0.06455909406177772,0.06455909406177772,7.0,4,0.0,44.4,0.57,0.0,0.0,0.04893738735053274,-0.4404364861547947,-0.4404364861547947,0.0,0.0,0.0,0.0,0.0,0.0,0.0,0.0,0.0,0.0,0.0,0.0,0.0,0.0,5.0,0.0,0.0,0.0,0.0,0.0,0.0,0.0,0.0,0.0,8,0.0,0.0,0.0,0.0,0.0,0.0,0.0,0.0,0.0,0.0,0.0,0.0,0.0,0.0,0.0,0.0,0.0,0.0,0.0,0.0,0.0,7,0.0,0.0,0.0,0.0,0.0,0.0,4,0.0,0.0,0.0,0.0,0.0,0.0,0.0,0.0,0.0,0.0,0.0,0.0,0.0,0.0,0.0,0.0,0,12,21,0,0.0,0.0,0,0.0,0.0,0.0,0.0
Christian Kabasele,be BEL,DF,Udinese,34.0,1991.0,30,28,"2,247",3,0,0,0,5,1,0.12,0.0,0.12,0.12,0.12,1.673705168068409,1.673705168068409,0.06627077216284945,0.06627077216284945,25.0,6,0.0,66.7,0.24,0.33,0.5,0.1859672408964899,1.326294831931591,1.326294831931591,0.0,0.0,0.0,0.0,0.0,0.0,0.0,0.0,0.0,0.0,0.0,0.0,0.0,0.0,1.0,0.0,0.0,0.0,0.0,0.0,0.0,0.0,0.0,0.0,0,0.0,0.0,0.0,0.0,0.0,0.0,0.0,0.0,0.0,0.0,0.0,0.0,0.0,0.0,0.0,0.0,0.0,0.0,0.0,0.0,0.0,13,0.0,0.0,0.0,0.0,0.0,0.0,33,0.0,0.0,0.0,0.0,0.0,0.0,0.0,0.0,0.0,0.0,0.0,0.0,0.0,0.0,0.0,0.0,0,33,25,1,0.0,0.0,0,0.0,0.0,0.0,0.0
Pierre Kalulu,fr FRA,"DF,MF",Juventus,25.0,2000.0,37,37,"3,281",2,4,0,0,4,1,0.05,0.11,0.16,0.05,0.16,0.0,0.0,0.0,0.0,36.5,4,0.0,30.8,0.11,0.15,0.5,0.0,0.0,0.0,0.0,0.0,0.0,0.0,0.0,0.0,0.0,0.0,0.0,0.0,0.0,0.0,0.0,0.0,0.0,0.0,0.0,0.0,0.0,0.0,0.0,0.0,0.0,0.0,94,0.0,0.0,0.0,0.0,0.0,0.0,0.0,0.0,0.0,0.0,0.0,0.0,0.0,0.0,0.0,0.0,0.0,0.0,0.0,0.0,0.0,35,0.0,0.0,0.0,0.0,0.0,0.0,24,0.0,0.0,0.0,0.0,0.0,0.0,0.0,0.0,0.0,0.0,0.0,0.0,0.0,0.0,0.0,0.0,1,34,16,0,0.0,0.0,0,0.0,0.0,0.0,0.0
Hassane Kamara,ci CIV,"MF,DF",Udinese,31.0,1994.0,26,22,"1,861",0,2,0,0,5,0,0.0,0.1,0.1,0.0,0.1,0.8897657804191113,0.8897657804191113,0.04252730761429634,0.04252730761429634,20.7,5,0.0,31.3,0.24,0.0,0.0,0.05561036127619445,-0.8897657804191113,-0.8897657804191113,0.0,0.0,0.0,0.0,0.0,0.0,0.0,0.0,0.0,0.0,0.0,0.0,0.0,0.0,23.0,0.0,0.0,0.0,0.0,0.0,0.0,0.0,0.0,0.0,81,0.0,0.0,0.0,0.0,0.0,0.0,0.0,0.0,0.0,0.0,0.0,0.0,0.0,0.0,0.0,0.0,0.0,0.0,0.0,0.0,0.0,20,0.0,0.0,0.0,0.0,0.0,0.0,25,0.0,0.0,0.0,0.0,0.0,0.0,0.0,0.0,0.0,0.0,0.0,0.0,0.0,0.0,0.0,0.0,0,16,11,0,0.0,0.0,0,0.0,0.0,0.0,0.0
Jesper Karlström,se SWE,MF,Udinese,30.0,1995.0,36,36,"3,146",1,0,0,0,6,0,0.03,0.0,0.03,0.03,0.03,0.94436174351722,0.94436174351722,0.026862375763764157,0.026862375763764157,35.0,3,0.0,15.0,0.09,0.05,0.33,0.047218087175861,0.05563825648277998,0.05563825648277998,0.0,0.0,0.0,0.0,0.0,0.0,0.0,0.0,0.0,0.0,0.0,0.0,0.0,0.0,16.0,0.0,0.0,0.0,0.0,0.0,0.0,0.0,0.0,0.0,15,0.0,0.0,0.0,0.0,0.0,0.0,0.0,0.0,0.0,0.0,0.0,0.0,0.0,0.0,0.0,0.0,0.0,0.0,0.0,0.0,0.0,34,0.0,0.0,0.0,0.0,0.0,0.0,37,0.0,0.0,0.0,0.0,0.0,0.0,0.0,0.0,0.0,0.0,0.0,0.0,0.0,0.0,0.0,0.0,0,42,30,1,0.0,0.0,0,0.0,0.0,0.0,0.0
Grigoris Kastanos,cy CYP,MF,Hellas Verona,27.0,1998.0,6,0,44,0,0,0,0,0,0,0.0,0.0,0.0,0.0,0.0,0.0280074756592512,0.0280074756592512,0.08131202610750349,0.08131202610750349,0.5,0,0.0,0.0,0.0,0.0,0.0,0.0280074756592512,-0.0280074756592512,-0.0280074756592512,0.0,0.0,0.0,0.0,0.0,0.0,0.0,0.0,0.0,0.0,0.0,0.0,0.0,0.0,1.0,0.0,0.0,0.0,0.0,0.0,0.0,0.0,0.0,0.0,2,0.0,0.0,0.0,0.0,0.0,0.0,0.0,0.0,0.0,0.0,0.0,0.0,0.0,0.0,0.0,0.0,0.0,0.0,0.0,0.0,0.0,3,0.0,0.0,0.0,0.0,0.0,0.0,3,0.0,0.0,0.0,0.0,0.0,0.0,0.0,0.0,0.0,0.0,0.0,0.0,0.0,0.0,0.0,0.0,0,3,1,0,0.0,0.0,0,0.0,0.0,0.0,0.0
Moise Kean,it ITA,FW,Fiorentina,25.0,2000.0,26,23,"2,036",8,1,2,2,4,0,0.35,0.04,0.4,0.27,0.31,15.379306508228185,13.856708897277713,0.6778342731344449,0.6107266409182145,22.6,27,0.0,27.6,1.19,0.06,0.22,0.14139498874773176,-7.379306508228185,-7.856708897277713,0.0,0.0,0.0,0.0,0.0,0.0,0.0,0.0,0.0,0.0,0.0,0.0,0.0,0.0,3.0,0.0,0.0,0.0,0.0,0.0,0.0,0.0,0.0,0.0,7,0.0,0.0,0.0,0.0,0.0,0.0,0.0,0.0,0.0,0.0,0.0,0.0,0.0,0.0,0.0,0.0,0.0,0.0,0.0,0.0,0.0,4,0.0,0.0,0.0,0.0,0.0,0.0,7,0.0,0.0,0.0,0.0,0.0,0.0,0.0,0.0,0.0,0.0,0.0,0.0,0.0,0.0,0.0,0.0,0,29,44,30,0.0,0.0,0,0.0,0.0,0.0,0.0
Mandela Keita,be BEL,MF,Parma,23.0,2002.0,37,36,"2,979",1,1,0,0,1,0,0.03,0.03,0.06,0.03,0.06,0.4839648194611072,0.4839648194611072,0.014441921005139139,0.014441921005139139,33.1,5,0.0,31.3,0.15,0.06,0.2,0.0302478012163192,0.5160351805388927,0.5160351805388927,0.0,0.0,0.0,0.0,0.0,0.0,0.0,0.0,0.0,0.0,0.0,0.0,0.0,0.0,11.0,0.0,0.0,0.0,0.0,0.0,0.0,0.0,0.0,0.0,2,0.0,0.0,0.0,0.0,0.0,0.0,0.0,0.0,0.0,0.0,0.0,0.0,0.0,0.0,0.0,0.0,0.0,0.0,0.0,0.0,0.0,48,0.0,0.0,0.0,0.0,0.0,0.0,43,0.0,0.0,0.0,0.0,0.0,0.0,0.0,0.0,0.0,0.0,0.0,0.0,0.0,0.0,0.0,0.0,0,30,57,0,0.0,0.0,1,0.0,0.0,0.0,0.0
Lloyd Kelly,eng ENG,DF,Juventus,26.0,1998.0,35,33,"2,996",1,1,0,0,4,0,0.03,0.03,0.06,0.03,0.06,0.9669282408431172,0.9669282408431172,0.029036884109402923,0.029036884109402923,33.3,3,0.0,17.6,0.09,0.06,0.33,0.056878131814301014,0.03307175915688276,0.03307175915688276,0.0,0.0,0.0,0.0,0.0,0.0,0.0,0.0,0.0,0.0,0.0,0.0,0.0,0.0,11.0,0.0,0.0,0.0,0.0,0.0,0.0,0.0,0.0,0.0,12,0.0,0.0,0.0,0.0,0.0,0.0,0.0,0.0,0.0,0.0,0.0,0.0,0.0,0.0,0.0,0.0,0.0,0.0,0.0,0.0,0.0,33,0.0,0.0,0.0,0.0,0.0,0.0,14,0.0,0.0,0.0,0.0,0.0,0.0,0.0,0.0,0.0,0.0,0.0,0.0,0.0,0.0,0.0,0.0,0,43,20,4,0.0,0.0,0,0.0,0.0,0.0,0.0
Marc-Oliver Kempf,de GER,DF,Como,30.0,1995.0,34,27,"2,326",4,1,0,0,3,0,0.15,0.04,0.19,0.15,0.19,3.2830319171771407,3.2830319171771407,0.12752389837977673,0.12752389837977673,25.8,6,0.0,28.6,0.23,0.19,0.67,0.14922872350805186,0.7169680828228593,0.7169680828228593,0.0,0.0,0.0,0.0,0.0,0.0,0.0,0.0,0.0,0.0,0.0,0.0,0.0,0.0,8.0,0.0,0.0,0.0,0.0,0.0,0.0,0.0,0.0,0.0,0,0.0,0.0,0.0,0.0,0.0,0.0,0.0,0.0,0.0,0.0,0.0,0.0,0.0,0.0,0.0,0.0,0.0,0.0,0.0,0.0,0.0,12,0.0,0.0,0.0,0.0,0.0,0.0,13,0.0,0.0,0.0,0.0,0.0,0.0,0.0,0.0,0.0,0.0,0.0,0.0,0.0,0.0,0.0,0.0,0,26,19,0,0.0,0.0,0,0.0,0.0,0.0,0.0
Kialonda,ao ANG,DF,Lecce,27.0,1997.0,23,21,"1,830",0,0,0,0,6,1,0.0,0.0,0.0,0.0,0.0,0.0,0.0,0.0,0.0,20.3,1,0.0,11.1,0.05,0.0,0.0,0.0,0.0,0.0,0.0,0.0,0.0,0.0,0.0,0.0,0.0,0.0,0.0,0.0,0.0,0.0,0.0,0.0,0.0,0.0,0.0,0.0,0.0,0.0,0.0,0.0,0.0,0.0,1,0.0,0.0,0.0,0.0,0.0,0.0,0.0,0.0,0.0,0.0,0.0,0.0,0.0,0.0,0.0,0.0,0.0,0.0,0.0,0.0,0.0,9,0.0,0.0,0.0,0.0,0.0,0.0,19,0.0,0.0,0.0,0.0,0.0,0.0,0.0,0.0,0.0,0.0,0.0,0.0,0.0,0.0,0.0,0.0,0,13,22,2,0.0,0.0,0,0.0,0.0,0.0,0.0
Semih Kılıçsoy,tr TUR,FW,Cagliari,19.0,2005.0,22,11,975,4,0,0,0,1,0,0.37,0.0,0.37,0.37,0.37,0.0,0.0,0.0,0.0,10.8,8,0.0,47.1,0.74,0.24,0.5,0.0,0.0,0.0,0.0,0.0,0.0,0.0,0.0,0.0,0.0,0.0,0.0,0.0,0.0,0.0,0.0,0.0,0.0,0.0,0.0,0.0,0.0,0.0,0.0,0.0,0.0,0.0,1,0.0,0.0,0.0,0.0,0.0,0.0,0.0,0.0,0.0,0.0,0.0,0.0,0.0,0.0,0.0,0.0,0.0,0.0,0.0,0.0,0.0,4,0.0,0.0,0.0,0.0,0.0,0.0,1,0.0,0.0,0.0,0.0,0.0,0.0,0.0,0.0,0.0,0.0,0.0,0.0,0.0,0.0,0.0,0.0,0,14,15,2,0.0,0.0,0,0.0,0.0,0.0,0.0
Sead Kolašinac,ba BIH,DF,Atalanta,32.0,1993.0,19,15,"1,212",0,0,0,0,3,0,0.0,0.0,0.0,0.0,0.0,0.122791800647974,0.122791800647974,0.008962905156786424,0.008962905156786424,13.5,0,0.0,0.0,0.0,0.0,0.0,0.04093060021599133,-0.122791800647974,-0.122791800647974,0.0,0.0,0.0,0.0,0.0,0.0,0.0,0.0,0.0,0.0,0.0,0.0,0.0,0.0,0.0,0.0,0.0,0.0,0.0,0.0,0.0,0.0,0.0,0.0,3,0.0,0.0,0.0,0.0,0.0,0.0,0.0,0.0,0.0,0.0,0.0,0.0,0.0,0.0,0.0,0.0,0.0,0.0,0.0,0.0,0.0,18,0.0,0.0,0.0,0.0,0.0,0.0,11,0.0,0.0,0.0,0.0,0.0,0.0,0.0,0.0,0.0,0.0,0.0,0.0,0.0,0.0,0.0,0.0,0,22,10,1,0.0,0.0,0,0.0,0.0,0.0,0.0
Ismaël Koné,ca CAN,MF,Sassuolo,23.0,2002.0,35,33,"2,737",6,0,0,0,5,1,0.2,0.0,0.2,0.2,0.2,5.083259547129273,5.083259547129273,0.16368277611507498,0.16368277611507498,30.4,10,0.0,43.5,0.33,0.26,0.6,0.2210112846577945,0.9167404528707266,0.9167404528707266,0.0,0.0,0.0,0.0,0.0,0.0,0.0,0.0,0.0,0.0,0.0,0.0,0.0,0.0,23.0,0.0,0.0,0.0,0.0,0.0,0.0,0.0,0.0,0.0,5,0.0,0.0,0.0,0.0,0.0,0.0,0.0,0.0,0.0,0.0,0.0,0.0,0.0,0.0,0.0,0.0,0.0,0.0,0.0,0.0,0.0,18,0.0,0.0,0.0,0.0,0.0,0.0,12,0.0,0.0,0.0,0.0,0.0,0.0,0.0,0.0,0.0,0.0,0.0,0.0,0.0,0.0,0.0,0.0,1,25,54,0,0.0,0.0,0,0.0,0.0,0.0,0.0
Manu Koné,fr FRA,MF,Roma,24.0,2001.0,29,28,"2,456",2,3,0,0,2,0,0.07,0.11,0.18,0.07,0.18,0.0,0.0,0.0,0.0,27.3,5,0.0,23.8,0.18,0.1,0.4,0.0,0.0,0.0,0.0,0.0,0.0,0.0,0.0,0.0,0.0,0.0,0.0,0.0,0.0,0.0,0.0,0.0,0.0,0.0,0.0,0.0,0.0,0.0,0.0,0.0,0.0,0.0,1,0.0,0.0,0.0,0.0,0.0,0.0,0.0,0.0,0.0,0.0,0.0,0.0,0.0,0.0,0.0,0.0,0.0,0.0,0.0,0.0,0.0,27,0.0,0.0,0.0,0.0,0.0,0.0,20,0.0,0.0,0.0,0.0,0.0,0.0,0.0,0.0,0.0,0.0,0.0,0.0,0.0,0.0,0.0,0.0,0,47,53,2,0.0,0.0,0,0.0,0.0,0.0,0.0
Teun Koopmeiners,nl NED,"MF,DF",Juventus,27.0,1998.0,33,18,"1,827",0,0,0,0,5,0,0.0,0.0,0.0,0.0,0.0,1.7949654590338469,1.7949654590338469,0.08959894138272113,0.08959894138272113,20.3,7,0.0,25.0,0.34,0.0,0.0,0.06410590925120882,-1.7949654590338469,-1.7949654590338469,0.0,0.0,0.0,0.0,0.0,0.0,0.0,0.0,0.0,0.0,0.0,0.0,0.0,0.0,16.0,0.0,0.0,0.0,0.0,0.0,0.0,0.0,0.0,0.0,47,0.0,0.0,0.0,0.0,0.0,0.0,0.0,0.0,0.0,0.0,0.0,0.0,0.0,0.0,0.0,0.0,0.0,0.0,0.0,0.0,0.0,13,0.0,0.0,0.0,0.0,0.0,0.0,18,0.0,0.0,0.0,0.0,0.0,0.0,0.0,0.0,0.0,0.0,0.0,0.0,0.0,0.0,0.0,0.0,0,33,11,3,0.0,0.0,0,0.0,0.0,0.0,0.0
Odilon Kossounou,ci CIV,DF,Atalanta,24.0,2001.0,19,10,988,1,0,0,0,1,0,0.09,0.0,0.09,0.09,0.09,0.2642052415758371,0.2642052415758371,0.024239012988608907,0.024239012988608907,11.0,1,0.0,20.0,0.09,0.2,1.0,0.052841048315167415,0.7357947584241629,0.7357947584241629,0.0,0.0,0.0,0.0,0.0,0.0,0.0,0.0,0.0,0.0,0.0,0.0,0.0,0.0,4.0,0.0,0.0,0.0,0.0,0.0,0.0,0.0,0.0,0.0,2,0.0,0.0,0.0,0.0,0.0,0.0,0.0,0.0,0.0,0.0,0.0,0.0,0.0,0.0,0.0,0.0,0.0,0.0,0.0,0.0,0.0,14,0.0,0.0,0.0,0.0,0.0,0.0,10,0.0,0.0,0.0,0.0,0.0,0.0,0.0,0.0,0.0,0.0,0.0,0.0,0.0,0.0,0.0,0.0,0,16,3,1,0.0,0.0,0,0.0,0.0,0.0,0.0
Filip Kostić,rs SRB,MF,Juventus,32.0,1992.0,18,4,479,3,1,0,0,1,0,0.56,0.19,0.75,0.56,0.75,0.6743299197405577,0.6743299197405577,0.13164792359360128,0.13164792359360128,5.3,4,0.0,44.4,0.75,0.33,0.75,0.07492554663783974,2.3256700802594423,2.3256700802594423,0.0,0.0,0.0,0.0,0.0,0.0,0.0,0.0,0.0,0.0,0.0,0.0,0.0,0.0,10.0,0.0,0.0,0.0,0.0,0.0,0.0,0.0,0.0,0.0,49,0.0,0.0,0.0,0.0,0.0,0.0,0.0,0.0,0.0,0.0,0.0,0.0,0.0,0.0,0.0,0.0,0.0,0.0,0.0,0.0,0.0,10,0.0,0.0,0.0,0.0,0.0,0.0,4,0.0,0.0,0.0,0.0,0.0,0.0,0.0,0.0,0.0,0.0,0.0,0.0,0.0,0.0,0.0,0.0,0,8,5,0,0.0,0.0,0,0.0,0.0,0.0,0.0
Eddy Kouadio,ci CIV,DF,Fiorentina,19.0,2006.0,3,0,72,0,0,0,0,0,0,0.0,0.0,0.0,0.0,0.0,0.0,0.0,0.0,0.0,0.8,0,0.0,0.0,0.0,0.0,0.0,,0.0,0.0,0.0,0.0,0.0,0.0,0.0,0.0,0.0,0.0,0.0,0.0,0.0,0.0,0.0,0.0,1.0,0.0,0.0,0.0,0.0,0.0,0.0,0.0,0.0,0.0,1,0.0,0.0,0.0,0.0,0.0,0.0,0.0,0.0,0.0,0.0,0.0,0.0,0.0,0.0,0.0,0.0,0.0,0.0,0.0,0.0,0.0,3,0.0,0.0,0.0,0.0,0.0,0.0,0,0.0,0.0,0.0,0.0,0.0,0.0,0.0,0.0,0.0,0.0,0.0,0.0,0.0,0.0,0.0,0.0,0,1,1,0,0.0,0.0,0,0.0,0.0,0.0,0.0
Christian Kouamé,ci CIV,"FW,MF",Fiorentina,27.0,1997.0,2,0,27,0,0,0,0,0,0,0.0,0.0,0.0,0.0,0.0,0.0,0.0,0.0,0.0,0.3,0,0.0,0.0,0.0,0.0,0.0,,0.0,0.0,0.0,0.0,0.0,0.0,0.0,0.0,0.0,0.0,0.0,0.0,0.0,0.0,0.0,0.0,0.0,0.0,0.0,0.0,0.0,0.0,0.0,0.0,0.0,0.0,2,0.0,0.0,0.0,0.0,0.0,0.0,0.0,0.0,0.0,0.0,0.0,0.0,0.0,0.0,0.0,0.0,0.0,0.0,0.0,0.0,0.0,1,0.0,0.0,0.0,0.0,0.0,0.0,1,0.0,0.0,0.0,0.0,0.0,0.0,0.0,0.0,0.0,0.0,0.0,0.0,0.0,0.0,0.0,0.0,0,0,0,0,0.0,0.0,0,0.0,0.0,0.0,0.0
Christ-Owen Kouassi,fr FRA,DF,Lecce,22.0,2003.0,4,3,228,0,0,0,0,0,0,0.0,0.0,0.0,0.0,0.0,0.0,0.0,0.0,0.0,2.5,0,0.0,0.0,0.0,0.0,0.0,0.0,0.0,0.0,0.0,0.0,0.0,0.0,0.0,0.0,0.0,0.0,0.0,0.0,0.0,0.0,0.0,0.0,0.0,0.0,0.0,0.0,0.0,0.0,0.0,0.0,0.0,0.0,2,0.0,0.0,0.0,0.0,0.0,0.0,0.0,0.0,0.0,0.0,0.0,0.0,0.0,0.0,0.0,0.0,0.0,0.0,0.0,0.0,0.0,6,0.0,0.0,0.0,0.0,0.0,0.0,1,0.0,0.0,0.0,0.0,0.0,0.0,0.0,0.0,0.0,0.0,0.0,0.0,0.0,0.0,0.0,0.0,0,1,3,0,0.0,0.0,0,0.0,0.0,0.0,0.0
Thomas Kristensen,dk DEN,DF,Udinese,23.0,2002.0,28,28,"2,472",3,0,0,0,4,0,0.11,0.0,0.11,0.11,0.11,0.0,0.0,0.0,0.0,27.5,6,0.0,54.5,0.22,0.27,0.5,0.0,0.0,0.0,0.0,0.0,0.0,0.0,0.0,0.0,0.0,0.0,0.0,0.0,0.0,0.0,0.0,0.0,0.0,0.0,0.0,0.0,0.0,0.0,0.0,0.0,0.0,0.0,4,0.0,0.0,0.0,0.0,0.0,0.0,0.0,0.0,0.0,0.0,0.0,0.0,0.0,0.0,0.0,0.0,0.0,0.0,0.0,0.0,0.0,15,0.0,0.0,0.0,0.0,0.0,0.0,27,0.0,0.0,0.0,0.0,0.0,0.0,0.0,0.0,0.0,0.0,0.0,0.0,0.0,0.0,0.0,0.0,0,24,9,3,0.0,0.0,0,0.0,0.0,0.0,0.0
Nikola Krstović,me MNE,FW,Atalanta,25.0,2000.0,33,18,"1,791",10,5,0,0,4,0,0.5,0.25,0.75,0.5,0.75,15.67498453706503,15.67498453706503,0.7921103921032301,0.7921103921032301,19.9,34,0.0,34.3,1.71,0.1,0.29,0.158333177142071,-5.674984537065029,-5.674984537065029,0.0,0.0,0.0,0.0,0.0,0.0,0.0,0.0,0.0,0.0,0.0,0.0,0.0,0.0,23.0,0.0,0.0,0.0,0.0,0.0,0.0,0.0,0.0,0.0,5,0.0,0.0,0.0,0.0,0.0,0.0,0.0,0.0,0.0,0.0,0.0,0.0,0.0,0.0,0.0,0.0,0.0,0.0,0.0,0.0,0.0,12,0.0,0.0,0.0,0.0,0.0,0.0,3,0.0,0.0,0.0,0.0,0.0,0.0,0.0,0.0,0.0,0.0,0.0,0.0,0.0,0.0,0.0,0.0,0,45,27,27,0.0,0.0,0,0.0,0.0,0.0,0.0
Nicolas-Gerrit Kühn,de GER,MF,Como,25.0,2000.0,23,6,665,1,1,0,0,0,0,0.14,0.14,0.27,0.14,0.27,0.0,0.0,0.0,0.0,7.4,3,0.0,37.5,0.41,0.13,0.33,0.0,0.0,0.0,0.0,0.0,0.0,0.0,0.0,0.0,0.0,0.0,0.0,0.0,0.0,0.0,0.0,0.0,0.0,0.0,0.0,0.0,0.0,0.0,0.0,0.0,0.0,0.0,14,0.0,0.0,0.0,0.0,0.0,0.0,0.0,0.0,0.0,0.0,0.0,0.0,0.0,0.0,0.0,0.0,0.0,0.0,0.0,0.0,0.0,6,0.0,0.0,0.0,0.0,0.0,0.0,5,0.0,0.0,0.0,0.0,0.0,0.0,0.0,0.0,0.0,0.0,0.0,0.0,0.0,0.0,0.0,0.0,0,6,2,3,0.0,0.0,0,0.0,0.0,0.0,0.0
Sandro Kulenović,hr CRO,FW,Torino,25.0,1999.0,13,3,300,0,1,0,0,2,0,0.0,0.3,0.3,0.0,0.3,0.8516389783471823,0.8516389783471823,0.26988559172974086,0.26988559172974086,3.3,2,0.0,40.0,0.6,0.0,0.0,0.17032779566943645,-0.8516389783471823,-0.8516389783471823,0.0,0.0,0.0,0.0,0.0,0.0,0.0,0.0,0.0,0.0,0.0,0.0,0.0,0.0,5.0,0.0,0.0,0.0,0.0,0.0,0.0,0.0,0.0,0.0,1,0.0,0.0,0.0,0.0,0.0,0.0,0.0,0.0,0.0,0.0,0.0,0.0,0.0,0.0,0.0,0.0,0.0,0.0,0.0,0.0,0.0,2,0.0,0.0,0.0,0.0,0.0,0.0,1,0.0,0.0,0.0,0.0,0.0,0.0,0.0,0.0,0.0,0.0,0.0,0.0,0.0,0.0,0.0,0.0,0,11,4,0,0.0,0.0,0,0.0,0.0,0.0,0.0
Gael Lafont,fr FRA,FW,Genoa,19.0,2006.0,1,0,8,0,0,0,0,0,0,0.0,0.0,0.0,0.0,0.0,0.0,0.0,0.0,0.0,0.1,0,0.0,0.0,0.0,0.0,0.0,,0.0,0.0,0.0,0.0,0.0,0.0,0.0,0.0,0.0,0.0,0.0,0.0,0.0,0.0,0.0,0.0,0.0,0.0,0.0,0.0,0.0,0.0,0.0,0.0,0.0,0.0,0,0.0,0.0,0.0,0.0,0.0,0.0,0.0,0.0,0.0,0.0,0.0,0.0,0.0,0.0,0.0,0.0,0.0,0.0,0.0,0.0,0.0,0,0.0,0.0,0.0,0.0,0.0,0.0,0,0.0,0.0,0.0,0.0,0.0,0.0,0.0,0.0,0.0,0.0,0.0,0.0,0.0,0.0,0.0,0.0,0,0,0,0,0.0,0.0,0,0.0,0.0,0.0,0.0
Tariq Lamptey,gh GHA,MF,Fiorentina,24.0,2000.0,2,1,25,0,0,0,0,0,0,0.0,0.0,0.0,0.0,0.0,0.0,0.0,0.0,0.0,0.3,0,0.0,0.0,0.0,0.0,0.0,,0.0,0.0,0.0,0.0,0.0,0.0,0.0,0.0,0.0,0.0,0.0,0.0,0.0,0.0,0.0,0.0,2.0,0.0,0.0,0.0,0.0,0.0,0.0,0.0,0.0,0.0,1,0.0,0.0,0.0,0.0,0.0,0.0,0.0,0.0,0.0,0.0,0.0,0.0,0.0,0.0,0.0,0.0,0.0,0.0,0.0,0.0,0.0,2,0.0,0.0,0.0,0.0,0.0,0.0,0,0.0,0.0,0.0,0.0,0.0,0.0,0.0,0.0,0.0,0.0,0.0,0.0,0.0,0.0,0.0,0.0,0,0,0,0,0.0,0.0,0,0.0,0.0,0.0,0.0
Noa Lang,nl NED,"FW,MF",Napoli,26.0,1999.0,18,7,666,1,2,0,0,2,0,0.14,0.27,0.41,0.14,0.41,1.3651904631406069,1.3651904631406069,0.19049169253124745,0.19049169253124745,7.4,4,0.0,44.4,0.54,0.11,0.25,0.1516878292378452,-0.3651904631406069,-0.3651904631406069,0.0,0.0,0.0,0.0,0.0,0.0,0.0,0.0,0.0,0.0,0.0,0.0,0.0,0.0,14.0,0.0,0.0,0.0,0.0,0.0,0.0,0.0,0.0,0.0,44,0.0,0.0,0.0,0.0,0.0,0.0,0.0,0.0,0.0,0.0,0.0,0.0,0.0,0.0,0.0,0.0,0.0,0.0,0.0,0.0,0.0,8,0.0,0.0,0.0,0.0,0.0,0.0,2,0.0,0.0,0.0,0.0,0.0,0.0,0.0,0.0,0.0,0.0,0.0,0.0,0.0,0.0,0.0,0.0,0,5,11,2,0.0,0.0,0,0.0,0.0,0.0,0.0
Armand Lauriente,fr FRA,FW,Sassuolo,26.0,1998.0,38,33,"2,592",7,9,0,0,4,0,0.24,0.31,0.56,0.24,0.56,4.392248864285648,4.392248864285648,0.14888979200968297,0.14888979200968297,28.8,26,0.0,36.6,0.9,0.1,0.27,0.06186266006036124,2.607751135714352,2.607751135714352,0.0,0.0,0.0,0.0,0.0,0.0,0.0,0.0,0.0,0.0,0.0,0.0,0.0,0.0,54.0,0.0,0.0,0.0,0.0,0.0,0.0,0.0,0.0,0.0,109,0.0,0.0,0.0,0.0,0.0,0.0,0.0,0.0,0.0,0.0,0.0,0.0,0.0,0.0,0.0,0.0,0.0,0.0,0.0,0.0,0.0,15,0.0,0.0,0.0,0.0,0.0,0.0,7,0.0,0.0,0.0,0.0,0.0,0.0,0.0,0.0,0.0,0.0,0.0,0.0,0.0,0.0,0.0,0.0,0,42,47,18,0.0,0.0,0,0.0,0.0,0.0,0.0
Matteo Lavelli,it ITA,FW,Inter,18.0,2006.0,1,0,8,0,0,0,0,0,0,0.0,0.0,0.0,0.0,0.0,0.0,0.0,0.0,0.0,0.1,0,0.0,0.0,0.0,0.0,0.0,,0.0,0.0,0.0,0.0,0.0,0.0,0.0,0.0,0.0,0.0,0.0,0.0,0.0,0.0,0.0,0.0,0.0,0.0,0.0,0.0,0.0,0.0,0.0,0.0,0.0,0.0,1,0.0,0.0,0.0,0.0,0.0,0.0,0.0,0.0,0.0,0.0,0.0,0.0,0.0,0.0,0.0,0.0,0.0,0.0,0.0,0.0,0.0,0,0.0,0.0,0.0,0.0,0.0,0.0,0,0.0,0.0,0.0,0.0,0.0,0.0,0.0,0.0,0.0,0.0,0.0,0.0,0.0,0.0,0.0,0.0,0,0,0,0,0.0,0.0,0,0.0,0.0,0.0,0.0
Valentino Lazaro,at AUT,MF,Torino,29.0,1996.0,31,26,"2,252",0,2,0,0,4,0,0.0,0.08,0.08,0.0,0.08,0.4233721131458878,0.4233721131458878,0.016763524057690233,0.016763524057690233,25.0,2,0.0,25.0,0.08,0.0,0.0,0.052921514143235975,-0.4233721131458878,-0.4233721131458878,0.0,0.0,0.0,0.0,0.0,0.0,0.0,0.0,0.0,0.0,0.0,0.0,0.0,0.0,31.0,0.0,0.0,0.0,0.0,0.0,0.0,0.0,0.0,0.0,135,0.0,0.0,0.0,0.0,0.0,0.0,0.0,0.0,0.0,0.0,0.0,0.0,0.0,0.0,0.0,0.0,0.0,0.0,0.0,0.0,0.0,25,0.0,0.0,0.0,0.0,0.0,0.0,22,0.0,0.0,0.0,0.0,0.0,0.0,0.0,0.0,0.0,0.0,0.0,0.0,0.0,0.0,0.0,0.0,0,37,9,1,0.0,0.0,0,0.0,0.0,0.0,0.0
Manuel Lazzari,it ITA,DF,Lazio,31.0,1993.0,23,9,938,0,0,0,0,2,0,0.0,0.0,0.0,0.0,0.0,0.1093258569017052,0.1093258569017052,0.010729909619578482,0.010729909619578482,10.4,2,0.0,50.0,0.19,0.0,0.0,0.0273314642254263,-0.1093258569017052,-0.1093258569017052,0.0,0.0,0.0,0.0,0.0,0.0,0.0,0.0,0.0,0.0,0.0,0.0,0.0,0.0,2.0,0.0,0.0,0.0,0.0,0.0,0.0,0.0,0.0,0.0,16,0.0,0.0,0.0,0.0,0.0,0.0,0.0,0.0,0.0,0.0,0.0,0.0,0.0,0.0,0.0,0.0,0.0,0.0,0.0,0.0,0.0,9,0.0,0.0,0.0,0.0,0.0,0.0,6,0.0,0.0,0.0,0.0,0.0,0.0,0.0,0.0,0.0,0.0,0.0,0.0,0.0,0.0,0.0,0.0,0,10,19,0,0.0,0.0,0,0.0,0.0,0.0,0.0
Andréa Le Borgne,fr FRA,MF,Como,19.0,2006.0,1,0,1,0,0,0,0,0,0,0.0,0.0,0.0,0.0,0.0,0.0,0.0,0.0,0.0,0.0,0,0.0,0.0,0.0,0.0,0.0,,0.0,0.0,0.0,0.0,0.0,0.0,0.0,0.0,0.0,0.0,0.0,0.0,0.0,0.0,0.0,0.0,0.0,0.0,0.0,0.0,0.0,0.0,0.0,0.0,0.0,0.0,0,0.0,0.0,0.0,0.0,0.0,0.0,0.0,0.0,0.0,0.0,0.0,0.0,0.0,0.0,0.0,0.0,0.0,0.0,0.0,0.0,0.0,0,0.0,0.0,0.0,0.0,0.0,0.0,0,0.0,0.0,0.0,0.0,0.0,0.0,0.0,0.0,0.0,0.0,0.0,0.0,0.0,0.0,0.0,0.0,0,0,0,0,0.0,0.0,0,0.0,0.0,0.0,0.0
Nicola Leali,it ITA,GK,Genoa,32.0,1993.0,22,21,"1,847",0,0,0,0,2,1,0.0,0.0,0.0,0.0,0.0,0.0,0.0,0.0,0.0,20.5,0,0.0,0.0,0.0,0.0,0.0,,0.0,0.0,0.0,0.0,0.0,0.0,0.0,0.0,0.0,0.0,0.0,0.0,0.0,0.0,0.0,0.0,2.0,0.0,0.0,0.0,0.0,0.0,0.0,0.0,0.0,0.0,0,0.0,0.0,0.0,0.0,0.0,0.0,0.0,0.0,0.0,0.0,0.0,0.0,0.0,0.0,0.0,0.0,0.0,0.0,0.0,0.0,0.0,0,0.0,0.0,0.0,0.0,0.0,0.0,1,0.0,0.0,0.0,0.0,0.0,0.0,0.0,0.0,0.0,0.0,0.0,0.0,0.0,0.0,0.0,0.0,0,2,2,0,0.0,0.0,0,0.0,0.0,0.0,0.0
Rafael Leão,pt POR,FW,Milan,26.0,1999.0,29,23,"1,851",9,3,2,2,5,0,0.44,0.15,0.58,0.34,0.49,9.601861637085676,8.079263962805271,0.46113529740539533,0.3880116097398476,20.6,24,0.0,38.1,1.17,0.11,0.29,0.12824228512389318,-0.6018616370856762,-1.0792639628052711,0.0,0.0,0.0,0.0,0.0,0.0,0.0,0.0,0.0,0.0,0.0,0.0,0.0,0.0,23.0,0.0,0.0,0.0,0.0,0.0,0.0,0.0,0.0,0.0,25,0.0,0.0,0.0,0.0,0.0,0.0,0.0,0.0,0.0,0.0,0.0,0.0,0.0,0.0,0.0,0.0,0.0,0.0,0.0,0.0,0.0,3,0.0,0.0,0.0,0.0,0.0,0.0,5,0.0,0.0,0.0,0.0,0.0,0.0,0.0,0.0,0.0,0.0,0.0,0.0,0.0,0.0,0.0,0.0,0,19,34,9,0.0,0.0,0,0.0,0.0,0.0,0.0
Mehdi Léris,dz ALG,MF,Pisa,27.0,1998.0,34,21,"1,900",2,3,0,0,2,0,0.09,0.14,0.24,0.09,0.24,1.973102173767984,1.973102173767984,0.09297340085817725,0.09297340085817725,21.1,7,0.0,28.0,0.33,0.08,0.29,0.07892408695071935,0.026897826232016087,0.026897826232016087,0.0,0.0,0.0,0.0,0.0,0.0,0.0,0.0,0.0,0.0,0.0,0.0,0.0,0.0,28.0,0.0,0.0,0.0,0.0,0.0,0.0,0.0,0.0,0.0,99,0.0,0.0,0.0,0.0,0.0,0.0,0.0,0.0,0.0,0.0,0.0,0.0,0.0,0.0,0.0,0.0,0.0,0.0,0.0,0.0,0.0,37,0.0,0.0,0.0,0.0,0.0,0.0,23,0.0,0.0,0.0,0.0,0.0,0.0,0.0,0.0,0.0,0.0,0.0,0.0,0.0,0.0,0.0,0.0,0,27,22,8,0.0,0.0,0,0.0,0.0,0.0,0.0
Luca Lezzerini,it ITA,GK,Fiorentina,30.0,1995.0,1,0,4,0,0,0,0,0,0,0.0,0.0,0.0,0.0,0.0,0.0,0.0,0.0,0.0,0.0,0,0.0,0.0,0.0,0.0,0.0,,0.0,0.0,0.0,0.0,0.0,0.0,0.0,0.0,0.0,0.0,0.0,0.0,0.0,0.0,0.0,0.0,0.0,0.0,0.0,0.0,0.0,0.0,0.0,0.0,0.0,0.0,0,0.0,0.0,0.0,0.0,0.0,0.0,0.0,0.0,0.0,0.0,0.0,0.0,0.0,0.0,0.0,0.0,0.0,0.0,0.0,0.0,0.0,0,0.0,0.0,0.0,0.0,0.0,0.0,0,0.0,0.0,0.0,0.0,0.0,0.0,0.0,0.0,0.0,0.0,0.0,0.0,0.0,0.0,0.0,0.0,0,0,0,0,0.0,0.0,0,0.0,0.0,0.0,0.0
Luca Lipani,it ITA,MF,Sassuolo,20.0,2005.0,24,10,"1,034",0,1,0,0,3,0,0.0,0.09,0.09,0.0,0.09,0.9187592826783656,0.9187592826783656,0.081788660179083,0.081788660179083,11.5,3,0.0,25.0,0.26,0.0,0.0,0.07656327355653046,-0.9187592826783656,-0.9187592826783656,0.0,0.0,0.0,0.0,0.0,0.0,0.0,0.0,0.0,0.0,0.0,0.0,0.0,0.0,11.0,0.0,0.0,0.0,0.0,0.0,0.0,0.0,0.0,0.0,5,0.0,0.0,0.0,0.0,0.0,0.0,0.0,0.0,0.0,0.0,0.0,0.0,0.0,0.0,0.0,0.0,0.0,0.0,0.0,0.0,0.0,17,0.0,0.0,0.0,0.0,0.0,0.0,15,0.0,0.0,0.0,0.0,0.0,0.0,0.0,0.0,0.0,0.0,0.0,0.0,0.0,0.0,0.0,0.0,0,28,8,1,0.0,0.0,0,0.0,0.0,0.0,0.0
Pol Lirola,es ESP,MF,Hellas Verona,27.0,1997.0,6,3,305,0,0,0,0,1,0,0.0,0.0,0.0,0.0,0.0,0.0,0.0,0.0,0.0,3.4,0,0.0,0.0,0.0,0.0,0.0,,0.0,0.0,0.0,0.0,0.0,0.0,0.0,0.0,0.0,0.0,0.0,0.0,0.0,0.0,0.0,0.0,1.0,0.0,0.0,0.0,0.0,0.0,0.0,0.0,0.0,0.0,16,0.0,0.0,0.0,0.0,0.0,0.0,0.0,0.0,0.0,0.0,0.0,0.0,0.0,0.0,0.0,0.0,0.0,0.0,0.0,0.0,0.0,3,0.0,0.0,0.0,0.0,0.0,0.0,2,0.0,0.0,0.0,0.0,0.0,0.0,0.0,0.0,0.0,0.0,0.0,0.0,0.0,0.0,0.0,0.0,0,3,0,0,0.0,0.0,0,0.0,0.0,0.0,0.0
Joseph Liteta,zm ZAM,MF,Cagliari,19.0,2006.0,4,4,264,0,0,0,0,0,0,0.0,0.0,0.0,0.0,0.0,0.0,0.0,0.0,0.0,2.9,0,0.0,0.0,0.0,0.0,0.0,,0.0,0.0,0.0,0.0,0.0,0.0,0.0,0.0,0.0,0.0,0.0,0.0,0.0,0.0,0.0,0.0,0.0,0.0,0.0,0.0,0.0,0.0,0.0,0.0,0.0,0.0,0,0.0,0.0,0.0,0.0,0.0,0.0,0.0,0.0,0.0,0.0,0.0,0.0,0.0,0.0,0.0,0.0,0.0,0.0,0.0,0.0,0.0,2,0.0,0.0,0.0,0.0,0.0,0.0,8,0.0,0.0,0.0,0.0,0.0,0.0,0.0,0.0,0.0,0.0,0.0,0.0,0.0,0.0,0.0,0.0,0,4,0,0,0.0,0.0,0,0.0,0.0,0.0,0.0
Stanislav Lobotka,sk SVK,MF,Napoli,30.0,1994.0,32,29,"2,431",1,1,0,0,3,0,0.04,0.04,0.07,0.04,0.07,0.4109657760709524,0.4109657760709524,0.015146158823253774,0.015146158823253774,27.0,4,0.0,50.0,0.15,0.13,0.25,0.05137072200886905,0.5890342239290476,0.5890342239290476,0.0,0.0,0.0,0.0,0.0,0.0,0.0,0.0,0.0,0.0,0.0,0.0,0.0,0.0,22.0,0.0,0.0,0.0,0.0,0.0,0.0,0.0,0.0,0.0,5,0.0,0.0,0.0,0.0,0.0,0.0,0.0,0.0,0.0,0.0,0.0,0.0,0.0,0.0,0.0,0.0,0.0,0.0,0.0,0.0,0.0,16,0.0,0.0,0.0,0.0,0.0,0.0,16,0.0,0.0,0.0,0.0,0.0,0.0,0.0,0.0,0.0,0.0,0.0,0.0,0.0,0.0,0.0,0.0,0,13,45,0,0.0,0.0,0,0.0,0.0,0.0,0.0
Manuel Locatelli,it ITA,MF,Juventus,27.0,1998.0,36,36,"2,994",1,2,0,1,9,0,0.03,0.06,0.09,0.03,0.09,2.4154798155650496,1.6541809802874925,0.071723254173822,0.04911787800259793,33.3,12,0.0,26.1,0.36,0.02,0.08,0.03596045609320636,-1.4154798155650496,-0.6541809802874925,0.0,0.0,0.0,0.0,0.0,0.0,0.0,0.0,0.0,0.0,0.0,0.0,0.0,0.0,47.0,0.0,0.0,0.0,0.0,0.0,0.0,0.0,0.0,0.0,19,0.0,0.0,0.0,0.0,0.0,0.0,0.0,0.0,0.0,0.0,0.0,0.0,0.0,0.0,0.0,0.0,0.0,0.0,0.0,0.0,0.0,66,0.0,0.0,0.0,0.0,0.0,0.0,38,0.0,0.0,0.0,0.0,0.0,0.0,0.0,0.0,0.0,0.0,0.0,0.0,0.0,0.0,0.0,0.0,0,55,44,0,0.0,0.0,0,0.0,0.0,0.0,0.0
Ruben Loftus-Cheek,eng ENG,"MF,FW",Milan,29.0,1996.0,28,12,"1,133",3,1,0,0,2,0,0.24,0.08,0.32,0.24,0.32,4.1393546694889665,4.1393546694889665,0.33203379701783153,0.33203379701783153,12.6,6,0.0,20.7,0.48,0.1,0.5,0.14273636791341263,-1.1393546694889665,-1.1393546694889665,0.0,0.0,0.0,0.0,0.0,0.0,0.0,0.0,0.0,0.0,0.0,0.0,0.0,0.0,10.0,0.0,0.0,0.0,0.0,0.0,0.0,0.0,0.0,0.0,10,0.0,0.0,0.0,0.0,0.0,0.0,0.0,0.0,0.0,0.0,0.0,0.0,0.0,0.0,0.0,0.0,0.0,0.0,0.0,0.0,0.0,8,0.0,0.0,0.0,0.0,0.0,0.0,5,0.0,0.0,0.0,0.0,0.0,0.0,0.0,0.0,0.0,0.0,0.0,0.0,0.0,0.0,0.0,0.0,0,23,19,1,0.0,0.0,0,0.0,0.0,0.0,0.0
Ademola Lookman,ng NGA,"FW,MF",Atalanta,27.0,1997.0,12,9,795,2,0,0,0,0,0,0.23,0.0,0.23,0.23,0.23,3.853021115064621,3.853021115064621,0.43184545498856275,0.43184545498856275,8.8,8,0.0,29.6,0.91,0.07,0.25,0.1427044857431341,-1.853021115064621,-1.853021115064621,0.0,0.0,0.0,0.0,0.0,0.0,0.0,0.0,0.0,0.0,0.0,0.0,0.0,0.0,17.0,0.0,0.0,0.0,0.0,0.0,0.0,0.0,0.0,0.0,21,0.0,0.0,0.0,0.0,0.0,0.0,0.0,0.0,0.0,0.0,0.0,0.0,0.0,0.0,0.0,0.0,0.0,0.0,0.0,0.0,0.0,3,0.0,0.0,0.0,0.0,0.0,0.0,3,0.0,0.0,0.0,0.0,0.0,0.0,0.0,0.0,0.0,0.0,0.0,0.0,0.0,0.0,0.0,0.0,0,10,8,4,0.0,0.0,0,0.0,0.0,0.0,0.0
Dachi Lordkipanidze,ge GEO,MF,Cremonese,20.0,2005.0,1,0,29,0,0,0,0,0,0,0.0,0.0,0.0,0.0,0.0,0.0,0.0,0.0,0.0,0.3,0,0.0,0.0,0.0,0.0,0.0,,0.0,0.0,0.0,0.0,0.0,0.0,0.0,0.0,0.0,0.0,0.0,0.0,0.0,0.0,0.0,0.0,0.0,0.0,0.0,0.0,0.0,0.0,0.0,0.0,0.0,0.0,0,0.0,0.0,0.0,0.0,0.0,0.0,0.0,0.0,0.0,0.0,0.0,0.0,0.0,0.0,0.0,0.0,0.0,0.0,0.0,0.0,0.0,0,0.0,0.0,0.0,0.0,0.0,0.0,0,0.0,0.0,0.0,0.0,0.0,0.0,0.0,0.0,0.0,0.0,0.0,0.0,0.0,0.0,0.0,0.0,0,0,0,0,0.0,0.0,0,0.0,0.0,0.0,0.0
Lorran,br BRA,FW,Pisa,19.0,2006.0,9,0,122,1,0,0,0,0,0,0.74,0.0,0.74,0.74,0.74,0.7093146331608295,0.7093146331608295,0.6719822840471017,0.6719822840471017,1.4,1,0.0,33.3,0.74,0.33,1.0,0.23643821105360985,0.29068536683917046,0.29068536683917046,0.0,0.0,0.0,0.0,0.0,0.0,0.0,0.0,0.0,0.0,0.0,0.0,0.0,0.0,1.0,0.0,0.0,0.0,0.0,0.0,0.0,0.0,0.0,0.0,5,0.0,0.0,0.0,0.0,0.0,0.0,0.0,0.0,0.0,0.0,0.0,0.0,0.0,0.0,0.0,0.0,0.0,0.0,0.0,0.0,0.0,3,0.0,0.0,0.0,0.0,0.0,0.0,3,0.0,0.0,0.0,0.0,0.0,0.0,0.0,0.0,0.0,0.0,0.0,0.0,0.0,0.0,0.0,0.0,0,0,3,0,0.0,0.0,0,0.0,0.0,0.0,0.0
Simone Lottici Tessadri,it ITA,MF,Cremonese,19.0,2006.0,1,0,6,0,0,0,0,0,0,0.0,0.0,0.0,0.0,0.0,0.0162185225635767,0.0162185225635767,1.4596670307219028,1.4596670307219028,0.1,0,0.0,0.0,0.0,0.0,0.0,0.0162185225635767,-0.0162185225635767,-0.0162185225635767,0.0,0.0,0.0,0.0,0.0,0.0,0.0,0.0,0.0,0.0,0.0,0.0,0.0,0.0,0.0,0.0,0.0,0.0,0.0,0.0,0.0,0.0,0.0,0.0,0,0.0,0.0,0.0,0.0,0.0,0.0,0.0,0.0,0.0,0.0,0.0,0.0,0.0,0.0,0.0,0.0,0.0,0.0,0.0,0.0,0.0,0,0.0,0.0,0.0,0.0,0.0,0.0,0,0.0,0.0,0.0,0.0,0.0,0.0,0.0,0.0,0.0,0.0,0.0,0.0,0.0,0.0,0.0,0.0,0,0,0,0,0.0,0.0,0,0.0,0.0,0.0,0.0
Sandi Lovrić,si SVN,MF,Udinese,27.0,1998.0,6,1,161,0,1,0,0,1,0,0.0,0.56,0.56,0.0,0.56,0.2690124521031976,0.2690124521031976,0.04794281324611442,0.04794281324611442,1.8,1,0.0,33.3,0.56,0.0,0.0,0.04483540868386626,-0.2690124521031976,-0.2690124521031976,0.0,0.0,0.0,0.0,0.0,0.0,0.0,0.0,0.0,0.0,0.0,0.0,0.0,0.0,12.0,0.0,0.0,0.0,0.0,0.0,0.0,0.0,0.0,0.0,16,0.0,0.0,0.0,0.0,0.0,0.0,0.0,0.0,0.0,0.0,0.0,0.0,0.0,0.0,0.0,0.0,0.0,0.0,0.0,0.0,0.0,4,0.0,0.0,0.0,0.0,0.0,0.0,4,0.0,0.0,0.0,0.0,0.0,0.0,0.0,0.0,0.0,0.0,0.0,0.0,0.0,0.0,0.0,0.0,0,4,1,0,0.0,0.0,0,0.0,0.0,0.0,0.0
Sandi Lovrić,si SVN,MF,Hellas Verona,27.0,1998.0,7,3,309,0,0,0,0,1,0,0.0,0.0,0.0,0.0,0.0,0.2690124521031976,0.2690124521031976,0.04794281324611442,0.04794281324611442,3.4,1,0.0,50.0,0.29,0.0,0.0,0.04483540868386626,-0.2690124521031976,-0.2690124521031976,0.0,0.0,0.0,0.0,0.0,0.0,0.0,0.0,0.0,0.0,0.0,0.0,0.0,0.0,12.0,0.0,0.0,0.0,0.0,0.0,0.0,0.0,0.0,0.0,24,0.0,0.0,0.0,0.0,0.0,0.0,0.0,0.0,0.0,0.0,0.0,0.0,0.0,0.0,0.0,0.0,0.0,0.0,0.0,0.0,0.0,6,0.0,0.0,0.0,0.0,0.0,0.0,5,0.0,0.0,0.0,0.0,0.0,0.0,0.0,0.0,0.0,0.0,0.0,0.0,0.0,0.0,0.0,0.0,0,5,3,0,0.0,0.0,0,0.0,0.0,0.0,0.0
Felipe Loyola,cl CHI,MF,Pisa,24.0,2000.0,11,6,538,1,0,0,0,0,1,0.17,0.0,0.17,0.17,0.17,0.7549186209216714,0.7549186209216714,0.12558720126238526,0.12558720126238526,6.0,1,0.0,11.1,0.17,0.11,1.0,0.0838798467690746,0.2450813790783286,0.2450813790783286,0.0,0.0,0.0,0.0,0.0,0.0,0.0,0.0,0.0,0.0,0.0,0.0,0.0,0.0,4.0,0.0,0.0,0.0,0.0,0.0,0.0,0.0,0.0,0.0,4,0.0,0.0,0.0,0.0,0.0,0.0,0.0,0.0,0.0,0.0,0.0,0.0,0.0,0.0,0.0,0.0,0.0,0.0,0.0,0.0,0.0,7,0.0,0.0,0.0,0.0,0.0,0.0,6,0.0,0.0,0.0,0.0,0.0,0.0,0.0,0.0,0.0,0.0,0.0,0.0,0.0,0.0,0.0,0.0,0,8,2,0,0.0,0.0,0,0.0,0.0,0.0,0.0
Lorenzo Lucca,it ITA,FW,Napoli,24.0,2000.0,16,4,408,1,0,0,0,1,0,0.22,0.0,0.22,0.22,0.22,1.9075428172945976,1.9075428172945976,0.45060066550266087,0.45060066550266087,4.5,5,0.0,33.3,1.1,0.07,0.2,0.12716952115297317,-0.9075428172945976,-0.9075428172945976,0.0,0.0,0.0,0.0,0.0,0.0,0.0,0.0,0.0,0.0,0.0,0.0,0.0,0.0,2.0,0.0,0.0,0.0,0.0,0.0,0.0,0.0,0.0,0.0,0,0.0,0.0,0.0,0.0,0.0,0.0,0.0,0.0,0.0,0.0,0.0,0.0,0.0,0.0,0.0,0.0,0.0,0.0,0.0,0.0,0.0,0,0.0,0.0,0.0,0.0,0.0,0.0,0,0.0,0.0,0.0,0.0,0.0,0.0,0.0,0.0,0.0,0.0,0.0,0.0,0.0,0.0,0.0,0.0,0,17,12,4,0.0,0.0,0,0.0,0.0,0.0,0.0
Jhon Lucumí,co COL,DF,Bologna,27.0,1998.0,29,26,"2,287",1,0,0,0,5,0,0.04,0.0,0.04,0.04,0.04,1.3786265589296818,1.3786265589296818,0.054371774892055816,0.054371774892055816,25.4,2,0.0,25.0,0.08,0.13,0.5,0.17232831986621022,-0.3786265589296818,-0.3786265589296818,0.0,0.0,0.0,0.0,0.0,0.0,0.0,0.0,0.0,0.0,0.0,0.0,0.0,0.0,7.0,0.0,0.0,0.0,0.0,0.0,0.0,0.0,0.0,0.0,1,0.0,0.0,0.0,0.0,0.0,0.0,0.0,0.0,0.0,0.0,0.0,0.0,0.0,0.0,0.0,0.0,0.0,0.0,0.0,0.0,0.0,22,0.0,0.0,0.0,0.0,0.0,0.0,30,0.0,0.0,0.0,0.0,0.0,0.0,0.0,0.0,0.0,0.0,0.0,0.0,0.0,0.0,0.0,0.0,0,23,19,1,0.0,0.0,0,0.0,0.0,0.0,0.0
Romelu Lukaku,be BEL,FW,Napoli,32.0,1993.0,5,0,44,1,0,0,0,1,0,2.05,0.0,2.05,2.05,2.05,0.5893245413899422,0.5893245413899422,1.607248749245297,1.607248749245297,0.5,1,0.0,50.0,2.05,0.5,1.0,0.2946622706949711,0.41067545861005783,0.41067545861005783,0.0,0.0,0.0,0.0,0.0,0.0,0.0,0.0,0.0,0.0,0.0,0.0,0.0,0.0,2.0,0.0,0.0,0.0,0.0,0.0,0.0,0.0,0.0,0.0,0,0.0,0.0,0.0,0.0,0.0,0.0,0.0,0.0,0.0,0.0,0.0,0.0,0.0,0.0,0.0,0.0,0.0,0.0,0.0,0.0,0.0,0,0.0,0.0,0.0,0.0,0.0,0.0,0,0.0,0.0,0.0,0.0,0.0,0.0,0.0,0.0,0.0,0.0,0.0,0.0,0.0,0.0,0.0,0.0,0,2,0,0,0.0,0.0,0,0.0,0.0,0.0,0.0
Sebastiano Luperto,it ITA,DF,Cremonese,28.0,1996.0,15,15,"1,307",0,1,0,0,1,0,0.0,0.07,0.07,0.0,0.07,0.9484533411450684,0.9484533411450684,0.02822777801026989,0.02822777801026989,14.5,2,0.0,40.0,0.14,0.0,0.0,0.0790377784287557,0.05154665885493159,0.05154665885493159,0.0,0.0,0.0,0.0,0.0,0.0,0.0,0.0,0.0,0.0,0.0,0.0,0.0,0.0,6.0,0.0,0.0,0.0,0.0,0.0,0.0,0.0,0.0,0.0,10,0.0,0.0,0.0,0.0,0.0,0.0,0.0,0.0,0.0,0.0,0.0,0.0,0.0,0.0,0.0,0.0,0.0,0.0,0.0,0.0,0.0,9,0.0,0.0,0.0,0.0,0.0,0.0,12,0.0,0.0,0.0,0.0,0.0,0.0,0.0,0.0,0.0,0.0,0.0,0.0,0.0,0.0,0.0,0.0,0,9,12,1,0.0,0.0,0,0.0,0.0,0.0,0.0
Sebastiano Luperto,it ITA,DF,Cagliari,28.0,1996.0,19,19,"1,706",1,0,0,0,3,0,0.05,0.0,0.05,0.05,0.05,0.9484533411450684,0.9484533411450684,0.02822777801026989,0.02822777801026989,19.0,3,0.0,42.9,0.16,0.14,0.33,0.0790377784287557,0.05154665885493159,0.05154665885493159,0.0,0.0,0.0,0.0,0.0,0.0,0.0,0.0,0.0,0.0,0.0,0.0,0.0,0.0,6.0,0.0,0.0,0.0,0.0,0.0,0.0,0.0,0.0,0.0,1,0.0,0.0,0.0,0.0,0.0,0.0,0.0,0.0,0.0,0.0,0.0,0.0,0.0,0.0,0.0,0.0,0.0,0.0,0.0,0.0,0.0,12,0.0,0.0,0.0,0.0,0.0,0.0,19,0.0,0.0,0.0,0.0,0.0,0.0,0.0,0.0,0.0,0.0,0.0,0.0,0.0,0.0,0.0,0.0,0,23,17,0,0.0,0.0,0,0.0,0.0,0.0,0.0
Mateus Lusuardi,br BRA,DF,Pisa,21.0,2004.0,3,3,198,0,0,0,0,1,0,0.0,0.0,0.0,0.0,0.0,0.1197365634143352,0.1197365634143352,0.053347973798466175,0.053347973798466175,2.2,0,0.0,0.0,0.0,0.0,0.0,0.0299341408535838,-0.1197365634143352,-0.1197365634143352,0.0,0.0,0.0,0.0,0.0,0.0,0.0,0.0,0.0,0.0,0.0,0.0,0.0,0.0,1.0,0.0,0.0,0.0,0.0,0.0,0.0,0.0,0.0,0.0,1,0.0,0.0,0.0,0.0,0.0,0.0,0.0,0.0,0.0,0.0,0.0,0.0,0.0,0.0,0.0,0.0,0.0,0.0,0.0,0.0,0.0,2,0.0,0.0,0.0,0.0,0.0,0.0,0,0.0,0.0,0.0,0.0,0.0,0.0,0.0,0.0,0.0,0.0,0.0,0.0,0.0,0.0,0.0,0.0,0,4,0,0,0.0,0.0,0,0.0,0.0,0.0,0.0
Zito Luvumbo,ao ANG,"MF,FW",Cagliari,23.0,2002.0,12,2,329,0,0,0,0,0,0,0.0,0.0,0.0,0.0,0.0,0.0,0.0,0.0,0.0,3.7,6,0.0,50.0,1.64,0.0,0.0,0.0,0.0,0.0,0.0,0.0,0.0,0.0,0.0,0.0,0.0,0.0,0.0,0.0,0.0,0.0,0.0,0.0,0.0,0.0,0.0,0.0,0.0,0.0,0.0,0.0,0.0,0.0,7,0.0,0.0,0.0,0.0,0.0,0.0,0.0,0.0,0.0,0.0,0.0,0.0,0.0,0.0,0.0,0.0,0.0,0.0,0.0,0.0,0.0,1,0.0,0.0,0.0,0.0,0.0,0.0,1,0.0,0.0,0.0,0.0,0.0,0.0,0.0,0.0,0.0,0.0,0.0,0.0,0.0,0.0,0.0,0.0,0,4,18,0,0.0,0.0,0,0.0,0.0,0.0,0.0
Babis Lykogiannis,gr GRE,DF,Bologna,31.0,1993.0,10,7,627,0,1,0,0,3,0,0.0,0.14,0.14,0.0,0.14,0.0,0.0,0.0,0.0,7.0,2,0.0,28.6,0.29,0.0,0.0,0.0,0.0,0.0,0.0,0.0,0.0,0.0,0.0,0.0,0.0,0.0,0.0,0.0,0.0,0.0,0.0,0.0,0.0,0.0,0.0,0.0,0.0,0.0,0.0,0.0,0.0,0.0,45,0.0,0.0,0.0,0.0,0.0,0.0,0.0,0.0,0.0,0.0,0.0,0.0,0.0,0.0,0.0,0.0,0.0,0.0,0.0,0.0,0.0,10,0.0,0.0,0.0,0.0,0.0,0.0,6,0.0,0.0,0.0,0.0,0.0,0.0,0.0,0.0,0.0,0.0,0.0,0.0,0.0,0.0,0.0,0.0,0,8,1,0,0.0,0.0,0,0.0,0.0,0.0,0.0
Mathias Løvik,no NOR,MF,Parma,21.0,2003.0,9,5,471,0,0,0,0,0,0,0.0,0.0,0.0,0.0,0.0,0.1799541944637894,0.1799541944637894,0.03374141146196052,0.03374141146196052,5.2,0,0.0,0.0,0.0,0.0,0.0,0.0599847314879298,-0.1799541944637894,-0.1799541944637894,0.0,0.0,0.0,0.0,0.0,0.0,0.0,0.0,0.0,0.0,0.0,0.0,0.0,0.0,2.0,0.0,0.0,0.0,0.0,0.0,0.0,0.0,0.0,0.0,15,0.0,0.0,0.0,0.0,0.0,0.0,0.0,0.0,0.0,0.0,0.0,0.0,0.0,0.0,0.0,0.0,0.0,0.0,0.0,0.0,0.0,8,0.0,0.0,0.0,0.0,0.0,0.0,7,0.0,0.0,0.0,0.0,0.0,0.0,0.0,0.0,0.0,0.0,0.0,0.0,0.0,0.0,0.0,0.0,0,3,2,2,0.0,0.0,0,0.0,0.0,0.0,0.0
Tommaso Macchioni,it ITA,DF,Sassuolo,19.0,2006.0,1,1,90,0,0,0,0,1,0,0.0,0.0,0.0,0.0,0.0,0.4983490109443664,0.4983490109443664,0.4983490109443664,0.4983490109443664,1.0,0,0.0,0.0,0.0,0.0,0.0,0.4983490109443664,-0.4983490109443664,-0.4983490109443664,0.0,0.0,0.0,0.0,0.0,0.0,0.0,0.0,0.0,0.0,0.0,0.0,0.0,0.0,0.0,0.0,0.0,0.0,0.0,0.0,0.0,0.0,0.0,0.0,0,0.0,0.0,0.0,0.0,0.0,0.0,0.0,0.0,0.0,0.0,0.0,0.0,0.0,0.0,0.0,0.0,0.0,0.0,0.0,0.0,0.0,0,0.0,0.0,0.0,0.0,0.0,0.0,2,0.0,0.0,0.0,0.0,0.0,0.0,0.0,0.0,0.0,0.0,0.0,0.0,0.0,0.0,0.0,0.0,0,1,0,0,0.0,0.0,0,0.0,0.0,0.0,0.0
Mike Maignan,fr FRA,GK,Milan,30.0,1995.0,37,37,"3,295",0,0,0,0,4,0,0.0,0.0,0.0,0.0,0.0,0.0,0.0,0.0,0.0,36.6,0,0.0,0.0,0.0,0.0,0.0,,0.0,0.0,0.0,0.0,0.0,0.0,0.0,0.0,0.0,0.0,0.0,0.0,0.0,0.0,0.0,0.0,0.0,0.0,0.0,0.0,0.0,0.0,0.0,0.0,0.0,0.0,0,0.0,0.0,0.0,0.0,0.0,0.0,0.0,0.0,0.0,0.0,0.0,0.0,0.0,0.0,0.0,0.0,0.0,0.0,0.0,0.0,0.0,0,0.0,0.0,0.0,0.0,0.0,0.0,1,0.0,0.0,0.0,0.0,0.0,0.0,0.0,0.0,0.0,0.0,0.0,0.0,0.0,0.0,0.0,0.0,0,0,6,0,0.0,0.0,0,0.0,0.0,0.0,0.0
Daniel Maldini,it ITA,FW,Lazio,23.0,2001.0,12,9,687,2,1,0,0,0,0,0.26,0.13,0.39,0.26,0.39,2.8131038434803486,2.8131038434803486,0.2681984596538468,0.2681984596538468,7.6,5,0.0,33.3,0.66,0.13,0.4,0.12230886276001515,-0.8131038434803486,-0.8131038434803486,0.0,0.0,0.0,0.0,0.0,0.0,0.0,0.0,0.0,0.0,0.0,0.0,0.0,0.0,11.0,0.0,0.0,0.0,0.0,0.0,0.0,0.0,0.0,0.0,1,0.0,0.0,0.0,0.0,0.0,0.0,0.0,0.0,0.0,0.0,0.0,0.0,0.0,0.0,0.0,0.0,0.0,0.0,0.0,0.0,0.0,9,0.0,0.0,0.0,0.0,0.0,0.0,4,0.0,0.0,0.0,0.0,0.0,0.0,0.0,0.0,0.0,0.0,0.0,0.0,0.0,0.0,0.0,0.0,0,14,20,3,0.0,0.0,0,0.0,0.0,0.0,0.0
Daniel Maldini,it ITA,MF,Atalanta,23.0,2001.0,9,3,264,0,0,0,0,1,0,0.0,0.0,0.0,0.0,0.0,2.8131038434803486,2.8131038434803486,0.2681984596538468,0.2681984596538468,2.9,2,0.0,25.0,0.68,0.0,0.0,0.12230886276001515,-0.8131038434803486,-0.8131038434803486,0.0,0.0,0.0,0.0,0.0,0.0,0.0,0.0,0.0,0.0,0.0,0.0,0.0,0.0,11.0,0.0,0.0,0.0,0.0,0.0,0.0,0.0,0.0,0.0,10,0.0,0.0,0.0,0.0,0.0,0.0,0.0,0.0,0.0,0.0,0.0,0.0,0.0,0.0,0.0,0.0,0.0,0.0,0.0,0.0,0.0,2,0.0,0.0,0.0,0.0,0.0,0.0,0,0.0,0.0,0.0,0.0,0.0,0.0,0.0,0.0,0.0,0.0,0.0,0.0,0.0,0.0,0.0,0.0,0,4,7,0,0.0,0.0,0,0.0,0.0,0.0,0.0
Youssef Maleh,ma MAR,MF,Cremonese,26.0,1998.0,14,14,"1,100",1,0,0,0,2,1,0.08,0.0,0.08,0.08,0.08,1.2885206770151854,1.2885206770151854,0.07367653172259638,0.07367653172259638,12.2,3,0.0,20.0,0.25,0.07,0.33,0.05856912168250843,-0.28852067701518536,-0.28852067701518536,0.0,0.0,0.0,0.0,0.0,0.0,0.0,0.0,0.0,0.0,0.0,0.0,0.0,0.0,9.0,0.0,0.0,0.0,0.0,0.0,0.0,0.0,0.0,0.0,41,0.0,0.0,0.0,0.0,0.0,0.0,0.0,0.0,0.0,0.0,0.0,0.0,0.0,0.0,0.0,0.0,0.0,0.0,0.0,0.0,0.0,11,0.0,0.0,0.0,0.0,0.0,0.0,9,0.0,0.0,0.0,0.0,0.0,0.0,0.0,0.0,0.0,0.0,0.0,0.0,0.0,0.0,0.0,0.0,0,27,10,0,0.0,0.0,0,0.0,0.0,0.0,0.0
Youssef Maleh,ma MAR,MF,Lecce,26.0,1998.0,9,5,460,0,0,0,0,2,0,0.0,0.0,0.0,0.0,0.0,1.2885206770151854,1.2885206770151854,0.07367653172259638,0.07367653172259638,5.1,1,0.0,14.3,0.2,0.0,0.0,0.05856912168250843,-0.28852067701518536,-0.28852067701518536,0.0,0.0,0.0,0.0,0.0,0.0,0.0,0.0,0.0,0.0,0.0,0.0,0.0,0.0,9.0,0.0,0.0,0.0,0.0,0.0,0.0,0.0,0.0,0.0,12,0.0,0.0,0.0,0.0,0.0,0.0,0.0,0.0,0.0,0.0,0.0,0.0,0.0,0.0,0.0,0.0,0.0,0.0,0.0,0.0,0.0,4,0.0,0.0,0.0,0.0,0.0,0.0,7,0.0,0.0,0.0,0.0,0.0,0.0,0.0,0.0,0.0,0.0,0.0,0.0,0.0,0.0,0.0,0.0,0,9,8,0,0.0,0.0,0,0.0,0.0,0.0,0.0
Donyell Malen,nl NED,FW,Roma,26.0,1999.0,18,18,"1,467",14,2,3,4,1,0,0.86,0.12,0.98,0.67,0.8,15.204708069562912,12.159512802958488,0.9128910782259254,0.7300574731596158,16.3,31,0.0,44.3,1.9,0.16,0.35,0.17370732575654985,-1.204708069562912,-1.1595128029584885,0.0,0.0,0.0,0.0,0.0,0.0,0.0,0.0,0.0,0.0,0.0,0.0,0.0,0.0,8.0,0.0,0.0,0.0,0.0,0.0,0.0,0.0,0.0,0.0,6,0.0,0.0,0.0,0.0,0.0,0.0,0.0,0.0,0.0,0.0,0.0,0.0,0.0,0.0,0.0,0.0,0.0,0.0,0.0,0.0,0.0,3,0.0,0.0,0.0,0.0,0.0,0.0,3,0.0,0.0,0.0,0.0,0.0,0.0,0.0,0.0,0.0,0.0,0.0,0.0,0.0,0.0,0.0,0.0,0,12,17,14,0.0,0.0,0,0.0,0.0,0.0,0.0
Ruslan Malinovskyi,ua UKR,MF,Genoa,32.0,1993.0,34,28,"2,235",6,3,3,3,10,0,0.24,0.12,0.36,0.12,0.24,0.0,0.0,0.0,0.0,24.8,15,0.0,27.3,0.6,0.05,0.2,0.0,0.0,0.0,0.0,0.0,0.0,0.0,0.0,0.0,0.0,0.0,0.0,0.0,0.0,0.0,0.0,0.0,0.0,0.0,0.0,0.0,0.0,0.0,0.0,0.0,0.0,0.0,68,0.0,0.0,0.0,0.0,0.0,0.0,0.0,0.0,0.0,0.0,0.0,0.0,0.0,0.0,0.0,0.0,0.0,0.0,0.0,0.0,0.0,19,0.0,0.0,0.0,0.0,0.0,0.0,16,0.0,0.0,0.0,0.0,0.0,0.0,0.0,0.0,0.0,0.0,0.0,0.0,0.0,0.0,0.0,0.0,0,36,26,1,0.0,0.0,0,0.0,0.0,0.0,0.0
Gianluca Mancini,it ITA,DF,Roma,29.0,1996.0,36,36,"3,059",4,2,0,0,9,0,0.12,0.06,0.18,0.12,0.18,2.3945398591458797,2.3945398591458797,0.06981165770104607,0.06981165770104607,34.0,8,0.0,40.0,0.24,0.2,0.5,0.11972699295729398,1.6054601408541203,1.6054601408541203,0.0,0.0,0.0,0.0,0.0,0.0,0.0,0.0,0.0,0.0,0.0,0.0,0.0,0.0,21.0,0.0,0.0,0.0,0.0,0.0,0.0,0.0,0.0,0.0,29,0.0,0.0,0.0,0.0,0.0,0.0,0.0,0.0,0.0,0.0,0.0,0.0,0.0,0.0,0.0,0.0,0.0,0.0,0.0,0.0,0.0,28,0.0,0.0,0.0,0.0,0.0,0.0,47,0.0,0.0,0.0,0.0,0.0,0.0,0.0,0.0,0.0,0.0,0.0,0.0,0.0,0.0,0.0,0.0,0,71,42,5,0.0,0.0,0,0.0,0.0,0.0,0.0
Rolando Mandragora,it ITA,MF,Fiorentina,28.0,1997.0,34,30,"2,421",7,3,1,1,7,0,0.26,0.11,0.37,0.22,0.33,4.695387580431998,3.934088763780892,0.1710869968578461,0.14334736386246166,26.9,18,0.0,28.1,0.67,0.09,0.33,0.061470136934076436,2.3046124195680022,2.065911236219108,0.0,0.0,0.0,0.0,0.0,0.0,0.0,0.0,0.0,0.0,0.0,0.0,0.0,0.0,35.0,0.0,0.0,0.0,0.0,0.0,0.0,0.0,0.0,0.0,69,0.0,0.0,0.0,0.0,0.0,0.0,0.0,0.0,0.0,0.0,0.0,0.0,0.0,0.0,0.0,0.0,0.0,0.0,0.0,0.0,0.0,24,0.0,0.0,0.0,0.0,0.0,0.0,15,0.0,0.0,0.0,0.0,0.0,0.0,0.0,0.0,0.0,0.0,0.0,0.0,0.0,0.0,0.0,0.0,0,37,56,0,0.0,0.0,0,0.0,0.0,0.0,0.0
Alessandro Marcandalli,it ITA,DF,Genoa,22.0,2002.0,32,29,"2,597",0,2,0,0,4,0,0.0,0.07,0.07,0.0,0.07,0.2700923178344965,0.2700923178344965,0.009360149636158908,0.009360149636158908,28.9,2,0.0,40.0,0.07,0.0,0.0,0.0540184635668993,-0.2700923178344965,-0.2700923178344965,0.0,0.0,0.0,0.0,0.0,0.0,0.0,0.0,0.0,0.0,0.0,0.0,0.0,0.0,10.0,0.0,0.0,0.0,0.0,0.0,0.0,0.0,0.0,0.0,10,0.0,0.0,0.0,0.0,0.0,0.0,0.0,0.0,0.0,0.0,0.0,0.0,0.0,0.0,0.0,0.0,0.0,0.0,0.0,0.0,0.0,24,0.0,0.0,0.0,0.0,0.0,0.0,18,0.0,0.0,0.0,0.0,0.0,0.0,0.0,0.0,0.0,0.0,0.0,0.0,0.0,0.0,0.0,0.0,0,23,11,0,0.0,0.0,0,0.0,0.0,0.0,0.0
Pablo Marí,es ESP,DF,Fiorentina,31.0,1993.0,11,9,808,0,0,0,0,3,0,0.0,0.0,0.0,0.0,0.0,0.0482517899945378,0.0482517899945378,0.005361309999393089,0.005361309999393089,9.0,0,0.0,0.0,0.0,0.0,0.0,0.0241258949972689,-0.0482517899945378,-0.0482517899945378,0.0,0.0,0.0,0.0,0.0,0.0,0.0,0.0,0.0,0.0,0.0,0.0,0.0,0.0,2.0,0.0,0.0,0.0,0.0,0.0,0.0,0.0,0.0,0.0,0,0.0,0.0,0.0,0.0,0.0,0.0,0.0,0.0,0.0,0.0,0.0,0.0,0.0,0.0,0.0,0.0,0.0,0.0,0.0,0.0,0.0,8,0.0,0.0,0.0,0.0,0.0,0.0,19,0.0,0.0,0.0,0.0,0.0,0.0,0.0,0.0,0.0,0.0,0.0,0.0,0.0,0.0,0.0,0.0,0,17,8,0,0.0,0.0,0,0.0,0.0,0.0,0.0
Luca Marianucci,it ITA,DF,Torino,21.0,2004.0,10,6,575,0,0,0,0,2,0,0.0,0.0,0.0,0.0,0.0,0.0295138517394661,0.0295138517394661,0.003860823628709228,0.003860823628709228,6.4,0,0.0,0.0,0.0,0.0,0.0,0.01475692586973305,-0.0295138517394661,-0.0295138517394661,0.0,0.0,0.0,0.0,0.0,0.0,0.0,0.0,0.0,0.0,0.0,0.0,0.0,0.0,8.0,0.0,0.0,0.0,0.0,0.0,0.0,0.0,0.0,0.0,7,0.0,0.0,0.0,0.0,0.0,0.0,0.0,0.0,0.0,0.0,0.0,0.0,0.0,0.0,0.0,0.0,0.0,0.0,0.0,0.0,0.0,5,0.0,0.0,0.0,0.0,0.0,0.0,8,0.0,0.0,0.0,0.0,0.0,0.0,0.0,0.0,0.0,0.0,0.0,0.0,0.0,0.0,0.0,0.0,0,9,3,0,0.0,0.0,0,0.0,0.0,0.0,0.0
Luca Marianucci,it ITA,DF,Napoli,21.0,2004.0,2,1,119,0,1,0,0,0,0,0.0,0.76,0.76,0.0,0.76,0.0295138517394661,0.0295138517394661,0.003860823628709228,0.003860823628709228,1.3,0,0.0,0.0,0.0,0.0,0.0,0.01475692586973305,-0.0295138517394661,-0.0295138517394661,0.0,0.0,0.0,0.0,0.0,0.0,0.0,0.0,0.0,0.0,0.0,0.0,0.0,0.0,8.0,0.0,0.0,0.0,0.0,0.0,0.0,0.0,0.0,0.0,2,0.0,0.0,0.0,0.0,0.0,0.0,0.0,0.0,0.0,0.0,0.0,0.0,0.0,0.0,0.0,0.0,0.0,0.0,0.0,0.0,0.0,2,0.0,0.0,0.0,0.0,0.0,0.0,1,0.0,0.0,0.0,0.0,0.0,0.0,0.0,0.0,0.0,0.0,0.0,0.0,0.0,0.0,0.0,0.0,0,2,0,0,0.0,0.0,0,0.0,0.0,0.0,0.0
Marius Marin,ro ROU,MF,Pisa,26.0,1998.0,23,18,"1,281",0,0,0,0,7,0,0.0,0.0,0.0,0.0,0.0,0.0855703866109252,0.0855703866109252,0.005892375512611529,0.005892375512611529,14.2,0,0.0,0.0,0.0,0.0,0.0,0.02852346220364173,-0.0855703866109252,-0.0855703866109252,0.0,0.0,0.0,0.0,0.0,0.0,0.0,0.0,0.0,0.0,0.0,0.0,0.0,0.0,2.0,0.0,0.0,0.0,0.0,0.0,0.0,0.0,0.0,0.0,18,0.0,0.0,0.0,0.0,0.0,0.0,0.0,0.0,0.0,0.0,0.0,0.0,0.0,0.0,0.0,0.0,0.0,0.0,0.0,0.0,0.0,26,0.0,0.0,0.0,0.0,0.0,0.0,14,0.0,0.0,0.0,0.0,0.0,0.0,0.0,0.0,0.0,0.0,0.0,0.0,0.0,0.0,0.0,0.0,0,36,20,0,0.0,0.0,0,0.0,0.0,0.0,0.0
João Mário Lopes,pt POR,"DF,MF",Bologna,25.0,2000.0,10,10,735,1,0,0,0,1,0,0.12,0.0,0.12,0.12,0.12,0.0,0.0,0.0,0.0,8.2,2,0.0,50.0,0.24,0.25,0.5,0.0,0.0,0.0,0.0,0.0,0.0,0.0,0.0,0.0,0.0,0.0,0.0,0.0,0.0,0.0,0.0,0.0,0.0,0.0,0.0,0.0,0.0,0.0,0.0,0.0,0.0,0.0,15,0.0,0.0,0.0,0.0,0.0,0.0,0.0,0.0,0.0,0.0,0.0,0.0,0.0,0.0,0.0,0.0,0.0,0.0,0.0,0.0,0.0,4,0.0,0.0,0.0,0.0,0.0,0.0,10,0.0,0.0,0.0,0.0,0.0,0.0,0.0,0.0,0.0,0.0,0.0,0.0,0.0,0.0,0.0,0.0,0,5,21,0,0.0,0.0,0,0.0,0.0,0.0,0.0
João Mário Lopes,pt POR,MF,Juventus,25.0,2000.0,10,2,258,0,0,0,0,1,0,0.0,0.0,0.0,0.0,0.0,0.0,0.0,0.0,0.0,2.9,0,0.0,0.0,0.0,0.0,0.0,0.0,0.0,0.0,0.0,0.0,0.0,0.0,0.0,0.0,0.0,0.0,0.0,0.0,0.0,0.0,0.0,0.0,0.0,0.0,0.0,0.0,0.0,0.0,0.0,0.0,0.0,0.0,5,0.0,0.0,0.0,0.0,0.0,0.0,0.0,0.0,0.0,0.0,0.0,0.0,0.0,0.0,0.0,0.0,0.0,0.0,0.0,0.0,0.0,3,0.0,0.0,0.0,0.0,0.0,0.0,3,0.0,0.0,0.0,0.0,0.0,0.0,0.0,0.0,0.0,0.0,0.0,0.0,0.0,0.0,0.0,0.0,0,5,10,0,0.0,0.0,0,0.0,0.0,0.0,0.0
Guillermo Maripán,cl CHI,DF,Torino,31.0,1994.0,27,24,"2,145",2,0,0,0,4,0,0.08,0.0,0.08,0.08,0.08,2.4348368234932423,2.4348368234932423,0.10187601771938253,0.10187601771938253,23.8,8,0.0,44.4,0.34,0.11,0.25,0.13526871241629124,-0.43483682349324226,-0.43483682349324226,0.0,0.0,0.0,0.0,0.0,0.0,0.0,0.0,0.0,0.0,0.0,0.0,0.0,0.0,8.0,0.0,0.0,0.0,0.0,0.0,0.0,0.0,0.0,0.0,3,0.0,0.0,0.0,0.0,0.0,0.0,0.0,0.0,0.0,0.0,0.0,0.0,0.0,0.0,0.0,0.0,0.0,0.0,0.0,0.0,0.0,28,0.0,0.0,0.0,0.0,0.0,0.0,27,0.0,0.0,0.0,0.0,0.0,0.0,0.0,0.0,0.0,0.0,0.0,0.0,0.0,0.0,0.0,0.0,0,27,7,2,0.0,0.0,0,0.0,0.0,0.0,0.0
Aarón Martín,es ESP,"MF,DF",Genoa,28.0,1997.0,33,26,"2,156",1,5,0,1,2,0,0.04,0.21,0.25,0.04,0.25,1.317988371476531,0.5566895511001348,0.05473878792472902,0.02312047051177302,24.0,4,0.0,36.4,0.17,0.09,0.25,0.050608141009103165,-0.31798837147653103,0.44331044889986515,0.0,0.0,0.0,0.0,0.0,0.0,0.0,0.0,0.0,0.0,0.0,0.0,0.0,0.0,62.0,0.0,0.0,0.0,0.0,0.0,0.0,0.0,0.0,0.0,194,0.0,0.0,0.0,0.0,0.0,0.0,0.0,0.0,0.0,0.0,0.0,0.0,0.0,0.0,0.0,0.0,0.0,0.0,0.0,0.0,0.0,28,0.0,0.0,0.0,0.0,0.0,0.0,10,0.0,0.0,0.0,0.0,0.0,0.0,0.0,0.0,0.0,0.0,0.0,0.0,0.0,0.0,0.0,0.0,0,31,27,0,0.0,0.0,0,0.0,0.0,0.0,0.0
Josep Martinez,es ESP,GK,Inter,27.0,1998.0,5,5,450,0,0,0,0,0,0,0.0,0.0,0.0,0.0,0.0,0.0,0.0,0.0,0.0,5.0,0,0.0,0.0,0.0,0.0,0.0,,0.0,0.0,0.0,0.0,0.0,0.0,0.0,0.0,0.0,0.0,0.0,0.0,0.0,0.0,0.0,0.0,0.0,0.0,0.0,0.0,0.0,0.0,0.0,0.0,0.0,0.0,0,0.0,0.0,0.0,0.0,0.0,0.0,0.0,0.0,0.0,0.0,0.0,0.0,0.0,0.0,0.0,0.0,0.0,0.0,0.0,0.0,0.0,0,0.0,0.0,0.0,0.0,0.0,0.0,0,0.0,0.0,0.0,0.0,0.0,0.0,0.0,0.0,0.0,0.0,0.0,0.0,0.0,0.0,0.0,0.0,0,0,0,0,0.0,0.0,0,0.0,0.0,0.0,0.0
Lautaro Martínez,ar ARG,FW,Inter,27.0,1997.0,30,27,"2,159",17,6,0,0,4,0,0.71,0.25,0.96,0.71,0.96,17.13883000984788,17.13883000984788,0.6995440820346073,0.6995440820346073,24.0,39,0.0,42.4,1.63,0.18,0.44,0.18629163054182477,-0.1388300098478794,-0.1388300098478794,0.0,0.0,0.0,0.0,0.0,0.0,0.0,0.0,0.0,0.0,0.0,0.0,0.0,0.0,37.0,0.0,0.0,0.0,0.0,0.0,0.0,0.0,0.0,0.0,17,0.0,0.0,0.0,0.0,0.0,0.0,0.0,0.0,0.0,0.0,0.0,0.0,0.0,0.0,0.0,0.0,0.0,0.0,0.0,0.0,0.0,13,0.0,0.0,0.0,0.0,0.0,0.0,6,0.0,0.0,0.0,0.0,0.0,0.0,0.0,0.0,0.0,0.0,0.0,0.0,0.0,0.0,0.0,0.0,0,47,47,8,0.0,0.0,0,0.0,0.0,0.0,0.0
Adam Marušić,me MNE,DF,Lazio,32.0,1992.0,33,32,"2,778",1,2,0,0,1,1,0.03,0.06,0.1,0.03,0.1,1.743161248974502,1.743161248974502,0.05615050551456879,0.05615050551456879,30.9,7,0.0,43.8,0.23,0.06,0.14,0.10894757806090638,-0.7431612489745021,-0.7431612489745021,0.0,0.0,0.0,0.0,0.0,0.0,0.0,0.0,0.0,0.0,0.0,0.0,0.0,0.0,9.0,0.0,0.0,0.0,0.0,0.0,0.0,0.0,0.0,0.0,35,0.0,0.0,0.0,0.0,0.0,0.0,0.0,0.0,0.0,0.0,0.0,0.0,0.0,0.0,0.0,0.0,0.0,0.0,0.0,0.0,0.0,16,0.0,0.0,0.0,0.0,0.0,0.0,33,0.0,0.0,0.0,0.0,0.0,0.0,0.0,0.0,0.0,0.0,0.0,0.0,0.0,0.0,0.0,0.0,0,22,18,1,0.0,0.0,0,0.0,0.0,0.0,0.0
Adam Masina,ma MAR,DF,Torino,31.0,1994.0,5,2,235,0,1,0,0,0,0,0.0,0.38,0.38,0.0,0.38,0.0,0.0,0.0,0.0,2.6,0,0.0,0.0,0.0,0.0,0.0,,0.0,0.0,0.0,0.0,0.0,0.0,0.0,0.0,0.0,0.0,0.0,0.0,0.0,0.0,0.0,0.0,2.0,0.0,0.0,0.0,0.0,0.0,0.0,0.0,0.0,0.0,0,0.0,0.0,0.0,0.0,0.0,0.0,0.0,0.0,0.0,0.0,0.0,0.0,0.0,0.0,0.0,0.0,0.0,0.0,0.0,0.0,0.0,4,0.0,0.0,0.0,0.0,0.0,0.0,5,0.0,0.0,0.0,0.0,0.0,0.0,0.0,0.0,0.0,0.0,0.0,0.0,0.0,0.0,0.0,0.0,0,6,2,0,0.0,0.0,0,0.0,0.0,0.0,0.0
Patrizio Masini,it ITA,MF,Genoa,24.0,2001.0,28,13,"1,413",0,1,0,0,5,0,0.0,0.06,0.06,0.0,0.06,2.03008303232491,2.03008303232491,0.1324927287231631,0.1324927287231631,15.7,5,0.0,27.8,0.32,0.0,0.0,0.11278239068471724,-2.03008303232491,-2.03008303232491,0.0,0.0,0.0,0.0,0.0,0.0,0.0,0.0,0.0,0.0,0.0,0.0,0.0,0.0,9.0,0.0,0.0,0.0,0.0,0.0,0.0,0.0,0.0,0.0,14,0.0,0.0,0.0,0.0,0.0,0.0,0.0,0.0,0.0,0.0,0.0,0.0,0.0,0.0,0.0,0.0,0.0,0.0,0.0,0.0,0.0,39,0.0,0.0,0.0,0.0,0.0,0.0,26,0.0,0.0,0.0,0.0,0.0,0.0,0.0,0.0,0.0,0.0,0.0,0.0,0.0,0.0,0.0,0.0,0,39,45,0,0.0,0.0,0,0.0,0.0,0.0,0.0
Nemanja Matić,rs SRB,MF,Sassuolo,36.0,1988.0,34,31,"2,660",1,1,0,0,7,1,0.03,0.03,0.07,0.03,0.07,0.329651664942503,0.329651664942503,0.01104566263768625,0.01104566263768625,29.6,4,0.0,36.4,0.14,0.09,0.25,0.02996833317659118,0.670348335057497,0.670348335057497,0.0,0.0,0.0,0.0,0.0,0.0,0.0,0.0,0.0,0.0,0.0,0.0,0.0,0.0,20.0,0.0,0.0,0.0,0.0,0.0,0.0,0.0,0.0,0.0,11,0.0,0.0,0.0,0.0,0.0,0.0,0.0,0.0,0.0,0.0,0.0,0.0,0.0,0.0,0.0,0.0,0.0,0.0,0.0,0.0,0.0,28,0.0,0.0,0.0,0.0,0.0,0.0,27,0.0,0.0,0.0,0.0,0.0,0.0,0.0,0.0,0.0,0.0,0.0,0.0,0.0,0.0,0.0,0.0,0,24,39,0,0.0,0.0,0,0.0,0.0,0.0,0.0
Luca Mazzitelli,it ITA,MF,Cagliari,29.0,1995.0,18,9,767,2,2,0,0,3,0,0.23,0.23,0.47,0.23,0.47,0.7084781415760517,0.7084781415760517,0.08467866233976713,0.08467866233976713,8.5,5,0.0,33.3,0.59,0.13,0.4,0.04723187610507011,1.2915218584239483,1.2915218584239483,0.0,0.0,0.0,0.0,0.0,0.0,0.0,0.0,0.0,0.0,0.0,0.0,0.0,0.0,5.0,0.0,0.0,0.0,0.0,0.0,0.0,0.0,0.0,0.0,9,0.0,0.0,0.0,0.0,0.0,0.0,0.0,0.0,0.0,0.0,0.0,0.0,0.0,0.0,0.0,0.0,0.0,0.0,0.0,0.0,0.0,11,0.0,0.0,0.0,0.0,0.0,0.0,10,0.0,0.0,0.0,0.0,0.0,0.0,0.0,0.0,0.0,0.0,0.0,0.0,0.0,0.0,0.0,0.0,0,22,13,0,0.0,0.0,0,0.0,0.0,0.0,0.0
Pasquale Mazzocchi,it ITA,MF,Napoli,30.0,1995.0,16,2,310,0,1,0,0,0,1,0.0,0.29,0.29,0.0,0.29,0.0465274639427661,0.0465274639427661,0.014539832482114405,0.014539832482114405,3.4,1,0.0,50.0,0.29,0.0,0.0,0.02326373197138305,-0.0465274639427661,-0.0465274639427661,0.0,0.0,0.0,0.0,0.0,0.0,0.0,0.0,0.0,0.0,0.0,0.0,0.0,0.0,4.0,0.0,0.0,0.0,0.0,0.0,0.0,0.0,0.0,0.0,15,0.0,0.0,0.0,0.0,0.0,0.0,0.0,0.0,0.0,0.0,0.0,0.0,0.0,0.0,0.0,0.0,0.0,0.0,0.0,0.0,0.0,1,0.0,0.0,0.0,0.0,0.0,0.0,4,0.0,0.0,0.0,0.0,0.0,0.0,0.0,0.0,0.0,0.0,0.0,0.0,0.0,0.0,0.0,0.0,0,1,0,1,0.0,0.0,0,0.0,0.0,0.0,0.0
Weston McKennie,us USA,MF,Juventus,26.0,1998.0,36,32,"2,835",5,5,0,0,5,0,0.16,0.16,0.32,0.16,0.32,8.643968606367707,8.643968606367707,0.27229862603188437,0.27229862603188437,31.5,16,0.0,37.2,0.51,0.12,0.31,0.20102252572948157,-3.6439686063677073,-3.6439686063677073,0.0,0.0,0.0,0.0,0.0,0.0,0.0,0.0,0.0,0.0,0.0,0.0,0.0,0.0,48.0,0.0,0.0,0.0,0.0,0.0,0.0,0.0,0.0,0.0,36,0.0,0.0,0.0,0.0,0.0,0.0,0.0,0.0,0.0,0.0,0.0,0.0,0.0,0.0,0.0,0.0,0.0,0.0,0.0,0.0,0.0,24,0.0,0.0,0.0,0.0,0.0,0.0,26,0.0,0.0,0.0,0.0,0.0,0.0,0.0,0.0,0.0,0.0,0.0,0.0,0.0,0.0,0.0,0.0,0,44,11,7,0.0,0.0,0,0.0,0.0,0.0,0.0
Scott McTominay,sct SCO,MF,Napoli,28.0,1996.0,33,31,"2,791",10,3,0,1,1,0,0.32,0.1,0.42,0.32,0.42,12.429753053933382,11.66845427826047,0.3998133577033611,0.37532554862167344,31.0,34,0.0,33.7,1.1,0.1,0.29,0.11552925027980662,-2.429753053933382,-1.6684542782604694,0.0,0.0,0.0,0.0,0.0,0.0,0.0,0.0,0.0,0.0,0.0,0.0,0.0,0.0,22.0,0.0,0.0,0.0,0.0,0.0,0.0,0.0,0.0,0.0,10,0.0,0.0,0.0,0.0,0.0,0.0,0.0,0.0,0.0,0.0,0.0,0.0,0.0,0.0,0.0,0.0,0.0,0.0,0.0,0.0,0.0,13,0.0,0.0,0.0,0.0,0.0,0.0,23,0.0,0.0,0.0,0.0,0.0,0.0,0.0,0.0,0.0,0.0,0.0,0.0,0.0,0.0,0.0,0.0,0,24,73,5,0.0,0.0,0,0.0,0.0,0.0,0.0
Henrik Meister,dk DEN,FW,Pisa,21.0,2003.0,28,15,"1,515",2,0,0,0,2,0,0.12,0.0,0.12,0.12,0.12,5.318537840619683,5.318537840619683,0.3203938458204628,0.3203938458204628,16.8,8,0.0,40.0,0.48,0.1,0.25,0.2659268920309842,-3.3185378406196833,-3.3185378406196833,0.0,0.0,0.0,0.0,0.0,0.0,0.0,0.0,0.0,0.0,0.0,0.0,0.0,0.0,5.0,0.0,0.0,0.0,0.0,0.0,0.0,0.0,0.0,0.0,1,0.0,0.0,0.0,0.0,0.0,0.0,0.0,0.0,0.0,0.0,0.0,0.0,0.0,0.0,0.0,0.0,0.0,0.0,0.0,0.0,0.0,3,0.0,0.0,0.0,0.0,0.0,0.0,1,0.0,0.0,0.0,0.0,0.0,0.0,0.0,0.0,0.0,0.0,0.0,0.0,0.0,0.0,0.0,0.0,0,26,17,5,0.0,0.0,0,0.0,0.0,0.0,0.0
Paul Mendy,sn SEN,FW,Cagliari,18.0,2007.0,9,3,335,2,0,0,0,1,0,0.54,0.0,0.54,0.54,0.54,2.3890278404578567,2.3890278404578567,0.6595475633165861,0.6595475633165861,3.7,3,0.0,20.0,0.81,0.13,0.67,0.15926852269719044,-0.38902784045785666,-0.38902784045785666,0.0,0.0,0.0,0.0,0.0,0.0,0.0,0.0,0.0,0.0,0.0,0.0,0.0,0.0,6.0,0.0,0.0,0.0,0.0,0.0,0.0,0.0,0.0,0.0,2,0.0,0.0,0.0,0.0,0.0,0.0,0.0,0.0,0.0,0.0,0.0,0.0,0.0,0.0,0.0,0.0,0.0,0.0,0.0,0.0,0.0,0,0.0,0.0,0.0,0.0,0.0,0.0,1,0.0,0.0,0.0,0.0,0.0,0.0,0.0,0.0,0.0,0.0,0.0,0.0,0.0,0.0,0.0,0.0,0,12,4,2,0.0,0.0,0,0.0,0.0,0.0,0.0
Alex Meret,it ITA,GK,Napoli,28.0,1997.0,11,11,979,0,1,0,0,1,0,0.0,0.09,0.09,0.0,0.09,0.0,0.0,0.0,0.0,10.9,0,0.0,0.0,0.0,0.0,0.0,,0.0,0.0,0.0,0.0,0.0,0.0,0.0,0.0,0.0,0.0,0.0,0.0,0.0,0.0,0.0,0.0,1.0,0.0,0.0,0.0,0.0,0.0,0.0,0.0,0.0,0.0,0,0.0,0.0,0.0,0.0,0.0,0.0,0.0,0.0,0.0,0.0,0.0,0.0,0.0,0.0,0.0,0.0,0.0,0.0,0.0,0.0,0.0,0,0.0,0.0,0.0,0.0,0.0,0.0,1,0.0,0.0,0.0,0.0,0.0,0.0,0.0,0.0,0.0,0.0,0.0,0.0,0.0,0.0,0.0,0.0,0,1,1,0,0.0,0.0,0,0.0,0.0,0.0,0.0
Junior Messias,br BRA,MF,Genoa,34.0,1991.0,20,5,685,3,1,1,1,1,0,0.39,0.13,0.53,0.26,0.39,1.863460099324584,1.102161256596446,0.25604795257895047,0.1514420047231758,7.6,7,0.0,36.8,0.92,0.11,0.29,0.05800848718928663,1.136539900675416,0.897838743403554,0.0,0.0,0.0,0.0,0.0,0.0,0.0,0.0,0.0,0.0,0.0,0.0,0.0,0.0,6.0,0.0,0.0,0.0,0.0,0.0,0.0,0.0,0.0,0.0,16,0.0,0.0,0.0,0.0,0.0,0.0,0.0,0.0,0.0,0.0,0.0,0.0,0.0,0.0,0.0,0.0,0.0,0.0,0.0,0.0,0.0,10,0.0,0.0,0.0,0.0,0.0,0.0,5,0.0,0.0,0.0,0.0,0.0,0.0,0.0,0.0,0.0,0.0,0.0,0.0,0.0,0.0,0.0,0.0,0,10,22,0,0.0,0.0,0,0.0,0.0,0.0,0.0
Daniel Mikołajewski,pl POL,FW,Parma,19.0,2006.0,3,1,70,0,0,0,0,0,0,0.0,0.0,0.0,0.0,0.0,0.0,0.0,0.0,0.0,0.8,0,0.0,0.0,0.0,0.0,0.0,0.0,0.0,0.0,0.0,0.0,0.0,0.0,0.0,0.0,0.0,0.0,0.0,0.0,0.0,0.0,0.0,0.0,0.0,0.0,0.0,0.0,0.0,0.0,0.0,0.0,0.0,0.0,1,0.0,0.0,0.0,0.0,0.0,0.0,0.0,0.0,0.0,0.0,0.0,0.0,0.0,0.0,0.0,0.0,0.0,0.0,0.0,0.0,0.0,0,0.0,0.0,0.0,0.0,0.0,0.0,0,0.0,0.0,0.0,0.0,0.0,0.0,0.0,0.0,0.0,0.0,0.0,0.0,0.0,0.0,0.0,0.0,0,2,2,2,0.0,0.0,0,0.0,0.0,0.0,0.0
Arkadiusz Milik,pl POL,FW,Juventus,31.0,1994.0,2,0,36,0,0,0,0,0,0,0.0,0.0,0.0,0.0,0.0,0.2569368369877338,0.2569368369877338,0.7007368281483649,0.7007368281483649,0.4,2,0.0,100.0,5.0,0.0,0.0,0.1284684184938669,-0.2569368369877338,-0.2569368369877338,0.0,0.0,0.0,0.0,0.0,0.0,0.0,0.0,0.0,0.0,0.0,0.0,0.0,0.0,0.0,0.0,0.0,0.0,0.0,0.0,0.0,0.0,0.0,0.0,0,0.0,0.0,0.0,0.0,0.0,0.0,0.0,0.0,0.0,0.0,0.0,0.0,0.0,0.0,0.0,0.0,0.0,0.0,0.0,0.0,0.0,0,0.0,0.0,0.0,0.0,0.0,0.0,0,0.0,0.0,0.0,0.0,0.0,0.0,0.0,0.0,0.0,0.0,0.0,0.0,0.0,0.0,0.0,0.0,0,1,0,0,0.0,0.0,0,0.0,0.0,0.0,0.0
Vanja Milinković-Savić,rs SRB,GK,Napoli,28.0,1997.0,27,27,"2,430",0,1,0,0,0,0,0.0,0.04,0.04,0.0,0.04,0.0,0.0,0.0,0.0,27.0,0,0.0,0.0,0.0,0.0,0.0,,0.0,0.0,0.0,0.0,0.0,0.0,0.0,0.0,0.0,0.0,0.0,0.0,0.0,0.0,0.0,0.0,3.0,0.0,0.0,0.0,0.0,0.0,0.0,0.0,0.0,0.0,0,0.0,0.0,0.0,0.0,0.0,0.0,0.0,0.0,0.0,0.0,0.0,0.0,0.0,0.0,0.0,0.0,0.0,0.0,0.0,0.0,0.0,0,0.0,0.0,0.0,0.0,0.0,0.0,0,0.0,0.0,0.0,0.0,0.0,0.0,0.0,0.0,0.0,0.0,0.0,0.0,0.0,0.0,0.0,0.0,0,1,6,0,0.0,0.0,0,0.0,0.0,0.0,0.0
Lennon Miller,sct SCO,MF,Udinese,18.0,2006.0,24,9,996,0,2,0,0,4,0,0.0,0.18,0.18,0.0,0.18,0.3062051609158516,0.3062051609158516,0.027978136530382378,0.027978136530382378,11.1,1,0.0,11.1,0.09,0.0,0.0,0.03402279565731684,-0.3062051609158516,-0.3062051609158516,0.0,0.0,0.0,0.0,0.0,0.0,0.0,0.0,0.0,0.0,0.0,0.0,0.0,0.0,13.0,0.0,0.0,0.0,0.0,0.0,0.0,0.0,0.0,0.0,32,0.0,0.0,0.0,0.0,0.0,0.0,0.0,0.0,0.0,0.0,0.0,0.0,0.0,0.0,0.0,0.0,0.0,0.0,0.0,0.0,0.0,12,0.0,0.0,0.0,0.0,0.0,0.0,9,0.0,0.0,0.0,0.0,0.0,0.0,0.0,0.0,0.0,0.0,0.0,0.0,0.0,0.0,0.0,0.0,0,14,17,1,0.0,0.0,0,0.0,0.0,0.0,0.0
Yerry Mina,co COL,DF,Cagliari,30.0,1994.0,26,26,"2,150",2,0,0,0,5,1,0.08,0.0,0.08,0.08,0.08,1.761018111370504,1.761018111370504,0.07330787697657047,0.07330787697657047,23.9,3,0.0,30.0,0.13,0.2,0.67,0.1761018111370504,0.2389818886294961,0.2389818886294961,0.0,0.0,0.0,0.0,0.0,0.0,0.0,0.0,0.0,0.0,0.0,0.0,0.0,0.0,8.0,0.0,0.0,0.0,0.0,0.0,0.0,0.0,0.0,0.0,1,0.0,0.0,0.0,0.0,0.0,0.0,0.0,0.0,0.0,0.0,0.0,0.0,0.0,0.0,0.0,0.0,0.0,0.0,0.0,0.0,0.0,18,0.0,0.0,0.0,0.0,0.0,0.0,26,0.0,0.0,0.0,0.0,0.0,0.0,0.0,0.0,0.0,0.0,0.0,0.0,0.0,0.0,0.0,0.0,1,26,37,3,0.0,0.0,0,0.0,0.0,0.0,0.0
Juan Miranda,es ESP,DF,Bologna,25.0,2000.0,32,29,"2,573",1,3,0,0,6,0,0.03,0.1,0.14,0.03,0.14,0.5171072538942099,0.5171072538942099,0.018066635423322548,0.018066635423322548,28.6,5,0.0,38.5,0.17,0.08,0.2,0.03977748106878538,0.48289274610579014,0.48289274610579014,0.0,0.0,0.0,0.0,0.0,0.0,0.0,0.0,0.0,0.0,0.0,0.0,0.0,0.0,64.0,0.0,0.0,0.0,0.0,0.0,0.0,0.0,0.0,0.0,171,0.0,0.0,0.0,0.0,0.0,0.0,0.0,0.0,0.0,0.0,0.0,0.0,0.0,0.0,0.0,0.0,0.0,0.0,0.0,0.0,0.0,31,0.0,0.0,0.0,0.0,0.0,0.0,33,0.0,0.0,0.0,0.0,0.0,0.0,0.0,0.0,0.0,0.0,0.0,0.0,0.0,0.0,0.0,0.0,0,25,35,3,0.0,0.0,0,0.0,0.0,0.0,0.0
Fabio Miretti,it ITA,MF,Juventus,21.0,2003.0,23,5,617,1,2,0,0,1,0,0.15,0.29,0.44,0.15,0.44,1.6279976330697536,1.6279976330697536,0.25046117431842363,0.25046117431842363,6.9,5,0.0,27.8,0.73,0.06,0.2,0.09044431294831964,-0.6279976330697536,-0.6279976330697536,0.0,0.0,0.0,0.0,0.0,0.0,0.0,0.0,0.0,0.0,0.0,0.0,0.0,0.0,11.0,0.0,0.0,0.0,0.0,0.0,0.0,0.0,0.0,0.0,17,0.0,0.0,0.0,0.0,0.0,0.0,0.0,0.0,0.0,0.0,0.0,0.0,0.0,0.0,0.0,0.0,0.0,0.0,0.0,0.0,0.0,9,0.0,0.0,0.0,0.0,0.0,0.0,4,0.0,0.0,0.0,0.0,0.0,0.0,0.0,0.0,0.0,0.0,0.0,0.0,0.0,0.0,0.0,0.0,0,15,7,0,0.0,0.0,0,0.0,0.0,0.0,0.0
Henrikh Mkhitaryan,am ARM,MF,Inter,36.0,1989.0,30,16,"1,560",4,1,0,0,5,0,0.23,0.06,0.29,0.23,0.29,6.040000427514315,6.040000427514315,0.3513898115554546,0.3513898115554546,17.3,14,0.0,32.6,0.81,0.09,0.29,0.14046512622126314,-2.0400004275143147,-2.0400004275143147,0.0,0.0,0.0,0.0,0.0,0.0,0.0,0.0,0.0,0.0,0.0,0.0,0.0,0.0,23.0,0.0,0.0,0.0,0.0,0.0,0.0,0.0,0.0,0.0,42,0.0,0.0,0.0,0.0,0.0,0.0,0.0,0.0,0.0,0.0,0.0,0.0,0.0,0.0,0.0,0.0,0.0,0.0,0.0,0.0,0.0,27,0.0,0.0,0.0,0.0,0.0,0.0,15,0.0,0.0,0.0,0.0,0.0,0.0,0.0,0.0,0.0,0.0,0.0,0.0,0.0,0.0,0.0,0.0,0,28,17,3,0.0,0.0,0,0.0,0.0,0.0,0.0
Branimir Mlacic,hr CRO,DF,Udinese,18.0,2007.0,7,2,166,0,0,0,0,2,0,0.0,0.0,0.0,0.0,0.0,0.0,0.0,0.0,0.0,1.8,0,0.0,0.0,0.0,0.0,0.0,,0.0,0.0,0.0,0.0,0.0,0.0,0.0,0.0,0.0,0.0,0.0,0.0,0.0,0.0,0.0,0.0,1.0,0.0,0.0,0.0,0.0,0.0,0.0,0.0,0.0,0.0,1,0.0,0.0,0.0,0.0,0.0,0.0,0.0,0.0,0.0,0.0,0.0,0.0,0.0,0.0,0.0,0.0,0.0,0.0,0.0,0.0,0.0,3,0.0,0.0,0.0,0.0,0.0,0.0,2,0.0,0.0,0.0,0.0,0.0,0.0,0.0,0.0,0.0,0.0,0.0,0.0,0.0,0.0,0.0,0.0,0,4,0,0,0.0,0.0,0,0.0,0.0,0.0,0.0
Rui Modesto,ao ANG,MF,Udinese,25.0,1999.0,3,0,119,0,1,0,0,0,0,0.0,0.76,0.76,0.0,0.76,0.0113287363201379,0.0113287363201379,0.009022887334623106,0.009022887334623106,1.3,1,0.0,100.0,0.76,0.0,0.0,0.0113287363201379,-0.0113287363201379,-0.0113287363201379,0.0,0.0,0.0,0.0,0.0,0.0,0.0,0.0,0.0,0.0,0.0,0.0,0.0,0.0,2.0,0.0,0.0,0.0,0.0,0.0,0.0,0.0,0.0,0.0,5,0.0,0.0,0.0,0.0,0.0,0.0,0.0,0.0,0.0,0.0,0.0,0.0,0.0,0.0,0.0,0.0,0.0,0.0,0.0,0.0,0.0,4,0.0,0.0,0.0,0.0,0.0,0.0,1,0.0,0.0,0.0,0.0,0.0,0.0,0.0,0.0,0.0,0.0,0.0,0.0,0.0,0.0,0.0,0.0,0,0,0,0,0.0,0.0,0,0.0,0.0,0.0,0.0
Luka Modrić,hr CRO,MF,Milan,39.0,1985.0,34,32,"2,811",2,3,0,0,4,0,0.06,0.1,0.16,0.06,0.16,1.2469155695289371,1.2469155695289371,0.03969663999207794,0.03969663999207794,31.2,8,0.0,40.0,0.26,0.1,0.25,0.06234577847644686,0.7530844304710629,0.7530844304710629,0.0,0.0,0.0,0.0,0.0,0.0,0.0,0.0,0.0,0.0,0.0,0.0,0.0,0.0,50.0,0.0,0.0,0.0,0.0,0.0,0.0,0.0,0.0,0.0,111,0.0,0.0,0.0,0.0,0.0,0.0,0.0,0.0,0.0,0.0,0.0,0.0,0.0,0.0,0.0,0.0,0.0,0.0,0.0,0.0,0.0,27,0.0,0.0,0.0,0.0,0.0,0.0,35,0.0,0.0,0.0,0.0,0.0,0.0,0.0,0.0,0.0,0.0,0.0,0.0,0.0,0.0,0.0,0.0,0,23,33,0,0.0,0.0,0,0.0,0.0,0.0,0.0
Lorenzo Montipò,it ITA,GK,Hellas Verona,29.0,1996.0,35,35,"3,150",0,1,0,0,0,0,0.0,0.03,0.03,0.0,0.03,0.0,0.0,0.0,0.0,35.0,0,0.0,0.0,0.0,0.0,0.0,,0.0,0.0,0.0,0.0,0.0,0.0,0.0,0.0,0.0,0.0,0.0,0.0,0.0,0.0,0.0,0.0,3.0,0.0,0.0,0.0,0.0,0.0,0.0,0.0,0.0,0.0,0,0.0,0.0,0.0,0.0,0.0,0.0,0.0,0.0,0.0,0.0,0.0,0.0,0.0,0.0,0.0,0.0,0.0,0.0,0.0,0.0,0.0,0,0.0,0.0,0.0,0.0,0.0,0.0,0,0.0,0.0,0.0,0.0,0.0,0.0,0.0,0.0,0.0,0.0,0.0,0.0,0.0,0.0,0.0,0.0,0,0,8,0,0.0,0.0,0,0.0,0.0,0.0,0.0
Álvaro Morata,es ESP,FW,Como,32.0,1992.0,26,9,930,0,1,0,1,4,1,0.0,0.1,0.1,0.0,0.1,4.910666534677148,4.149367729201913,0.48196290961934934,0.40724437909288136,10.3,8,0.0,34.8,0.77,0.0,0.0,0.1804072925739962,-4.910666534677148,-4.149367729201913,0.0,0.0,0.0,0.0,0.0,0.0,0.0,0.0,0.0,0.0,0.0,0.0,0.0,0.0,10.0,0.0,0.0,0.0,0.0,0.0,0.0,0.0,0.0,0.0,9,0.0,0.0,0.0,0.0,0.0,0.0,0.0,0.0,0.0,0.0,0.0,0.0,0.0,0.0,0.0,0.0,0.0,0.0,0.0,0.0,0.0,11,0.0,0.0,0.0,0.0,0.0,0.0,1,0.0,0.0,0.0,0.0,0.0,0.0,0.0,0.0,0.0,0.0,0.0,0.0,0.0,0.0,0.0,0.0,1,16,33,9,0.0,0.0,0,0.0,0.0,0.0,0.0
Alberto Moreno,es ESP,DF,Como,33.0,1992.0,19,13,"1,233",2,1,0,0,4,0,0.15,0.07,0.22,0.15,0.22,1.5935251340270042,1.5935251340270042,0.1156590823084116,0.1156590823084116,13.7,4,0.0,36.4,0.29,0.18,0.5,0.1448659212751822,0.40647486597299576,0.40647486597299576,0.0,0.0,0.0,0.0,0.0,0.0,0.0,0.0,0.0,0.0,0.0,0.0,0.0,0.0,15.0,0.0,0.0,0.0,0.0,0.0,0.0,0.0,0.0,0.0,34,0.0,0.0,0.0,0.0,0.0,0.0,0.0,0.0,0.0,0.0,0.0,0.0,0.0,0.0,0.0,0.0,0.0,0.0,0.0,0.0,0.0,12,0.0,0.0,0.0,0.0,0.0,0.0,7,0.0,0.0,0.0,0.0,0.0,0.0,0.0,0.0,0.0,0.0,0.0,0.0,0.0,0.0,0.0,0.0,0,17,12,3,0.0,0.0,0,0.0,0.0,0.0,0.0
Tete Morente,es ESP,"FW,MF",Lecce,28.0,1996.0,16,9,859,0,0,0,0,2,0,0.0,0.0,0.0,0.0,0.0,0.9692354239523412,0.9692354239523412,0.10154969517544903,0.10154969517544903,9.5,2,0.0,14.3,0.21,0.0,0.0,0.06923110171088151,-0.9692354239523412,-0.9692354239523412,0.0,0.0,0.0,0.0,0.0,0.0,0.0,0.0,0.0,0.0,0.0,0.0,0.0,0.0,10.0,0.0,0.0,0.0,0.0,0.0,0.0,0.0,0.0,0.0,29,0.0,0.0,0.0,0.0,0.0,0.0,0.0,0.0,0.0,0.0,0.0,0.0,0.0,0.0,0.0,0.0,0.0,0.0,0.0,0.0,0.0,9,0.0,0.0,0.0,0.0,0.0,0.0,3,0.0,0.0,0.0,0.0,0.0,0.0,0.0,0.0,0.0,0.0,0.0,0.0,0.0,0.0,0.0,0.0,0,13,12,1,0.0,0.0,0,0.0,0.0,0.0,0.0
Stefano Moreo,it ITA,"FW,MF",Pisa,32.0,1993.0,37,29,"2,307",7,1,2,2,2,0,0.27,0.04,0.31,0.2,0.23,6.222204111516476,4.699606470763683,0.2397253296389053,0.18106360546606656,25.6,20,0.0,38.5,0.78,0.1,0.25,0.09037704751468621,0.7777958884835243,0.3003935292363167,0.0,0.0,0.0,0.0,0.0,0.0,0.0,0.0,0.0,0.0,0.0,0.0,0.0,0.0,23.0,0.0,0.0,0.0,0.0,0.0,0.0,0.0,0.0,0.0,28,0.0,0.0,0.0,0.0,0.0,0.0,0.0,0.0,0.0,0.0,0.0,0.0,0.0,0.0,0.0,0.0,0.0,0.0,0.0,0.0,0.0,11,0.0,0.0,0.0,0.0,0.0,0.0,21,0.0,0.0,0.0,0.0,0.0,0.0,0.0,0.0,0.0,0.0,0.0,0.0,0.0,0.0,0.0,0.0,0,22,20,5,0.0,0.0,0,0.0,0.0,0.0,0.0
Luca Moro,it ITA,FW,Sassuolo,24.0,2001.0,14,1,211,0,0,0,0,1,0,0.0,0.0,0.0,0.0,0.0,0.8332867855206132,0.8332867855206132,0.41434149556273586,0.41434149556273586,2.3,1,0.0,16.7,0.43,0.0,0.0,0.1388811309201022,-0.8332867855206132,-0.8332867855206132,0.0,0.0,0.0,0.0,0.0,0.0,0.0,0.0,0.0,0.0,0.0,0.0,0.0,0.0,1.0,0.0,0.0,0.0,0.0,0.0,0.0,0.0,0.0,0.0,0,0.0,0.0,0.0,0.0,0.0,0.0,0.0,0.0,0.0,0.0,0.0,0.0,0.0,0.0,0.0,0.0,0.0,0.0,0.0,0.0,0.0,4,0.0,0.0,0.0,0.0,0.0,0.0,2,0.0,0.0,0.0,0.0,0.0,0.0,0.0,0.0,0.0,0.0,0.0,0.0,0.0,0.0,0.0,0.0,0,7,9,2,0.0,0.0,0,0.0,0.0,0.0,0.0
Nikola Moro,hr CRO,MF,Bologna,27.0,1998.0,30,19,"1,799",2,0,0,0,1,0,0.1,0.0,0.1,0.1,0.1,0.9313860163092612,0.9313860163092612,0.0469869627061847,0.0469869627061847,20.0,2,0.0,9.5,0.1,0.1,1.0,0.044351715062345774,0.06861398369073879,0.06861398369073879,0.0,0.0,0.0,0.0,0.0,0.0,0.0,0.0,0.0,0.0,0.0,0.0,0.0,0.0,26.0,0.0,0.0,0.0,0.0,0.0,0.0,0.0,0.0,0.0,49,0.0,0.0,0.0,0.0,0.0,0.0,0.0,0.0,0.0,0.0,0.0,0.0,0.0,0.0,0.0,0.0,0.0,0.0,0.0,0.0,0.0,8,0.0,0.0,0.0,0.0,0.0,0.0,19,0.0,0.0,0.0,0.0,0.0,0.0,0.0,0.0,0.0,0.0,0.0,0.0,0.0,0.0,0.0,0.0,0,18,17,1,0.0,0.0,0,0.0,0.0,0.0,0.0
Mattia Mosconi,it ITA,FW,Inter,18.0,2007.0,2,0,27,0,0,0,0,0,0,0.0,0.0,0.0,0.0,0.0,0.1723812222480774,0.1723812222480774,0.6464295834302902,0.6464295834302902,0.3,0,0.0,0.0,0.0,0.0,0.0,0.0861906111240387,-0.1723812222480774,-0.1723812222480774,0.0,0.0,0.0,0.0,0.0,0.0,0.0,0.0,0.0,0.0,0.0,0.0,0.0,0.0,0.0,0.0,0.0,0.0,0.0,0.0,0.0,0.0,0.0,0.0,0,0.0,0.0,0.0,0.0,0.0,0.0,0.0,0.0,0.0,0.0,0.0,0.0,0.0,0.0,0.0,0.0,0.0,0.0,0.0,0.0,0.0,0,0.0,0.0,0.0,0.0,0.0,0.0,0,0.0,0.0,0.0,0.0,0.0,0.0,0.0,0.0,0.0,0.0,0.0,0.0,0.0,0.0,0.0,0.0,0,1,2,0,0.0,0.0,0,0.0,0.0,0.0,0.0
Daniel Mosquera,co COL,FW,Hellas Verona,25.0,1999.0,22,5,597,0,2,0,0,1,0,0.0,0.3,0.3,0.0,0.3,1.0957419574260712,1.0957419574260712,0.17454296666963967,0.17454296666963967,6.6,5,0.0,31.3,0.75,0.0,0.0,0.06848387233912945,-1.0957419574260712,-1.0957419574260712,0.0,0.0,0.0,0.0,0.0,0.0,0.0,0.0,0.0,0.0,0.0,0.0,0.0,0.0,5.0,0.0,0.0,0.0,0.0,0.0,0.0,0.0,0.0,0.0,2,0.0,0.0,0.0,0.0,0.0,0.0,0.0,0.0,0.0,0.0,0.0,0.0,0.0,0.0,0.0,0.0,0.0,0.0,0.0,0.0,0.0,2,0.0,0.0,0.0,0.0,0.0,0.0,2,0.0,0.0,0.0,0.0,0.0,0.0,0.0,0.0,0.0,0.0,0.0,0.0,0.0,0.0,0.0,0.0,0,22,6,3,0.0,0.0,0,0.0,0.0,0.0,0.0
Edoardo Motta,it ITA,GK,Lazio,20.0,2005.0,9,9,810,0,0,0,0,1,0,0.0,0.0,0.0,0.0,0.0,0.0,0.0,0.0,0.0,9.0,0,0.0,0.0,0.0,0.0,0.0,,0.0,0.0,0.0,0.0,0.0,0.0,0.0,0.0,0.0,0.0,0.0,0.0,0.0,0.0,0.0,0.0,1.0,0.0,0.0,0.0,0.0,0.0,0.0,0.0,0.0,0.0,0,0.0,0.0,0.0,0.0,0.0,0.0,0.0,0.0,0.0,0.0,0.0,0.0,0.0,0.0,0.0,0.0,0.0,0.0,0.0,0.0,0.0,0,0.0,0.0,0.0,0.0,0.0,0.0,0,0.0,0.0,0.0,0.0,0.0,0.0,0.0,0.0,0.0,0.0,0.0,0.0,0.0,0.0,0.0,0.0,0,1,1,0,0.0,0.0,0,0.0,0.0,0.0,0.0
Tarik Muharemovic,ba BIH,DF,Sassuolo,22.0,2003.0,32,32,"2,835",2,2,0,0,7,0,0.06,0.06,0.13,0.06,0.13,2.834148694295436,2.834148694295436,0.08990954617081046,0.08990954617081046,31.5,7,0.0,35.0,0.22,0.1,0.29,0.14170743471477182,-0.8341486942954361,-0.8341486942954361,0.0,0.0,0.0,0.0,0.0,0.0,0.0,0.0,0.0,0.0,0.0,0.0,0.0,0.0,6.0,0.0,0.0,0.0,0.0,0.0,0.0,0.0,0.0,0.0,2,0.0,0.0,0.0,0.0,0.0,0.0,0.0,0.0,0.0,0.0,0.0,0.0,0.0,0.0,0.0,0.0,0.0,0.0,0.0,0.0,0.0,24,0.0,0.0,0.0,0.0,0.0,0.0,45,0.0,0.0,0.0,0.0,0.0,0.0,0.0,0.0,0.0,0.0,0.0,0.0,0.0,0.0,0.0,0.0,0,24,20,0,0.0,0.0,2,0.0,0.0,0.0,0.0
Arijanet Muric,xk KVX,GK,Sassuolo,26.0,1998.0,32,32,"2,880",0,0,0,0,4,0,0.0,0.0,0.0,0.0,0.0,0.0,0.0,0.0,0.0,32.0,0,0.0,0.0,0.0,0.0,0.0,,0.0,0.0,0.0,0.0,0.0,0.0,0.0,0.0,0.0,0.0,0.0,0.0,0.0,0.0,0.0,0.0,1.0,0.0,0.0,0.0,0.0,0.0,0.0,0.0,0.0,0.0,0,0.0,0.0,0.0,0.0,0.0,0.0,0.0,0.0,0.0,0.0,0.0,0.0,0.0,0.0,0.0,0.0,0.0,0.0,0.0,0.0,0.0,0,0.0,0.0,0.0,0.0,0.0,0.0,0,0.0,0.0,0.0,0.0,0.0,0.0,0.0,0.0,0.0,0.0,0.0,0.0,0.0,0.0,0.0,0.0,0,1,3,0,0.0,0.0,0,0.0,0.0,0.0,0.0
Yunus Musah,us USA,MF,Milan,22.0,2002.0,1,1,90,0,0,0,0,0,0,0.0,0.0,0.0,0.0,0.0,0.7452922910451889,0.7452922910451889,0.10766662310444142,0.10766662310444142,1.0,0,0.0,0.0,0.0,0.0,0.0,0.10647032729216985,0.2547077089548111,0.2547077089548111,0.0,0.0,0.0,0.0,0.0,0.0,0.0,0.0,0.0,0.0,0.0,0.0,0.0,0.0,4.0,0.0,0.0,0.0,0.0,0.0,0.0,0.0,0.0,0.0,1,0.0,0.0,0.0,0.0,0.0,0.0,0.0,0.0,0.0,0.0,0.0,0.0,0.0,0.0,0.0,0.0,0.0,0.0,0.0,0.0,0.0,1,0.0,0.0,0.0,0.0,0.0,0.0,0,0.0,0.0,0.0,0.0,0.0,0.0,0.0,0.0,0.0,0.0,0.0,0.0,0.0,0.0,0.0,0.0,0,2,2,1,0.0,0.0,0,0.0,0.0,0.0,0.0
Yunus Musah,us USA,MF,Atalanta,22.0,2002.0,19,4,574,1,0,0,0,1,0,0.16,0.0,0.16,0.16,0.16,0.7452922910451889,0.7452922910451889,0.10766662310444142,0.10766662310444142,6.4,2,0.0,28.6,0.31,0.14,0.5,0.10647032729216985,0.2547077089548111,0.2547077089548111,0.0,0.0,0.0,0.0,0.0,0.0,0.0,0.0,0.0,0.0,0.0,0.0,0.0,0.0,4.0,0.0,0.0,0.0,0.0,0.0,0.0,0.0,0.0,0.0,10,0.0,0.0,0.0,0.0,0.0,0.0,0.0,0.0,0.0,0.0,0.0,0.0,0.0,0.0,0.0,0.0,0.0,0.0,0.0,0.0,0.0,5,0.0,0.0,0.0,0.0,0.0,0.0,5,0.0,0.0,0.0,0.0,0.0,0.0,0.0,0.0,0.0,0.0,0.0,0.0,0.0,0.0,0.0,0.0,0,7,16,2,0.0,0.0,0,0.0,0.0,0.0,0.0
Cheveyo Muy,nl NED,FW,Milan,18.0,2006.0,2,0,5,0,0,0,0,0,0,0.0,0.0,0.0,0.0,0.0,0.0,0.0,0.0,0.0,0.1,0,0.0,0.0,0.0,0.0,0.0,0.0,0.0,0.0,0.0,0.0,0.0,0.0,0.0,0.0,0.0,0.0,0.0,0.0,0.0,0.0,0.0,0.0,0.0,0.0,0.0,0.0,0.0,0.0,0.0,0.0,0.0,0.0,0,0.0,0.0,0.0,0.0,0.0,0.0,0.0,0.0,0.0,0.0,0.0,0.0,0.0,0.0,0.0,0.0,0.0,0.0,0.0,0.0,0.0,0,0.0,0.0,0.0,0.0,0.0,0.0,0,0.0,0.0,0.0,0.0,0.0,0.0,0.0,0.0,0.0,0.0,0.0,0.0,0.0,0.0,0.0,0.0,0,0,0,0,0.0,0.0,0,0.0,0.0,0.0,0.0
Obite N'Dicka,ci CIV,DF,Roma,25.0,1999.0,31,31,"2,680",3,0,0,0,5,0,0.1,0.0,0.1,0.1,0.1,0.0,0.0,0.0,0.0,29.8,6,0.0,26.1,0.2,0.13,0.5,0.0,0.0,0.0,0.0,0.0,0.0,0.0,0.0,0.0,0.0,0.0,0.0,0.0,0.0,0.0,0.0,0.0,0.0,0.0,0.0,0.0,0.0,0.0,0.0,0.0,0.0,0.0,2,0.0,0.0,0.0,0.0,0.0,0.0,0.0,0.0,0.0,0.0,0.0,0.0,0.0,0.0,0.0,0.0,0.0,0.0,0.0,0.0,0.0,16,0.0,0.0,0.0,0.0,0.0,0.0,45,0.0,0.0,0.0,0.0,0.0,0.0,0.0,0.0,0.0,0.0,0.0,0.0,0.0,0.0,0.0,0.0,0,32,35,0,0.0,0.0,0,0.0,0.0,0.0,0.0
Konan N'dri,ne NIG,MF,Lecce,24.0,2000.0,27,1,544,2,0,0,0,3,0,0.33,0.0,0.33,0.33,0.33,0.0,0.0,0.0,0.0,6.0,5,0.0,26.3,0.83,0.11,0.4,0.0,0.0,0.0,0.0,0.0,0.0,0.0,0.0,0.0,0.0,0.0,0.0,0.0,0.0,0.0,0.0,0.0,0.0,0.0,0.0,0.0,0.0,0.0,0.0,0.0,0.0,0.0,23,0.0,0.0,0.0,0.0,0.0,0.0,0.0,0.0,0.0,0.0,0.0,0.0,0.0,0.0,0.0,0.0,0.0,0.0,0.0,0.0,0.0,4,0.0,0.0,0.0,0.0,0.0,0.0,2,0.0,0.0,0.0,0.0,0.0,0.0,0.0,0.0,0.0,0.0,0.0,0.0,0.0,0.0,0.0,0.0,0,9,18,2,0.0,0.0,0,0.0,0.0,0.0,0.0
Corrie Ndaba,ie IRL,DF,Lecce,25.0,1999.0,14,6,543,0,0,0,0,0,0,0.0,0.0,0.0,0.0,0.0,0.1293806582689285,0.1293806582689285,0.021846640233027327,0.021846640233027327,6.0,0,0.0,0.0,0.0,0.0,0.0,0.06469032913446425,-0.1293806582689285,-0.1293806582689285,0.0,0.0,0.0,0.0,0.0,0.0,0.0,0.0,0.0,0.0,0.0,0.0,0.0,0.0,2.0,0.0,0.0,0.0,0.0,0.0,0.0,0.0,0.0,0.0,4,0.0,0.0,0.0,0.0,0.0,0.0,0.0,0.0,0.0,0.0,0.0,0.0,0.0,0.0,0.0,0.0,0.0,0.0,0.0,0.0,0.0,4,0.0,0.0,0.0,0.0,0.0,0.0,3,0.0,0.0,0.0,0.0,0.0,0.0,0.0,0.0,0.0,0.0,0.0,0.0,0.0,0.0,0.0,0.0,0,2,0,0,0.0,0.0,0,0.0,0.0,0.0,0.0
Michel Ndary Adopo,fr FRA,MF,Cagliari,25.0,2000.0,38,33,"3,050",1,2,0,0,4,0,0.03,0.06,0.09,0.03,0.09,0.0,0.0,0.0,0.0,33.9,11,0.0,39.3,0.32,0.04,0.09,0.0,0.0,0.0,0.0,0.0,0.0,0.0,0.0,0.0,0.0,0.0,0.0,0.0,0.0,0.0,0.0,0.0,0.0,0.0,0.0,0.0,0.0,0.0,0.0,0.0,0.0,0.0,26,0.0,0.0,0.0,0.0,0.0,0.0,0.0,0.0,0.0,0.0,0.0,0.0,0.0,0.0,0.0,0.0,0.0,0.0,0.0,0.0,0.0,32,0.0,0.0,0.0,0.0,0.0,0.0,31,0.0,0.0,0.0,0.0,0.0,0.0,0.0,0.0,0.0,0.0,0.0,0.0,0.0,0.0,0.0,0.0,0,35,25,5,0.0,0.0,0,0.0,0.0,0.0,0.0
Abdoulaye Ndiaye,sn SEN,DF,Parma,23.0,2002.0,11,9,780,0,0,0,0,5,1,0.0,0.0,0.0,0.0,0.0,0.0,0.0,0.0,0.0,8.7,0,0.0,0.0,0.0,0.0,0.0,0.0,0.0,0.0,0.0,0.0,0.0,0.0,0.0,0.0,0.0,0.0,0.0,0.0,0.0,0.0,0.0,0.0,0.0,0.0,0.0,0.0,0.0,0.0,0.0,0.0,0.0,0.0,0,0.0,0.0,0.0,0.0,0.0,0.0,0.0,0.0,0.0,0.0,0.0,0.0,0.0,0.0,0.0,0.0,0.0,0.0,0.0,0.0,0.0,10,0.0,0.0,0.0,0.0,0.0,0.0,11,0.0,0.0,0.0,0.0,0.0,0.0,0.0,0.0,0.0,0.0,0.0,0.0,0.0,0.0,0.0,0.0,1,13,12,0,0.0,0.0,0,0.0,0.0,0.0,0.0
Cher Ndour,it ITA,MF,Fiorentina,21.0,2004.0,33,20,"1,876",3,0,0,0,2,0,0.14,0.0,0.14,0.14,0.14,2.6130376681685448,2.6130376681685448,0.12542580807209017,0.12542580807209017,20.8,8,0.0,33.3,0.38,0.13,0.38,0.1088765695070227,0.38696233183145523,0.38696233183145523,0.0,0.0,0.0,0.0,0.0,0.0,0.0,0.0,0.0,0.0,0.0,0.0,0.0,0.0,7.0,0.0,0.0,0.0,0.0,0.0,0.0,0.0,0.0,0.0,20,0.0,0.0,0.0,0.0,0.0,0.0,0.0,0.0,0.0,0.0,0.0,0.0,0.0,0.0,0.0,0.0,0.0,0.0,0.0,0.0,0.0,17,0.0,0.0,0.0,0.0,0.0,0.0,15,0.0,0.0,0.0,0.0,0.0,0.0,0.0,0.0,0.0,0.0,0.0,0.0,0.0,0.0,0.0,0.0,0,26,23,1,0.0,0.0,0,0.0,0.0,0.0,0.0
Victor Nelsson,dk DEN,DF,Hellas Verona,26.0,1998.0,38,37,"3,315",0,0,0,0,4,0,0.0,0.0,0.0,0.0,0.0,0.4676975440233946,0.4676975440233946,0.012693841665291168,0.012693841665291168,36.8,1,0.0,12.5,0.03,0.0,0.0,0.04676975440233946,-0.4676975440233946,-0.4676975440233946,0.0,0.0,0.0,0.0,0.0,0.0,0.0,0.0,0.0,0.0,0.0,0.0,0.0,0.0,3.0,0.0,0.0,0.0,0.0,0.0,0.0,0.0,0.0,0.0,5,0.0,0.0,0.0,0.0,0.0,0.0,0.0,0.0,0.0,0.0,0.0,0.0,0.0,0.0,0.0,0.0,0.0,0.0,0.0,0.0,0.0,45,0.0,0.0,0.0,0.0,0.0,0.0,75,0.0,0.0,0.0,0.0,0.0,0.0,0.0,0.0,0.0,0.0,0.0,0.0,0.0,0.0,0.0,0.0,0,44,20,0,0.0,0.0,1,0.0,0.0,0.0,0.0
David Neres,br BRA,"FW,MF",Napoli,28.0,1997.0,16,10,922,3,3,0,0,3,0,0.29,0.29,0.59,0.29,0.59,1.484556145966053,1.484556145966053,0.1433584261126017,0.1433584261126017,10.2,4,0.0,23.5,0.39,0.18,0.75,0.08732683211565018,1.515443854033947,1.515443854033947,0.0,0.0,0.0,0.0,0.0,0.0,0.0,0.0,0.0,0.0,0.0,0.0,0.0,0.0,19.0,0.0,0.0,0.0,0.0,0.0,0.0,0.0,0.0,0.0,53,0.0,0.0,0.0,0.0,0.0,0.0,0.0,0.0,0.0,0.0,0.0,0.0,0.0,0.0,0.0,0.0,0.0,0.0,0.0,0.0,0.0,5,0.0,0.0,0.0,0.0,0.0,0.0,1,0.0,0.0,0.0,0.0,0.0,0.0,0.0,0.0,0.0,0.0,0.0,0.0,0.0,0.0,0.0,0.0,0,19,7,0,0.0,0.0,0,0.0,0.0,0.0,0.0
Oumar Ngom,mr MTN,MF,Lecce,21.0,2004.0,15,10,842,0,0,0,0,1,0,0.0,0.0,0.0,0.0,0.0,0.2407711967825889,0.2407711967825889,0.025583716305115703,0.025583716305115703,9.4,2,0.0,40.0,0.21,0.0,0.0,0.04815423935651778,-0.2407711967825889,-0.2407711967825889,0.0,0.0,0.0,0.0,0.0,0.0,0.0,0.0,0.0,0.0,0.0,0.0,0.0,0.0,4.0,0.0,0.0,0.0,0.0,0.0,0.0,0.0,0.0,0.0,3,0.0,0.0,0.0,0.0,0.0,0.0,0.0,0.0,0.0,0.0,0.0,0.0,0.0,0.0,0.0,0.0,0.0,0.0,0.0,0.0,0.0,15,0.0,0.0,0.0,0.0,0.0,0.0,12,0.0,0.0,0.0,0.0,0.0,0.0,0.0,0.0,0.0,0.0,0.0,0.0,0.0,0.0,0.0,0.0,0,15,6,0,0.0,0.0,0,0.0,0.0,0.0,0.0
Cyril Ngonge,be BEL,FW,Torino,25.0,2000.0,20,11,994,1,1,0,0,2,0,0.09,0.09,0.18,0.09,0.18,2.7625477351248264,2.7625477351248264,0.2519040487955769,0.2519040487955769,11.0,12,0.0,50.0,1.09,0.04,0.08,0.1151061556302011,-1.7625477351248264,-1.7625477351248264,0.0,0.0,0.0,0.0,0.0,0.0,0.0,0.0,0.0,0.0,0.0,0.0,0.0,0.0,12.0,0.0,0.0,0.0,0.0,0.0,0.0,0.0,0.0,0.0,19,0.0,0.0,0.0,0.0,0.0,0.0,0.0,0.0,0.0,0.0,0.0,0.0,0.0,0.0,0.0,0.0,0.0,0.0,0.0,0.0,0.0,4,0.0,0.0,0.0,0.0,0.0,0.0,2,0.0,0.0,0.0,0.0,0.0,0.0,0.0,0.0,0.0,0.0,0.0,0.0,0.0,0.0,0.0,0.0,0,20,18,6,0.0,0.0,0,0.0,0.0,0.0,0.0
Mikayil Ngor Faye,sn SEN,"MF,DF",Cremonese,21.0,2004.0,8,2,254,0,0,0,0,1,0,0.0,0.0,0.0,0.0,0.0,0.0,0.0,0.0,0.0,2.8,0,0.0,0.0,0.0,0.0,0.0,0.0,0.0,0.0,0.0,0.0,0.0,0.0,0.0,0.0,0.0,0.0,0.0,0.0,0.0,0.0,0.0,0.0,0.0,0.0,0.0,0.0,0.0,0.0,0.0,0.0,0.0,0.0,6,0.0,0.0,0.0,0.0,0.0,0.0,0.0,0.0,0.0,0.0,0.0,0.0,0.0,0.0,0.0,0.0,0.0,0.0,0.0,0.0,0.0,6,0.0,0.0,0.0,0.0,0.0,0.0,5,0.0,0.0,0.0,0.0,0.0,0.0,0.0,0.0,0.0,0.0,0.0,0.0,0.0,0.0,0.0,0.0,0,2,4,0,0.0,0.0,0,0.0,0.0,0.0,0.0
Cheikh Niasse,sn SEN,MF,Hellas Verona,25.0,2000.0,19,11,970,0,1,0,0,1,0,0.0,0.09,0.09,0.0,0.09,0.1757795037701726,0.1757795037701726,0.016259152455617196,0.016259152455617196,10.8,1,0.0,16.7,0.09,0.0,0.0,0.029296583961695433,-0.1757795037701726,-0.1757795037701726,0.0,0.0,0.0,0.0,0.0,0.0,0.0,0.0,0.0,0.0,0.0,0.0,0.0,0.0,11.0,0.0,0.0,0.0,0.0,0.0,0.0,0.0,0.0,0.0,14,0.0,0.0,0.0,0.0,0.0,0.0,0.0,0.0,0.0,0.0,0.0,0.0,0.0,0.0,0.0,0.0,0.0,0.0,0.0,0.0,0.0,14,0.0,0.0,0.0,0.0,0.0,0.0,15,0.0,0.0,0.0,0.0,0.0,0.0,0.0,0.0,0.0,0.0,0.0,0.0,0.0,0.0,0.0,0.0,0,20,15,2,0.0,0.0,0,0.0,0.0,0.0,0.0
Hans Nicolussi Caviglia,it ITA,MF,Fiorentina,25.0,2000.0,11,7,585,0,1,0,0,4,0,0.0,0.15,0.15,0.0,0.15,0.8566823797300458,0.8566823797300458,0.05295426797781877,0.05295426797781877,6.5,1,0.0,25.0,0.15,0.0,0.0,0.04283411898650229,-0.8566823797300458,-0.8566823797300458,0.0,0.0,0.0,0.0,0.0,0.0,0.0,0.0,0.0,0.0,0.0,0.0,0.0,0.0,19.0,0.0,0.0,0.0,0.0,0.0,0.0,0.0,0.0,0.0,30,0.0,0.0,0.0,0.0,0.0,0.0,0.0,0.0,0.0,0.0,0.0,0.0,0.0,0.0,0.0,0.0,0.0,0.0,0.0,0.0,0.0,7,0.0,0.0,0.0,0.0,0.0,0.0,3,0.0,0.0,0.0,0.0,0.0,0.0,0.0,0.0,0.0,0.0,0.0,0.0,0.0,0.0,0.0,0.0,0,15,15,0,0.0,0.0,0,0.0,0.0,0.0,0.0
Hans Nicolussi Caviglia,it ITA,MF,Parma,25.0,2000.0,15,10,869,0,3,0,0,0,0,0.0,0.31,0.31,0.0,0.31,0.8566823797300458,0.8566823797300458,0.05295426797781877,0.05295426797781877,9.7,2,0.0,12.5,0.21,0.0,0.0,0.04283411898650229,-0.8566823797300458,-0.8566823797300458,0.0,0.0,0.0,0.0,0.0,0.0,0.0,0.0,0.0,0.0,0.0,0.0,0.0,0.0,19.0,0.0,0.0,0.0,0.0,0.0,0.0,0.0,0.0,0.0,23,0.0,0.0,0.0,0.0,0.0,0.0,0.0,0.0,0.0,0.0,0.0,0.0,0.0,0.0,0.0,0.0,0.0,0.0,0.0,0.0,0.0,8,0.0,0.0,0.0,0.0,0.0,0.0,3,0.0,0.0,0.0,0.0,0.0,0.0,0.0,0.0,0.0,0.0,0.0,0.0,0.0,0.0,0.0,0.0,0,8,9,0,0.0,0.0,0,0.0,0.0,0.0,0.0
Oliver Nielsen,dk DEN,DF,Lazio,22.0,2003.0,26,13,"1,536",0,0,0,0,3,0,0.0,0.0,0.0,0.0,0.0,0.0,0.0,0.0,0.0,17.1,2,0.0,33.3,0.12,0.0,0.0,0.0,0.0,0.0,0.0,0.0,0.0,0.0,0.0,0.0,0.0,0.0,0.0,0.0,0.0,0.0,0.0,0.0,0.0,0.0,0.0,0.0,0.0,0.0,0.0,0.0,0.0,0.0,2,0.0,0.0,0.0,0.0,0.0,0.0,0.0,0.0,0.0,0.0,0.0,0.0,0.0,0.0,0.0,0.0,0.0,0.0,0.0,0.0,0.0,6,0.0,0.0,0.0,0.0,0.0,0.0,16,0.0,0.0,0.0,0.0,0.0,0.0,0.0,0.0,0.0,0.0,0.0,0.0,0.0,0.0,0.0,0.0,0,14,9,0,0.0,0.0,0,0.0,0.0,0.0,0.0
Alieu Njie,se SWE,"MF,FW",Torino,20.0,2005.0,15,2,299,1,1,0,0,2,0,0.3,0.3,0.6,0.3,0.6,1.2113833390176296,1.2113833390176296,0.40986654327664157,0.40986654327664157,3.3,3,0.0,50.0,0.9,0.17,0.33,0.2422766678035259,-0.21138333901762962,-0.21138333901762962,0.0,0.0,0.0,0.0,0.0,0.0,0.0,0.0,0.0,0.0,0.0,0.0,0.0,0.0,3.0,0.0,0.0,0.0,0.0,0.0,0.0,0.0,0.0,0.0,4,0.0,0.0,0.0,0.0,0.0,0.0,0.0,0.0,0.0,0.0,0.0,0.0,0.0,0.0,0.0,0.0,0.0,0.0,0.0,0.0,0.0,2,0.0,0.0,0.0,0.0,0.0,0.0,0,0.0,0.0,0.0,0.0,0.0,0.0,0.0,0.0,0.0,0.0,0.0,0.0,0.0,0.0,0.0,0.0,0,8,8,0,0.0,0.0,0,0.0,0.0,0.0,0.0
Niels Nkounkou,fr FRA,"MF,DF",Torino,24.0,2000.0,11,3,355,0,1,0,0,3,0,0.0,0.25,0.25,0.0,0.25,0.2177513688802719,0.2177513688802719,0.05764006823301315,0.05764006823301315,3.9,1,0.0,25.0,0.25,0.0,0.0,0.05443784222006798,-0.2177513688802719,-0.2177513688802719,0.0,0.0,0.0,0.0,0.0,0.0,0.0,0.0,0.0,0.0,0.0,0.0,0.0,0.0,7.0,0.0,0.0,0.0,0.0,0.0,0.0,0.0,0.0,0.0,20,0.0,0.0,0.0,0.0,0.0,0.0,0.0,0.0,0.0,0.0,0.0,0.0,0.0,0.0,0.0,0.0,0.0,0.0,0.0,0.0,0.0,11,0.0,0.0,0.0,0.0,0.0,0.0,8,0.0,0.0,0.0,0.0,0.0,0.0,0.0,0.0,0.0,0.0,0.0,0.0,0.0,0.0,0.0,0.0,0,4,3,0,0.0,0.0,0,0.0,0.0,0.0,0.0
Christopher Nkunku,fr FRA,FW,Milan,27.0,1997.0,32,15,"1,356",7,3,5,5,0,0,0.46,0.2,0.66,0.13,0.33,9.940500289201736,6.134006172418594,0.6661541519196994,0.41106519398188646,15.1,16,0.0,55.2,1.06,0.07,0.13,0.21151745422133084,-2.9405002892017365,-4.134006172418594,0.0,0.0,0.0,0.0,0.0,0.0,0.0,0.0,0.0,0.0,0.0,0.0,0.0,0.0,16.0,0.0,0.0,0.0,0.0,0.0,0.0,0.0,0.0,0.0,17,0.0,0.0,0.0,0.0,0.0,0.0,0.0,0.0,0.0,0.0,0.0,0.0,0.0,0.0,0.0,0.0,0.0,0.0,0.0,0.0,0.0,2,0.0,0.0,0.0,0.0,0.0,0.0,2,0.0,0.0,0.0,0.0,0.0,0.0,0.0,0.0,0.0,0.0,0.0,0.0,0.0,0.0,0.0,0.0,0,9,22,8,0.0,0.0,0,0.0,0.0,0.0,0.0
Brooke Norton-Cuffy,eng ENG,"MF,DF",Genoa,21.0,2004.0,27,25,"2,212",2,1,0,0,5,1,0.08,0.04,0.12,0.08,0.12,2.006999369710684,2.006999369710684,0.08132820498602501,0.08132820498602501,24.6,6,0.0,40.0,0.24,0.13,0.33,0.13379995798071226,-0.006999369710683823,-0.006999369710683823,0.0,0.0,0.0,0.0,0.0,0.0,0.0,0.0,0.0,0.0,0.0,0.0,0.0,0.0,21.0,0.0,0.0,0.0,0.0,0.0,0.0,0.0,0.0,0.0,80,0.0,0.0,0.0,0.0,0.0,0.0,0.0,0.0,0.0,0.0,0.0,0.0,0.0,0.0,0.0,0.0,0.0,0.0,0.0,0.0,0.0,31,0.0,0.0,0.0,0.0,0.0,0.0,11,0.0,0.0,0.0,0.0,0.0,0.0,0.0,0.0,0.0,0.0,0.0,0.0,0.0,0.0,0.0,0.0,1,23,16,0,0.0,0.0,0,0.0,0.0,0.0,0.0
Tijjani Noslin,nl NED,FW,Lazio,26.0,1999.0,29,9,"1,148",4,2,0,0,6,1,0.31,0.16,0.47,0.31,0.47,4.319302462972701,4.319302462972701,0.34926974094118873,0.34926974094118873,12.8,13,0.0,37.1,1.02,0.11,0.31,0.12340864179922002,-0.3193024629727006,-0.3193024629727006,0.0,0.0,0.0,0.0,0.0,0.0,0.0,0.0,0.0,0.0,0.0,0.0,0.0,0.0,17.0,0.0,0.0,0.0,0.0,0.0,0.0,0.0,0.0,0.0,10,0.0,0.0,0.0,0.0,0.0,0.0,0.0,0.0,0.0,0.0,0.0,0.0,0.0,0.0,0.0,0.0,0.0,0.0,0.0,0.0,0.0,6,0.0,0.0,0.0,0.0,0.0,0.0,3,0.0,0.0,0.0,0.0,0.0,0.0,0.0,0.0,0.0,0.0,0.0,0.0,0.0,0.0,0.0,0.0,1,19,23,5,0.0,0.0,0,0.0,0.0,0.0,0.0
Unai Núñez,es ESP,DF,Hellas Verona,28.0,1997.0,17,15,"1,265",0,0,0,0,6,0,0.0,0.0,0.0,0.0,0.0,0.2986309919506311,0.2986309919506311,0.021280118191256372,0.021280118191256372,14.1,1,0.0,14.3,0.07,0.0,0.0,0.04266157027866158,-0.2986309919506311,-0.2986309919506311,0.0,0.0,0.0,0.0,0.0,0.0,0.0,0.0,0.0,0.0,0.0,0.0,0.0,0.0,5.0,0.0,0.0,0.0,0.0,0.0,0.0,0.0,0.0,0.0,11,0.0,0.0,0.0,0.0,0.0,0.0,0.0,0.0,0.0,0.0,0.0,0.0,0.0,0.0,0.0,0.0,0.0,0.0,0.0,0.0,0.0,18,0.0,0.0,0.0,0.0,0.0,0.0,23,0.0,0.0,0.0,0.0,0.0,0.0,0.0,0.0,0.0,0.0,0.0,0.0,0.0,0.0,0.0,0.0,0,27,10,0,0.0,0.0,1,0.0,0.0,0.0,0.0
Joi Nuredini,al ALB,FW,Genoa,17.0,2007.0,1,0,2,0,0,0,0,0,0,0.0,0.0,0.0,0.0,0.0,0.0,0.0,0.0,0.0,0.0,0,0.0,0.0,0.0,0.0,0.0,,0.0,0.0,0.0,0.0,0.0,0.0,0.0,0.0,0.0,0.0,0.0,0.0,0.0,0.0,0.0,0.0,0.0,0.0,0.0,0.0,0.0,0.0,0.0,0.0,0.0,0.0,0,0.0,0.0,0.0,0.0,0.0,0.0,0.0,0.0,0.0,0.0,0.0,0.0,0.0,0.0,0.0,0.0,0.0,0.0,0.0,0.0,0.0,0,0.0,0.0,0.0,0.0,0.0,0.0,0,0.0,0.0,0.0,0.0,0.0,0.0,0.0,0.0,0.0,0.0,0.0,0.0,0.0,0.0,0.0,0.0,0,0,0,0,0.0,0.0,0,0.0,0.0,0.0,0.0
M'Bala Nzola,ao ANG,FW,Sassuolo,28.0,1996.0,14,4,473,1,1,0,0,1,0,0.19,0.19,0.38,0.19,0.38,0.0,0.0,0.0,0.0,5.3,4,0.0,36.4,0.76,0.09,0.25,0.0,0.0,0.0,0.0,0.0,0.0,0.0,0.0,0.0,0.0,0.0,0.0,0.0,0.0,0.0,0.0,0.0,0.0,0.0,0.0,0.0,0.0,0.0,0.0,0.0,0.0,0.0,0,0.0,0.0,0.0,0.0,0.0,0.0,0.0,0.0,0.0,0.0,0.0,0.0,0.0,0.0,0.0,0.0,0.0,0.0,0.0,0.0,0.0,2,0.0,0.0,0.0,0.0,0.0,0.0,1,0.0,0.0,0.0,0.0,0.0,0.0,0.0,0.0,0.0,0.0,0.0,0.0,0.0,0.0,0.0,0.0,0,11,9,4,0.0,0.0,0,0.0,0.0,0.0,0.0
M'Bala Nzola,ao ANG,FW,Pisa,28.0,1996.0,16,11,"1,052",3,0,2,3,1,1,0.26,0.0,0.26,0.09,0.09,0.0,0.0,0.0,0.0,11.7,7,0.0,25.0,0.6,0.04,0.14,0.0,0.0,0.0,0.0,0.0,0.0,0.0,0.0,0.0,0.0,0.0,0.0,0.0,0.0,0.0,0.0,0.0,0.0,0.0,0.0,0.0,0.0,0.0,0.0,0.0,0.0,0.0,7,0.0,0.0,0.0,0.0,0.0,0.0,0.0,0.0,0.0,0.0,0.0,0.0,0.0,0.0,0.0,0.0,0.0,0.0,0.0,0.0,0.0,2,0.0,0.0,0.0,0.0,0.0,0.0,1,0.0,0.0,0.0,0.0,0.0,0.0,0.0,0.0,0.0,0.0,0.0,0.0,0.0,0.0,0.0,0.0,0,18,17,11,0.0,0.0,0,0.0,0.0,0.0,0.0
Adam Obert,sk SVK,"DF,MF",Cagliari,22.0,2002.0,35,33,"2,771",0,3,0,0,10,1,0.0,0.1,0.1,0.0,0.1,1.3562092930078506,1.3562092930078506,0.04339098342364257,0.04339098342364257,30.8,3,0.0,30.0,0.1,0.0,0.0,0.13562092930078506,-1.3562092930078506,-1.3562092930078506,0.0,0.0,0.0,0.0,0.0,0.0,0.0,0.0,0.0,0.0,0.0,0.0,0.0,0.0,26.0,0.0,0.0,0.0,0.0,0.0,0.0,0.0,0.0,0.0,69,0.0,0.0,0.0,0.0,0.0,0.0,0.0,0.0,0.0,0.0,0.0,0.0,0.0,0.0,0.0,0.0,0.0,0.0,0.0,0.0,0.0,32,0.0,0.0,0.0,0.0,0.0,0.0,44,0.0,0.0,0.0,0.0,0.0,0.0,0.0,0.0,0.0,0.0,0.0,0.0,0.0,0.0,0.0,0.0,1,40,13,0,0.0,0.0,0,0.0,0.0,0.0,0.0
Rafel Obrador,es ESP,MF,Torino,21.0,2004.0,16,14,"1,116",1,3,0,0,1,0,0.08,0.24,0.32,0.08,0.32,0.0,0.0,0.0,0.0,12.4,2,0.0,28.6,0.16,0.14,0.5,0.0,0.0,0.0,0.0,0.0,0.0,0.0,0.0,0.0,0.0,0.0,0.0,0.0,0.0,0.0,0.0,0.0,0.0,0.0,0.0,0.0,0.0,0.0,0.0,0.0,0.0,0.0,58,0.0,0.0,0.0,0.0,0.0,0.0,0.0,0.0,0.0,0.0,0.0,0.0,0.0,0.0,0.0,0.0,0.0,0.0,0.0,0.0,0.0,8,0.0,0.0,0.0,0.0,0.0,0.0,12,0.0,0.0,0.0,0.0,0.0,0.0,0.0,0.0,0.0,0.0,0.0,0.0,0.0,0.0,0.0,0.0,0,7,5,1,0.0,0.0,0,0.0,0.0,0.0,0.0
Cas Odenthal,nl NED,DF,Sassuolo,24.0,2000.0,1,0,1,0,0,0,0,0,0,0.0,0.0,0.0,0.0,0.0,0.0,0.0,0.0,0.0,0.0,0,0.0,0.0,0.0,0.0,0.0,,0.0,0.0,0.0,0.0,0.0,0.0,0.0,0.0,0.0,0.0,0.0,0.0,0.0,0.0,0.0,0.0,0.0,0.0,0.0,0.0,0.0,0.0,0.0,0.0,0.0,0.0,0,0.0,0.0,0.0,0.0,0.0,0.0,0.0,0.0,0.0,0.0,0.0,0.0,0.0,0.0,0.0,0.0,0.0,0.0,0.0,0.0,0.0,0,0.0,0.0,0.0,0.0,0.0,0.0,0,0.0,0.0,0.0,0.0,0.0,0.0,0.0,0.0,0.0,0.0,0.0,0.0,0.0,0.0,0.0,0.0,0,0,0,0,0.0,0.0,0,0.0,0.0,0.0,0.0
Jens Odgaard,dk DEN,MF,Bologna,26.0,1999.0,26,16,"1,378",5,1,0,0,1,0,0.33,0.07,0.39,0.33,0.39,2.728798510506749,2.728798510506749,0.17655777566183137,0.17655777566183137,15.3,13,0.0,37.1,0.85,0.14,0.38,0.07796567172876426,2.271201489493251,2.271201489493251,0.0,0.0,0.0,0.0,0.0,0.0,0.0,0.0,0.0,0.0,0.0,0.0,0.0,0.0,14.0,0.0,0.0,0.0,0.0,0.0,0.0,0.0,0.0,0.0,15,0.0,0.0,0.0,0.0,0.0,0.0,0.0,0.0,0.0,0.0,0.0,0.0,0.0,0.0,0.0,0.0,0.0,0.0,0.0,0.0,0.0,12,0.0,0.0,0.0,0.0,0.0,0.0,4,0.0,0.0,0.0,0.0,0.0,0.0,0.0,0.0,0.0,0.0,0.0,0.0,0.0,0.0,0.0,0.0,0,28,28,5,0.0,0.0,0,0.0,0.0,0.0,0.0
David Odogu,de GER,DF,Milan,19.0,2006.0,2,0,6,0,0,0,0,0,0,0.0,0.0,0.0,0.0,0.0,0.0,0.0,0.0,0.0,0.1,0,0.0,0.0,0.0,0.0,0.0,,0.0,0.0,0.0,0.0,0.0,0.0,0.0,0.0,0.0,0.0,0.0,0.0,0.0,0.0,0.0,0.0,0.0,0.0,0.0,0.0,0.0,0.0,0.0,0.0,0.0,0.0,0,0.0,0.0,0.0,0.0,0.0,0.0,0.0,0.0,0.0,0.0,0.0,0.0,0.0,0.0,0.0,0.0,0.0,0.0,0.0,0.0,0.0,0,0.0,0.0,0.0,0.0,0.0,0.0,0,0.0,0.0,0.0,0.0,0.0,0.0,0.0,0.0,0.0,0.0,0.0,0.0,0.0,0.0,0.0,0.0,0,0,0,0,0.0,0.0,0,0.0,0.0,0.0,0.0
David Okereke,ng NGA,"FW,MF",Cremonese,27.0,1997.0,10,3,403,2,0,0,0,0,1,0.45,0.0,0.45,0.45,0.45,0.6929049175232649,0.6929049175232649,0.15708171933776785,0.15708171933776785,4.5,5,0.0,62.5,1.12,0.25,0.4,0.08661311469040811,1.3070950824767351,1.3070950824767351,0.0,0.0,0.0,0.0,0.0,0.0,0.0,0.0,0.0,0.0,0.0,0.0,0.0,0.0,3.0,0.0,0.0,0.0,0.0,0.0,0.0,0.0,0.0,0.0,5,0.0,0.0,0.0,0.0,0.0,0.0,0.0,0.0,0.0,0.0,0.0,0.0,0.0,0.0,0.0,0.0,0.0,0.0,0.0,0.0,0.0,0,0.0,0.0,0.0,0.0,0.0,0.0,1,0.0,0.0,0.0,0.0,0.0,0.0,0.0,0.0,0.0,0.0,0.0,0.0,0.0,0.0,0.0,0.0,0,1,4,2,0.0,0.0,0,0.0,0.0,0.0,0.0
Maduka Okoye,ng NGA,GK,Udinese,25.0,1999.0,30,30,"2,616",0,0,0,0,1,1,0.0,0.0,0.0,0.0,0.0,0.0,0.0,0.0,0.0,29.1,0,0.0,0.0,0.0,0.0,0.0,,0.0,0.0,0.0,0.0,0.0,0.0,0.0,0.0,0.0,0.0,0.0,0.0,0.0,0.0,0.0,0.0,2.0,0.0,0.0,0.0,0.0,0.0,0.0,0.0,0.0,0.0,0,0.0,0.0,0.0,0.0,0.0,0.0,0.0,0.0,0.0,0.0,0.0,0.0,0.0,0.0,0.0,0.0,0.0,0.0,0.0,0.0,0.0,0,0.0,0.0,0.0,0.0,0.0,0.0,0,0.0,0.0,0.0,0.0,0.0,0.0,0.0,0.0,0.0,0.0,0.0,0.0,0.0,0.0,0.0,0.0,0,2,4,0,0.0,0.0,0,0.0,0.0,0.0,0.0
Mathías Olivera,uy URU,"DF,MF",Napoli,27.0,1997.0,25,15,"1,370",0,0,0,0,3,0,0.0,0.0,0.0,0.0,0.0,1.7913433331996202,1.7913433331996202,0.11767948904231082,0.11767948904231082,15.2,3,0.0,37.5,0.2,0.0,0.0,0.22391791664995253,-1.7913433331996202,-1.7913433331996202,0.0,0.0,0.0,0.0,0.0,0.0,0.0,0.0,0.0,0.0,0.0,0.0,0.0,0.0,10.0,0.0,0.0,0.0,0.0,0.0,0.0,0.0,0.0,0.0,6,0.0,0.0,0.0,0.0,0.0,0.0,0.0,0.0,0.0,0.0,0.0,0.0,0.0,0.0,0.0,0.0,0.0,0.0,0.0,0.0,0.0,22,0.0,0.0,0.0,0.0,0.0,0.0,16,0.0,0.0,0.0,0.0,0.0,0.0,0.0,0.0,0.0,0.0,0.0,0.0,0.0,0.0,0.0,0.0,0,17,10,0,0.0,0.0,0,0.0,0.0,0.0,0.0
Jean Onana,cm CMR,MF,Genoa,25.0,2000.0,3,0,45,0,0,0,0,0,0,0.0,0.0,0.0,0.0,0.0,0.0195505674928426,0.0195505674928426,0.0488764187321065,0.0488764187321065,0.5,0,0.0,0.0,0.0,0.0,0.0,0.0195505674928426,-0.0195505674928426,-0.0195505674928426,0.0,0.0,0.0,0.0,0.0,0.0,0.0,0.0,0.0,0.0,0.0,0.0,0.0,0.0,1.0,0.0,0.0,0.0,0.0,0.0,0.0,0.0,0.0,0.0,1,0.0,0.0,0.0,0.0,0.0,0.0,0.0,0.0,0.0,0.0,0.0,0.0,0.0,0.0,0.0,0.0,0.0,0.0,0.0,0.0,0.0,3,0.0,0.0,0.0,0.0,0.0,0.0,1,0.0,0.0,0.0,0.0,0.0,0.0,0.0,0.0,0.0,0.0,0.0,0.0,0.0,0.0,0.0,0.0,0,4,0,0,0.0,0.0,0,0.0,0.0,0.0,0.0
Jacob Ondrejka,se SWE,"FW,MF",Parma,22.0,2002.0,16,9,773,0,0,0,0,2,0,0.0,0.0,0.0,0.0,0.0,1.423084044829011,1.423084044829011,0.16676766150339972,0.16676766150339972,8.6,7,0.0,33.3,0.82,0.0,0.0,0.07115420224145055,-1.423084044829011,-1.423084044829011,0.0,0.0,0.0,0.0,0.0,0.0,0.0,0.0,0.0,0.0,0.0,0.0,0.0,0.0,5.0,0.0,0.0,0.0,0.0,0.0,0.0,0.0,0.0,0.0,12,0.0,0.0,0.0,0.0,0.0,0.0,0.0,0.0,0.0,0.0,0.0,0.0,0.0,0.0,0.0,0.0,0.0,0.0,0.0,0.0,0.0,2,0.0,0.0,0.0,0.0,0.0,0.0,2,0.0,0.0,0.0,0.0,0.0,0.0,0.0,0.0,0.0,0.0,0.0,0.0,0.0,0.0,0.0,0.0,0,8,14,1,0.0,0.0,0,0.0,0.0,0.0,0.0
Loïs Openda,be BEL,"FW,MF",Juventus,25.0,2000.0,24,6,666,1,0,0,0,0,0,0.14,0.0,0.14,0.14,0.14,3.646697736345231,3.646697736345231,0.5201312143757065,0.5201312143757065,7.4,6,0.0,23.1,0.81,0.04,0.17,0.14586790945380923,-2.646697736345231,-2.646697736345231,0.0,0.0,0.0,0.0,0.0,0.0,0.0,0.0,0.0,0.0,0.0,0.0,0.0,0.0,8.0,0.0,0.0,0.0,0.0,0.0,0.0,0.0,0.0,0.0,7,0.0,0.0,0.0,0.0,0.0,0.0,0.0,0.0,0.0,0.0,0.0,0.0,0.0,0.0,0.0,0.0,0.0,0.0,0.0,0.0,0.0,4,0.0,0.0,0.0,0.0,0.0,0.0,1,0.0,0.0,0.0,0.0,0.0,0.0,0.0,0.0,0.0,0.0,0.0,0.0,0.0,0.0,0.0,0.0,0,8,21,11,0.0,0.0,0,0.0,0.0,0.0,0.0
Gift Orban,ng NGA,FW,Hellas Verona,23.0,2002.0,28,23,"2,027",7,2,2,2,4,1,0.31,0.09,0.4,0.22,0.31,12.242711776867507,10.720114121213555,0.5361771581109858,0.4694940491042433,22.5,28,0.0,32.9,1.24,0.06,0.18,0.12611898966133595,-5.242711776867507,-5.720114121213555,0.0,0.0,0.0,0.0,0.0,0.0,0.0,0.0,0.0,0.0,0.0,0.0,0.0,0.0,21.0,0.0,0.0,0.0,0.0,0.0,0.0,0.0,0.0,0.0,14,0.0,0.0,0.0,0.0,0.0,0.0,0.0,0.0,0.0,0.0,0.0,0.0,0.0,0.0,0.0,0.0,0.0,0.0,0.0,0.0,0.0,3,0.0,0.0,0.0,0.0,0.0,0.0,3,0.0,0.0,0.0,0.0,0.0,0.0,0.0,0.0,0.0,0.0,0.0,0.0,0.0,0.0,0.0,0.0,0,22,20,20,0.0,0.0,0,0.0,0.0,0.0,0.0
Christian Ordoñez,ar ARG,MF,Parma,21.0,2004.0,28,12,"1,091",1,0,0,0,5,1,0.08,0.0,0.08,0.08,0.08,0.449460974894464,0.449460974894464,0.037594319461432865,0.037594319461432865,12.1,2,0.0,20.0,0.16,0.1,0.5,0.044946097489446404,0.550539025105536,0.550539025105536,0.0,0.0,0.0,0.0,0.0,0.0,0.0,0.0,0.0,0.0,0.0,0.0,0.0,0.0,6.0,0.0,0.0,0.0,0.0,0.0,0.0,0.0,0.0,0.0,12,0.0,0.0,0.0,0.0,0.0,0.0,0.0,0.0,0.0,0.0,0.0,0.0,0.0,0.0,0.0,0.0,0.0,0.0,0.0,0.0,0.0,13,0.0,0.0,0.0,0.0,0.0,0.0,9,0.0,0.0,0.0,0.0,0.0,0.0,0.0,0.0,0.0,0.0,0.0,0.0,0.0,0.0,0.0,0.0,1,16,11,0,0.0,0.0,0,0.0,0.0,0.0,0.0
Gaetano Oristanio,it ITA,"FW,MF",Parma,22.0,2002.0,20,8,859,1,0,0,0,1,0,0.1,0.0,0.1,0.1,0.1,2.3994482420384884,2.3994482420384884,0.2531656996289144,0.2531656996289144,9.5,4,0.0,16.7,0.42,0.04,0.25,0.10432383661036906,-1.3994482420384884,-1.3994482420384884,0.0,0.0,0.0,0.0,0.0,0.0,0.0,0.0,0.0,0.0,0.0,0.0,0.0,0.0,10.0,0.0,0.0,0.0,0.0,0.0,0.0,0.0,0.0,0.0,16,0.0,0.0,0.0,0.0,0.0,0.0,0.0,0.0,0.0,0.0,0.0,0.0,0.0,0.0,0.0,0.0,0.0,0.0,0.0,0.0,0.0,6,0.0,0.0,0.0,0.0,0.0,0.0,2,0.0,0.0,0.0,0.0,0.0,0.0,0.0,0.0,0.0,0.0,0.0,0.0,0.0,0.0,0.0,0.0,0,13,20,4,0.0,0.0,0,0.0,0.0,0.0,0.0
Riccardo Orsolini,it ITA,"MF,FW",Bologna,28.0,1997.0,35,26,"2,111",10,1,4,6,2,0,0.43,0.04,0.47,0.26,0.3,10.890181131660938,6.322388224303722,0.4567177548226861,0.26515141667629777,23.5,31,0.0,37.8,1.32,0.07,0.19,0.07710229541833807,-0.8901811316609383,-0.3223882243037224,0.0,0.0,0.0,0.0,0.0,0.0,0.0,0.0,0.0,0.0,0.0,0.0,0.0,0.0,26.0,0.0,0.0,0.0,0.0,0.0,0.0,0.0,0.0,0.0,41,0.0,0.0,0.0,0.0,0.0,0.0,0.0,0.0,0.0,0.0,0.0,0.0,0.0,0.0,0.0,0.0,0.0,0.0,0.0,0.0,0.0,15,0.0,0.0,0.0,0.0,0.0,0.0,7,0.0,0.0,0.0,0.0,0.0,0.0,0.0,0.0,0.0,0.0,0.0,0.0,0.0,0.0,0.0,0.0,0,21,44,18,0.0,0.0,0,0.0,0.0,0.0,0.0
Sebastian Otoa,dk DEN,DF,Genoa,21.0,2004.0,13,9,829,0,0,0,0,1,0,0.0,0.0,0.0,0.0,0.0,0.0836077127605676,0.0836077127605676,0.00907683250717863,0.00907683250717863,9.2,2,0.0,66.7,0.22,0.0,0.0,0.027869237586855864,-0.0836077127605676,-0.0836077127605676,0.0,0.0,0.0,0.0,0.0,0.0,0.0,0.0,0.0,0.0,0.0,0.0,0.0,0.0,0.0,0.0,0.0,0.0,0.0,0.0,0.0,0.0,0.0,0.0,1,0.0,0.0,0.0,0.0,0.0,0.0,0.0,0.0,0.0,0.0,0.0,0.0,0.0,0.0,0.0,0.0,0.0,0.0,0.0,0.0,0.0,10,0.0,0.0,0.0,0.0,0.0,0.0,9,0.0,0.0,0.0,0.0,0.0,0.0,0.0,0.0,0.0,0.0,0.0,0.0,0.0,0.0,0.0,0.0,0,5,13,2,0.0,0.0,1,0.0,0.0,0.0,0.0
Latif Ouedraogo,bf BFA,DF,Genoa,17.0,2007.0,2,0,51,0,0,0,0,0,0,0.0,0.0,0.0,0.0,0.0,0.0,0.0,0.0,0.0,0.6,0,0.0,0.0,0.0,0.0,0.0,0.0,0.0,0.0,0.0,0.0,0.0,0.0,0.0,0.0,0.0,0.0,0.0,0.0,0.0,0.0,0.0,0.0,0.0,0.0,0.0,0.0,0.0,0.0,0.0,0.0,0.0,0.0,3,0.0,0.0,0.0,0.0,0.0,0.0,0.0,0.0,0.0,0.0,0.0,0.0,0.0,0.0,0.0,0.0,0.0,0.0,0.0,0.0,0.0,1,0.0,0.0,0.0,0.0,0.0,0.0,1,0.0,0.0,0.0,0.0,0.0,0.0,0.0,0.0,0.0,0.0,0.0,0.0,0.0,0.0,0.0,0.0,0,2,2,0,0.0,0.0,0,0.0,0.0,0.0,0.0
Daniel Oyegoke,eng ENG,"MF,DF",Hellas Verona,22.0,2003.0,15,8,594,0,0,0,0,2,0,0.0,0.0,0.0,0.0,0.0,0.0767354145646095,0.0767354145646095,0.011568152949438618,0.011568152949438618,6.6,1,0.0,33.3,0.15,0.0,0.0,0.0255784715215365,-0.0767354145646095,-0.0767354145646095,0.0,0.0,0.0,0.0,0.0,0.0,0.0,0.0,0.0,0.0,0.0,0.0,0.0,0.0,3.0,0.0,0.0,0.0,0.0,0.0,0.0,0.0,0.0,0.0,32,0.0,0.0,0.0,0.0,0.0,0.0,0.0,0.0,0.0,0.0,0.0,0.0,0.0,0.0,0.0,0.0,0.0,0.0,0.0,0.0,0.0,9,0.0,0.0,0.0,0.0,0.0,0.0,7,0.0,0.0,0.0,0.0,0.0,0.0,0.0,0.0,0.0,0.0,0.0,0.0,0.0,0.0,0.0,0.0,0,13,5,1,0.0,0.0,0,0.0,0.0,0.0,0.0
Daniele Padelli,it ITA,GK,Udinese,39.0,1985.0,2,2,180,0,0,0,0,0,0,0.0,0.0,0.0,0.0,0.0,0.0,0.0,0.0,0.0,2.0,0,0.0,0.0,0.0,0.0,0.0,,0.0,0.0,0.0,0.0,0.0,0.0,0.0,0.0,0.0,0.0,0.0,0.0,0.0,0.0,0.0,0.0,0.0,0.0,0.0,0.0,0.0,0.0,0.0,0.0,0.0,0.0,0,0.0,0.0,0.0,0.0,0.0,0.0,0.0,0.0,0.0,0.0,0.0,0.0,0.0,0.0,0.0,0.0,0.0,0.0,0.0,0.0,0.0,0,0.0,0.0,0.0,0.0,0.0,0.0,0,0.0,0.0,0.0,0.0,0.0,0.0,0.0,0.0,0.0,0.0,0.0,0.0,0.0,0.0,0.0,0.0,0,0,0,0,0.0,0.0,0,0.0,0.0,0.0,0.0
Alberto Paleari,it ITA,GK,Torino,32.0,1992.0,29,29,"2,610",0,0,0,0,1,0,0.0,0.0,0.0,0.0,0.0,0.0,0.0,0.0,0.0,29.0,0,0.0,0.0,0.0,0.0,0.0,,0.0,0.0,0.0,0.0,0.0,0.0,0.0,0.0,0.0,0.0,0.0,0.0,0.0,0.0,0.0,0.0,0.0,0.0,0.0,0.0,0.0,0.0,0.0,0.0,0.0,0.0,0,0.0,0.0,0.0,0.0,0.0,0.0,0.0,0.0,0.0,0.0,0.0,0.0,0.0,0.0,0.0,0.0,0.0,0.0,0.0,0.0,0.0,0,0.0,0.0,0.0,0.0,0.0,0.0,1,0.0,0.0,0.0,0.0,0.0,0.0,0.0,0.0,0.0,0.0,0.0,0.0,0.0,0.0,0.0,0.0,0,0,7,0,0.0,0.0,0,0.0,0.0,0.0,0.0
Marco Palestra,it ITA,"MF,DF",Cagliari,20.0,2005.0,37,34,"3,081",1,4,0,0,3,0,0.03,0.12,0.15,0.03,0.15,1.6532281721010804,1.6532281721010804,0.0481990720729178,0.0481990720729178,34.2,7,0.0,24.1,0.2,0.03,0.14,0.057007868003485535,-0.6532281721010804,-0.6532281721010804,0.0,0.0,0.0,0.0,0.0,0.0,0.0,0.0,0.0,0.0,0.0,0.0,0.0,0.0,32.0,0.0,0.0,0.0,0.0,0.0,0.0,0.0,0.0,0.0,106,0.0,0.0,0.0,0.0,0.0,0.0,0.0,0.0,0.0,0.0,0.0,0.0,0.0,0.0,0.0,0.0,0.0,0.0,0.0,0.0,0.0,35,0.0,0.0,0.0,0.0,0.0,0.0,19,0.0,0.0,0.0,0.0,0.0,0.0,0.0,0.0,0.0,0.0,0.0,0.0,0.0,0.0,0.0,0.0,0,41,108,8,0.0,0.0,0,0.0,0.0,0.0,0.0
Matteo Palma,de GER,DF,Udinese,17.0,2008.0,5,1,120,0,0,0,0,0,0,0.0,0.0,0.0,0.0,0.0,0.0,0.0,0.0,0.0,1.3,0,0.0,0.0,0.0,0.0,0.0,,0.0,0.0,0.0,0.0,0.0,0.0,0.0,0.0,0.0,0.0,0.0,0.0,0.0,0.0,0.0,0.0,0.0,0.0,0.0,0.0,0.0,0.0,0.0,0.0,0.0,0.0,1,0.0,0.0,0.0,0.0,0.0,0.0,0.0,0.0,0.0,0.0,0.0,0.0,0.0,0.0,0.0,0.0,0.0,0.0,0.0,0.0,0.0,0,0.0,0.0,0.0,0.0,0.0,0.0,3,0.0,0.0,0.0,0.0,0.0,0.0,0.0,0.0,0.0,0.0,0.0,0.0,0.0,0.0,0.0,0.0,0,3,0,0,0.0,0.0,0,0.0,0.0,0.0,0.0
Fabiano Parisi,it ITA,"MF,FW",Fiorentina,24.0,2000.0,23,18,"1,520",1,1,0,0,6,0,0.06,0.06,0.12,0.06,0.12,1.3022431200370193,1.3022431200370193,0.0756141166473108,0.0756141166473108,16.9,7,0.0,29.2,0.41,0.04,0.14,0.05426013000154247,-0.30224312003701925,-0.30224312003701925,0.0,0.0,0.0,0.0,0.0,0.0,0.0,0.0,0.0,0.0,0.0,0.0,0.0,0.0,19.0,0.0,0.0,0.0,0.0,0.0,0.0,0.0,0.0,0.0,39,0.0,0.0,0.0,0.0,0.0,0.0,0.0,0.0,0.0,0.0,0.0,0.0,0.0,0.0,0.0,0.0,0.0,0.0,0.0,0.0,0.0,14,0.0,0.0,0.0,0.0,0.0,0.0,17,0.0,0.0,0.0,0.0,0.0,0.0,0.0,0.0,0.0,0.0,0.0,0.0,0.0,0.0,0.0,0.0,0,14,66,1,0.0,0.0,1,0.0,0.0,0.0,0.0
Mario Pašalić,hr CRO,MF,Atalanta,30.0,1995.0,33,21,"1,936",3,4,0,0,3,0,0.14,0.19,0.33,0.14,0.33,3.4538544081151485,3.4538544081151485,0.16173095563494452,0.16173095563494452,21.5,6,0.0,25.0,0.28,0.13,0.5,0.1439106003381312,-0.45385440811514854,-0.45385440811514854,0.0,0.0,0.0,0.0,0.0,0.0,0.0,0.0,0.0,0.0,0.0,0.0,0.0,0.0,40.0,0.0,0.0,0.0,0.0,0.0,0.0,0.0,0.0,0.0,11,0.0,0.0,0.0,0.0,0.0,0.0,0.0,0.0,0.0,0.0,0.0,0.0,0.0,0.0,0.0,0.0,0.0,0.0,0.0,0.0,0.0,18,0.0,0.0,0.0,0.0,0.0,0.0,13,0.0,0.0,0.0,0.0,0.0,0.0,0.0,0.0,0.0,0.0,0.0,0.0,0.0,0.0,0.0,0.0,0,22,6,1,0.0,0.0,0,0.0,0.0,0.0,0.0
Patric,es ESP,"MF,DF",Lazio,32.0,1993.0,14,6,667,0,0,0,0,2,0,0.0,0.0,0.0,0.0,0.0,0.2267721910029649,0.2267721910029649,0.031064683699036286,0.031064683699036286,7.4,0,0.0,0.0,0.0,0.0,0.0,0.04535443820059298,-0.2267721910029649,-0.2267721910029649,0.0,0.0,0.0,0.0,0.0,0.0,0.0,0.0,0.0,0.0,0.0,0.0,0.0,0.0,2.0,0.0,0.0,0.0,0.0,0.0,0.0,0.0,0.0,0.0,0,0.0,0.0,0.0,0.0,0.0,0.0,0.0,0.0,0.0,0.0,0.0,0.0,0.0,0.0,0.0,0.0,0.0,0.0,0.0,0.0,0.0,0,0.0,0.0,0.0,0.0,0.0,0.0,3,0.0,0.0,0.0,0.0,0.0,0.0,0.0,0.0,0.0,0.0,0.0,0.0,0.0,0.0,0.0,0.0,0,4,2,0,0.0,0.0,0,0.0,0.0,0.0,0.0
Benjamin Pavard,fr FRA,DF,Inter,29.0,1996.0,1,1,90,0,0,0,0,0,0,0.0,0.0,0.0,0.0,0.0,0.046149093657732,0.046149093657732,0.046149093657732,0.046149093657732,1.0,1,0.0,100.0,1.0,0.0,0.0,0.046149093657732,-0.046149093657732,-0.046149093657732,0.0,0.0,0.0,0.0,0.0,0.0,0.0,0.0,0.0,0.0,0.0,0.0,0.0,0.0,1.0,0.0,0.0,0.0,0.0,0.0,0.0,0.0,0.0,0.0,0,0.0,0.0,0.0,0.0,0.0,0.0,0.0,0.0,0.0,0.0,0.0,0.0,0.0,0.0,0.0,0.0,0.0,0.0,0.0,0.0,0.0,1,0.0,0.0,0.0,0.0,0.0,0.0,2,0.0,0.0,0.0,0.0,0.0,0.0,0.0,0.0,0.0,0.0,0.0,0.0,0.0,0.0,0.0,0.0,0,1,0,0,0.0,0.0,0,0.0,0.0,0.0,0.0
Strahinja Pavlović,rs SRB,DF,Milan,24.0,2001.0,34,33,"2,869",5,1,0,0,4,0,0.16,0.03,0.19,0.16,0.19,3.910906858742237,3.910906858742237,0.12238581964075151,0.12238581964075151,31.9,6,0.0,23.1,0.19,0.19,0.83,0.15041949456700912,1.089093141257763,1.089093141257763,0.0,0.0,0.0,0.0,0.0,0.0,0.0,0.0,0.0,0.0,0.0,0.0,0.0,0.0,15.0,0.0,0.0,0.0,0.0,0.0,0.0,0.0,0.0,0.0,15,0.0,0.0,0.0,0.0,0.0,0.0,0.0,0.0,0.0,0.0,0.0,0.0,0.0,0.0,0.0,0.0,0.0,0.0,0.0,0.0,0.0,26,0.0,0.0,0.0,0.0,0.0,0.0,20,0.0,0.0,0.0,0.0,0.0,0.0,0.0,0.0,0.0,0.0,0.0,0.0,0.0,0.0,0.0,0.0,0,30,27,4,0.0,0.0,0,0.0,0.0,0.0,0.0
Leonardo Pavoletti,it ITA,FW,Cagliari,36.0,1988.0,13,1,227,1,1,0,0,1,0,0.4,0.4,0.79,0.4,0.79,1.3747940957546234,1.3747940957546234,0.6410956923208089,0.6410956923208089,2.5,1,0.0,16.7,0.4,0.17,1.0,0.22913234929243723,-0.3747940957546234,-0.3747940957546234,0.0,0.0,0.0,0.0,0.0,0.0,0.0,0.0,0.0,0.0,0.0,0.0,0.0,0.0,2.0,0.0,0.0,0.0,0.0,0.0,0.0,0.0,0.0,0.0,0,0.0,0.0,0.0,0.0,0.0,0.0,0.0,0.0,0.0,0.0,0.0,0.0,0.0,0.0,0.0,0.0,0.0,0.0,0.0,0.0,0.0,2,0.0,0.0,0.0,0.0,0.0,0.0,1,0.0,0.0,0.0,0.0,0.0,0.0,0.0,0.0,0.0,0.0,0.0,0.0,0.0,0.0,0.0,0.0,0,10,0,2,0.0,0.0,0,0.0,0.0,0.0,0.0
Martín Payero,ar ARG,MF,Cremonese,26.0,1998.0,25,16,"1,457",1,0,0,0,8,0,0.06,0.0,0.06,0.06,0.06,1.4321895614266396,1.4321895614266396,0.08774476550605688,0.08774476550605688,16.2,8,0.0,34.8,0.49,0.04,0.13,0.06226911136637563,-0.43218956142663956,-0.43218956142663956,0.0,0.0,0.0,0.0,0.0,0.0,0.0,0.0,0.0,0.0,0.0,0.0,0.0,0.0,13.0,0.0,0.0,0.0,0.0,0.0,0.0,0.0,0.0,0.0,34,0.0,0.0,0.0,0.0,0.0,0.0,0.0,0.0,0.0,0.0,0.0,0.0,0.0,0.0,0.0,0.0,0.0,0.0,0.0,0.0,0.0,9,0.0,0.0,0.0,0.0,0.0,0.0,10,0.0,0.0,0.0,0.0,0.0,0.0,0.0,0.0,0.0,0.0,0.0,0.0,0.0,0.0,0.0,0.0,0,37,34,2,0.0,0.0,0,0.0,0.0,0.0,0.0
Nicolás Paz,ar ARG,MF,Como,20.0,2004.0,35,33,"2,878",12,6,0,2,5,0,0.38,0.19,0.56,0.38,0.56,0.0,0.0,0.0,0.0,32.0,48,0.0,39.7,1.5,0.1,0.25,0.0,0.0,0.0,0.0,0.0,0.0,0.0,0.0,0.0,0.0,0.0,0.0,0.0,0.0,0.0,0.0,0.0,0.0,0.0,0.0,0.0,0.0,0.0,0.0,0.0,0.0,0.0,63,0.0,0.0,0.0,0.0,0.0,0.0,0.0,0.0,0.0,0.0,0.0,0.0,0.0,0.0,0.0,0.0,0.0,0.0,0.0,0.0,0.0,56,0.0,0.0,0.0,0.0,0.0,0.0,27,0.0,0.0,0.0,0.0,0.0,0.0,0.0,0.0,0.0,0.0,0.0,0.0,0.0,0.0,0.0,0.0,0,54,41,0,0.0,0.0,0,0.0,0.0,0.0,0.0
Marcus Pedersen,no NOR,"MF,DF",Torino,25.0,2000.0,29,23,"2,134",1,2,0,0,3,0,0.04,0.08,0.13,0.04,0.13,1.6248117666691542,1.6248117666691542,0.06807870530736679,0.06807870530736679,23.7,3,0.0,20.0,0.13,0.07,0.33,0.10832078444461028,-0.6248117666691542,-0.6248117666691542,0.0,0.0,0.0,0.0,0.0,0.0,0.0,0.0,0.0,0.0,0.0,0.0,0.0,0.0,20.0,0.0,0.0,0.0,0.0,0.0,0.0,0.0,0.0,0.0,110,0.0,0.0,0.0,0.0,0.0,0.0,0.0,0.0,0.0,0.0,0.0,0.0,0.0,0.0,0.0,0.0,0.0,0.0,0.0,0.0,0.0,14,0.0,0.0,0.0,0.0,0.0,0.0,10,0.0,0.0,0.0,0.0,0.0,0.0,0.0,0.0,0.0,0.0,0.0,0.0,0.0,0.0,0.0,0.0,0,31,6,3,0.0,0.0,0,0.0,0.0,0.0,0.0
Pedro,es ESP,"FW,MF",Lazio,38.0,1987.0,29,9,982,5,2,2,2,4,0,0.46,0.18,0.64,0.27,0.46,2.253662777133286,0.7310651587322354,0.21260969595597037,0.0689684112011543,10.9,11,0.0,50.0,1.01,0.14,0.27,0.033230234487828886,2.746337222866714,2.2689348412677646,0.0,0.0,0.0,0.0,0.0,0.0,0.0,0.0,0.0,0.0,0.0,0.0,0.0,0.0,20.0,0.0,0.0,0.0,0.0,0.0,0.0,0.0,0.0,0.0,31,0.0,0.0,0.0,0.0,0.0,0.0,0.0,0.0,0.0,0.0,0.0,0.0,0.0,0.0,0.0,0.0,0.0,0.0,0.0,0.0,0.0,6,0.0,0.0,0.0,0.0,0.0,0.0,4,0.0,0.0,0.0,0.0,0.0,0.0,0.0,0.0,0.0,0.0,0.0,0.0,0.0,0.0,0.0,0.0,0,10,26,0,0.0,0.0,0,0.0,0.0,0.0,0.0
Zé Pedro Figueiredo,pt POR,DF,Cagliari,28.0,1997.0,23,20,"1,699",0,1,0,0,6,0,0.0,0.05,0.05,0.0,0.05,0.0,0.0,0.0,0.0,18.9,0,0.0,0.0,0.0,0.0,0.0,0.0,0.0,0.0,0.0,0.0,0.0,0.0,0.0,0.0,0.0,0.0,0.0,0.0,0.0,0.0,0.0,0.0,0.0,0.0,0.0,0.0,0.0,0.0,0.0,0.0,0.0,0.0,5,0.0,0.0,0.0,0.0,0.0,0.0,0.0,0.0,0.0,0.0,0.0,0.0,0.0,0.0,0.0,0.0,0.0,0.0,0.0,0.0,0.0,18,0.0,0.0,0.0,0.0,0.0,0.0,20,0.0,0.0,0.0,0.0,0.0,0.0,0.0,0.0,0.0,0.0,0.0,0.0,0.0,0.0,0.0,0.0,0,29,15,0,0.0,0.0,0,0.0,0.0,0.0,0.0
Lorenzo Pellegrini,it ITA,MF,Roma,29.0,1996.0,24,20,"1,463",4,2,2,2,2,0,0.25,0.12,0.37,0.12,0.25,4.77526899240911,3.2526713106781244,0.28499616002441636,0.1941249455975008,16.3,12,0.0,37.5,0.74,0.06,0.17,0.10164597845869139,-0.7752689924091101,-1.2526713106781244,0.0,0.0,0.0,0.0,0.0,0.0,0.0,0.0,0.0,0.0,0.0,0.0,0.0,0.0,29.0,0.0,0.0,0.0,0.0,0.0,0.0,0.0,0.0,0.0,89,0.0,0.0,0.0,0.0,0.0,0.0,0.0,0.0,0.0,0.0,0.0,0.0,0.0,0.0,0.0,0.0,0.0,0.0,0.0,0.0,0.0,5,0.0,0.0,0.0,0.0,0.0,0.0,15,0.0,0.0,0.0,0.0,0.0,0.0,0.0,0.0,0.0,0.0,0.0,0.0,0.0,0.0,0.0,0.0,0,20,39,5,0.0,0.0,0,0.0,0.0,0.0,0.0
Luca Pellegrini,it ITA,DF,Lazio,26.0,1999.0,24,17,"1,469",1,0,0,0,8,0,0.06,0.0,0.06,0.06,0.06,0.6440801462158561,0.6440801462158561,0.03903516037671855,0.03903516037671855,16.3,5,0.0,71.4,0.31,0.14,0.2,0.092011449459408,0.3559198537841439,0.3559198537841439,0.0,0.0,0.0,0.0,0.0,0.0,0.0,0.0,0.0,0.0,0.0,0.0,0.0,0.0,16.0,0.0,0.0,0.0,0.0,0.0,0.0,0.0,0.0,0.0,51,0.0,0.0,0.0,0.0,0.0,0.0,0.0,0.0,0.0,0.0,0.0,0.0,0.0,0.0,0.0,0.0,0.0,0.0,0.0,0.0,0.0,15,0.0,0.0,0.0,0.0,0.0,0.0,17,0.0,0.0,0.0,0.0,0.0,0.0,0.0,0.0,0.0,0.0,0.0,0.0,0.0,0.0,0.0,0.0,0,26,12,0,0.0,0.0,0,0.0,0.0,0.0,0.0
Mateo Pellegrino,ar ARG,FW,Parma,24.0,2001.0,37,34,"2,984",9,1,1,1,5,0,0.27,0.03,0.3,0.24,0.27,9.909808543510737,9.148509708233178,0.2961098170371734,0.2733618438715093,33.2,22,0.0,30.1,0.66,0.11,0.36,0.12532205079771477,-0.9098085435107368,-1.1485097082331777,0.0,0.0,0.0,0.0,0.0,0.0,0.0,0.0,0.0,0.0,0.0,0.0,0.0,0.0,22.0,0.0,0.0,0.0,0.0,0.0,0.0,0.0,0.0,0.0,12,0.0,0.0,0.0,0.0,0.0,0.0,0.0,0.0,0.0,0.0,0.0,0.0,0.0,0.0,0.0,0.0,0.0,0.0,0.0,0.0,0.0,10,0.0,0.0,0.0,0.0,0.0,0.0,4,0.0,0.0,0.0,0.0,0.0,0.0,0.0,0.0,0.0,0.0,0.0,0.0,0.0,0.0,0.0,0.0,0,87,71,12,0.0,0.0,0,0.0,0.0,0.0,0.0
Faris Pemi Moumbagna,cm CMR,FW,Cremonese,25.0,2000.0,5,0,93,0,0,0,0,0,0,0.0,0.0,0.0,0.0,0.0,0.0,0.0,0.0,0.0,1.0,0,0.0,0.0,0.0,0.0,0.0,0.0,0.0,0.0,0.0,0.0,0.0,0.0,0.0,0.0,0.0,0.0,0.0,0.0,0.0,0.0,0.0,0.0,0.0,0.0,0.0,0.0,0.0,0.0,0.0,0.0,0.0,0.0,1,0.0,0.0,0.0,0.0,0.0,0.0,0.0,0.0,0.0,0.0,0.0,0.0,0.0,0.0,0.0,0.0,0.0,0.0,0.0,0.0,0.0,0,0.0,0.0,0.0,0.0,0.0,0.0,0,0.0,0.0,0.0,0.0,0.0,0.0,0.0,0.0,0.0,0.0,0.0,0.0,0.0,0.0,0.0,0.0,0,1,0,0,0.0,0.0,0,0.0,0.0,0.0,0.0
Matías Pérez,cl CHI,DF,Lecce,20.0,2005.0,1,1,31,0,0,0,0,0,0,0.0,0.0,0.0,0.0,0.0,0.0,0.0,0.0,0.0,0.3,0,0.0,0.0,0.0,0.0,0.0,,0.0,0.0,0.0,0.0,0.0,0.0,0.0,0.0,0.0,0.0,0.0,0.0,0.0,0.0,0.0,0.0,1.0,0.0,0.0,0.0,0.0,0.0,0.0,0.0,0.0,0.0,1,0.0,0.0,0.0,0.0,0.0,0.0,0.0,0.0,0.0,0.0,0.0,0.0,0.0,0.0,0.0,0.0,0.0,0.0,0.0,0.0,0.0,0,0.0,0.0,0.0,0.0,0.0,0.0,0,0.0,0.0,0.0,0.0,0.0,0.0,0.0,0.0,0.0,0.0,0.0,0.0,0.0,0.0,0.0,0.0,0,0,0,0,0.0,0.0,0,0.0,0.0,0.0,0.0
Simone Perilli,it ITA,GK,Hellas Verona,30.0,1995.0,3,3,270,0,0,0,0,0,0,0.0,0.0,0.0,0.0,0.0,0.0,0.0,0.0,0.0,3.0,0,0.0,0.0,0.0,0.0,0.0,,0.0,0.0,0.0,0.0,0.0,0.0,0.0,0.0,0.0,0.0,0.0,0.0,0.0,0.0,0.0,0.0,0.0,0.0,0.0,0.0,0.0,0.0,0.0,0.0,0.0,0.0,0,0.0,0.0,0.0,0.0,0.0,0.0,0.0,0.0,0.0,0.0,0.0,0.0,0.0,0.0,0.0,0.0,0.0,0.0,0.0,0.0,0.0,0,0.0,0.0,0.0,0.0,0.0,0.0,0,0.0,0.0,0.0,0.0,0.0,0.0,0.0,0.0,0.0,0.0,0.0,0.0,0.0,0.0,0.0,0.0,0,0,0,0,0.0,0.0,0,0.0,0.0,0.0,0.0
Mattia Perin,it ITA,GK,Juventus,32.0,1992.0,9,9,765,0,0,0,0,0,0,0.0,0.0,0.0,0.0,0.0,0.0,0.0,0.0,0.0,8.5,0,0.0,0.0,0.0,0.0,0.0,,0.0,0.0,0.0,0.0,0.0,0.0,0.0,0.0,0.0,0.0,0.0,0.0,0.0,0.0,0.0,0.0,1.0,0.0,0.0,0.0,0.0,0.0,0.0,0.0,0.0,0.0,0,0.0,0.0,0.0,0.0,0.0,0.0,0.0,0.0,0.0,0.0,0.0,0.0,0.0,0.0,0.0,0.0,0.0,0.0,0.0,0.0,0.0,0,0.0,0.0,0.0,0.0,0.0,0.0,0,0.0,0.0,0.0,0.0,0.0,0.0,0.0,0.0,0.0,0.0,0.0,0.0,0.0,0.0,0.0,0.0,0,0,2,0,0.0,0.0,0,0.0,0.0,0.0,0.0
Máximo Perrone,ar ARG,MF,Como,22.0,2003.0,36,33,"2,742",3,4,0,0,8,0,0.1,0.13,0.23,0.1,0.23,2.4864027742296457,2.4864027742296457,0.0811371463671748,0.0811371463671748,30.5,9,0.0,50.0,0.3,0.17,0.33,0.13813348745720255,0.5135972257703543,0.5135972257703543,0.0,0.0,0.0,0.0,0.0,0.0,0.0,0.0,0.0,0.0,0.0,0.0,0.0,0.0,32.0,0.0,0.0,0.0,0.0,0.0,0.0,0.0,0.0,0.0,11,0.0,0.0,0.0,0.0,0.0,0.0,0.0,0.0,0.0,0.0,0.0,0.0,0.0,0.0,0.0,0.0,0.0,0.0,0.0,0.0,0.0,38,0.0,0.0,0.0,0.0,0.0,0.0,21,0.0,0.0,0.0,0.0,0.0,0.0,0.0,0.0,0.0,0.0,0.0,0.0,0.0,0.0,0.0,0.0,0,43,23,1,0.0,0.0,0,0.0,0.0,0.0,0.0
Massimo Pessina,it ITA,GK,Bologna,17.0,2007.0,4,3,353,0,0,0,0,0,0,0.0,0.0,0.0,0.0,0.0,0.0,0.0,0.0,0.0,3.9,0,0.0,0.0,0.0,0.0,0.0,,0.0,0.0,0.0,0.0,0.0,0.0,0.0,0.0,0.0,0.0,0.0,0.0,0.0,0.0,0.0,0.0,0.0,0.0,0.0,0.0,0.0,0.0,0.0,0.0,0.0,0.0,0,0.0,0.0,0.0,0.0,0.0,0.0,0.0,0.0,0.0,0.0,0.0,0.0,0.0,0.0,0.0,0.0,0.0,0.0,0.0,0.0,0.0,0,0.0,0.0,0.0,0.0,0.0,0.0,0,0.0,0.0,0.0,0.0,0.0,0.0,0.0,0.0,0.0,0.0,0.0,0.0,0.0,0.0,0.0,0.0,0,0,1,0,0.0,0.0,0,0.0,0.0,0.0,0.0
Giuseppe Pezzella,it ITA,"MF,DF",Cremonese,27.0,1997.0,31,30,"2,585",0,1,0,0,8,1,0.0,0.03,0.03,0.0,0.03,0.1174378851428628,0.1174378851428628,0.004066721686363082,0.004066721686363082,28.7,0,0.0,0.0,0.0,0.0,0.0,0.0195729808571438,-0.1174378851428628,-0.1174378851428628,0.0,0.0,0.0,0.0,0.0,0.0,0.0,0.0,0.0,0.0,0.0,0.0,0.0,0.0,27.0,0.0,0.0,0.0,0.0,0.0,0.0,0.0,0.0,0.0,128,0.0,0.0,0.0,0.0,0.0,0.0,0.0,0.0,0.0,0.0,0.0,0.0,0.0,0.0,0.0,0.0,0.0,0.0,0.0,0.0,0.0,32,0.0,0.0,0.0,0.0,0.0,0.0,11,0.0,0.0,0.0,0.0,0.0,0.0,0.0,0.0,0.0,0.0,0.0,0.0,0.0,0.0,0.0,0.0,0,49,32,8,0.0,0.0,0,0.0,0.0,0.0,0.0
Gabriele Piccinini,it ITA,MF,Pisa,24.0,2001.0,25,5,875,0,0,0,0,3,0,0.0,0.0,0.0,0.0,0.0,2.891694039106369,2.891694039106369,0.3154575315388766,0.3154575315388766,9.7,7,0.0,36.8,0.72,0.0,0.0,0.15219442311086154,-2.891694039106369,-2.891694039106369,0.0,0.0,0.0,0.0,0.0,0.0,0.0,0.0,0.0,0.0,0.0,0.0,0.0,0.0,7.0,0.0,0.0,0.0,0.0,0.0,0.0,0.0,0.0,0.0,19,0.0,0.0,0.0,0.0,0.0,0.0,0.0,0.0,0.0,0.0,0.0,0.0,0.0,0.0,0.0,0.0,0.0,0.0,0.0,0.0,0.0,16,0.0,0.0,0.0,0.0,0.0,0.0,2,0.0,0.0,0.0,0.0,0.0,0.0,0.0,0.0,0.0,0.0,0.0,0.0,0.0,0.0,0.0,0.0,0,11,12,0,0.0,0.0,0,0.0,0.0,0.0,0.0
Roberto Piccoli,it ITA,FW,Fiorentina,24.0,2001.0,32,16,"1,672",4,1,0,0,1,0,0.22,0.05,0.27,0.22,0.27,6.827427292242646,6.827427292242646,0.3717292536611241,0.3717292536611241,18.6,15,0.0,31.9,0.81,0.09,0.27,0.14526441047324778,-2.827427292242646,-2.827427292242646,0.0,0.0,0.0,0.0,0.0,0.0,0.0,0.0,0.0,0.0,0.0,0.0,0.0,0.0,15.0,0.0,0.0,0.0,0.0,0.0,0.0,0.0,0.0,0.0,4,0.0,0.0,0.0,0.0,0.0,0.0,0.0,0.0,0.0,0.0,0.0,0.0,0.0,0.0,0.0,0.0,0.0,0.0,0.0,0.0,0.0,1,0.0,0.0,0.0,0.0,0.0,0.0,4,0.0,0.0,0.0,0.0,0.0,0.0,0.0,0.0,0.0,0.0,0.0,0.0,0.0,0.0,0.0,0.0,0,34,40,14,0.0,0.0,0,0.0,0.0,0.0,0.0
Nicholas Pierini,it ITA,"FW,MF",Sassuolo,26.0,1998.0,11,0,142,0,0,0,0,1,0,0.0,0.0,0.0,0.0,0.0,0.3286344055086374,0.3286344055086374,0.25497496979118417,0.25497496979118417,1.6,2,0.0,40.0,1.27,0.0,0.0,0.06572688110172747,-0.3286344055086374,-0.3286344055086374,0.0,0.0,0.0,0.0,0.0,0.0,0.0,0.0,0.0,0.0,0.0,0.0,0.0,0.0,4.0,0.0,0.0,0.0,0.0,0.0,0.0,0.0,0.0,0.0,9,0.0,0.0,0.0,0.0,0.0,0.0,0.0,0.0,0.0,0.0,0.0,0.0,0.0,0.0,0.0,0.0,0.0,0.0,0.0,0.0,0.0,4,0.0,0.0,0.0,0.0,0.0,0.0,2,0.0,0.0,0.0,0.0,0.0,0.0,0.0,0.0,0.0,0.0,0.0,0.0,0.0,0.0,0.0,0.0,0,1,3,0,0.0,0.0,0,0.0,0.0,0.0,0.0
Santiago Pierotti,ar ARG,"MF,FW",Lecce,24.0,2001.0,37,31,"2,597",1,2,0,0,4,0,0.03,0.07,0.1,0.03,0.1,3.769198192283511,3.769198192283511,0.12748133683033297,0.12748133683033297,28.9,8,0.0,24.2,0.28,0.03,0.13,0.11778744350885972,-2.769198192283511,-2.769198192283511,0.0,0.0,0.0,0.0,0.0,0.0,0.0,0.0,0.0,0.0,0.0,0.0,0.0,0.0,22.0,0.0,0.0,0.0,0.0,0.0,0.0,0.0,0.0,0.0,21,0.0,0.0,0.0,0.0,0.0,0.0,0.0,0.0,0.0,0.0,0.0,0.0,0.0,0.0,0.0,0.0,0.0,0.0,0.0,0.0,0.0,51,0.0,0.0,0.0,0.0,0.0,0.0,21,0.0,0.0,0.0,0.0,0.0,0.0,0.0,0.0,0.0,0.0,0.0,0.0,0.0,0.0,0.0,0.0,0,67,23,7,0.0,0.0,0,0.0,0.0,0.0,0.0
Balthazar Pierret,fr FRA,MF,Lecce,25.0,2000.0,3,0,27,0,0,0,0,0,0,0.0,0.0,0.0,0.0,0.0,0.0,0.0,0.0,0.0,0.3,0,0.0,0.0,0.0,0.0,0.0,,0.0,0.0,0.0,0.0,0.0,0.0,0.0,0.0,0.0,0.0,0.0,0.0,0.0,0.0,0.0,0.0,0.0,0.0,0.0,0.0,0.0,0.0,0.0,0.0,0.0,0.0,0,0.0,0.0,0.0,0.0,0.0,0.0,0.0,0.0,0.0,0.0,0.0,0.0,0.0,0.0,0.0,0.0,0.0,0.0,0.0,0.0,0.0,1,0.0,0.0,0.0,0.0,0.0,0.0,0,0.0,0.0,0.0,0.0,0.0,0.0,0.0,0.0,0.0,0.0,0.0,0.0,0.0,0.0,0.0,0.0,0,0,2,0,0.0,0.0,0,0.0,0.0,0.0,0.0
Andrea Pinamonti,it ITA,FW,Sassuolo,26.0,1999.0,36,32,"2,552",9,3,0,1,2,1,0.32,0.11,0.42,0.32,0.42,11.534677205607297,10.773378429934382,0.3977474898485275,0.3714958079287718,28.4,30,0.0,41.1,1.06,0.12,0.3,0.14758052643745728,-2.534677205607297,-1.7733784299343824,0.0,0.0,0.0,0.0,0.0,0.0,0.0,0.0,0.0,0.0,0.0,0.0,0.0,0.0,17.0,0.0,0.0,0.0,0.0,0.0,0.0,0.0,0.0,0.0,9,0.0,0.0,0.0,0.0,0.0,0.0,0.0,0.0,0.0,0.0,0.0,0.0,0.0,0.0,0.0,0.0,0.0,0.0,0.0,0.0,0.0,5,0.0,0.0,0.0,0.0,0.0,0.0,2,0.0,0.0,0.0,0.0,0.0,0.0,0.0,0.0,0.0,0.0,0.0,0.0,0.0,0.0,0.0,0.0,0,14,33,13,0.0,0.0,0,0.0,0.0,0.0,0.0
Jakub Piotrowski,pl POL,MF,Udinese,27.0,1997.0,33,20,"1,696",1,1,0,0,2,0,0.05,0.05,0.11,0.05,0.11,3.2054076455533504,3.2054076455533504,0.16949864165675765,0.16949864165675765,18.8,9,0.0,25.0,0.48,0.03,0.11,0.08903910126537085,-2.2054076455533504,-2.2054076455533504,0.0,0.0,0.0,0.0,0.0,0.0,0.0,0.0,0.0,0.0,0.0,0.0,0.0,0.0,12.0,0.0,0.0,0.0,0.0,0.0,0.0,0.0,0.0,0.0,25,0.0,0.0,0.0,0.0,0.0,0.0,0.0,0.0,0.0,0.0,0.0,0.0,0.0,0.0,0.0,0.0,0.0,0.0,0.0,0.0,0.0,25,0.0,0.0,0.0,0.0,0.0,0.0,15,0.0,0.0,0.0,0.0,0.0,0.0,0.0,0.0,0.0,0.0,0.0,0.0,0.0,0.0,0.0,0.0,0,29,29,2,0.0,0.0,0,0.0,0.0,0.0,0.0
Niccolò Pisilli,it ITA,MF,Roma,20.0,2004.0,25,13,"1,295",2,4,0,0,3,0,0.14,0.28,0.42,0.14,0.42,2.2729037441313267,2.2729037441313267,0.16196463734902566,0.16196463734902566,14.4,5,0.0,26.3,0.35,0.11,0.4,0.1196265128490172,-0.2729037441313267,-0.2729037441313267,0.0,0.0,0.0,0.0,0.0,0.0,0.0,0.0,0.0,0.0,0.0,0.0,0.0,0.0,12.0,0.0,0.0,0.0,0.0,0.0,0.0,0.0,0.0,0.0,15,0.0,0.0,0.0,0.0,0.0,0.0,0.0,0.0,0.0,0.0,0.0,0.0,0.0,0.0,0.0,0.0,0.0,0.0,0.0,0.0,0.0,13,0.0,0.0,0.0,0.0,0.0,0.0,24,0.0,0.0,0.0,0.0,0.0,0.0,0.0,0.0,0.0,0.0,0.0,0.0,0.0,0.0,0.0,0.0,0,20,4,2,0.0,0.0,0,0.0,0.0,0.0,0.0
Tommaso Pobega,it ITA,MF,Bologna,26.0,1999.0,26,17,"1,434",3,1,0,0,2,1,0.19,0.06,0.25,0.19,0.25,1.8404578557237985,1.8404578557237985,0.11455131882098331,0.11455131882098331,15.9,10,0.0,40.0,0.63,0.12,0.3,0.07361831422895194,1.1595421442762015,1.1595421442762015,0.0,0.0,0.0,0.0,0.0,0.0,0.0,0.0,0.0,0.0,0.0,0.0,0.0,0.0,6.0,0.0,0.0,0.0,0.0,0.0,0.0,0.0,0.0,0.0,2,0.0,0.0,0.0,0.0,0.0,0.0,0.0,0.0,0.0,0.0,0.0,0.0,0.0,0.0,0.0,0.0,0.0,0.0,0.0,0.0,0.0,19,0.0,0.0,0.0,0.0,0.0,0.0,19,0.0,0.0,0.0,0.0,0.0,0.0,0.0,0.0,0.0,0.0,0.0,0.0,0.0,0.0,0.0,0.0,0,34,12,0,0.0,0.0,0,0.0,0.0,0.0,0.0
Matteo Politano,it ITA,"MF,FW",Napoli,31.0,1993.0,34,26,"2,200",2,5,0,0,4,0,0.08,0.2,0.29,0.08,0.29,3.1338229905813932,3.1338229905813932,0.12540865680405755,0.12540865680405755,24.4,13,0.0,26.5,0.53,0.04,0.15,0.06395557123635497,-1.1338229905813932,-1.1338229905813932,0.0,0.0,0.0,0.0,0.0,0.0,0.0,0.0,0.0,0.0,0.0,0.0,0.0,0.0,37.0,0.0,0.0,0.0,0.0,0.0,0.0,0.0,0.0,0.0,173,0.0,0.0,0.0,0.0,0.0,0.0,0.0,0.0,0.0,0.0,0.0,0.0,0.0,0.0,0.0,0.0,0.0,0.0,0.0,0.0,0.0,10,0.0,0.0,0.0,0.0,0.0,0.0,5,0.0,0.0,0.0,0.0,0.0,0.0,0.0,0.0,0.0,0.0,0.0,0.0,0.0,0.0,0.0,0.0,0,19,28,0,0.0,0.0,0,0.0,0.0,0.0,0.0
Marin Pongračić,hr CRO,DF,Fiorentina,27.0,1997.0,35,33,"2,918",0,0,0,0,12,0,0.0,0.0,0.0,0.0,0.0,0.592979246750474,0.592979246750474,0.018257999386774772,0.018257999386774772,32.4,1,0.0,12.5,0.03,0.0,0.0,0.07412240584380925,-0.592979246750474,-0.592979246750474,0.0,0.0,0.0,0.0,0.0,0.0,0.0,0.0,0.0,0.0,0.0,0.0,0.0,0.0,8.0,0.0,0.0,0.0,0.0,0.0,0.0,0.0,0.0,0.0,4,0.0,0.0,0.0,0.0,0.0,0.0,0.0,0.0,0.0,0.0,0.0,0.0,0.0,0.0,0.0,0.0,0.0,0.0,0.0,0.0,0.0,17,0.0,0.0,0.0,0.0,0.0,0.0,36,0.0,0.0,0.0,0.0,0.0,0.0,0.0,0.0,0.0,0.0,0.0,0.0,0.0,0.0,0.0,0.0,0,69,21,0,0.0,0.0,0,0.0,0.0,0.0,0.0
Stefan Posch,at AUT,DF,Como,28.0,1997.0,14,3,393,1,0,0,0,1,0,0.23,0.0,0.23,0.23,0.23,0.8626185804605484,0.8626185804605484,0.21446318298742917,0.21446318298742917,4.4,3,0.0,37.5,0.69,0.13,0.33,0.10782732255756855,0.1373814195394516,0.1373814195394516,0.0,0.0,0.0,0.0,0.0,0.0,0.0,0.0,0.0,0.0,0.0,0.0,0.0,0.0,2.0,0.0,0.0,0.0,0.0,0.0,0.0,0.0,0.0,0.0,10,0.0,0.0,0.0,0.0,0.0,0.0,0.0,0.0,0.0,0.0,0.0,0.0,0.0,0.0,0.0,0.0,0.0,0.0,0.0,0.0,0.0,3,0.0,0.0,0.0,0.0,0.0,0.0,4,0.0,0.0,0.0,0.0,0.0,0.0,0.0,0.0,0.0,0.0,0.0,0.0,0.0,0.0,0.0,0.0,0,9,6,0,0.0,0.0,0,0.0,0.0,0.0,0.0
Matteo Prati,it ITA,MF,Torino,21.0,2003.0,13,7,614,0,1,0,0,2,0,0.0,0.15,0.15,0.0,0.15,1.6766500296071172,1.6766500296071172,0.07971394752490256,0.07971394752490256,6.8,0,0.0,0.0,0.0,0.0,0.0,0.05408548482603604,-0.6766500296071172,-0.6766500296071172,0.0,0.0,0.0,0.0,0.0,0.0,0.0,0.0,0.0,0.0,0.0,0.0,0.0,0.0,13.0,0.0,0.0,0.0,0.0,0.0,0.0,0.0,0.0,0.0,2,0.0,0.0,0.0,0.0,0.0,0.0,0.0,0.0,0.0,0.0,0.0,0.0,0.0,0.0,0.0,0.0,0.0,0.0,0.0,0.0,0.0,3,0.0,0.0,0.0,0.0,0.0,0.0,5,0.0,0.0,0.0,0.0,0.0,0.0,0.0,0.0,0.0,0.0,0.0,0.0,0.0,0.0,0.0,0.0,0,12,7,0,0.0,0.0,0,0.0,0.0,0.0,0.0
Matteo Prati,it ITA,MF,Cagliari,21.0,2003.0,20,15,"1,268",1,0,0,0,4,0,0.07,0.0,0.07,0.07,0.07,1.6766500296071172,1.6766500296071172,0.07971394752490256,0.07971394752490256,14.1,1,0.0,5.3,0.07,0.05,1.0,0.05408548482603604,-0.6766500296071172,-0.6766500296071172,0.0,0.0,0.0,0.0,0.0,0.0,0.0,0.0,0.0,0.0,0.0,0.0,0.0,0.0,13.0,0.0,0.0,0.0,0.0,0.0,0.0,0.0,0.0,0.0,13,0.0,0.0,0.0,0.0,0.0,0.0,0.0,0.0,0.0,0.0,0.0,0.0,0.0,0.0,0.0,0.0,0.0,0.0,0.0,0.0,0.0,12,0.0,0.0,0.0,0.0,0.0,0.0,15,0.0,0.0,0.0,0.0,0.0,0.0,0.0,0.0,0.0,0.0,0.0,0.0,0.0,0.0,0.0,0.0,0,17,3,0,0.0,0.0,0,0.0,0.0,0.0,0.0
Ivan Provedel,it ITA,GK,Lazio,31.0,1994.0,27,27,"2,430",0,0,0,0,1,0,0.0,0.0,0.0,0.0,0.0,0.0,0.0,0.0,0.0,27.0,0,0.0,0.0,0.0,0.0,0.0,,0.0,0.0,0.0,0.0,0.0,0.0,0.0,0.0,0.0,0.0,0.0,0.0,0.0,0.0,0.0,0.0,1.0,0.0,0.0,0.0,0.0,0.0,0.0,0.0,0.0,0.0,0,0.0,0.0,0.0,0.0,0.0,0.0,0.0,0.0,0.0,0.0,0.0,0.0,0.0,0.0,0.0,0.0,0.0,0.0,0.0,0.0,0.0,0,0.0,0.0,0.0,0.0,0.0,0.0,0,0.0,0.0,0.0,0.0,0.0,0.0,0.0,0.0,0.0,0.0,0.0,0.0,0.0,0.0,0.0,0.0,0,0,2,0,0.0,0.0,0,0.0,0.0,0.0,0.0
Adrian Przyborek,pl POL,MF,Lazio,18.0,2007.0,1,0,9,0,0,0,0,0,0,0.0,0.0,0.0,0.0,0.0,0.0196236725896596,0.0196236725896596,0.252304361867052,0.252304361867052,0.1,0,0.0,0.0,0.0,0.0,0.0,0.0196236725896596,-0.0196236725896596,-0.0196236725896596,0.0,0.0,0.0,0.0,0.0,0.0,0.0,0.0,0.0,0.0,0.0,0.0,0.0,0.0,0.0,0.0,0.0,0.0,0.0,0.0,0.0,0.0,0.0,0.0,0,0.0,0.0,0.0,0.0,0.0,0.0,0.0,0.0,0.0,0.0,0.0,0.0,0.0,0.0,0.0,0.0,0.0,0.0,0.0,0.0,0.0,0,0.0,0.0,0.0,0.0,0.0,0.0,0,0.0,0.0,0.0,0.0,0.0,0.0,0.0,0.0,0.0,0.0,0.0,0.0,0.0,0.0,0.0,0.0,0,0,0,0,0.0,0.0,0,0.0,0.0,0.0,0.0
Christian Pulisic,us USA,FW,Milan,26.0,1998.0,30,18,"1,609",8,4,0,1,0,0,0.45,0.22,0.67,0.45,0.67,9.544671326875688,8.78337250649929,0.532891079043928,0.49038680247204475,17.9,25,0.0,46.3,1.4,0.15,0.32,0.16265504641665351,-1.5446713268756884,-0.7833725064992905,0.0,0.0,0.0,0.0,0.0,0.0,0.0,0.0,0.0,0.0,0.0,0.0,0.0,0.0,38.0,0.0,0.0,0.0,0.0,0.0,0.0,0.0,0.0,0.0,37,0.0,0.0,0.0,0.0,0.0,0.0,0.0,0.0,0.0,0.0,0.0,0.0,0.0,0.0,0.0,0.0,0.0,0.0,0.0,0.0,0.0,8,0.0,0.0,0.0,0.0,0.0,0.0,3,0.0,0.0,0.0,0.0,0.0,0.0,0.0,0.0,0.0,0.0,0.0,0.0,0.0,0.0,0.0,0.0,0,11,23,3,0.0,0.0,0,0.0,0.0,0.0,0.0
Adrien Rabiot,fr FRA,MF,Milan,30.0,1995.0,29,28,"2,550",6,4,0,0,6,1,0.21,0.14,0.35,0.21,0.35,4.362811662256718,4.362811662256718,0.1542235073067968,0.1542235073067968,28.3,12,0.0,26.1,0.42,0.13,0.5,0.09484373178818951,1.6371883377432823,1.6371883377432823,0.0,0.0,0.0,0.0,0.0,0.0,0.0,0.0,0.0,0.0,0.0,0.0,0.0,0.0,27.0,0.0,0.0,0.0,0.0,0.0,0.0,0.0,0.0,0.0,58,0.0,0.0,0.0,0.0,0.0,0.0,0.0,0.0,0.0,0.0,0.0,0.0,0.0,0.0,0.0,0.0,0.0,0.0,0.0,0.0,0.0,31,0.0,0.0,0.0,0.0,0.0,0.0,20,0.0,0.0,0.0,0.0,0.0,0.0,0.0,0.0,0.0,0.0,0.0,0.0,0.0,0.0,0.0,0.0,1,35,55,7,0.0,0.0,0,0.0,0.0,0.0,0.0
Ylber Ramadani,al ALB,MF,Lecce,29.0,1996.0,37,37,"3,203",1,0,0,0,10,0,0.03,0.0,0.03,0.03,0.03,1.2185862502083182,1.2185862502083182,0.03389145936920539,0.03389145936920539,35.6,5,0.0,14.7,0.14,0.03,0.2,0.03481675000595195,-0.21858625020831823,-0.21858625020831823,0.0,0.0,0.0,0.0,0.0,0.0,0.0,0.0,0.0,0.0,0.0,0.0,0.0,0.0,19.0,0.0,0.0,0.0,0.0,0.0,0.0,0.0,0.0,0.0,16,0.0,0.0,0.0,0.0,0.0,0.0,0.0,0.0,0.0,0.0,0.0,0.0,0.0,0.0,0.0,0.0,0.0,0.0,0.0,0.0,0.0,50,0.0,0.0,0.0,0.0,0.0,0.0,44,0.0,0.0,0.0,0.0,0.0,0.0,0.0,0.0,0.0,0.0,0.0,0.0,0.0,0.0,0.0,0.0,0,43,59,0,0.0,0.0,0,0.0,0.0,0.0,0.0
Jacobo Ramón,es ESP,DF,Como,20.0,2005.0,32,30,"2,742",2,0,0,0,11,1,0.07,0.0,0.07,0.07,0.07,5.472400579601526,5.472400579601526,0.17948835720267398,0.17948835720267398,30.5,9,0.0,23.1,0.3,0.05,0.22,0.1403179635795263,-3.4724005796015263,-3.4724005796015263,0.0,0.0,0.0,0.0,0.0,0.0,0.0,0.0,0.0,0.0,0.0,0.0,0.0,0.0,11.0,0.0,0.0,0.0,0.0,0.0,0.0,0.0,0.0,0.0,11,0.0,0.0,0.0,0.0,0.0,0.0,0.0,0.0,0.0,0.0,0.0,0.0,0.0,0.0,0.0,0.0,0.0,0.0,0.0,0.0,0.0,32,0.0,0.0,0.0,0.0,0.0,0.0,38,0.0,0.0,0.0,0.0,0.0,0.0,0.0,0.0,0.0,0.0,0.0,0.0,0.0,0.0,0.0,0.0,0,33,12,0,0.0,0.0,0,0.0,0.0,0.0,0.0
Luca Ranieri,it ITA,DF,Fiorentina,26.0,1999.0,34,29,"2,458",1,0,0,0,8,1,0.04,0.0,0.04,0.04,0.04,2.0760744465515018,2.0760744465515018,0.07506898360371039,0.07506898360371039,27.3,3,0.0,16.7,0.11,0.06,0.33,0.1153374692528612,-1.0760744465515018,-1.0760744465515018,0.0,0.0,0.0,0.0,0.0,0.0,0.0,0.0,0.0,0.0,0.0,0.0,0.0,0.0,7.0,0.0,0.0,0.0,0.0,0.0,0.0,0.0,0.0,0.0,27,0.0,0.0,0.0,0.0,0.0,0.0,0.0,0.0,0.0,0.0,0.0,0.0,0.0,0.0,0.0,0.0,0.0,0.0,0.0,0.0,0.0,24,0.0,0.0,0.0,0.0,0.0,0.0,24,0.0,0.0,0.0,0.0,0.0,0.0,0.0,0.0,0.0,0.0,0.0,0.0,0.0,0.0,0.0,0.0,0,22,27,3,0.0,0.0,0,0.0,0.0,0.0,0.0
Giacomo Raspadori,it ITA,"MF,FW",Atalanta,25.0,2000.0,13,7,796,3,1,0,0,0,0,0.34,0.11,0.45,0.34,0.45,3.4865498393774033,3.4865498393774033,0.400241690744855,0.400241690744855,8.8,11,0.0,39.3,1.24,0.11,0.27,0.12451963712062154,-0.48654983937740326,-0.48654983937740326,0.0,0.0,0.0,0.0,0.0,0.0,0.0,0.0,0.0,0.0,0.0,0.0,0.0,0.0,17.0,0.0,0.0,0.0,0.0,0.0,0.0,0.0,0.0,0.0,44,0.0,0.0,0.0,0.0,0.0,0.0,0.0,0.0,0.0,0.0,0.0,0.0,0.0,0.0,0.0,0.0,0.0,0.0,0.0,0.0,0.0,3,0.0,0.0,0.0,0.0,0.0,0.0,1,0.0,0.0,0.0,0.0,0.0,0.0,0.0,0.0,0.0,0.0,0.0,0.0,0.0,0.0,0.0,0.0,0,7,6,1,0.0,0.0,0,0.0,0.0,0.0,0.0
Othniel Raterink,nl NED,DF,Cagliari,19.0,2006.0,1,0,7,0,0,0,0,0,0,0.0,0.0,0.0,0.0,0.0,0.0,0.0,0.0,0.0,0.1,0,0.0,0.0,0.0,0.0,0.0,,0.0,0.0,0.0,0.0,0.0,0.0,0.0,0.0,0.0,0.0,0.0,0.0,0.0,0.0,0.0,0.0,0.0,0.0,0.0,0.0,0.0,0.0,0.0,0.0,0.0,0.0,0,0.0,0.0,0.0,0.0,0.0,0.0,0.0,0.0,0.0,0.0,0.0,0.0,0.0,0.0,0.0,0.0,0.0,0.0,0.0,0.0,0.0,0,0.0,0.0,0.0,0.0,0.0,0.0,0,0.0,0.0,0.0,0.0,0.0,0.0,0.0,0.0,0.0,0.0,0.0,0.0,0.0,0.0,0.0,0.0,0,0,0,0,0.0,0.0,0,0.0,0.0,0.0,0.0
Petar Ratkov,rs SRB,FW,Lazio,21.0,2003.0,8,2,233,0,0,0,0,0,0,0.0,0.0,0.0,0.0,0.0,0.5318299345672131,0.5318299345672131,0.20993286890811041,0.20993286890811041,2.6,1,0.0,16.7,0.39,0.0,0.0,0.08863832242786884,-0.5318299345672131,-0.5318299345672131,0.0,0.0,0.0,0.0,0.0,0.0,0.0,0.0,0.0,0.0,0.0,0.0,0.0,0.0,1.0,0.0,0.0,0.0,0.0,0.0,0.0,0.0,0.0,0.0,0,0.0,0.0,0.0,0.0,0.0,0.0,0.0,0.0,0.0,0.0,0.0,0.0,0.0,0.0,0.0,0.0,0.0,0.0,0.0,0.0,0.0,2,0.0,0.0,0.0,0.0,0.0,0.0,1,0.0,0.0,0.0,0.0,0.0,0.0,0.0,0.0,0.0,0.0,0.0,0.0,0.0,0.0,0.0,0.0,0,0,3,0,0.0,0.0,0,0.0,0.0,0.0,0.0
Federico Ravaglia,it ITA,GK,Bologna,25.0,1999.0,17,16,"1,470",0,0,0,0,4,0,0.0,0.0,0.0,0.0,0.0,0.0,0.0,0.0,0.0,16.3,0,0.0,0.0,0.0,0.0,0.0,,0.0,0.0,0.0,0.0,0.0,0.0,0.0,0.0,0.0,0.0,0.0,0.0,0.0,0.0,0.0,0.0,0.0,0.0,0.0,0.0,0.0,0.0,0.0,0.0,0.0,0.0,0,0.0,0.0,0.0,0.0,0.0,0.0,0.0,0.0,0.0,0.0,0.0,0.0,0.0,0.0,0.0,0.0,0.0,0.0,0.0,0.0,0.0,1,0.0,0.0,0.0,0.0,0.0,0.0,0,0.0,0.0,0.0,0.0,0.0,0.0,0.0,0.0,0.0,0.0,0.0,0.0,0.0,0.0,0.0,0.0,0,2,3,0,0.0,0.0,0,0.0,0.0,0.0,0.0
Devyne Rensch,nl NED,MF,Roma,22.0,2003.0,24,12,"1,184",1,4,0,0,1,0,0.08,0.3,0.38,0.08,0.38,0.569548043422401,0.569548043422401,0.043440105006793295,0.043440105006793295,13.2,2,0.0,33.3,0.15,0.17,0.5,0.09492467390373349,0.43045195657759905,0.43045195657759905,0.0,0.0,0.0,0.0,0.0,0.0,0.0,0.0,0.0,0.0,0.0,0.0,0.0,0.0,10.0,0.0,0.0,0.0,0.0,0.0,0.0,0.0,0.0,0.0,22,0.0,0.0,0.0,0.0,0.0,0.0,0.0,0.0,0.0,0.0,0.0,0.0,0.0,0.0,0.0,0.0,0.0,0.0,0.0,0.0,0.0,15,0.0,0.0,0.0,0.0,0.0,0.0,16,0.0,0.0,0.0,0.0,0.0,0.0,0.0,0.0,0.0,0.0,0.0,0.0,0.0,0.0,0.0,0.0,0,6,18,3,0.0,0.0,0,0.0,0.0,0.0,0.0
Samuele Ricci,it ITA,MF,Milan,23.0,2001.0,31,11,"1,312",1,4,0,0,3,0,0.07,0.27,0.34,0.07,0.34,2.1061665676534176,2.1061665676534176,0.14890415639340737,0.14890415639340737,14.6,6,0.0,33.3,0.41,0.06,0.17,0.1170092537585232,-1.1061665676534176,-1.1061665676534176,0.0,0.0,0.0,0.0,0.0,0.0,0.0,0.0,0.0,0.0,0.0,0.0,0.0,0.0,20.0,0.0,0.0,0.0,0.0,0.0,0.0,0.0,0.0,0.0,28,0.0,0.0,0.0,0.0,0.0,0.0,0.0,0.0,0.0,0.0,0.0,0.0,0.0,0.0,0.0,0.0,0.0,0.0,0.0,0.0,0.0,9,0.0,0.0,0.0,0.0,0.0,0.0,9,0.0,0.0,0.0,0.0,0.0,0.0,0.0,0.0,0.0,0.0,0.0,0.0,0.0,0.0,0.0,0.0,0,17,33,1,0.0,0.0,0,0.0,0.0,0.0,0.0
Amir Richardson,ma MAR,MF,Fiorentina,23.0,2002.0,2,0,42,0,0,0,0,0,0,0.0,0.0,0.0,0.0,0.0,0.012502109631896,0.012502109631896,0.032148281910589716,0.032148281910589716,0.5,0,0.0,0.0,0.0,0.0,0.0,0.012502109631896,-0.012502109631896,-0.012502109631896,0.0,0.0,0.0,0.0,0.0,0.0,0.0,0.0,0.0,0.0,0.0,0.0,0.0,0.0,0.0,0.0,0.0,0.0,0.0,0.0,0.0,0.0,0.0,0.0,1,0.0,0.0,0.0,0.0,0.0,0.0,0.0,0.0,0.0,0.0,0.0,0.0,0.0,0.0,0.0,0.0,0.0,0.0,0.0,0.0,0.0,1,0.0,0.0,0.0,0.0,0.0,0.0,0,0.0,0.0,0.0,0.0,0.0,0.0,0.0,0.0,0.0,0.0,0.0,0.0,0.0,0.0,0.0,0.0,0,1,3,0,0.0,0.0,0,0.0,0.0,0.0,0.0
Filippo Rinaldi,it ITA,GK,Parma,22.0,2002.0,1,1,90,0,0,0,0,1,0,0.0,0.0,0.0,0.0,0.0,0.0,0.0,0.0,0.0,1.0,0,0.0,0.0,0.0,0.0,0.0,,0.0,0.0,0.0,0.0,0.0,0.0,0.0,0.0,0.0,0.0,0.0,0.0,0.0,0.0,0.0,0.0,0.0,0.0,0.0,0.0,0.0,0.0,0.0,0.0,0.0,0.0,0,0.0,0.0,0.0,0.0,0.0,0.0,0.0,0.0,0.0,0.0,0.0,0.0,0.0,0.0,0.0,0.0,0.0,0.0,0.0,0.0,0.0,0,0.0,0.0,0.0,0.0,0.0,0.0,0,0.0,0.0,0.0,0.0,0.0,0.0,0.0,0.0,0.0,0.0,0.0,0.0,0.0,0.0,0.0,0.0,0,0,0,0,0.0,0.0,0,0.0,0.0,0.0,0.0
Sergi Roberto,es ESP,MF,Como,33.0,1992.0,20,5,544,0,0,0,0,3,0,0.0,0.0,0.0,0.0,0.0,1.0820457711815834,1.0820457711815834,0.1920791309789793,0.1920791309789793,6.0,2,0.0,28.6,0.33,0.0,0.0,0.18034096186359724,-1.0820457711815834,-1.0820457711815834,0.0,0.0,0.0,0.0,0.0,0.0,0.0,0.0,0.0,0.0,0.0,0.0,0.0,0.0,8.0,0.0,0.0,0.0,0.0,0.0,0.0,0.0,0.0,0.0,2,0.0,0.0,0.0,0.0,0.0,0.0,0.0,0.0,0.0,0.0,0.0,0.0,0.0,0.0,0.0,0.0,0.0,0.0,0.0,0.0,0.0,7,0.0,0.0,0.0,0.0,0.0,0.0,5,0.0,0.0,0.0,0.0,0.0,0.0,0.0,0.0,0.0,0.0,0.0,0.0,0.0,0.0,0.0,0.0,0,9,9,0,0.0,0.0,0,0.0,0.0,0.0,0.0
Jesus Rodríguez,es ESP,MF,Como,19.0,2005.0,31,18,"1,731",2,9,0,0,3,1,0.1,0.47,0.57,0.1,0.57,3.921451119706034,3.921451119706034,0.2042422458180226,0.2042422458180226,19.2,12,0.0,26.7,0.62,0.04,0.17,0.08714335821568965,-1.9214511197060342,-1.9214511197060342,0.0,0.0,0.0,0.0,0.0,0.0,0.0,0.0,0.0,0.0,0.0,0.0,0.0,0.0,36.0,0.0,0.0,0.0,0.0,0.0,0.0,0.0,0.0,0.0,57,0.0,0.0,0.0,0.0,0.0,0.0,0.0,0.0,0.0,0.0,0.0,0.0,0.0,0.0,0.0,0.0,0.0,0.0,0.0,0.0,0.0,17,0.0,0.0,0.0,0.0,0.0,0.0,4,0.0,0.0,0.0,0.0,0.0,0.0,0.0,0.0,0.0,0.0,0.0,0.0,0.0,0.0,0.0,0.0,0,24,32,3,0.0,0.0,0,0.0,0.0,0.0,0.0
Juan Rodríguez,uy URU,DF,Cagliari,20.0,2005.0,17,16,"1,310",1,0,0,0,3,0,0.07,0.0,0.07,0.07,0.07,1.198434928432107,1.198434928432107,0.08128043975801781,0.08128043975801781,14.6,2,0.0,66.7,0.14,0.33,0.5,0.399478309477369,-0.19843492843210697,-0.19843492843210697,0.0,0.0,0.0,0.0,0.0,0.0,0.0,0.0,0.0,0.0,0.0,0.0,0.0,0.0,0.0,0.0,0.0,0.0,0.0,0.0,0.0,0.0,0.0,0.0,5,0.0,0.0,0.0,0.0,0.0,0.0,0.0,0.0,0.0,0.0,0.0,0.0,0.0,0.0,0.0,0.0,0.0,0.0,0.0,0.0,0.0,27,0.0,0.0,0.0,0.0,0.0,0.0,17,0.0,0.0,0.0,0.0,0.0,0.0,0.0,0.0,0.0,0.0,0.0,0.0,0.0,0.0,0.0,0.0,0,15,8,0,0.0,0.0,0,0.0,0.0,0.0,0.0
Filippo Romagna,it ITA,DF,Sassuolo,28.0,1997.0,5,4,313,0,0,0,0,0,0,0.0,0.0,0.0,0.0,0.0,0.0468942187726497,0.0468942187726497,0.013230343854352582,0.013230343854352582,3.5,0,0.0,0.0,0.0,0.0,0.0,0.02344710938632485,-0.0468942187726497,-0.0468942187726497,0.0,0.0,0.0,0.0,0.0,0.0,0.0,0.0,0.0,0.0,0.0,0.0,0.0,0.0,0.0,0.0,0.0,0.0,0.0,0.0,0.0,0.0,0.0,0.0,1,0.0,0.0,0.0,0.0,0.0,0.0,0.0,0.0,0.0,0.0,0.0,0.0,0.0,0.0,0.0,0.0,0.0,0.0,0.0,0.0,0.0,1,0.0,0.0,0.0,0.0,0.0,0.0,5,0.0,0.0,0.0,0.0,0.0,0.0,0.0,0.0,0.0,0.0,0.0,0.0,0.0,0.0,0.0,0.0,0,0,1,0,0.0,0.0,0,0.0,0.0,0.0,0.0
Alessio Romagnoli,it ITA,DF,Lazio,30.0,1995.0,32,31,"2,666",0,0,0,0,6,1,0.0,0.0,0.0,0.0,0.0,1.5350841991603374,1.5350841991603374,0.05174441120765182,0.05174441120765182,29.6,4,0.0,44.4,0.14,0.0,0.0,0.17056491101781526,-1.5350841991603374,-1.5350841991603374,0.0,0.0,0.0,0.0,0.0,0.0,0.0,0.0,0.0,0.0,0.0,0.0,0.0,0.0,3.0,0.0,0.0,0.0,0.0,0.0,0.0,0.0,0.0,0.0,2,0.0,0.0,0.0,0.0,0.0,0.0,0.0,0.0,0.0,0.0,0.0,0.0,0.0,0.0,0.0,0.0,0.0,0.0,0.0,0.0,0.0,14,0.0,0.0,0.0,0.0,0.0,0.0,32,0.0,0.0,0.0,0.0,0.0,0.0,0.0,0.0,0.0,0.0,0.0,0.0,0.0,0.0,0.0,0.0,0,18,15,0,0.0,0.0,0,0.0,0.0,0.0,0.0
Alessandro Romano,ch SUI,MF,Roma,19.0,2006.0,2,0,8,0,0,0,0,0,0,0.0,0.0,0.0,0.0,0.0,0.0,0.0,0.0,0.0,0.1,0,0.0,0.0,0.0,0.0,0.0,,0.0,0.0,0.0,0.0,0.0,0.0,0.0,0.0,0.0,0.0,0.0,0.0,0.0,0.0,0.0,0.0,0.0,0.0,0.0,0.0,0.0,0.0,0.0,0.0,0.0,0.0,0,0.0,0.0,0.0,0.0,0.0,0.0,0.0,0.0,0.0,0.0,0.0,0.0,0.0,0.0,0.0,0.0,0.0,0.0,0.0,0.0,0.0,0,0.0,0.0,0.0,0.0,0.0,0.0,0,0.0,0.0,0.0,0.0,0.0,0.0,0.0,0.0,0.0,0.0,0.0,0.0,0.0,0.0,0.0,0.0,0,2,0,0,0.0,0.0,0,0.0,0.0,0.0,0.0
Marten de Roon,nl NED,MF,Atalanta,34.0,1991.0,34,32,"2,691",1,2,0,0,8,1,0.03,0.07,0.1,0.03,0.1,0.824793690815568,0.824793690815568,0.027290967710809234,0.027290967710809234,29.9,4,0.0,25.0,0.13,0.06,0.25,0.051549605675973,0.17520630918443203,0.17520630918443203,0.0,0.0,0.0,0.0,0.0,0.0,0.0,0.0,0.0,0.0,0.0,0.0,0.0,0.0,23.0,0.0,0.0,0.0,0.0,0.0,0.0,0.0,0.0,0.0,13,0.0,0.0,0.0,0.0,0.0,0.0,0.0,0.0,0.0,0.0,0.0,0.0,0.0,0.0,0.0,0.0,0.0,0.0,0.0,0.0,0.0,44,0.0,0.0,0.0,0.0,0.0,0.0,26,0.0,0.0,0.0,0.0,0.0,0.0,0.0,0.0,0.0,0.0,0.0,0.0,0.0,0.0,0.0,0.0,1,37,11,0,0.0,0.0,0,0.0,0.0,0.0,0.0
Nicolò Rovella,it ITA,MF,Lazio,23.0,2001.0,11,6,512,0,1,0,0,2,1,0.0,0.18,0.18,0.0,0.18,0.0171176232397556,0.0171176232397556,0.0030207570423098117,0.0030207570423098117,5.7,0,0.0,0.0,0.0,0.0,0.0,0.0171176232397556,-0.0171176232397556,-0.0171176232397556,0.0,0.0,0.0,0.0,0.0,0.0,0.0,0.0,0.0,0.0,0.0,0.0,0.0,0.0,13.0,0.0,0.0,0.0,0.0,0.0,0.0,0.0,0.0,0.0,11,0.0,0.0,0.0,0.0,0.0,0.0,0.0,0.0,0.0,0.0,0.0,0.0,0.0,0.0,0.0,0.0,0.0,0.0,0.0,0.0,0.0,10,0.0,0.0,0.0,0.0,0.0,0.0,9,0.0,0.0,0.0,0.0,0.0,0.0,0.0,0.0,0.0,0.0,0.0,0.0,0.0,0.0,0.0,0.0,0,7,12,0,0.0,0.0,0,0.0,0.0,0.0,0.0
Jonathan Rowe,eng ENG,"MF,FW",Bologna,22.0,2003.0,28,17,"1,605",3,2,0,0,2,0,0.17,0.11,0.28,0.17,0.28,4.977084977552295,4.977084977552295,0.277876952841009,0.277876952841009,17.8,17,0.0,35.4,0.95,0.06,0.18,0.10368927036567281,-1.9770849775522947,-1.9770849775522947,0.0,0.0,0.0,0.0,0.0,0.0,0.0,0.0,0.0,0.0,0.0,0.0,0.0,0.0,21.0,0.0,0.0,0.0,0.0,0.0,0.0,0.0,0.0,0.0,53,0.0,0.0,0.0,0.0,0.0,0.0,0.0,0.0,0.0,0.0,0.0,0.0,0.0,0.0,0.0,0.0,0.0,0.0,0.0,0.0,0.0,14,0.0,0.0,0.0,0.0,0.0,0.0,9,0.0,0.0,0.0,0.0,0.0,0.0,0.0,0.0,0.0,0.0,0.0,0.0,0.0,0.0,0.0,0.0,0,23,50,4,0.0,0.0,0,0.0,0.0,0.0,0.0
Amir Rrahmani,xk KVX,DF,Napoli,31.0,1994.0,21,21,"1,795",2,1,0,0,2,0,0.1,0.05,0.15,0.1,0.15,1.3542888388037682,1.3542888388037682,0.0673775541693417,0.0673775541693417,19.9,4,0.0,26.7,0.2,0.13,0.5,0.09028592258691788,0.6457111611962318,0.6457111611962318,0.0,0.0,0.0,0.0,0.0,0.0,0.0,0.0,0.0,0.0,0.0,0.0,0.0,0.0,7.0,0.0,0.0,0.0,0.0,0.0,0.0,0.0,0.0,0.0,1,0.0,0.0,0.0,0.0,0.0,0.0,0.0,0.0,0.0,0.0,0.0,0.0,0.0,0.0,0.0,0.0,0.0,0.0,0.0,0.0,0.0,12,0.0,0.0,0.0,0.0,0.0,0.0,22,0.0,0.0,0.0,0.0,0.0,0.0,0.0,0.0,0.0,0.0,0.0,0.0,0.0,0.0,0.0,0.0,0,20,16,2,0.0,0.0,0,0.0,0.0,0.0,0.0
Daniele Rugani,it ITA,DF,Fiorentina,31.0,1994.0,6,4,327,0,0,0,0,2,0,0.0,0.0,0.0,0.0,0.0,0.2712211608886719,0.2712211608886719,0.04230486045057273,0.04230486045057273,3.6,0,0.0,0.0,0.0,0.0,0.0,0.2712211608886719,-0.2712211608886719,-0.2712211608886719,0.0,0.0,0.0,0.0,0.0,0.0,0.0,0.0,0.0,0.0,0.0,0.0,0.0,0.0,0.0,0.0,0.0,0.0,0.0,0.0,0.0,0.0,0.0,0.0,0,0.0,0.0,0.0,0.0,0.0,0.0,0.0,0.0,0.0,0.0,0.0,0.0,0.0,0.0,0.0,0.0,0.0,0.0,0.0,0.0,0.0,4,0.0,0.0,0.0,0.0,0.0,0.0,5,0.0,0.0,0.0,0.0,0.0,0.0,0.0,0.0,0.0,0.0,0.0,0.0,0.0,0.0,0.0,0.0,0,7,0,0,0.0,0.0,0,0.0,0.0,0.0,0.0
Daniele Rugani,it ITA,DF,Juventus,31.0,1994.0,6,3,250,0,0,0,0,0,0,0.0,0.0,0.0,0.0,0.0,0.2712211608886719,0.2712211608886719,0.04230486045057273,0.04230486045057273,2.8,0,0.0,0.0,0.0,0.0,0.0,0.2712211608886719,-0.2712211608886719,-0.2712211608886719,0.0,0.0,0.0,0.0,0.0,0.0,0.0,0.0,0.0,0.0,0.0,0.0,0.0,0.0,0.0,0.0,0.0,0.0,0.0,0.0,0.0,0.0,0.0,0.0,0,0.0,0.0,0.0,0.0,0.0,0.0,0.0,0.0,0.0,0.0,0.0,0.0,0.0,0.0,0.0,0.0,0.0,0.0,0.0,0.0,0.0,3,0.0,0.0,0.0,0.0,0.0,0.0,5,0.0,0.0,0.0,0.0,0.0,0.0,0.0,0.0,0.0,0.0,0.0,0.0,0.0,0.0,0.0,0.0,0,2,0,0,0.0,0.0,0,0.0,0.0,0.0,0.0
Stefano Sabelli,it ITA,"MF,DF",Genoa,32.0,1993.0,16,12,913,0,0,0,0,0,0,0.0,0.0,0.0,0.0,0.0,0.403718045912683,0.403718045912683,0.03906948831413061,0.03906948831413061,10.1,0,0.0,0.0,0.0,0.0,0.0,0.050464755739085376,-0.403718045912683,-0.403718045912683,0.0,0.0,0.0,0.0,0.0,0.0,0.0,0.0,0.0,0.0,0.0,0.0,0.0,0.0,6.0,0.0,0.0,0.0,0.0,0.0,0.0,0.0,0.0,0.0,27,0.0,0.0,0.0,0.0,0.0,0.0,0.0,0.0,0.0,0.0,0.0,0.0,0.0,0.0,0.0,0.0,0.0,0.0,0.0,0.0,0.0,14,0.0,0.0,0.0,0.0,0.0,0.0,3,0.0,0.0,0.0,0.0,0.0,0.0,0.0,0.0,0.0,0.0,0.0,0.0,0.0,0.0,0.0,0.0,0,6,19,0,0.0,0.0,1,0.0,0.0,0.0,0.0
Abdelhamid Sabiri,ma MAR,MF,Fiorentina,28.0,1996.0,1,0,27,0,0,0,0,0,0,0.0,0.0,0.0,0.0,0.0,0.0129246171563863,0.0129246171563863,0.04846731433644863,0.04846731433644863,0.3,0,0.0,0.0,0.0,0.0,0.0,0.0129246171563863,-0.0129246171563863,-0.0129246171563863,0.0,0.0,0.0,0.0,0.0,0.0,0.0,0.0,0.0,0.0,0.0,0.0,0.0,0.0,3.0,0.0,0.0,0.0,0.0,0.0,0.0,0.0,0.0,0.0,4,0.0,0.0,0.0,0.0,0.0,0.0,0.0,0.0,0.0,0.0,0.0,0.0,0.0,0.0,0.0,0.0,0.0,0.0,0.0,0.0,0.0,2,0.0,0.0,0.0,0.0,0.0,0.0,0,0.0,0.0,0.0,0.0,0.0,0.0,0.0,0.0,0.0,0.0,0.0,0.0,0.0,0.0,0.0,0.0,0,1,1,0,0.0,0.0,0,0.0,0.0,0.0,0.0
Alexis Saelemaekers,be BEL,MF,Milan,26.0,1999.0,35,33,"2,788",3,3,0,0,5,0,0.1,0.1,0.19,0.1,0.19,3.5981931975111365,3.5981931975111365,0.11487668952678336,0.11487668952678336,31.0,11,0.0,25.6,0.36,0.07,0.27,0.08367891157002644,-0.5981931975111365,-0.5981931975111365,0.0,0.0,0.0,0.0,0.0,0.0,0.0,0.0,0.0,0.0,0.0,0.0,0.0,0.0,53.0,0.0,0.0,0.0,0.0,0.0,0.0,0.0,0.0,0.0,82,0.0,0.0,0.0,0.0,0.0,0.0,0.0,0.0,0.0,0.0,0.0,0.0,0.0,0.0,0.0,0.0,0.0,0.0,0.0,0.0,0.0,38,0.0,0.0,0.0,0.0,0.0,0.0,30,0.0,0.0,0.0,0.0,0.0,0.0,0.0,0.0,0.0,0.0,0.0,0.0,0.0,0.0,0.0,0.0,0,26,64,2,0.0,0.0,0,0.0,0.0,0.0,0.0
Álex Sala,es ESP,MF,Lecce,24.0,2001.0,9,2,167,0,1,0,0,0,0,0.0,0.54,0.54,0.0,0.54,0.3768588658422231,0.3768588658422231,0.22917093193108162,0.22917093193108162,1.9,2,0.0,50.0,1.08,0.0,0.0,0.09421471646055578,-0.3768588658422231,-0.3768588658422231,0.0,0.0,0.0,0.0,0.0,0.0,0.0,0.0,0.0,0.0,0.0,0.0,0.0,0.0,3.0,0.0,0.0,0.0,0.0,0.0,0.0,0.0,0.0,0.0,11,0.0,0.0,0.0,0.0,0.0,0.0,0.0,0.0,0.0,0.0,0.0,0.0,0.0,0.0,0.0,0.0,0.0,0.0,0.0,0.0,0.0,2,0.0,0.0,0.0,0.0,0.0,0.0,3,0.0,0.0,0.0,0.0,0.0,0.0,0.0,0.0,0.0,0.0,0.0,0.0,0.0,0.0,0.0,0.0,0,6,5,0,0.0,0.0,0,0.0,0.0,0.0,0.0
Lazar Samardzic,rs SRB,MF,Atalanta,23.0,2002.0,26,11,"1,030",2,1,0,0,1,0,0.17,0.09,0.26,0.17,0.26,2.776425752788782,2.776425752788782,0.24863514204078646,0.24863514204078646,11.4,9,0.0,36.0,0.79,0.08,0.22,0.11105703011155128,-0.7764257527887821,-0.7764257527887821,0.0,0.0,0.0,0.0,0.0,0.0,0.0,0.0,0.0,0.0,0.0,0.0,0.0,0.0,28.0,0.0,0.0,0.0,0.0,0.0,0.0,0.0,0.0,0.0,68,0.0,0.0,0.0,0.0,0.0,0.0,0.0,0.0,0.0,0.0,0.0,0.0,0.0,0.0,0.0,0.0,0.0,0.0,0.0,0.0,0.0,8,0.0,0.0,0.0,0.0,0.0,0.0,10,0.0,0.0,0.0,0.0,0.0,0.0,0.0,0.0,0.0,0.0,0.0,0.0,0.0,0.0,0.0,0.0,0,17,10,1,0.0,0.0,0,0.0,0.0,0.0,0.0
Antonio Sanabria,py PAR,FW,Cremonese,29.0,1996.0,25,10,945,1,1,0,0,2,0,0.1,0.1,0.19,0.1,0.19,2.979946978390217,2.979946978390217,0.2912000304615847,0.2912000304615847,10.5,4,0.0,33.3,0.38,0.08,0.25,0.2483289148658514,-1.9799469783902168,-1.9799469783902168,0.0,0.0,0.0,0.0,0.0,0.0,0.0,0.0,0.0,0.0,0.0,0.0,0.0,0.0,6.0,0.0,0.0,0.0,0.0,0.0,0.0,0.0,0.0,0.0,2,0.0,0.0,0.0,0.0,0.0,0.0,0.0,0.0,0.0,0.0,0.0,0.0,0.0,0.0,0.0,0.0,0.0,0.0,0.0,0.0,0.0,2,0.0,0.0,0.0,0.0,0.0,0.0,1,0.0,0.0,0.0,0.0,0.0,0.0,0.0,0.0,0.0,0.0,0.0,0.0,0.0,0.0,0.0,0.0,0,15,15,6,0.0,0.0,0,0.0,0.0,0.0,0.0
Yellu Santiago,es ESP,MF,Hellas Verona,21.0,2004.0,2,0,6,0,0,0,0,0,0,0.0,0.0,0.0,0.0,0.0,0.0,0.0,0.0,0.0,0.1,1,0.0,50.0,15.0,0.0,0.0,0.0,0.0,0.0,0.0,0.0,0.0,0.0,0.0,0.0,0.0,0.0,0.0,0.0,0.0,0.0,0.0,0.0,0.0,0.0,0.0,0.0,0.0,0.0,0.0,0.0,0.0,0.0,0,0.0,0.0,0.0,0.0,0.0,0.0,0.0,0.0,0.0,0.0,0.0,0.0,0.0,0.0,0.0,0.0,0.0,0.0,0.0,0.0,0.0,0,0.0,0.0,0.0,0.0,0.0,0.0,0,0.0,0.0,0.0,0.0,0.0,0.0,0.0,0.0,0.0,0.0,0.0,0.0,0.0,0.0,0.0,0.0,0,0,1,0,0.0,0.0,0,0.0,0.0,0.0,0.0
Alisson Santos,br BRA,"MF,FW",Napoli,22.0,2002.0,14,9,834,4,0,0,0,1,0,0.43,0.0,0.43,0.43,0.43,1.5114381685853004,1.5114381685853004,0.1627146353740156,0.1627146353740156,9.3,16,0.0,55.2,1.73,0.14,0.25,0.05211855753742416,2.4885618314146996,2.4885618314146996,0.0,0.0,0.0,0.0,0.0,0.0,0.0,0.0,0.0,0.0,0.0,0.0,0.0,0.0,14.0,0.0,0.0,0.0,0.0,0.0,0.0,0.0,0.0,0.0,42,0.0,0.0,0.0,0.0,0.0,0.0,0.0,0.0,0.0,0.0,0.0,0.0,0.0,0.0,0.0,0.0,0.0,0.0,0.0,0.0,0.0,8,0.0,0.0,0.0,0.0,0.0,0.0,2,0.0,0.0,0.0,0.0,0.0,0.0,0.0,0.0,0.0,0.0,0.0,0.0,0.0,0.0,0.0,0.0,0,4,8,1,0.0,0.0,0,0.0,0.0,0.0,0.0
Jeremy Sarmiento,ec ECU,MF,Cremonese,23.0,2002.0,7,0,142,0,0,0,0,0,0,0.0,0.0,0.0,0.0,0.0,0.05533710680902,0.05533710680902,0.0392152725418252,0.0392152725418252,1.6,2,0.0,100.0,1.27,0.0,0.0,0.02766855340451,-0.05533710680902,-0.05533710680902,0.0,0.0,0.0,0.0,0.0,0.0,0.0,0.0,0.0,0.0,0.0,0.0,0.0,0.0,3.0,0.0,0.0,0.0,0.0,0.0,0.0,0.0,0.0,0.0,2,0.0,0.0,0.0,0.0,0.0,0.0,0.0,0.0,0.0,0.0,0.0,0.0,0.0,0.0,0.0,0.0,0.0,0.0,0.0,0.0,0.0,2,0.0,0.0,0.0,0.0,0.0,0.0,2,0.0,0.0,0.0,0.0,0.0,0.0,0.0,0.0,0.0,0.0,0.0,0.0,0.0,0.0,0.0,0.0,0,0,1,0,0.0,0.0,0,0.0,0.0,0.0,0.0
Amin Sarr,se SWE,"FW,MF",Hellas Verona,24.0,2001.0,34,9,"1,102",0,1,0,0,2,1,0.0,0.08,0.08,0.0,0.08,1.6173531264066696,1.6173531264066696,0.13916040284569817,0.13916040284569817,12.2,6,0.0,31.6,0.49,0.0,0.0,0.08512384875824577,-1.6173531264066696,-1.6173531264066696,0.0,0.0,0.0,0.0,0.0,0.0,0.0,0.0,0.0,0.0,0.0,0.0,0.0,0.0,15.0,0.0,0.0,0.0,0.0,0.0,0.0,0.0,0.0,0.0,12,0.0,0.0,0.0,0.0,0.0,0.0,0.0,0.0,0.0,0.0,0.0,0.0,0.0,0.0,0.0,0.0,0.0,0.0,0.0,0.0,0.0,9,0.0,0.0,0.0,0.0,0.0,0.0,4,0.0,0.0,0.0,0.0,0.0,0.0,0.0,0.0,0.0,0.0,0.0,0.0,0.0,0.0,0.0,0.0,1,25,22,7,0.0,0.0,0,0.0,0.0,0.0,0.0
Razvan Sava,ro ROU,GK,Udinese,23.0,2002.0,7,6,620,0,0,0,0,1,0,0.0,0.0,0.0,0.0,0.0,0.0,0.0,0.0,0.0,6.9,0,0.0,0.0,0.0,0.0,0.0,,0.0,0.0,0.0,0.0,0.0,0.0,0.0,0.0,0.0,0.0,0.0,0.0,0.0,0.0,0.0,0.0,0.0,0.0,0.0,0.0,0.0,0.0,0.0,0.0,0.0,0.0,0,0.0,0.0,0.0,0.0,0.0,0.0,0.0,0.0,0.0,0.0,0.0,0.0,0.0,0.0,0.0,0.0,0.0,0.0,0.0,0.0,0.0,0,0.0,0.0,0.0,0.0,0.0,0.0,0,0.0,0.0,0.0,0.0,0.0,0.0,0.0,0.0,0.0,0.0,0.0,0.0,0.0,0.0,0.0,0.0,0,0,0,0,0.0,0.0,0,0.0,0.0,0.0,0.0
Giorgio Scalvini,it ITA,DF,Atalanta,21.0,2003.0,24,23,"1,808",3,1,0,0,2,0,0.15,0.05,0.2,0.15,0.2,3.860559612512589,3.860559612512589,0.18872914998703585,0.18872914998703585,20.1,6,0.0,30.0,0.3,0.15,0.5,0.19302798062562945,-0.860559612512589,-0.860559612512589,0.0,0.0,0.0,0.0,0.0,0.0,0.0,0.0,0.0,0.0,0.0,0.0,0.0,0.0,14.0,0.0,0.0,0.0,0.0,0.0,0.0,0.0,0.0,0.0,5,0.0,0.0,0.0,0.0,0.0,0.0,0.0,0.0,0.0,0.0,0.0,0.0,0.0,0.0,0.0,0.0,0.0,0.0,0.0,0.0,0.0,23,0.0,0.0,0.0,0.0,0.0,0.0,38,0.0,0.0,0.0,0.0,0.0,0.0,0.0,0.0,0.0,0.0,0.0,0.0,0.0,0.0,0.0,0.0,0,31,10,2,0.0,0.0,0,0.0,0.0,0.0,0.0
Gianluca Scamacca,it ITA,FW,Atalanta,26.0,1999.0,24,16,"1,315",10,1,2,2,2,0,0.68,0.07,0.75,0.55,0.62,8.868786808103323,7.346189212054014,0.605607596911456,0.501636592628878,14.6,22,0.0,38.6,1.51,0.14,0.36,0.1288805124921757,1.131213191896677,0.6538107879459858,0.0,0.0,0.0,0.0,0.0,0.0,0.0,0.0,0.0,0.0,0.0,0.0,0.0,0.0,17.0,0.0,0.0,0.0,0.0,0.0,0.0,0.0,0.0,0.0,0,0.0,0.0,0.0,0.0,0.0,0.0,0.0,0.0,0.0,0.0,0.0,0.0,0.0,0.0,0.0,0.0,0.0,0.0,0.0,0.0,0.0,5,0.0,0.0,0.0,0.0,0.0,0.0,3,0.0,0.0,0.0,0.0,0.0,0.0,0.0,0.0,0.0,0.0,0.0,0.0,0.0,0.0,0.0,0.0,0,26,19,8,0.0,0.0,0,0.0,0.0,0.0,0.0
Simone Scuffet,it ITA,GK,Pisa,29.0,1996.0,7,7,630,0,0,0,0,0,0,0.0,0.0,0.0,0.0,0.0,0.0,0.0,0.0,0.0,7.0,0,0.0,0.0,0.0,0.0,0.0,,0.0,0.0,0.0,0.0,0.0,0.0,0.0,0.0,0.0,0.0,0.0,0.0,0.0,0.0,0.0,0.0,0.0,0.0,0.0,0.0,0.0,0.0,0.0,0.0,0.0,0.0,0,0.0,0.0,0.0,0.0,0.0,0.0,0.0,0.0,0.0,0.0,0.0,0.0,0.0,0.0,0.0,0.0,0.0,0.0,0.0,0.0,0.0,0,0.0,0.0,0.0,0.0,0.0,0.0,0,0.0,0.0,0.0,0.0,0.0,0.0,0.0,0.0,0.0,0.0,0.0,0.0,0.0,0.0,0.0,0.0,0,0,4,0,0.0,0.0,0,0.0,0.0,0.0,0.0
Adrian Šemper,hr CRO,GK,Pisa,27.0,1998.0,25,25,"2,250",0,0,0,0,0,0,0.0,0.0,0.0,0.0,0.0,0.0,0.0,0.0,0.0,25.0,0,0.0,0.0,0.0,0.0,0.0,,0.0,0.0,0.0,0.0,0.0,0.0,0.0,0.0,0.0,0.0,0.0,0.0,0.0,0.0,0.0,0.0,0.0,0.0,0.0,0.0,0.0,0.0,0.0,0.0,0.0,0.0,0,0.0,0.0,0.0,0.0,0.0,0.0,0.0,0.0,0.0,0.0,0.0,0.0,0.0,0.0,0.0,0.0,0.0,0.0,0.0,0.0,0.0,0,0.0,0.0,0.0,0.0,0.0,0.0,0,0.0,0.0,0.0,0.0,0.0,0.0,0.0,0.0,0.0,0.0,0.0,0.0,0.0,0.0,0.0,0.0,0,0,6,0,0.0,0.0,0,0.0,0.0,0.0,0.0
Suat Serdar,de GER,MF,Hellas Verona,28.0,1997.0,20,12,"1,108",2,0,0,0,3,0,0.16,0.0,0.16,0.16,0.16,2.6708283396437764,2.6708283396437764,0.218125726468185,0.218125726468185,12.3,7,0.0,36.8,0.57,0.11,0.29,0.14056991261283033,-0.6708283396437764,-0.6708283396437764,0.0,0.0,0.0,0.0,0.0,0.0,0.0,0.0,0.0,0.0,0.0,0.0,0.0,0.0,12.0,0.0,0.0,0.0,0.0,0.0,0.0,0.0,0.0,0.0,7,0.0,0.0,0.0,0.0,0.0,0.0,0.0,0.0,0.0,0.0,0.0,0.0,0.0,0.0,0.0,0.0,0.0,0.0,0.0,0.0,0.0,20,0.0,0.0,0.0,0.0,0.0,0.0,10,0.0,0.0,0.0,0.0,0.0,0.0,0.0,0.0,0.0,0.0,0.0,0.0,0.0,0.0,0.0,0.0,0,19,12,1,0.0,0.0,0,0.0,0.0,0.0,0.0
Stephan El Shaarawy,it ITA,"MF,FW",Roma,32.0,1992.0,20,5,666,1,2,0,0,4,0,0.14,0.27,0.41,0.14,0.41,2.018858753144741,2.018858753144741,0.2916489370514072,0.2916489370514072,7.4,7,0.0,38.9,0.95,0.06,0.14,0.11215881961915228,-1.018858753144741,-1.018858753144741,0.0,0.0,0.0,0.0,0.0,0.0,0.0,0.0,0.0,0.0,0.0,0.0,0.0,0.0,12.0,0.0,0.0,0.0,0.0,0.0,0.0,0.0,0.0,0.0,16,0.0,0.0,0.0,0.0,0.0,0.0,0.0,0.0,0.0,0.0,0.0,0.0,0.0,0.0,0.0,0.0,0.0,0.0,0.0,0.0,0.0,7,0.0,0.0,0.0,0.0,0.0,0.0,6,0.0,0.0,0.0,0.0,0.0,0.0,0.0,0.0,0.0,0.0,0.0,0.0,0.0,0.0,0.0,0.0,0,10,7,1,0.0,0.0,0,0.0,0.0,0.0,0.0
Jamil Siebert,de GER,DF,Lecce,23.0,2002.0,21,18,"1,701",1,0,0,0,3,0,0.05,0.0,0.05,0.05,0.05,0.4797683842480182,0.4797683842480182,0.02538457059513324,0.02538457059513324,18.9,2,0.0,33.3,0.11,0.17,0.5,0.0799613973746697,0.5202316157519817,0.5202316157519817,0.0,0.0,0.0,0.0,0.0,0.0,0.0,0.0,0.0,0.0,0.0,0.0,0.0,0.0,3.0,0.0,0.0,0.0,0.0,0.0,0.0,0.0,0.0,0.0,5,0.0,0.0,0.0,0.0,0.0,0.0,0.0,0.0,0.0,0.0,0.0,0.0,0.0,0.0,0.0,0.0,0.0,0.0,0.0,0.0,0.0,15,0.0,0.0,0.0,0.0,0.0,0.0,15,0.0,0.0,0.0,0.0,0.0,0.0,0.0,0.0,0.0,0.0,0.0,0.0,0.0,0.0,0.0,0.0,0,22,7,1,0.0,0.0,0,0.0,0.0,0.0,0.0
Éderson Silva,br BRA,MF,Atalanta,26.0,1999.0,30,26,"2,230",2,1,1,1,3,0,0.08,0.04,0.12,0.04,0.08,0.0,0.0,0.0,0.0,24.8,11,0.0,31.4,0.44,0.03,0.09,0.0,0.0,0.0,0.0,0.0,0.0,0.0,0.0,0.0,0.0,0.0,0.0,0.0,0.0,0.0,0.0,0.0,0.0,0.0,0.0,0.0,0.0,0.0,0.0,0.0,0.0,0.0,12,0.0,0.0,0.0,0.0,0.0,0.0,0.0,0.0,0.0,0.0,0.0,0.0,0.0,0.0,0.0,0.0,0.0,0.0,0.0,0.0,0.0,35,0.0,0.0,0.0,0.0,0.0,0.0,28,0.0,0.0,0.0,0.0,0.0,0.0,0.0,0.0,0.0,0.0,0.0,0.0,0.0,0.0,0.0,0.0,0,34,40,2,0.0,0.0,0,0.0,0.0,0.0,0.0
Marco Silvestri,it ITA,GK,Cremonese,34.0,1991.0,4,4,360,0,0,0,0,0,0,0.0,0.0,0.0,0.0,0.0,0.0,0.0,0.0,0.0,4.0,0,0.0,0.0,0.0,0.0,0.0,,0.0,0.0,0.0,0.0,0.0,0.0,0.0,0.0,0.0,0.0,0.0,0.0,0.0,0.0,0.0,0.0,0.0,0.0,0.0,0.0,0.0,0.0,0.0,0.0,0.0,0.0,0,0.0,0.0,0.0,0.0,0.0,0.0,0.0,0.0,0.0,0.0,0.0,0.0,0.0,0.0,0.0,0.0,0.0,0.0,0.0,0.0,0.0,0,0.0,0.0,0.0,0.0,0.0,0.0,0,0.0,0.0,0.0,0.0,0.0,0.0,0.0,0.0,0.0,0.0,0.0,0.0,0.0,0.0,0.0,0.0,0,0,0,0,0.0,0.0,0,0.0,0.0,0.0,0.0
Giovanni Simeone,ar ARG,FW,Torino,30.0,1995.0,32,27,"2,230",11,0,0,0,1,0,0.44,0.0,0.44,0.44,0.44,11.181717524304986,11.181717524304986,0.4427428848162995,0.4427428848162995,24.8,28,0.0,35.9,1.13,0.14,0.39,0.14335535287570494,-0.181717524304986,-0.181717524304986,0.0,0.0,0.0,0.0,0.0,0.0,0.0,0.0,0.0,0.0,0.0,0.0,0.0,0.0,23.0,0.0,0.0,0.0,0.0,0.0,0.0,0.0,0.0,0.0,9,0.0,0.0,0.0,0.0,0.0,0.0,0.0,0.0,0.0,0.0,0.0,0.0,0.0,0.0,0.0,0.0,0.0,0.0,0.0,0.0,0.0,9,0.0,0.0,0.0,0.0,0.0,0.0,5,0.0,0.0,0.0,0.0,0.0,0.0,0.0,0.0,0.0,0.0,0.0,0.0,0.0,0.0,0.0,0.0,0,31,41,18,0.0,0.0,0,0.0,0.0,0.0,0.0
Laurs Skjellerup,dk DEN,FW,Sassuolo,22.0,2002.0,1,0,10,0,0,0,0,0,0,0.0,0.0,0.0,0.0,0.0,0.0155376251786947,0.0155376251786947,0.17479828326031538,0.17479828326031538,0.1,0,0.0,0.0,0.0,0.0,0.0,0.0155376251786947,-0.0155376251786947,-0.0155376251786947,0.0,0.0,0.0,0.0,0.0,0.0,0.0,0.0,0.0,0.0,0.0,0.0,0.0,0.0,0.0,0.0,0.0,0.0,0.0,0.0,0.0,0.0,0.0,0.0,0,0.0,0.0,0.0,0.0,0.0,0.0,0.0,0.0,0.0,0.0,0.0,0.0,0.0,0.0,0.0,0.0,0.0,0.0,0.0,0.0,0.0,0,0.0,0.0,0.0,0.0,0.0,0.0,0,0.0,0.0,0.0,0.0,0.0,0.0,0.0,0.0,0.0,0.0,0.0,0.0,0.0,0.0,0.0,0.0,0,0,0,0,0.0,0.0,0,0.0,0.0,0.0,0.0
Łukasz Skorupski,pl POL,GK,Bologna,34.0,1991.0,19,19,"1,592",0,0,0,0,1,1,0.0,0.0,0.0,0.0,0.0,0.0,0.0,0.0,0.0,17.7,0,0.0,0.0,0.0,0.0,0.0,0.0,0.0,0.0,0.0,0.0,0.0,0.0,0.0,0.0,0.0,0.0,0.0,0.0,0.0,0.0,0.0,0.0,0.0,0.0,0.0,0.0,0.0,0.0,0.0,0.0,0.0,0.0,0,0.0,0.0,0.0,0.0,0.0,0.0,0.0,0.0,0.0,0.0,0.0,0.0,0.0,0.0,0.0,0.0,0.0,0.0,0.0,0.0,0.0,0,0.0,0.0,0.0,0.0,0.0,0.0,0,0.0,0.0,0.0,0.0,0.0,0.0,0.0,0.0,0.0,0.0,0.0,0.0,0.0,0.0,0.0,0.0,0,1,8,0,0.0,0.0,0,0.0,0.0,0.0,0.0
Tobias Slotsager,dk DEN,DF,Hellas Verona,19.0,2006.0,8,4,446,0,0,0,0,0,0,0.0,0.0,0.0,0.0,0.0,0.1395334731787443,0.1395334731787443,0.028868994450774683,0.028868994450774683,5.0,1,0.0,33.3,0.2,0.0,0.0,0.046511157726248094,-0.1395334731787443,-0.1395334731787443,0.0,0.0,0.0,0.0,0.0,0.0,0.0,0.0,0.0,0.0,0.0,0.0,0.0,0.0,0.0,0.0,0.0,0.0,0.0,0.0,0.0,0.0,0.0,0.0,2,0.0,0.0,0.0,0.0,0.0,0.0,0.0,0.0,0.0,0.0,0.0,0.0,0.0,0.0,0.0,0.0,0.0,0.0,0.0,0.0,0.0,7,0.0,0.0,0.0,0.0,0.0,0.0,3,0.0,0.0,0.0,0.0,0.0,0.0,0.0,0.0,0.0,0.0,0.0,0.0,0.0,0.0,0.0,0.0,0,3,5,0,0.0,0.0,0,0.0,0.0,0.0,0.0
Ivan Smolčić,hr CRO,DF,Como,24.0,2000.0,28,19,"1,662",0,1,0,0,8,0,0.0,0.05,0.05,0.0,0.05,1.130530584603548,1.130530584603548,0.060384422916509986,0.060384422916509986,18.5,4,0.0,33.3,0.22,0.0,0.0,0.09421088205029567,-1.130530584603548,-1.130530584603548,0.0,0.0,0.0,0.0,0.0,0.0,0.0,0.0,0.0,0.0,0.0,0.0,0.0,0.0,14.0,0.0,0.0,0.0,0.0,0.0,0.0,0.0,0.0,0.0,29,0.0,0.0,0.0,0.0,0.0,0.0,0.0,0.0,0.0,0.0,0.0,0.0,0.0,0.0,0.0,0.0,0.0,0.0,0.0,0.0,0.0,24,0.0,0.0,0.0,0.0,0.0,0.0,23,0.0,0.0,0.0,0.0,0.0,0.0,0.0,0.0,0.0,0.0,0.0,0.0,0.0,0.0,0.0,0.0,0,26,17,0,0.0,0.0,0,0.0,0.0,0.0,0.0
Simon Sohm,ch SUI,MF,Bologna,24.0,2001.0,12,9,717,0,0,0,0,1,0,0.0,0.0,0.0,0.0,0.0,0.7936277445405722,0.7936277445405722,0.04936178093203282,0.04936178093203282,8.0,1,0.0,25.0,0.13,0.0,0.0,0.08818086050450802,-0.7936277445405722,-0.7936277445405722,0.0,0.0,0.0,0.0,0.0,0.0,0.0,0.0,0.0,0.0,0.0,0.0,0.0,0.0,15.0,0.0,0.0,0.0,0.0,0.0,0.0,0.0,0.0,0.0,2,0.0,0.0,0.0,0.0,0.0,0.0,0.0,0.0,0.0,0.0,0.0,0.0,0.0,0.0,0.0,0.0,0.0,0.0,0.0,0.0,0.0,5,0.0,0.0,0.0,0.0,0.0,0.0,3,0.0,0.0,0.0,0.0,0.0,0.0,0.0,0.0,0.0,0.0,0.0,0.0,0.0,0.0,0.0,0.0,0,9,3,3,0.0,0.0,0,0.0,0.0,0.0,0.0
Simon Sohm,ch SUI,MF,Fiorentina,24.0,2001.0,16,9,708,0,1,0,0,2,0,0.0,0.13,0.13,0.0,0.13,0.7936277445405722,0.7936277445405722,0.04936178093203282,0.04936178093203282,7.9,0,0.0,0.0,0.0,0.0,0.0,0.08818086050450802,-0.7936277445405722,-0.7936277445405722,0.0,0.0,0.0,0.0,0.0,0.0,0.0,0.0,0.0,0.0,0.0,0.0,0.0,0.0,15.0,0.0,0.0,0.0,0.0,0.0,0.0,0.0,0.0,0.0,5,0.0,0.0,0.0,0.0,0.0,0.0,0.0,0.0,0.0,0.0,0.0,0.0,0.0,0.0,0.0,0.0,0.0,0.0,0.0,0.0,0.0,7,0.0,0.0,0.0,0.0,0.0,0.0,6,0.0,0.0,0.0,0.0,0.0,0.0,0.0,0.0,0.0,0.0,0.0,0.0,0.0,0.0,0.0,0.0,0,15,11,0,0.0,0.0,0,0.0,0.0,0.0,0.0
Oumar Solet,fr FRA,DF,Udinese,25.0,2000.0,35,34,"2,959",3,1,1,1,1,0,0.09,0.03,0.12,0.06,0.09,2.8992809178307652,2.137982082553208,0.08809428852287943,0.06496231851106979,32.9,6,0.0,18.2,0.18,0.06,0.33,0.0647873358349457,0.10071908216923475,-0.13798208255320787,0.0,0.0,0.0,0.0,0.0,0.0,0.0,0.0,0.0,0.0,0.0,0.0,0.0,0.0,21.0,0.0,0.0,0.0,0.0,0.0,0.0,0.0,0.0,0.0,20,0.0,0.0,0.0,0.0,0.0,0.0,0.0,0.0,0.0,0.0,0.0,0.0,0.0,0.0,0.0,0.0,0.0,0.0,0.0,0.0,0.0,57,0.0,0.0,0.0,0.0,0.0,0.0,47,0.0,0.0,0.0,0.0,0.0,0.0,0.0,0.0,0.0,0.0,0.0,0.0,0.0,0.0,0.0,0.0,0,30,29,2,0.0,0.0,1,0.0,0.0,0.0,0.0
Manor Solomon,il ISR,"FW,MF",Fiorentina,26.0,1999.0,16,9,890,2,1,0,0,1,0,0.2,0.1,0.3,0.2,0.3,1.010939436033368,1.010939436033368,0.10434007940711369,0.10434007940711369,9.9,4,0.0,36.4,0.4,0.18,0.5,0.09190358509394256,0.9890605639666319,0.9890605639666319,0.0,0.0,0.0,0.0,0.0,0.0,0.0,0.0,0.0,0.0,0.0,0.0,0.0,0.0,25.0,0.0,0.0,0.0,0.0,0.0,0.0,0.0,0.0,0.0,47,0.0,0.0,0.0,0.0,0.0,0.0,0.0,0.0,0.0,0.0,0.0,0.0,0.0,0.0,0.0,0.0,0.0,0.0,0.0,0.0,0.0,11,0.0,0.0,0.0,0.0,0.0,0.0,0,0.0,0.0,0.0,0.0,0.0,0.0,0.0,0.0,0.0,0.0,0.0,0.0,0.0,0.0,0.0,0.0,0,2,16,1,0.0,0.0,0,0.0,0.0,0.0,0.0
Daniele Sommariva,it ITA,GK,Genoa,28.0,1997.0,2,1,176,0,0,0,0,0,0,0.0,0.0,0.0,0.0,0.0,0.0,0.0,0.0,0.0,2.0,0,0.0,0.0,0.0,0.0,0.0,,0.0,0.0,0.0,0.0,0.0,0.0,0.0,0.0,0.0,0.0,0.0,0.0,0.0,0.0,0.0,0.0,0.0,0.0,0.0,0.0,0.0,0.0,0.0,0.0,0.0,0.0,0,0.0,0.0,0.0,0.0,0.0,0.0,0.0,0.0,0.0,0.0,0.0,0.0,0.0,0.0,0.0,0.0,0.0,0.0,0.0,0.0,0.0,0,0.0,0.0,0.0,0.0,0.0,0.0,0,0.0,0.0,0.0,0.0,0.0,0.0,0.0,0.0,0.0,0.0,0.0,0.0,0.0,0.0,0.0,0.0,0,0,1,0,0.0,0.0,0,0.0,0.0,0.0,0.0
Yann Sommer,ch SUI,GK,Inter,36.0,1988.0,33,33,"2,960",0,0,0,0,0,0,0.0,0.0,0.0,0.0,0.0,0.0,0.0,0.0,0.0,32.9,0,0.0,0.0,0.0,0.0,0.0,,0.0,0.0,0.0,0.0,0.0,0.0,0.0,0.0,0.0,0.0,0.0,0.0,0.0,0.0,0.0,0.0,0.0,0.0,0.0,0.0,0.0,0.0,0.0,0.0,0.0,0.0,0,0.0,0.0,0.0,0.0,0.0,0.0,0.0,0.0,0.0,0.0,0.0,0.0,0.0,0.0,0.0,0.0,0.0,0.0,0.0,0.0,0.0,0,0.0,0.0,0.0,0.0,0.0,0.0,0,0.0,0.0,0.0,0.0,0.0,0.0,0.0,0.0,0.0,0.0,0.0,0.0,0.0,0.0,0.0,0.0,0,0,2,0,0.0,0.0,0,0.0,0.0,0.0,0.0
Riccardo Sottil,it ITA,"FW,MF",Lecce,26.0,1999.0,21,13,"1,066",1,2,0,0,1,0,0.08,0.17,0.25,0.08,0.25,0.7569481134414673,0.7569481134414673,0.0631960391555956,0.0631960391555956,11.8,3,0.0,15.0,0.25,0.05,0.33,0.03784740567207336,0.24305188655853271,0.24305188655853271,0.0,0.0,0.0,0.0,0.0,0.0,0.0,0.0,0.0,0.0,0.0,0.0,0.0,0.0,24.0,0.0,0.0,0.0,0.0,0.0,0.0,0.0,0.0,0.0,100,0.0,0.0,0.0,0.0,0.0,0.0,0.0,0.0,0.0,0.0,0.0,0.0,0.0,0.0,0.0,0.0,0.0,0.0,0.0,0.0,0.0,2,0.0,0.0,0.0,0.0,0.0,0.0,2,0.0,0.0,0.0,0.0,0.0,0.0,0.0,0.0,0.0,0.0,0.0,0.0,0.0,0.0,0.0,0.0,0,10,27,4,0.0,0.0,0,0.0,0.0,0.0,0.0
Matìas Soulé,ar ARG,"MF,FW",Roma,22.0,2003.0,33,28,"2,139",6,5,0,0,1,0,0.25,0.21,0.46,0.25,0.46,0.0,0.0,0.0,0.0,23.8,18,0.0,34.6,0.76,0.12,0.33,0.0,0.0,0.0,0.0,0.0,0.0,0.0,0.0,0.0,0.0,0.0,0.0,0.0,0.0,0.0,0.0,0.0,0.0,0.0,0.0,0.0,0.0,0.0,0.0,0.0,0.0,0.0,70,0.0,0.0,0.0,0.0,0.0,0.0,0.0,0.0,0.0,0.0,0.0,0.0,0.0,0.0,0.0,0.0,0.0,0.0,0.0,0.0,0.0,15,0.0,0.0,0.0,0.0,0.0,0.0,9,0.0,0.0,0.0,0.0,0.0,0.0,0.0,0.0,0.0,0.0,0.0,0.0,0.0,0.0,0.0,0.0,0,7,41,6,0.0,0.0,0,0.0,0.0,0.0,0.0
Leonardo Spinazzola,it ITA,"MF,DF",Napoli,32.0,1993.0,32,22,"1,901",3,3,0,0,2,0,0.14,0.14,0.28,0.14,0.28,1.2085956651717424,1.2085956651717424,0.057069050296671996,0.057069050296671996,21.1,7,0.0,33.3,0.33,0.14,0.43,0.057552174531987736,1.7914043348282576,1.7914043348282576,0.0,0.0,0.0,0.0,0.0,0.0,0.0,0.0,0.0,0.0,0.0,0.0,0.0,0.0,32.0,0.0,0.0,0.0,0.0,0.0,0.0,0.0,0.0,0.0,73,0.0,0.0,0.0,0.0,0.0,0.0,0.0,0.0,0.0,0.0,0.0,0.0,0.0,0.0,0.0,0.0,0.0,0.0,0.0,0.0,0.0,10,0.0,0.0,0.0,0.0,0.0,0.0,4,0.0,0.0,0.0,0.0,0.0,0.0,0.0,0.0,0.0,0.0,0.0,0.0,0.0,0.0,0.0,0.0,0,9,10,2,0.0,0.0,0,0.0,0.0,0.0,0.0
Marco Sportiello,it ITA,GK,Atalanta,33.0,1992.0,1,1,90,0,0,0,0,0,0,0.0,0.0,0.0,0.0,0.0,0.0,0.0,0.0,0.0,1.0,0,0.0,0.0,0.0,0.0,0.0,,0.0,0.0,0.0,0.0,0.0,0.0,0.0,0.0,0.0,0.0,0.0,0.0,0.0,0.0,0.0,0.0,0.0,0.0,0.0,0.0,0.0,0.0,0.0,0.0,0.0,0.0,0,0.0,0.0,0.0,0.0,0.0,0.0,0.0,0.0,0.0,0.0,0.0,0.0,0.0,0.0,0.0,0.0,0.0,0.0,0.0,0.0,0.0,0,0.0,0.0,0.0,0.0,0.0,0.0,0,0.0,0.0,0.0,0.0,0.0,0.0,0.0,0.0,0.0,0.0,0.0,0.0,0.0,0.0,0.0,0.0,0,0,0,0,0.0,0.0,0,0.0,0.0,0.0,0.0
Nicolae Stanciu,ro ROU,MF,Genoa,32.0,1993.0,4,2,180,0,0,0,1,0,0,0.0,0.0,0.0,0.0,0.0,1.0953040271997452,0.3340051919221878,0.5446263118672766,0.16607992968506577,2.0,0,0.0,0.0,0.0,0.0,0.0,0.06680103838443756,-1.0953040271997452,-0.3340051919221878,0.0,0.0,0.0,0.0,0.0,0.0,0.0,0.0,0.0,0.0,0.0,0.0,0.0,0.0,2.0,0.0,0.0,0.0,0.0,0.0,0.0,0.0,0.0,0.0,9,0.0,0.0,0.0,0.0,0.0,0.0,0.0,0.0,0.0,0.0,0.0,0.0,0.0,0.0,0.0,0.0,0.0,0.0,0.0,0.0,0.0,3,0.0,0.0,0.0,0.0,0.0,0.0,3,0.0,0.0,0.0,0.0,0.0,0.0,0.0,0.0,0.0,0.0,0.0,0.0,0.0,0.0,0.0,0.0,0,1,2,0,0.0,0.0,0,0.0,0.0,0.0,0.0
Calvin Stengs,nl NED,"FW,MF",Pisa,26.0,1998.0,4,0,46,0,0,0,0,0,0,0.0,0.0,0.0,0.0,0.0,0.0507716424763202,0.0507716424763202,0.12692910619080047,0.12692910619080047,0.5,1,0.0,50.0,1.96,0.0,0.0,0.0253858212381601,-0.0507716424763202,-0.0507716424763202,0.0,0.0,0.0,0.0,0.0,0.0,0.0,0.0,0.0,0.0,0.0,0.0,0.0,0.0,1.0,0.0,0.0,0.0,0.0,0.0,0.0,0.0,0.0,0.0,3,0.0,0.0,0.0,0.0,0.0,0.0,0.0,0.0,0.0,0.0,0.0,0.0,0.0,0.0,0.0,0.0,0.0,0.0,0.0,0.0,0.0,0,0.0,0.0,0.0,0.0,0.0,0.0,0,0.0,0.0,0.0,0.0,0.0,0.0,0.0,0.0,0.0,0.0,0.0,0.0,0.0,0.0,0.0,0.0,0,0,2,0,0.0,0.0,0,0.0,0.0,0.0,0.0
Filip Stojilković,ch SUI,"FW,MF",Pisa,25.0,2000.0,13,8,658,0,0,0,0,0,0,0.0,0.0,0.0,0.0,0.0,2.3308769911527634,2.3308769911527634,0.31784686242992227,0.31784686242992227,7.3,4,0.0,40.0,0.55,0.0,0.0,0.23308769911527633,-2.3308769911527634,-2.3308769911527634,0.0,0.0,0.0,0.0,0.0,0.0,0.0,0.0,0.0,0.0,0.0,0.0,0.0,0.0,2.0,0.0,0.0,0.0,0.0,0.0,0.0,0.0,0.0,0.0,3,0.0,0.0,0.0,0.0,0.0,0.0,0.0,0.0,0.0,0.0,0.0,0.0,0.0,0.0,0.0,0.0,0.0,0.0,0.0,0.0,0.0,1,0.0,0.0,0.0,0.0,0.0,0.0,0,0.0,0.0,0.0,0.0,0.0,0.0,0.0,0.0,0.0,0.0,0.0,0.0,0.0,0.0,0.0,0.0,0,8,0,12,0.0,0.0,0,0.0,0.0,0.0,0.0
Gabriel Strefezza,br BRA,FW,Parma,28.0,1997.0,14,13,"1,007",2,2,0,0,3,0,0.18,0.18,0.36,0.18,0.36,1.0562517698854208,1.0562517698854208,0.09265366402503691,0.09265366402503691,11.2,7,0.0,29.2,0.63,0.08,0.29,0.04401049041189253,0.9437482301145792,0.9437482301145792,0.0,0.0,0.0,0.0,0.0,0.0,0.0,0.0,0.0,0.0,0.0,0.0,0.0,0.0,13.0,0.0,0.0,0.0,0.0,0.0,0.0,0.0,0.0,0.0,41,0.0,0.0,0.0,0.0,0.0,0.0,0.0,0.0,0.0,0.0,0.0,0.0,0.0,0.0,0.0,0.0,0.0,0.0,0.0,0.0,0.0,12,0.0,0.0,0.0,0.0,0.0,0.0,5,0.0,0.0,0.0,0.0,0.0,0.0,0.0,0.0,0.0,0.0,0.0,0.0,0.0,0.0,0.0,0.0,0,21,28,2,0.0,0.0,0,0.0,0.0,0.0,0.0
Nikola Štulić,rs SRB,FW,Lecce,23.0,2001.0,34,20,"1,709",4,0,1,1,1,0,0.21,0.0,0.21,0.16,0.16,5.4713183916173875,4.71001955633983,0.2874598104177261,0.24746162292503485,19.0,9,0.0,27.3,0.47,0.09,0.33,0.14272786534363122,-1.4713183916173875,-1.7100195563398302,0.0,0.0,0.0,0.0,0.0,0.0,0.0,0.0,0.0,0.0,0.0,0.0,0.0,0.0,20.0,0.0,0.0,0.0,0.0,0.0,0.0,0.0,0.0,0.0,1,0.0,0.0,0.0,0.0,0.0,0.0,0.0,0.0,0.0,0.0,0.0,0.0,0.0,0.0,0.0,0.0,0.0,0.0,0.0,0.0,0.0,7,0.0,0.0,0.0,0.0,0.0,0.0,2,0.0,0.0,0.0,0.0,0.0,0.0,0.0,0.0,0.0,0.0,0.0,0.0,0.0,0.0,0.0,0.0,0,37,26,9,0.0,0.0,0,0.0,0.0,0.0,0.0
Petar Sučić,hr CRO,MF,Inter,21.0,2003.0,34,21,"1,765",2,2,0,0,5,0,0.1,0.1,0.2,0.1,0.2,2.181936677545309,2.181936677545309,0.11138644411745764,0.11138644411745764,19.6,6,0.0,27.3,0.31,0.09,0.33,0.09917893988842313,-0.18193667754530907,-0.18193667754530907,0.0,0.0,0.0,0.0,0.0,0.0,0.0,0.0,0.0,0.0,0.0,0.0,0.0,0.0,29.0,0.0,0.0,0.0,0.0,0.0,0.0,0.0,0.0,0.0,43,0.0,0.0,0.0,0.0,0.0,0.0,0.0,0.0,0.0,0.0,0.0,0.0,0.0,0.0,0.0,0.0,0.0,0.0,0.0,0.0,0.0,25,0.0,0.0,0.0,0.0,0.0,0.0,9,0.0,0.0,0.0,0.0,0.0,0.0,0.0,0.0,0.0,0.0,0.0,0.0,0.0,0.0,0.0,0.0,0,30,25,0,0.0,0.0,0,0.0,0.0,0.0,0.0
Ibrahim Sulemana,gh GHA,MF,Cagliari,22.0,2003.0,16,7,860,1,0,0,0,2,0,0.1,0.0,0.1,0.1,0.1,0.0,0.0,0.0,0.0,9.6,2,0.0,18.2,0.21,0.09,0.5,0.0,0.0,0.0,0.0,0.0,0.0,0.0,0.0,0.0,0.0,0.0,0.0,0.0,0.0,0.0,0.0,0.0,0.0,0.0,0.0,0.0,0.0,0.0,0.0,0.0,0.0,0.0,2,0.0,0.0,0.0,0.0,0.0,0.0,0.0,0.0,0.0,0.0,0.0,0.0,0.0,0.0,0.0,0.0,0.0,0.0,0.0,0.0,0.0,13,0.0,0.0,0.0,0.0,0.0,0.0,6,0.0,0.0,0.0,0.0,0.0,0.0,0.0,0.0,0.0,0.0,0.0,0.0,0.0,0.0,0.0,0.0,0,12,10,0,0.0,0.0,0,0.0,0.0,0.0,0.0
Ibrahim Sulemana,gh GHA,MF,Bologna,22.0,2003.0,3,0,45,0,0,0,0,1,0,0.0,0.0,0.0,0.0,0.0,0.0,0.0,0.0,0.0,0.5,0,0.0,0.0,0.0,0.0,0.0,0.0,0.0,0.0,0.0,0.0,0.0,0.0,0.0,0.0,0.0,0.0,0.0,0.0,0.0,0.0,0.0,0.0,0.0,0.0,0.0,0.0,0.0,0.0,0.0,0.0,0.0,0.0,0,0.0,0.0,0.0,0.0,0.0,0.0,0.0,0.0,0.0,0.0,0.0,0.0,0.0,0.0,0.0,0.0,0.0,0.0,0.0,0.0,0.0,0,0.0,0.0,0.0,0.0,0.0,0.0,0,0.0,0.0,0.0,0.0,0.0,0.0,0.0,0.0,0.0,0.0,0.0,0.0,0.0,0.0,0.0,0.0,0,1,0,0,0.0,0.0,0,0.0,0.0,0.0,0.0
Kamaldeen Sulemana,gh GHA,MF,Atalanta,23.0,2002.0,25,9,"1,011",2,1,0,0,4,0,0.18,0.09,0.27,0.18,0.27,2.487933579832315,2.487933579832315,0.2254924694712068,0.2254924694712068,11.2,10,0.0,40.0,0.89,0.08,0.2,0.0995173431932926,-0.487933579832315,-0.487933579832315,0.0,0.0,0.0,0.0,0.0,0.0,0.0,0.0,0.0,0.0,0.0,0.0,0.0,0.0,13.0,0.0,0.0,0.0,0.0,0.0,0.0,0.0,0.0,0.0,22,0.0,0.0,0.0,0.0,0.0,0.0,0.0,0.0,0.0,0.0,0.0,0.0,0.0,0.0,0.0,0.0,0.0,0.0,0.0,0.0,0.0,5,0.0,0.0,0.0,0.0,0.0,0.0,2,0.0,0.0,0.0,0.0,0.0,0.0,0.0,0.0,0.0,0.0,0.0,0.0,0.0,0.0,0.0,0.0,0,14,14,5,0.0,0.0,0,0.0,0.0,0.0,0.0
Tomáš Suslov,sk SVK,FW,Hellas Verona,23.0,2002.0,11,5,446,0,0,0,0,1,1,0.0,0.0,0.0,0.0,0.0,0.4167359722778201,0.4167359722778201,0.08504815760771839,0.08504815760771839,5.0,4,0.0,33.3,0.81,0.0,0.0,0.034727997689818345,-0.4167359722778201,-0.4167359722778201,0.0,0.0,0.0,0.0,0.0,0.0,0.0,0.0,0.0,0.0,0.0,0.0,0.0,0.0,4.0,0.0,0.0,0.0,0.0,0.0,0.0,0.0,0.0,0.0,21,0.0,0.0,0.0,0.0,0.0,0.0,0.0,0.0,0.0,0.0,0.0,0.0,0.0,0.0,0.0,0.0,0.0,0.0,0.0,0.0,0.0,6,0.0,0.0,0.0,0.0,0.0,0.0,1,0.0,0.0,0.0,0.0,0.0,0.0,0.0,0.0,0.0,0.0,0.0,0.0,0.0,0.0,0.0,0.0,0,9,12,0,0.0,0.0,0,0.0,0.0,0.0,0.0
Zion Suzuki,jp JPN,GK,Parma,22.0,2002.0,20,20,"1,800",0,0,0,0,1,0,0.0,0.0,0.0,0.0,0.0,0.0,0.0,0.0,0.0,20.0,0,0.0,0.0,0.0,0.0,0.0,,0.0,0.0,0.0,0.0,0.0,0.0,0.0,0.0,0.0,0.0,0.0,0.0,0.0,0.0,0.0,0.0,1.0,0.0,0.0,0.0,0.0,0.0,0.0,0.0,0.0,0.0,0,0.0,0.0,0.0,0.0,0.0,0.0,0.0,0.0,0.0,0.0,0.0,0.0,0.0,0.0,0.0,0.0,0.0,0.0,0.0,0.0,0.0,0,0.0,0.0,0.0,0.0,0.0,0.0,0,0.0,0.0,0.0,0.0,0.0,0.0,0.0,0.0,0.0,0.0,0.0,0.0,0.0,0.0,0.0,0.0,0,0,4,0,0.0,0.0,0,0.0,0.0,0.0,0.0
Mile Svilar,rs SRB,GK,Roma,25.0,1999.0,38,38,"3,420",0,0,0,0,0,0,0.0,0.0,0.0,0.0,0.0,0.0,0.0,0.0,0.0,38.0,0,0.0,0.0,0.0,0.0,0.0,,0.0,0.0,0.0,0.0,0.0,0.0,0.0,0.0,0.0,0.0,0.0,0.0,0.0,0.0,0.0,0.0,0.0,0.0,0.0,0.0,0.0,0.0,0.0,0.0,0.0,0.0,0,0.0,0.0,0.0,0.0,0.0,0.0,0.0,0.0,0.0,0.0,0.0,0.0,0.0,0.0,0.0,0.0,0.0,0.0,0.0,0.0,0.0,1,0.0,0.0,0.0,0.0,0.0,0.0,1,0.0,0.0,0.0,0.0,0.0,0.0,0.0,0.0,0.0,0.0,0.0,0.0,0.0,0.0,0.0,0.0,0,0,8,0,0.0,0.0,0,0.0,0.0,0.0,0.0
Adrien Tameze,cm CMR,DF,Torino,31.0,1994.0,24,12,"1,120",0,0,0,0,3,0,0.0,0.0,0.0,0.0,0.0,0.2225745106115937,0.2225745106115937,0.01804658194148057,0.01804658194148057,12.4,0,0.0,0.0,0.0,0.0,0.0,0.04451490212231874,-0.2225745106115937,-0.2225745106115937,0.0,0.0,0.0,0.0,0.0,0.0,0.0,0.0,0.0,0.0,0.0,0.0,0.0,0.0,8.0,0.0,0.0,0.0,0.0,0.0,0.0,0.0,0.0,0.0,14,0.0,0.0,0.0,0.0,0.0,0.0,0.0,0.0,0.0,0.0,0.0,0.0,0.0,0.0,0.0,0.0,0.0,0.0,0.0,0.0,0.0,12,0.0,0.0,0.0,0.0,0.0,0.0,19,0.0,0.0,0.0,0.0,0.0,0.0,0.0,0.0,0.0,0.0,0.0,0.0,0.0,0.0,0.0,0.0,0,16,7,0,0.0,0.0,0,0.0,0.0,0.0,0.0
Nuno Tavares,pt POR,DF,Lazio,25.0,2000.0,23,17,"1,473",0,0,0,0,5,0,0.0,0.0,0.0,0.0,0.0,1.1277530696243048,1.1277530696243048,0.06867237907049217,0.06867237907049217,16.4,1,0.0,6.3,0.06,0.0,0.0,0.07048456685151905,-1.1277530696243048,-1.1277530696243048,0.0,0.0,0.0,0.0,0.0,0.0,0.0,0.0,0.0,0.0,0.0,0.0,0.0,0.0,20.0,0.0,0.0,0.0,0.0,0.0,0.0,0.0,0.0,0.0,99,0.0,0.0,0.0,0.0,0.0,0.0,0.0,0.0,0.0,0.0,0.0,0.0,0.0,0.0,0.0,0.0,0.0,0.0,0.0,0.0,0.0,21,0.0,0.0,0.0,0.0,0.0,0.0,18,0.0,0.0,0.0,0.0,0.0,0.0,0.0,0.0,0.0,0.0,0.0,0.0,0.0,0.0,0.0,0.0,0,20,22,6,0.0,0.0,0,0.0,0.0,0.0,0.0
Kenneth Taylor,nl NED,MF,Lazio,23.0,2002.0,17,17,"1,394",3,2,0,0,5,0,0.19,0.13,0.32,0.19,0.32,2.0894283577799797,2.0894283577799797,0.13261534005655723,0.13261534005655723,15.5,6,0.0,37.5,0.39,0.19,0.5,0.13058927236124873,0.9105716422200203,0.9105716422200203,0.0,0.0,0.0,0.0,0.0,0.0,0.0,0.0,0.0,0.0,0.0,0.0,0.0,0.0,13.0,0.0,0.0,0.0,0.0,0.0,0.0,0.0,0.0,0.0,9,0.0,0.0,0.0,0.0,0.0,0.0,0.0,0.0,0.0,0.0,0.0,0.0,0.0,0.0,0.0,0.0,0.0,0.0,0.0,0.0,0.0,11,0.0,0.0,0.0,0.0,0.0,0.0,9,0.0,0.0,0.0,0.0,0.0,0.0,0.0,0.0,0.0,0.0,0.0,0.0,0.0,0.0,0.0,0.0,0,17,13,1,0.0,0.0,0,0.0,0.0,0.0,0.0
Filippo Terracciano,it ITA,DF,Cremonese,22.0,2003.0,36,33,"3,011",2,0,0,0,6,0,0.06,0.0,0.06,0.06,0.06,2.3331454526633024,2.3331454526633024,0.06946182293737917,0.06946182293737917,33.5,4,0.0,28.6,0.12,0.14,0.5,0.16665324661880732,-0.3331454526633024,-0.3331454526633024,0.0,0.0,0.0,0.0,0.0,0.0,0.0,0.0,0.0,0.0,0.0,0.0,0.0,0.0,11.0,0.0,0.0,0.0,0.0,0.0,0.0,0.0,0.0,0.0,27,0.0,0.0,0.0,0.0,0.0,0.0,0.0,0.0,0.0,0.0,0.0,0.0,0.0,0.0,0.0,0.0,0.0,0.0,0.0,0.0,0.0,23,0.0,0.0,0.0,0.0,0.0,0.0,56,0.0,0.0,0.0,0.0,0.0,0.0,0.0,0.0,0.0,0.0,0.0,0.0,0.0,0.0,0.0,0.0,0,18,26,0,0.0,0.0,2,0.0,0.0,0.0,0.0
Pietro Terracciano,it ITA,GK,Milan,35.0,1990.0,2,1,125,0,0,0,0,0,0,0.0,0.0,0.0,0.0,0.0,0.0,0.0,0.0,0.0,1.4,0,0.0,0.0,0.0,0.0,0.0,,0.0,0.0,0.0,0.0,0.0,0.0,0.0,0.0,0.0,0.0,0.0,0.0,0.0,0.0,0.0,0.0,0.0,0.0,0.0,0.0,0.0,0.0,0.0,0.0,0.0,0.0,0,0.0,0.0,0.0,0.0,0.0,0.0,0.0,0.0,0.0,0.0,0.0,0.0,0.0,0.0,0.0,0.0,0.0,0.0,0.0,0.0,0.0,0,0.0,0.0,0.0,0.0,0.0,0.0,0,0.0,0.0,0.0,0.0,0.0,0.0,0.0,0.0,0.0,0.0,0.0,0.0,0.0,0.0,0.0,0.0,0,0,0,0,0.0,0.0,0,0.0,0.0,0.0,0.0
Morten Thorsby,no NOR,MF,Genoa,29.0,1996.0,13,8,731,2,1,0,0,2,0,0.25,0.12,0.37,0.25,0.37,2.7189628621563315,2.7189628621563315,0.17604795510364737,0.17604795510364737,8.1,4,0.0,40.0,0.49,0.2,0.5,0.12947442200744436,0.28103713784366846,0.28103713784366846,0.0,0.0,0.0,0.0,0.0,0.0,0.0,0.0,0.0,0.0,0.0,0.0,0.0,0.0,9.0,0.0,0.0,0.0,0.0,0.0,0.0,0.0,0.0,0.0,5,0.0,0.0,0.0,0.0,0.0,0.0,0.0,0.0,0.0,0.0,0.0,0.0,0.0,0.0,0.0,0.0,0.0,0.0,0.0,0.0,0.0,1,0.0,0.0,0.0,0.0,0.0,0.0,3,0.0,0.0,0.0,0.0,0.0,0.0,0.0,0.0,0.0,0.0,0.0,0.0,0.0,0.0,0.0,0.0,0,15,5,5,0.0,0.0,0,0.0,0.0,0.0,0.0
Morten Thorsby,no NOR,MF,Cremonese,29.0,1996.0,11,8,643,1,0,0,0,2,0,0.14,0.0,0.14,0.14,0.14,2.7189628621563315,2.7189628621563315,0.17604795510364737,0.17604795510364737,7.1,4,0.0,36.4,0.56,0.09,0.25,0.12947442200744436,0.28103713784366846,0.28103713784366846,0.0,0.0,0.0,0.0,0.0,0.0,0.0,0.0,0.0,0.0,0.0,0.0,0.0,0.0,9.0,0.0,0.0,0.0,0.0,0.0,0.0,0.0,0.0,0.0,0,0.0,0.0,0.0,0.0,0.0,0.0,0.0,0.0,0.0,0.0,0.0,0.0,0.0,0.0,0.0,0.0,0.0,0.0,0.0,0.0,0.0,6,0.0,0.0,0.0,0.0,0.0,0.0,3,0.0,0.0,0.0,0.0,0.0,0.0,0.0,0.0,0.0,0.0,0.0,0.0,0.0,0.0,0.0,0.0,0,10,6,2,0.0,0.0,0,0.0,0.0,0.0,0.0
Kristian Thorstvedt,no NOR,MF,Sassuolo,26.0,1999.0,32,27,"2,460",4,4,0,0,9,0,0.15,0.15,0.29,0.15,0.29,6.6448559276759624,6.6448559276759624,0.24409674836360679,0.24409674836360679,27.3,13,0.0,30.2,0.48,0.09,0.31,0.15453153320176657,-2.6448559276759624,-2.6448559276759624,0.0,0.0,0.0,0.0,0.0,0.0,0.0,0.0,0.0,0.0,0.0,0.0,0.0,0.0,32.0,0.0,0.0,0.0,0.0,0.0,0.0,0.0,0.0,0.0,13,0.0,0.0,0.0,0.0,0.0,0.0,0.0,0.0,0.0,0.0,0.0,0.0,0.0,0.0,0.0,0.0,0.0,0.0,0.0,0.0,0.0,20,0.0,0.0,0.0,0.0,0.0,0.0,31,0.0,0.0,0.0,0.0,0.0,0.0,0.0,0.0,0.0,0.0,0.0,0.0,0.0,0.0,0.0,0.0,0,34,57,1,0.0,0.0,0,0.0,0.0,0.0,0.0
Khéphren Thuram,fr FRA,MF,Juventus,24.0,2001.0,35,30,"2,442",3,3,0,0,2,0,0.11,0.11,0.22,0.11,0.22,0.0,0.0,0.0,0.0,27.1,15,0.0,30.0,0.55,0.06,0.2,0.0,0.0,0.0,0.0,0.0,0.0,0.0,0.0,0.0,0.0,0.0,0.0,0.0,0.0,0.0,0.0,0.0,0.0,0.0,0.0,0.0,0.0,0.0,0.0,0.0,0.0,0.0,16,0.0,0.0,0.0,0.0,0.0,0.0,0.0,0.0,0.0,0.0,0.0,0.0,0.0,0.0,0.0,0.0,0.0,0.0,0.0,0.0,0.0,32,0.0,0.0,0.0,0.0,0.0,0.0,12,0.0,0.0,0.0,0.0,0.0,0.0,0.0,0.0,0.0,0.0,0.0,0.0,0.0,0.0,0.0,0.0,0,38,12,3,0.0,0.0,0,0.0,0.0,0.0,0.0
Marcus Thuram,fr FRA,FW,Inter,27.0,1997.0,29,24,"1,900",13,6,0,0,2,0,0.62,0.28,0.9,0.62,0.9,11.89548808708787,11.89548808708787,0.5538509714629634,0.5538509714629634,21.1,29,0.0,39.2,1.37,0.18,0.45,0.16074983901470094,1.1045119129121304,1.1045119129121304,0.0,0.0,0.0,0.0,0.0,0.0,0.0,0.0,0.0,0.0,0.0,0.0,0.0,0.0,29.0,0.0,0.0,0.0,0.0,0.0,0.0,0.0,0.0,0.0,21,0.0,0.0,0.0,0.0,0.0,0.0,0.0,0.0,0.0,0.0,0.0,0.0,0.0,0.0,0.0,0.0,0.0,0.0,0.0,0.0,0.0,13,0.0,0.0,0.0,0.0,0.0,0.0,1,0.0,0.0,0.0,0.0,0.0,0.0,0.0,0.0,0.0,0.0,0.0,0.0,0.0,0.0,0.0,0.0,0,43,41,15,0.0,0.0,0,0.0,0.0,0.0,0.0
Fikayo Tomori,eng ENG,DF,Milan,27.0,1997.0,33,31,"2,554",0,2,0,0,8,1,0.0,0.07,0.07,0.0,0.07,0.594410877674818,0.594410877674818,0.020799758550051953,0.020799758550051953,28.4,2,0.0,22.2,0.07,0.0,0.0,0.06604565307497978,-0.594410877674818,-0.594410877674818,0.0,0.0,0.0,0.0,0.0,0.0,0.0,0.0,0.0,0.0,0.0,0.0,0.0,0.0,4.0,0.0,0.0,0.0,0.0,0.0,0.0,0.0,0.0,0.0,17,0.0,0.0,0.0,0.0,0.0,0.0,0.0,0.0,0.0,0.0,0.0,0.0,0.0,0.0,0.0,0.0,0.0,0.0,0.0,0.0,0.0,40,0.0,0.0,0.0,0.0,0.0,0.0,28,0.0,0.0,0.0,0.0,0.0,0.0,0.0,0.0,0.0,0.0,0.0,0.0,0.0,0.0,0.0,0.0,1,36,7,2,0.0,0.0,0,0.0,0.0,0.0,0.0
Luka Topalović,si SVN,MF,Inter,19.0,2006.0,1,0,10,0,1,0,0,0,0,0.0,9.0,9.0,0.0,9.0,0.0,0.0,0.0,0.0,0.1,0,0.0,0.0,0.0,0.0,0.0,,0.0,0.0,0.0,0.0,0.0,0.0,0.0,0.0,0.0,0.0,0.0,0.0,0.0,0.0,0.0,0.0,1.0,0.0,0.0,0.0,0.0,0.0,0.0,0.0,0.0,0.0,0,0.0,0.0,0.0,0.0,0.0,0.0,0.0,0.0,0.0,0.0,0.0,0.0,0.0,0.0,0.0,0.0,0.0,0.0,0.0,0.0,0.0,0,0.0,0.0,0.0,0.0,0.0,0.0,0,0.0,0.0,0.0,0.0,0.0,0.0,0.0,0.0,0.0,0.0,0.0,0.0,0.0,0.0,0.0,0.0,0,0,0,0,0.0,0.0,0,0.0,0.0,0.0,0.0
Idrissa Touré,de GER,MF,Pisa,27.0,1998.0,32,26,"2,279",1,0,0,0,4,1,0.04,0.0,0.04,0.04,0.04,2.997904310002923,2.997904310002923,0.1181828243102335,0.1181828243102335,25.3,8,0.0,27.6,0.32,0.03,0.13,0.10706801107153296,-1.997904310002923,-1.997904310002923,0.0,0.0,0.0,0.0,0.0,0.0,0.0,0.0,0.0,0.0,0.0,0.0,0.0,0.0,20.0,0.0,0.0,0.0,0.0,0.0,0.0,0.0,0.0,0.0,67,0.0,0.0,0.0,0.0,0.0,0.0,0.0,0.0,0.0,0.0,0.0,0.0,0.0,0.0,0.0,0.0,0.0,0.0,0.0,0.0,0.0,28,0.0,0.0,0.0,0.0,0.0,0.0,25,0.0,0.0,0.0,0.0,0.0,0.0,0.0,0.0,0.0,0.0,0.0,0.0,0.0,0.0,0.0,0.0,0,23,19,5,0.0,0.0,0,0.0,0.0,0.0,0.0
Mattéo Tramoni,fr FRA,"MF,FW",Pisa,25.0,2000.0,27,21,"1,600",2,2,1,1,3,0,0.11,0.11,0.23,0.06,0.17,3.2133432421833277,2.4520444069057703,0.17742385999785246,0.1353889549825272,17.8,9,0.0,32.1,0.51,0.04,0.11,0.08757301453234893,-1.2133432421833277,-1.4520444069057703,0.0,0.0,0.0,0.0,0.0,0.0,0.0,0.0,0.0,0.0,0.0,0.0,0.0,0.0,28.0,0.0,0.0,0.0,0.0,0.0,0.0,0.0,0.0,0.0,68,0.0,0.0,0.0,0.0,0.0,0.0,0.0,0.0,0.0,0.0,0.0,0.0,0.0,0.0,0.0,0.0,0.0,0.0,0.0,0.0,0.0,21,0.0,0.0,0.0,0.0,0.0,0.0,15,0.0,0.0,0.0,0.0,0.0,0.0,0.0,0.0,0.0,0.0,0.0,0.0,0.0,0.0,0.0,0.0,0,16,15,2,0.0,0.0,0,0.0,0.0,0.0,0.0
Yael Trepy,,FW,Cagliari,,,8,0,91,1,0,0,0,0,0,0.99,0.0,0.99,0.99,0.99,0.5980131141841412,0.5980131141841412,0.7914879452437162,0.7914879452437162,1.0,2,0.0,28.6,1.98,0.14,0.5,0.08543044488344874,0.40198688581585884,0.40198688581585884,0.0,0.0,0.0,0.0,0.0,0.0,0.0,0.0,0.0,0.0,0.0,0.0,0.0,0.0,2.0,0.0,0.0,0.0,0.0,0.0,0.0,0.0,0.0,0.0,7,0.0,0.0,0.0,0.0,0.0,0.0,0.0,0.0,0.0,0.0,0.0,0.0,0.0,0.0,0.0,0.0,0.0,0.0,0.0,0.0,0.0,1,0.0,0.0,0.0,0.0,0.0,0.0,0,0.0,0.0,0.0,0.0,0.0,0.0,0.0,0.0,0.0,0.0,0.0,0.0,0.0,0.0,0.0,0.0,0,1,2,2,0.0,0.0,0,0.0,0.0,0.0,0.0
Mariano Troilo,ar ARG,DF,Parma,22.0,2003.0,21,18,"1,625",1,0,0,0,8,2,0.06,0.0,0.06,0.06,0.06,0.977194907143712,0.977194907143712,0.053922465752871906,0.053922465752871906,18.1,2,0.0,22.2,0.11,0.11,0.5,0.10857721190485689,0.022805092856287956,0.022805092856287956,0.0,0.0,0.0,0.0,0.0,0.0,0.0,0.0,0.0,0.0,0.0,0.0,0.0,0.0,7.0,0.0,0.0,0.0,0.0,0.0,0.0,0.0,0.0,0.0,1,0.0,0.0,0.0,0.0,0.0,0.0,0.0,0.0,0.0,0.0,0.0,0.0,0.0,0.0,0.0,0.0,0.0,0.0,0.0,0.0,0.0,18,0.0,0.0,0.0,0.0,0.0,0.0,16,0.0,0.0,0.0,0.0,0.0,0.0,0.0,0.0,0.0,0.0,0.0,0.0,0.0,0.0,0.0,0.0,1,27,20,1,0.0,0.0,0,0.0,0.0,0.0,0.0
Kostas Tsimikas,gr GRE,MF,Roma,29.0,1996.0,18,6,644,0,0,0,0,1,0,0.0,0.0,0.0,0.0,0.0,0.0,0.0,0.0,0.0,7.2,0,0.0,0.0,0.0,0.0,0.0,0.0,0.0,0.0,0.0,0.0,0.0,0.0,0.0,0.0,0.0,0.0,0.0,0.0,0.0,0.0,0.0,0.0,0.0,0.0,0.0,0.0,0.0,0.0,0.0,0.0,0.0,0.0,43,0.0,0.0,0.0,0.0,0.0,0.0,0.0,0.0,0.0,0.0,0.0,0.0,0.0,0.0,0.0,0.0,0.0,0.0,0.0,0.0,0.0,5,0.0,0.0,0.0,0.0,0.0,0.0,8,0.0,0.0,0.0,0.0,0.0,0.0,0.0,0.0,0.0,0.0,0.0,0.0,0.0,0.0,0.0,0.0,0,9,8,1,0.0,0.0,0,0.0,0.0,0.0,0.0
Stefano Turati,it ITA,GK,Sassuolo,23.0,2001.0,6,6,532,0,0,0,0,0,0,0.0,0.0,0.0,0.0,0.0,0.0,0.0,0.0,0.0,5.9,0,0.0,0.0,0.0,0.0,0.0,,0.0,0.0,0.0,0.0,0.0,0.0,0.0,0.0,0.0,0.0,0.0,0.0,0.0,0.0,0.0,0.0,1.0,0.0,0.0,0.0,0.0,0.0,0.0,0.0,0.0,0.0,0,0.0,0.0,0.0,0.0,0.0,0.0,0.0,0.0,0.0,0.0,0.0,0.0,0.0,0.0,0.0,0.0,0.0,0.0,0.0,0.0,0.0,0,0.0,0.0,0.0,0.0,0.0,0.0,1,0.0,0.0,0.0,0.0,0.0,0.0,0.0,0.0,0.0,0.0,0.0,0.0,0.0,0.0,0.0,0.0,0,0,1,0,0.0,0.0,0,0.0,0.0,0.0,0.0
Lautaro Valenti,ar ARG,DF,Parma,26.0,1999.0,27,25,"2,252",0,0,0,0,7,0,0.0,0.0,0.0,0.0,0.0,0.4869517162442207,0.4869517162442207,0.019434880027485526,0.019434880027485526,25.0,4,0.0,23.5,0.16,0.0,0.0,0.028644218602601218,-0.4869517162442207,-0.4869517162442207,0.0,0.0,0.0,0.0,0.0,0.0,0.0,0.0,0.0,0.0,0.0,0.0,0.0,0.0,10.0,0.0,0.0,0.0,0.0,0.0,0.0,0.0,0.0,0.0,20,0.0,0.0,0.0,0.0,0.0,0.0,0.0,0.0,0.0,0.0,0.0,0.0,0.0,0.0,0.0,0.0,0.0,0.0,0.0,0.0,0.0,30,0.0,0.0,0.0,0.0,0.0,0.0,26,0.0,0.0,0.0,0.0,0.0,0.0,0.0,0.0,0.0,0.0,0.0,0.0,0.0,0.0,0.0,0.0,0,25,17,0,0.0,0.0,0,0.0,0.0,0.0,0.0
Nicolás Valentini,ar ARG,DF,Hellas Verona,24.0,2001.0,21,15,"1,409",0,0,0,0,8,1,0.0,0.0,0.0,0.0,0.0,0.7951413663104177,0.7951413663104177,0.05111623069138399,0.05111623069138399,15.7,7,0.0,43.8,0.45,0.0,0.0,0.05300942442069451,-0.7951413663104177,-0.7951413663104177,0.0,0.0,0.0,0.0,0.0,0.0,0.0,0.0,0.0,0.0,0.0,0.0,0.0,0.0,3.0,0.0,0.0,0.0,0.0,0.0,0.0,0.0,0.0,0.0,15,0.0,0.0,0.0,0.0,0.0,0.0,0.0,0.0,0.0,0.0,0.0,0.0,0.0,0.0,0.0,0.0,0.0,0.0,0.0,0.0,0.0,18,0.0,0.0,0.0,0.0,0.0,0.0,16,0.0,0.0,0.0,0.0,0.0,0.0,0.0,0.0,0.0,0.0,0.0,0.0,0.0,0.0,0.0,0.0,1,30,7,1,0.0,0.0,0,0.0,0.0,0.0,0.0
Emanuele Valeri,it ITA,"MF,DF",Parma,26.0,1998.0,34,29,"2,643",0,2,0,0,2,0,0.0,0.07,0.07,0.0,0.07,0.6690369648858905,0.6690369648858905,0.022834026105320492,0.022834026105320492,29.4,5,0.0,21.7,0.17,0.0,0.0,0.02908856369069089,-0.6690369648858905,-0.6690369648858905,0.0,0.0,0.0,0.0,0.0,0.0,0.0,0.0,0.0,0.0,0.0,0.0,0.0,0.0,51.0,0.0,0.0,0.0,0.0,0.0,0.0,0.0,0.0,0.0,234,0.0,0.0,0.0,0.0,0.0,0.0,0.0,0.0,0.0,0.0,0.0,0.0,0.0,0.0,0.0,0.0,0.0,0.0,0.0,0.0,0.0,32,0.0,0.0,0.0,0.0,0.0,0.0,20,0.0,0.0,0.0,0.0,0.0,0.0,0.0,0.0,0.0,0.0,0.0,0.0,0.0,0.0,0.0,0.0,0,23,26,3,0.0,0.0,0,0.0,0.0,0.0,0.0
Álex Valle,es ESP,DF,Como,21.0,2004.0,28,23,"2,026",1,4,0,0,3,0,0.04,0.18,0.22,0.04,0.22,0.8854037057608366,0.8854037057608366,0.039293063865125884,0.039293063865125884,22.5,2,0.0,18.2,0.09,0.09,0.5,0.08049124597825787,0.1145962942391634,0.1145962942391634,0.0,0.0,0.0,0.0,0.0,0.0,0.0,0.0,0.0,0.0,0.0,0.0,0.0,0.0,14.0,0.0,0.0,0.0,0.0,0.0,0.0,0.0,0.0,0.0,45,0.0,0.0,0.0,0.0,0.0,0.0,0.0,0.0,0.0,0.0,0.0,0.0,0.0,0.0,0.0,0.0,0.0,0.0,0.0,0.0,0.0,31,0.0,0.0,0.0,0.0,0.0,0.0,24,0.0,0.0,0.0,0.0,0.0,0.0,0.0,0.0,0.0,0.0,0.0,0.0,0.0,0.0,0.0,0.0,0,34,19,1,0.0,0.0,0,0.0,0.0,0.0,0.0
Ignace Van Der Brempt,be BEL,DF,Como,23.0,2002.0,20,11,931,0,1,0,0,2,0,0.0,0.1,0.1,0.0,0.1,0.1629508137702942,0.1629508137702942,0.016027948895438772,0.016027948895438772,10.3,0,0.0,0.0,0.0,0.0,0.0,0.054316937923431396,-0.1629508137702942,-0.1629508137702942,0.0,0.0,0.0,0.0,0.0,0.0,0.0,0.0,0.0,0.0,0.0,0.0,0.0,0.0,5.0,0.0,0.0,0.0,0.0,0.0,0.0,0.0,0.0,0.0,11,0.0,0.0,0.0,0.0,0.0,0.0,0.0,0.0,0.0,0.0,0.0,0.0,0.0,0.0,0.0,0.0,0.0,0.0,0.0,0.0,0.0,14,0.0,0.0,0.0,0.0,0.0,0.0,8,0.0,0.0,0.0,0.0,0.0,0.0,0.0,0.0,0.0,0.0,0.0,0.0,0.0,0.0,0.0,0.0,0,19,15,1,0.0,0.0,0,0.0,0.0,0.0,0.0
Jari Vandeputte,be BEL,MF,Cremonese,29.0,1996.0,32,23,"1,944",1,5,0,0,3,0,0.05,0.23,0.28,0.05,0.28,2.11050614900887,2.11050614900887,0.09607766990935676,0.09607766990935676,21.6,8,0.0,40.0,0.37,0.05,0.13,0.1055253074504435,-1.1105061490088701,-1.1105061490088701,0.0,0.0,0.0,0.0,0.0,0.0,0.0,0.0,0.0,0.0,0.0,0.0,0.0,0.0,54.0,0.0,0.0,0.0,0.0,0.0,0.0,0.0,0.0,0.0,162,0.0,0.0,0.0,0.0,0.0,0.0,0.0,0.0,0.0,0.0,0.0,0.0,0.0,0.0,0.0,0.0,0.0,0.0,0.0,0.0,0.0,21,0.0,0.0,0.0,0.0,0.0,0.0,18,0.0,0.0,0.0,0.0,0.0,0.0,0.0,0.0,0.0,0.0,0.0,0.0,0.0,0.0,0.0,0.0,0,34,25,1,0.0,0.0,0,0.0,0.0,0.0,0.0
Jamie Vardy,eng ENG,FW,Cremonese,38.0,1987.0,29,24,"2,105",7,2,0,0,5,0,0.3,0.09,0.38,0.3,0.38,6.281962929293513,6.281962929293513,0.26668710548887553,0.26668710548887553,23.4,14,0.0,46.7,0.6,0.23,0.5,0.20939876430978377,0.7180370707064867,0.7180370707064867,0.0,0.0,0.0,0.0,0.0,0.0,0.0,0.0,0.0,0.0,0.0,0.0,0.0,0.0,15.0,0.0,0.0,0.0,0.0,0.0,0.0,0.0,0.0,0.0,14,0.0,0.0,0.0,0.0,0.0,0.0,0.0,0.0,0.0,0.0,0.0,0.0,0.0,0.0,0.0,0.0,0.0,0.0,0.0,0.0,0.0,10,0.0,0.0,0.0,0.0,0.0,0.0,3,0.0,0.0,0.0,0.0,0.0,0.0,0.0,0.0,0.0,0.0,0.0,0.0,0.0,0.0,0.0,0.0,0,19,21,23,0.0,0.0,0,0.0,0.0,0.0,0.0
Johan Vásquez,mx MEX,DF,Genoa,26.0,1998.0,36,36,"3,215",1,0,0,0,2,0,0.03,0.0,0.03,0.03,0.03,1.88552456907928,1.88552456907928,0.052717369126168125,0.052717369126168125,35.7,6,0.0,25.0,0.17,0.04,0.17,0.07856352371163666,-0.8855245690792799,-0.8855245690792799,0.0,0.0,0.0,0.0,0.0,0.0,0.0,0.0,0.0,0.0,0.0,0.0,0.0,0.0,9.0,0.0,0.0,0.0,0.0,0.0,0.0,0.0,0.0,0.0,24,0.0,0.0,0.0,0.0,0.0,0.0,0.0,0.0,0.0,0.0,0.0,0.0,0.0,0.0,0.0,0.0,0.0,0.0,0.0,0.0,0.0,38,0.0,0.0,0.0,0.0,0.0,0.0,46,0.0,0.0,0.0,0.0,0.0,0.0,0.0,0.0,0.0,0.0,0.0,0.0,0.0,0.0,0.0,0.0,0,23,46,1,0.0,0.0,0,0.0,0.0,0.0,0.0
Dominic Vavassori,it ITA,FW,Atalanta,19.0,2005.0,1,0,10,0,0,0,0,0,0,0.0,0.0,0.0,0.0,0.0,0.0,0.0,0.0,0.0,0.1,0,0.0,0.0,0.0,0.0,0.0,,0.0,0.0,0.0,0.0,0.0,0.0,0.0,0.0,0.0,0.0,0.0,0.0,0.0,0.0,0.0,0.0,0.0,0.0,0.0,0.0,0.0,0.0,0.0,0.0,0.0,0.0,0,0.0,0.0,0.0,0.0,0.0,0.0,0.0,0.0,0.0,0.0,0.0,0.0,0.0,0.0,0.0,0.0,0.0,0.0,0.0,0.0,0.0,0,0.0,0.0,0.0,0.0,0.0,0.0,0,0.0,0.0,0.0,0.0,0.0,0.0,0.0,0.0,0.0,0.0,0.0,0.0,0.0,0.0,0.0,0.0,0,1,1,0,0.0,0.0,0,0.0,0.0,0.0,0.0
Robinio Vaz,fr FRA,FW,Roma,18.0,2007.0,12,0,216,1,0,0,0,0,0,0.42,0.0,0.42,0.42,0.42,0.6552822887897491,0.6552822887897491,0.32051851082107297,0.32051851082107297,2.4,2,0.0,40.0,0.83,0.2,0.5,0.13105645775794983,0.34471771121025085,0.34471771121025085,0.0,0.0,0.0,0.0,0.0,0.0,0.0,0.0,0.0,0.0,0.0,0.0,0.0,0.0,0.0,0.0,0.0,0.0,0.0,0.0,0.0,0.0,0.0,0.0,3,0.0,0.0,0.0,0.0,0.0,0.0,0.0,0.0,0.0,0.0,0.0,0.0,0.0,0.0,0.0,0.0,0.0,0.0,0.0,0.0,0.0,0,0.0,0.0,0.0,0.0,0.0,0.0,2,0.0,0.0,0.0,0.0,0.0,0.0,0.0,0.0,0.0,0.0,0.0,0.0,0.0,0.0,0.0,0.0,0,2,12,3,0.0,0.0,0,0.0,0.0,0.0,0.0
Franco Vázquez,ar ARG,"FW,MF",Cremonese,36.0,1989.0,15,4,524,1,1,0,0,1,0,0.17,0.17,0.34,0.17,0.34,1.4491588799282908,1.4491588799282908,0.2689160808114354,0.2689160808114354,5.8,4,0.0,33.3,0.69,0.08,0.25,0.12076323999402423,-0.44915887992829084,-0.44915887992829084,0.0,0.0,0.0,0.0,0.0,0.0,0.0,0.0,0.0,0.0,0.0,0.0,0.0,0.0,9.0,0.0,0.0,0.0,0.0,0.0,0.0,0.0,0.0,0.0,19,0.0,0.0,0.0,0.0,0.0,0.0,0.0,0.0,0.0,0.0,0.0,0.0,0.0,0.0,0.0,0.0,0.0,0.0,0.0,0.0,0.0,12,0.0,0.0,0.0,0.0,0.0,0.0,4,0.0,0.0,0.0,0.0,0.0,0.0,0.0,0.0,0.0,0.0,0.0,0.0,0.0,0.0,0.0,0.0,0,9,16,0,0.0,0.0,0,0.0,0.0,0.0,0.0
Matías Vecino,uy URU,MF,Lazio,33.0,1991.0,13,5,603,0,1,0,0,1,0,0.0,0.15,0.15,0.0,0.15,0.310302727855742,0.310302727855742,0.0471744011942851,0.0471744011942851,6.7,1,0.0,14.3,0.15,0.0,0.0,0.04432896112224886,0.689697272144258,0.689697272144258,0.0,0.0,0.0,0.0,0.0,0.0,0.0,0.0,0.0,0.0,0.0,0.0,0.0,0.0,3.0,0.0,0.0,0.0,0.0,0.0,0.0,0.0,0.0,0.0,0,0.0,0.0,0.0,0.0,0.0,0.0,0.0,0.0,0.0,0.0,0.0,0.0,0.0,0.0,0.0,0.0,0.0,0.0,0.0,0.0,0.0,9,0.0,0.0,0.0,0.0,0.0,0.0,7,0.0,0.0,0.0,0.0,0.0,0.0,0.0,0.0,0.0,0.0,0.0,0.0,0.0,0.0,0.0,0.0,0,8,3,0,0.0,0.0,0,0.0,0.0,0.0,0.0
Danilo Veiga,pt POR,DF,Lecce,22.0,2002.0,36,33,"3,020",0,1,0,0,9,0,0.0,0.03,0.03,0.0,0.03,0.258736458607018,0.258736458607018,0.00769540028903887,0.00769540028903887,33.6,2,0.0,33.3,0.06,0.0,0.0,0.04312274310116967,-0.258736458607018,-0.258736458607018,0.0,0.0,0.0,0.0,0.0,0.0,0.0,0.0,0.0,0.0,0.0,0.0,0.0,0.0,20.0,0.0,0.0,0.0,0.0,0.0,0.0,0.0,0.0,0.0,89,0.0,0.0,0.0,0.0,0.0,0.0,0.0,0.0,0.0,0.0,0.0,0.0,0.0,0.0,0.0,0.0,0.0,0.0,0.0,0.0,0.0,53,0.0,0.0,0.0,0.0,0.0,0.0,32,0.0,0.0,0.0,0.0,0.0,0.0,0.0,0.0,0.0,0.0,0.0,0.0,0.0,0.0,0.0,0.0,0,46,47,1,0.0,0.0,0,0.0,0.0,0.0,0.0
Lorenzo Venturino,it ITA,FW,Genoa,19.0,2006.0,2,0,40,0,0,0,0,0,0,0.0,0.0,0.0,0.0,0.0,0.3034842805936932,0.3034842805936932,0.12193564845282316,0.12193564845282316,0.4,1,0.0,100.0,2.25,0.0,0.0,0.06069685611873864,-0.3034842805936932,-0.3034842805936932,0.0,0.0,0.0,0.0,0.0,0.0,0.0,0.0,0.0,0.0,0.0,0.0,0.0,0.0,7.0,0.0,0.0,0.0,0.0,0.0,0.0,0.0,0.0,0.0,8,0.0,0.0,0.0,0.0,0.0,0.0,0.0,0.0,0.0,0.0,0.0,0.0,0.0,0.0,0.0,0.0,0.0,0.0,0.0,0.0,0.0,0,0.0,0.0,0.0,0.0,0.0,0.0,0,0.0,0.0,0.0,0.0,0.0,0.0,0.0,0.0,0.0,0.0,0.0,0.0,0.0,0.0,0.0,0.0,0,1,0,0,0.0,0.0,0,0.0,0.0,0.0,0.0
Lorenzo Venturino,it ITA,MF,Roma,19.0,2006.0,10,1,207,0,0,0,0,0,0,0.0,0.0,0.0,0.0,0.0,0.3034842805936932,0.3034842805936932,0.12193564845282316,0.12193564845282316,2.3,0,0.0,0.0,0.0,0.0,0.0,0.06069685611873864,-0.3034842805936932,-0.3034842805936932,0.0,0.0,0.0,0.0,0.0,0.0,0.0,0.0,0.0,0.0,0.0,0.0,0.0,0.0,7.0,0.0,0.0,0.0,0.0,0.0,0.0,0.0,0.0,0.0,28,0.0,0.0,0.0,0.0,0.0,0.0,0.0,0.0,0.0,0.0,0.0,0.0,0.0,0.0,0.0,0.0,0.0,0.0,0.0,0.0,0.0,0,0.0,0.0,0.0,0.0,0.0,0.0,0,0.0,0.0,0.0,0.0,0.0,0.0,0.0,0.0,0.0,0.0,0.0,0.0,0.0,0.0,0.0,0.0,0,0,3,1,0.0,0.0,0,0.0,0.0,0.0,0.0
Antonio Vergara,it ITA,MF,Napoli,22.0,2003.0,12,8,612,1,2,0,0,2,0,0.15,0.29,0.44,0.15,0.44,0.7055973187088966,0.7055973187088966,0.10160601389408111,0.10160601389408111,6.8,3,0.0,30.0,0.44,0.1,0.33,0.07055973187088967,0.29440268129110336,0.29440268129110336,0.0,0.0,0.0,0.0,0.0,0.0,0.0,0.0,0.0,0.0,0.0,0.0,0.0,0.0,11.0,0.0,0.0,0.0,0.0,0.0,0.0,0.0,0.0,0.0,11,0.0,0.0,0.0,0.0,0.0,0.0,0.0,0.0,0.0,0.0,0.0,0.0,0.0,0.0,0.0,0.0,0.0,0.0,0.0,0.0,0.0,9,0.0,0.0,0.0,0.0,0.0,0.0,4,0.0,0.0,0.0,0.0,0.0,0.0,0.0,0.0,0.0,0.0,0.0,0.0,0.0,0.0,0.0,0.0,0,17,20,2,0.0,0.0,0,0.0,0.0,0.0,0.0
Ioan Vermeșan,ro ROU,FW,Hellas Verona,18.0,2006.0,6,0,80,0,0,0,0,0,0,0.0,0.0,0.0,0.0,0.0,0.4317272901535034,0.4317272901535034,0.5887190320275048,0.5887190320275048,0.9,1,0.0,25.0,1.13,0.0,0.0,0.10793182253837585,-0.4317272901535034,-0.4317272901535034,0.0,0.0,0.0,0.0,0.0,0.0,0.0,0.0,0.0,0.0,0.0,0.0,0.0,0.0,0.0,0.0,0.0,0.0,0.0,0.0,0.0,0.0,0.0,0.0,0,0.0,0.0,0.0,0.0,0.0,0.0,0.0,0.0,0.0,0.0,0.0,0.0,0.0,0.0,0.0,0.0,0.0,0.0,0.0,0.0,0.0,0,0.0,0.0,0.0,0.0,0.0,0.0,0,0.0,0.0,0.0,0.0,0.0,0.0,0.0,0.0,0.0,0.0,0.0,0.0,0.0,0.0,0.0,0.0,0,0,1,0,0.0,0.0,0,0.0,0.0,0.0,0.0
Mattia Viti,it ITA,"MF,DF",Fiorentina,23.0,2002.0,10,2,265,0,0,0,0,3,1,0.0,0.0,0.0,0.0,0.0,0.0,0.0,0.0,0.0,2.9,0,0.0,0.0,0.0,0.0,0.0,,0.0,0.0,0.0,0.0,0.0,0.0,0.0,0.0,0.0,0.0,0.0,0.0,0.0,0.0,0.0,0.0,0.0,0.0,0.0,0.0,0.0,0.0,0.0,0.0,0.0,0.0,0,0.0,0.0,0.0,0.0,0.0,0.0,0.0,0.0,0.0,0.0,0.0,0.0,0.0,0.0,0.0,0.0,0.0,0.0,0.0,0.0,0.0,4,0.0,0.0,0.0,0.0,0.0,0.0,3,0.0,0.0,0.0,0.0,0.0,0.0,0.0,0.0,0.0,0.0,0.0,0.0,0.0,0.0,0.0,0.0,1,9,4,0,0.0,0.0,0,0.0,0.0,0.0,0.0
Martin Vitík,cz CZE,DF,Bologna,22.0,2003.0,19,14,"1,325",0,0,0,0,3,0,0.0,0.0,0.0,0.0,0.0,0.7379880752414465,0.7379880752414465,0.05031736876646226,0.05031736876646226,14.7,2,0.0,25.0,0.14,0.0,0.0,0.09224850940518081,-0.7379880752414465,-0.7379880752414465,0.0,0.0,0.0,0.0,0.0,0.0,0.0,0.0,0.0,0.0,0.0,0.0,0.0,0.0,3.0,0.0,0.0,0.0,0.0,0.0,0.0,0.0,0.0,0.0,2,0.0,0.0,0.0,0.0,0.0,0.0,0.0,0.0,0.0,0.0,0.0,0.0,0.0,0.0,0.0,0.0,0.0,0.0,0.0,0.0,0.0,22,0.0,0.0,0.0,0.0,0.0,0.0,8,0.0,0.0,0.0,0.0,0.0,0.0,0.0,0.0,0.0,0.0,0.0,0.0,0.0,0.0,0.0,0.0,0,23,4,0,0.0,0.0,0,0.0,0.0,0.0,0.0
Vitinha,pt POR,"FW,MF",Genoa,25.0,2000.0,35,28,"2,226",5,1,0,0,5,0,0.2,0.04,0.24,0.2,0.24,6.909197731874883,6.909197731874883,0.2749017665202208,0.2749017665202208,24.7,20,0.0,30.8,0.81,0.08,0.25,0.10629534972115205,-1.9091977318748832,-1.9091977318748832,0.0,0.0,0.0,0.0,0.0,0.0,0.0,0.0,0.0,0.0,0.0,0.0,0.0,0.0,16.0,0.0,0.0,0.0,0.0,0.0,0.0,0.0,0.0,0.0,67,0.0,0.0,0.0,0.0,0.0,0.0,0.0,0.0,0.0,0.0,0.0,0.0,0.0,0.0,0.0,0.0,0.0,0.0,0.0,0.0,0.0,32,0.0,0.0,0.0,0.0,0.0,0.0,14,0.0,0.0,0.0,0.0,0.0,0.0,0.0,0.0,0.0,0.0,0.0,0.0,0.0,0.0,0.0,0.0,0,33,68,14,0.0,0.0,0,0.0,0.0,0.0,0.0
Dušan Vlahović,rs SRB,FW,Juventus,25.0,2000.0,19,11,968,7,1,1,1,0,0,0.65,0.09,0.74,0.56,0.65,7.5376303642988205,6.776331529021263,0.6979287374350759,0.6274381045390058,10.8,18,0.0,36.7,1.67,0.12,0.33,0.13829248018410742,-0.5376303642988205,-0.7763315290212631,0.0,0.0,0.0,0.0,0.0,0.0,0.0,0.0,0.0,0.0,0.0,0.0,0.0,0.0,12.0,0.0,0.0,0.0,0.0,0.0,0.0,0.0,0.0,0.0,3,0.0,0.0,0.0,0.0,0.0,0.0,0.0,0.0,0.0,0.0,0.0,0.0,0.0,0.0,0.0,0.0,0.0,0.0,0.0,0.0,0.0,3,0.0,0.0,0.0,0.0,0.0,0.0,2,0.0,0.0,0.0,0.0,0.0,0.0,0.0,0.0,0.0,0.0,0.0,0.0,0.0,0.0,0.0,0.0,0,9,18,9,0.0,0.0,0,0.0,0.0,0.0,0.0
Nikola Vlašić,hr CRO,"MF,FW",Torino,27.0,1997.0,37,36,"3,043",8,3,5,5,7,0,0.24,0.09,0.33,0.09,0.18,7.40812112763524,3.601626990363002,0.21654137755348218,0.10527652781184482,33.8,17,0.0,34.7,0.5,0.06,0.18,0.07350259164006126,0.5918788723647603,-0.6016269903630018,0.0,0.0,0.0,0.0,0.0,0.0,0.0,0.0,0.0,0.0,0.0,0.0,0.0,0.0,54.0,0.0,0.0,0.0,0.0,0.0,0.0,0.0,0.0,0.0,48,0.0,0.0,0.0,0.0,0.0,0.0,0.0,0.0,0.0,0.0,0.0,0.0,0.0,0.0,0.0,0.0,0.0,0.0,0.0,0.0,0.0,39,0.0,0.0,0.0,0.0,0.0,0.0,22,0.0,0.0,0.0,0.0,0.0,0.0,0.0,0.0,0.0,0.0,0.0,0.0,0.0,0.0,0.0,0.0,0,44,45,4,0.0,0.0,0,0.0,0.0,0.0,0.0
Mërgim Vojvoda,xk KVX,"MF,DF",Como,30.0,1995.0,30,19,"1,591",2,2,0,0,2,0,0.11,0.11,0.23,0.11,0.23,1.4710992444306612,1.4710992444306612,0.08264602496801467,0.08264602496801467,17.7,7,0.0,38.9,0.4,0.11,0.29,0.0817277358017034,0.5289007555693388,0.5289007555693388,0.0,0.0,0.0,0.0,0.0,0.0,0.0,0.0,0.0,0.0,0.0,0.0,0.0,0.0,29.0,0.0,0.0,0.0,0.0,0.0,0.0,0.0,0.0,0.0,66,0.0,0.0,0.0,0.0,0.0,0.0,0.0,0.0,0.0,0.0,0.0,0.0,0.0,0.0,0.0,0.0,0.0,0.0,0.0,0.0,0.0,4,0.0,0.0,0.0,0.0,0.0,0.0,14,0.0,0.0,0.0,0.0,0.0,0.0,0.0,0.0,0.0,0.0,0.0,0.0,0.0,0.0,0.0,0.0,0,15,12,5,0.0,0.0,0,0.0,0.0,0.0,0.0
Cristian Volpato,au AUS,FW,Sassuolo,21.0,2003.0,24,11,"1,064",2,4,0,0,4,0,0.17,0.34,0.51,0.17,0.51,1.749022038653493,1.749022038653493,0.14850187120642863,0.14850187120642863,11.8,7,0.0,33.3,0.59,0.1,0.29,0.08328676374540442,0.2509779613465071,0.2509779613465071,0.0,0.0,0.0,0.0,0.0,0.0,0.0,0.0,0.0,0.0,0.0,0.0,0.0,0.0,23.0,0.0,0.0,0.0,0.0,0.0,0.0,0.0,0.0,0.0,49,0.0,0.0,0.0,0.0,0.0,0.0,0.0,0.0,0.0,0.0,0.0,0.0,0.0,0.0,0.0,0.0,0.0,0.0,0.0,0.0,0.0,11,0.0,0.0,0.0,0.0,0.0,0.0,6,0.0,0.0,0.0,0.0,0.0,0.0,0.0,0.0,0.0,0.0,0.0,0.0,0.0,0.0,0.0,0.0,0,19,11,0,0.0,0.0,0,0.0,0.0,0.0,0.0
Aster Vranckx,be BEL,MF,Sassuolo,22.0,2002.0,16,9,690,0,0,0,0,2,0,0.0,0.0,0.0,0.0,0.0,0.0885750222951173,0.0885750222951173,0.011503249648716532,0.011503249648716532,7.7,1,0.0,33.3,0.13,0.0,0.0,0.029525007431705764,-0.0885750222951173,-0.0885750222951173,0.0,0.0,0.0,0.0,0.0,0.0,0.0,0.0,0.0,0.0,0.0,0.0,0.0,0.0,2.0,0.0,0.0,0.0,0.0,0.0,0.0,0.0,0.0,0.0,5,0.0,0.0,0.0,0.0,0.0,0.0,0.0,0.0,0.0,0.0,0.0,0.0,0.0,0.0,0.0,0.0,0.0,0.0,0.0,0.0,0.0,9,0.0,0.0,0.0,0.0,0.0,0.0,0,0.0,0.0,0.0,0.0,0.0,0.0,0.0,0.0,0.0,0.0,0.0,0.0,0.0,0.0,0.0,0.0,0,16,17,1,0.0,0.0,0,0.0,0.0,0.0,0.0
Stefan de Vrij,nl NED,DF,Inter,33.0,1992.0,11,8,670,0,0,0,0,1,0,0.0,0.0,0.0,0.0,0.0,0.3569717379286885,0.3569717379286885,0.047596231723825135,0.047596231723825135,7.4,2,0.0,33.3,0.27,0.0,0.0,0.05949528965478142,-0.3569717379286885,-0.3569717379286885,0.0,0.0,0.0,0.0,0.0,0.0,0.0,0.0,0.0,0.0,0.0,0.0,0.0,0.0,2.0,0.0,0.0,0.0,0.0,0.0,0.0,0.0,0.0,0.0,0,0.0,0.0,0.0,0.0,0.0,0.0,0.0,0.0,0.0,0.0,0.0,0.0,0.0,0.0,0.0,0.0,0.0,0.0,0.0,0.0,0.0,12,0.0,0.0,0.0,0.0,0.0,0.0,7,0.0,0.0,0.0,0.0,0.0,0.0,0.0,0.0,0.0,0.0,0.0,0.0,0.0,0.0,0.0,0.0,0,5,5,0,0.0,0.0,0,0.0,0.0,0.0,0.0
İsak Vural,tr TUR,MF,Pisa,19.0,2006.0,15,9,752,0,0,0,0,4,0,0.0,0.0,0.0,0.0,0.0,0.761934264563024,0.761934264563024,0.09118894123759595,0.09118894123759595,8.4,1,0.0,16.7,0.12,0.0,0.0,0.12698904409383735,-0.761934264563024,-0.761934264563024,0.0,0.0,0.0,0.0,0.0,0.0,0.0,0.0,0.0,0.0,0.0,0.0,0.0,0.0,3.0,0.0,0.0,0.0,0.0,0.0,0.0,0.0,0.0,0.0,5,0.0,0.0,0.0,0.0,0.0,0.0,0.0,0.0,0.0,0.0,0.0,0.0,0.0,0.0,0.0,0.0,0.0,0.0,0.0,0.0,0.0,7,0.0,0.0,0.0,0.0,0.0,0.0,2,0.0,0.0,0.0,0.0,0.0,0.0,0.0,0.0,0.0,0.0,0.0,0.0,0.0,0.0,0.0,0.0,0,16,33,1,0.0,0.0,0,0.0,0.0,0.0,0.0
Sebastian Walukiewicz,pl POL,DF,Sassuolo,25.0,2000.0,34,33,"2,852",0,1,0,0,7,0,0.0,0.03,0.03,0.0,0.03,0.1800192967057228,0.1800192967057228,0.005643238141245229,0.005643238141245229,31.7,0,0.0,0.0,0.0,0.0,0.0,0.02571704238653183,-0.1800192967057228,-0.1800192967057228,0.0,0.0,0.0,0.0,0.0,0.0,0.0,0.0,0.0,0.0,0.0,0.0,0.0,0.0,21.0,0.0,0.0,0.0,0.0,0.0,0.0,0.0,0.0,0.0,45,0.0,0.0,0.0,0.0,0.0,0.0,0.0,0.0,0.0,0.0,0.0,0.0,0.0,0.0,0.0,0.0,0.0,0.0,0.0,0.0,0.0,34,0.0,0.0,0.0,0.0,0.0,0.0,23,0.0,0.0,0.0,0.0,0.0,0.0,0.0,0.0,0.0,0.0,0.0,0.0,0.0,0.0,0.0,0.0,0,35,13,1,0.0,0.0,0,0.0,0.0,0.0,0.0
Wesley,br BRA,MF,Roma,21.0,2003.0,30,28,"2,448",5,0,0,0,7,2,0.18,0.0,0.18,0.18,0.18,2.484328309074044,2.484328309074044,0.09037572668418106,0.09037572668418106,27.2,13,0.0,52.0,0.48,0.2,0.38,0.09937313236296175,2.515671690925956,2.515671690925956,0.0,0.0,0.0,0.0,0.0,0.0,0.0,0.0,0.0,0.0,0.0,0.0,0.0,0.0,33.0,0.0,0.0,0.0,0.0,0.0,0.0,0.0,0.0,0.0,95,0.0,0.0,0.0,0.0,0.0,0.0,0.0,0.0,0.0,0.0,0.0,0.0,0.0,0.0,0.0,0.0,0.0,0.0,0.0,0.0,0.0,40,0.0,0.0,0.0,0.0,0.0,0.0,23,0.0,0.0,0.0,0.0,0.0,0.0,0.0,0.0,0.0,0.0,0.0,0.0,0.0,0.0,0.0,0.0,1,36,57,2,0.0,0.0,0,0.0,0.0,0.0,0.0
Kenan Yıldız,tr TUR,"MF,FW",Juventus,20.0,2005.0,36,33,"2,825",10,6,1,2,2,0,0.32,0.19,0.51,0.29,0.48,0.0,0.0,0.0,0.0,31.4,40,0.0,41.2,1.27,0.09,0.23,0.0,0.0,0.0,0.0,0.0,0.0,0.0,0.0,0.0,0.0,0.0,0.0,0.0,0.0,0.0,0.0,0.0,0.0,0.0,0.0,0.0,0.0,0.0,0.0,0.0,0.0,0.0,122,0.0,0.0,0.0,0.0,0.0,0.0,0.0,0.0,0.0,0.0,0.0,0.0,0.0,0.0,0.0,0.0,0.0,0.0,0.0,0.0,0.0,14,0.0,0.0,0.0,0.0,0.0,0.0,7,0.0,0.0,0.0,0.0,0.0,0.0,0.0,0.0,0.0,0.0,0.0,0.0,0.0,0.0,0.0,0.0,0,23,56,7,0.0,0.0,0,0.0,0.0,0.0,0.0
Mattia Zaccagni,it ITA,FW,Lazio,30.0,1995.0,26,26,"2,104",3,0,0,1,6,1,0.13,0.0,0.13,0.13,0.13,6.383842973038554,5.622544137760997,0.27012029505099666,0.23790736831146672,23.4,14,0.0,41.2,0.6,0.09,0.21,0.16536894522826462,-3.383842973038554,-2.622544137760997,0.0,0.0,0.0,0.0,0.0,0.0,0.0,0.0,0.0,0.0,0.0,0.0,0.0,0.0,35.0,0.0,0.0,0.0,0.0,0.0,0.0,0.0,0.0,0.0,55,0.0,0.0,0.0,0.0,0.0,0.0,0.0,0.0,0.0,0.0,0.0,0.0,0.0,0.0,0.0,0.0,0.0,0.0,0.0,0.0,0.0,21,0.0,0.0,0.0,0.0,0.0,0.0,20,0.0,0.0,0.0,0.0,0.0,0.0,0.0,0.0,0.0,0.0,0.0,0.0,0.0,0.0,0.0,0.0,0,30,82,6,0.0,0.0,0,0.0,0.0,0.0,0.0
Gioele Zacchi,it ITA,GK,Sassuolo,22.0,2003.0,1,0,8,0,0,0,0,0,0,0.0,0.0,0.0,0.0,0.0,0.0,0.0,0.0,0.0,0.1,0,0.0,0.0,0.0,0.0,0.0,,0.0,0.0,0.0,0.0,0.0,0.0,0.0,0.0,0.0,0.0,0.0,0.0,0.0,0.0,0.0,0.0,0.0,0.0,0.0,0.0,0.0,0.0,0.0,0.0,0.0,0.0,0,0.0,0.0,0.0,0.0,0.0,0.0,0.0,0.0,0.0,0.0,0.0,0.0,0.0,0.0,0.0,0.0,0.0,0.0,0.0,0.0,0.0,0,0.0,0.0,0.0,0.0,0.0,0.0,0,0.0,0.0,0.0,0.0,0.0,0.0,0.0,0.0,0.0,0.0,0.0,0.0,0.0,0.0,0.0,0.0,0,0,0,0,0.0,0.0,0,0.0,0.0,0.0,0.0
Nicola Zalewski,pl POL,MF,Atalanta,23.0,2002.0,33,24,"1,897",2,4,0,0,3,0,0.09,0.19,0.28,0.09,0.28,3.13883500918746,3.13883500918746,0.14736314597124225,0.14736314597124225,21.1,7,0.0,18.4,0.33,0.05,0.29,0.08260092129440684,-1.13883500918746,-1.13883500918746,0.0,0.0,0.0,0.0,0.0,0.0,0.0,0.0,0.0,0.0,0.0,0.0,0.0,0.0,36.0,0.0,0.0,0.0,0.0,0.0,0.0,0.0,0.0,0.0,124,0.0,0.0,0.0,0.0,0.0,0.0,0.0,0.0,0.0,0.0,0.0,0.0,0.0,0.0,0.0,0.0,0.0,0.0,0.0,0.0,0.0,20,0.0,0.0,0.0,0.0,0.0,0.0,16,0.0,0.0,0.0,0.0,0.0,0.0,0.0,0.0,0.0,0.0,0.0,0.0,0.0,0.0,0.0,0.0,0,21,51,3,0.0,0.0,0,0.0,0.0,0.0,0.0
Nicolò Zaniolo,it ITA,"FW,MF",Udinese,26.0,1999.0,32,28,"2,257",5,6,0,0,8,0,0.2,0.24,0.44,0.2,0.44,6.143913544714451,6.143913544714451,0.23958068415264322,0.23958068415264322,25.1,22,0.0,30.6,0.88,0.07,0.23,0.08533213256547849,-1.1439135447144508,-1.1439135447144508,0.0,0.0,0.0,0.0,0.0,0.0,0.0,0.0,0.0,0.0,0.0,0.0,0.0,0.0,51.0,0.0,0.0,0.0,0.0,0.0,0.0,0.0,0.0,0.0,120,0.0,0.0,0.0,0.0,0.0,0.0,0.0,0.0,0.0,0.0,0.0,0.0,0.0,0.0,0.0,0.0,0.0,0.0,0.0,0.0,0.0,21,0.0,0.0,0.0,0.0,0.0,0.0,4,0.0,0.0,0.0,0.0,0.0,0.0,0.0,0.0,0.0,0.0,0.0,0.0,0.0,0.0,0.0,0.0,0,61,61,6,0.0,0.0,0,0.0,0.0,0.0,0.0
Alessandro Zanoli,it ITA,MF,Udinese,24.0,2000.0,19,16,"1,280",1,2,0,0,1,0,0.07,0.14,0.21,0.07,0.21,0.0999864116311073,0.0999864116311073,0.006848384358295021,0.006848384358295021,14.2,1,0.0,33.3,0.07,0.33,1.0,0.03332880387703577,0.9000135883688927,0.9000135883688927,0.0,0.0,0.0,0.0,0.0,0.0,0.0,0.0,0.0,0.0,0.0,0.0,0.0,0.0,15.0,0.0,0.0,0.0,0.0,0.0,0.0,0.0,0.0,0.0,40,0.0,0.0,0.0,0.0,0.0,0.0,0.0,0.0,0.0,0.0,0.0,0.0,0.0,0.0,0.0,0.0,0.0,0.0,0.0,0.0,0.0,18,0.0,0.0,0.0,0.0,0.0,0.0,7,0.0,0.0,0.0,0.0,0.0,0.0,0.0,0.0,0.0,0.0,0.0,0.0,0.0,0.0,0.0,0.0,0,16,5,1,0.0,0.0,0,0.0,0.0,0.0,0.0
Duván Zapata,co COL,FW,Torino,34.0,1991.0,28,11,"1,103",3,1,0,1,0,0,0.24,0.08,0.33,0.24,0.33,4.402640111744404,3.641341291368008,0.3641889798317981,0.3012138935874272,12.3,15,0.0,44.1,1.22,0.09,0.2,0.10709827327552965,-1.4026401117444038,-0.6413412913680081,0.0,0.0,0.0,0.0,0.0,0.0,0.0,0.0,0.0,0.0,0.0,0.0,0.0,0.0,10.0,0.0,0.0,0.0,0.0,0.0,0.0,0.0,0.0,0.0,8,0.0,0.0,0.0,0.0,0.0,0.0,0.0,0.0,0.0,0.0,0.0,0.0,0.0,0.0,0.0,0.0,0.0,0.0,0.0,0.0,0.0,2,0.0,0.0,0.0,0.0,0.0,0.0,1,0.0,0.0,0.0,0.0,0.0,0.0,0.0,0.0,0.0,0.0,0.0,0.0,0.0,0.0,0.0,0.0,0,15,24,7,0.0,0.0,0,0.0,0.0,0.0,0.0
Gabriele Zappa,it ITA,"DF,MF",Cagliari,25.0,1999.0,31,18,"1,597",0,3,0,0,2,0,0.0,0.17,0.17,0.0,0.17,1.1292200051248074,1.1292200051248074,0.0642007583456934,0.0642007583456934,17.7,2,0.0,18.2,0.11,0.0,0.0,0.10265636410225522,-1.1292200051248074,-1.1292200051248074,0.0,0.0,0.0,0.0,0.0,0.0,0.0,0.0,0.0,0.0,0.0,0.0,0.0,0.0,13.0,0.0,0.0,0.0,0.0,0.0,0.0,0.0,0.0,0.0,37,0.0,0.0,0.0,0.0,0.0,0.0,0.0,0.0,0.0,0.0,0.0,0.0,0.0,0.0,0.0,0.0,0.0,0.0,0.0,0.0,0.0,17,0.0,0.0,0.0,0.0,0.0,0.0,18,0.0,0.0,0.0,0.0,0.0,0.0,0.0,0.0,0.0,0.0,0.0,0.0,0.0,0.0,0.0,0.0,0,13,5,0,0.0,0.0,0,0.0,0.0,0.0,0.0
Davide Zappacosta,it ITA,MF,Atalanta,33.0,1992.0,35,30,"2,569",3,3,0,0,3,0,0.11,0.11,0.21,0.11,0.21,3.226649757474661,3.226649757474661,0.11147734286860633,0.11147734286860633,28.5,9,0.0,24.3,0.32,0.08,0.33,0.08720675020201786,-0.22664975747466087,-0.22664975747466087,0.0,0.0,0.0,0.0,0.0,0.0,0.0,0.0,0.0,0.0,0.0,0.0,0.0,0.0,42.0,0.0,0.0,0.0,0.0,0.0,0.0,0.0,0.0,0.0,107,0.0,0.0,0.0,0.0,0.0,0.0,0.0,0.0,0.0,0.0,0.0,0.0,0.0,0.0,0.0,0.0,0.0,0.0,0.0,0.0,0.0,14,0.0,0.0,0.0,0.0,0.0,0.0,18,0.0,0.0,0.0,0.0,0.0,0.0,0.0,0.0,0.0,0.0,0.0,0.0,0.0,0.0,0.0,0.0,0,18,8,7,0.0,0.0,0,0.0,0.0,0.0,0.0
Bryan Zaragoza,es ESP,MF,Roma,23.0,2001.0,4,2,135,0,1,0,0,1,0,0.0,0.67,0.67,0.0,0.67,0.1814824938774109,0.1814824938774109,0.11666731749262128,0.11666731749262128,1.5,1,0.0,100.0,0.67,0.0,0.0,0.1814824938774109,-0.1814824938774109,-0.1814824938774109,0.0,0.0,0.0,0.0,0.0,0.0,0.0,0.0,0.0,0.0,0.0,0.0,0.0,0.0,4.0,0.0,0.0,0.0,0.0,0.0,0.0,0.0,0.0,0.0,9,0.0,0.0,0.0,0.0,0.0,0.0,0.0,0.0,0.0,0.0,0.0,0.0,0.0,0.0,0.0,0.0,0.0,0.0,0.0,0.0,0.0,1,0.0,0.0,0.0,0.0,0.0,0.0,0,0.0,0.0,0.0,0.0,0.0,0.0,0.0,0.0,0.0,0.0,0.0,0.0,0.0,0.0,0.0,0.0,0,5,5,0,0.0,0.0,0,0.0,0.0,0.0,0.0
Oier Zarraga,es ESP,MF,Udinese,26.0,1999.0,24,2,475,0,0,0,0,2,0,0.0,0.0,0.0,0.0,0.0,0.5969471037387848,0.5969471037387848,0.12582023263815137,0.12582023263815137,5.3,1,0.0,25.0,0.19,0.0,0.0,0.1492367759346962,-0.5969471037387848,-0.5969471037387848,0.0,0.0,0.0,0.0,0.0,0.0,0.0,0.0,0.0,0.0,0.0,0.0,0.0,0.0,2.0,0.0,0.0,0.0,0.0,0.0,0.0,0.0,0.0,0.0,12,0.0,0.0,0.0,0.0,0.0,0.0,0.0,0.0,0.0,0.0,0.0,0.0,0.0,0.0,0.0,0.0,0.0,0.0,0.0,0.0,0.0,6,0.0,0.0,0.0,0.0,0.0,0.0,7,0.0,0.0,0.0,0.0,0.0,0.0,0.0,0.0,0.0,0.0,0.0,0.0,0.0,0.0,0.0,0.0,0,8,5,0,0.0,0.0,0,0.0,0.0,0.0,0.0
Nils Zätterström,se SWE,DF,Genoa,20.0,2005.0,3,2,181,0,0,0,0,0,0,0.0,0.0,0.0,0.0,0.0,0.0,0.0,0.0,0.0,2.0,0,0.0,0.0,0.0,0.0,0.0,,0.0,0.0,0.0,0.0,0.0,0.0,0.0,0.0,0.0,0.0,0.0,0.0,0.0,0.0,0.0,0.0,0.0,0.0,0.0,0.0,0.0,0.0,0.0,0.0,0.0,0.0,0,0.0,0.0,0.0,0.0,0.0,0.0,0.0,0.0,0.0,0.0,0.0,0.0,0.0,0.0,0.0,0.0,0.0,0.0,0.0,0.0,0.0,0,0.0,0.0,0.0,0.0,0.0,0.0,2,0.0,0.0,0.0,0.0,0.0,0.0,0.0,0.0,0.0,0.0,0.0,0.0,0.0,0.0,0.0,0.0,0,3,0,0,0.0,0.0,0,0.0,0.0,0.0,0.0
Jordan Zemura,zw ZIM,"MF,DF",Udinese,25.0,1999.0,17,13,"1,127",0,1,0,0,3,0,0.0,0.08,0.08,0.0,0.08,0.3313146717846393,0.3313146717846393,0.02664729263683426,0.02664729263683426,12.5,1,0.0,20.0,0.08,0.0,0.0,0.06626293435692786,-0.3313146717846393,-0.3313146717846393,0.0,0.0,0.0,0.0,0.0,0.0,0.0,0.0,0.0,0.0,0.0,0.0,0.0,0.0,12.0,0.0,0.0,0.0,0.0,0.0,0.0,0.0,0.0,0.0,35,0.0,0.0,0.0,0.0,0.0,0.0,0.0,0.0,0.0,0.0,0.0,0.0,0.0,0.0,0.0,0.0,0.0,0.0,0.0,0.0,0.0,17,0.0,0.0,0.0,0.0,0.0,0.0,6,0.0,0.0,0.0,0.0,0.0,0.0,0.0,0.0,0.0,0.0,0.0,0.0,0.0,0.0,0.0,0.0,0,26,11,2,0.0,0.0,0,0.0,0.0,0.0,0.0
Alessio Zerbin,it ITA,MF,Cremonese,26.0,1999.0,32,17,"1,646",0,3,0,0,1,0,0.0,0.16,0.16,0.0,0.16,1.82145987264812,1.82145987264812,0.09977564731486963,0.09977564731486963,18.3,7,0.0,33.3,0.38,0.0,0.0,0.08673618441181523,-1.82145987264812,-1.82145987264812,0.0,0.0,0.0,0.0,0.0,0.0,0.0,0.0,0.0,0.0,0.0,0.0,0.0,0.0,17.0,0.0,0.0,0.0,0.0,0.0,0.0,0.0,0.0,0.0,58,0.0,0.0,0.0,0.0,0.0,0.0,0.0,0.0,0.0,0.0,0.0,0.0,0.0,0.0,0.0,0.0,0.0,0.0,0.0,0.0,0.0,20,0.0,0.0,0.0,0.0,0.0,0.0,3,0.0,0.0,0.0,0.0,0.0,0.0,0.0,0.0,0.0,0.0,0.0,0.0,0.0,0.0,0.0,0.0,0,37,20,7,0.0,0.0,0,0.0,0.0,0.0,0.0
Edon Zhegrova,xk KVX,MF,Juventus,26.0,1999.0,19,0,382,0,0,0,0,1,0,0.0,0.0,0.0,0.0,0.0,0.761217413470149,0.761217413470149,0.20760474912822247,0.20760474912822247,4.2,9,0.0,47.4,2.12,0.0,0.0,0.04006407439316574,-0.761217413470149,-0.761217413470149,0.0,0.0,0.0,0.0,0.0,0.0,0.0,0.0,0.0,0.0,0.0,0.0,0.0,0.0,9.0,0.0,0.0,0.0,0.0,0.0,0.0,0.0,0.0,0.0,48,0.0,0.0,0.0,0.0,0.0,0.0,0.0,0.0,0.0,0.0,0.0,0.0,0.0,0.0,0.0,0.0,0.0,0.0,0.0,0.0,0.0,3,0.0,0.0,0.0,0.0,0.0,0.0,0,0.0,0.0,0.0,0.0,0.0,0.0,0.0,0.0,0.0,0.0,0.0,0.0,0.0,0.0,0.0,0.0,0,4,6,2,0.0,0.0,0,0.0,0.0,0.0,0.0
Piotr Zieliński,pl POL,MF,Inter,31.0,1994.0,34,22,"2,045",6,3,1,1,3,0,0.26,0.13,0.4,0.22,0.35,2.100138319656253,1.338839491829276,0.09229123475051892,0.058835719855778734,22.7,10,0.0,34.5,0.44,0.17,0.5,0.046166879028595724,3.899861680343747,3.661160508170724,0.0,0.0,0.0,0.0,0.0,0.0,0.0,0.0,0.0,0.0,0.0,0.0,0.0,0.0,29.0,0.0,0.0,0.0,0.0,0.0,0.0,0.0,0.0,0.0,23,0.0,0.0,0.0,0.0,0.0,0.0,0.0,0.0,0.0,0.0,0.0,0.0,0.0,0.0,0.0,0.0,0.0,0.0,0.0,0.0,0.0,19,0.0,0.0,0.0,0.0,0.0,0.0,7,0.0,0.0,0.0,0.0,0.0,0.0,0.0,0.0,0.0,0.0,0.0,0.0,0.0,0.0,0.0,0.0,0,18,18,0,0.0,0.0,1,0.0,0.0,0.0,0.0
Jan Ziółkowski,pl POL,DF,Roma,20.0,2005.0,18,5,517,0,0,0,0,3,0,0.0,0.0,0.0,0.0,0.0,0.0,0.0,0.0,0.0,5.7,0,0.0,0.0,0.0,0.0,0.0,0.0,0.0,0.0,0.0,0.0,0.0,0.0,0.0,0.0,0.0,0.0,0.0,0.0,0.0,0.0,0.0,0.0,0.0,0.0,0.0,0.0,0.0,0.0,0.0,0.0,0.0,0.0,0,0.0,0.0,0.0,0.0,0.0,0.0,0.0,0.0,0.0,0.0,0.0,0.0,0.0,0.0,0.0,0.0,0.0,0.0,0.0,0.0,0.0,14,0.0,0.0,0.0,0.0,0.0,0.0,7,0.0,0.0,0.0,0.0,0.0,0.0,0.0,0.0,0.0,0.0,0.0,0.0,0.0,0.0,0.0,0.0,0,12,8,0,0.0,0.0,0,0.0,0.0,0.0,0.0
Nadir Zortea,it ITA,DF,Bologna,26.0,1999.0,32,16,"1,819",0,2,0,0,2,0,0.0,0.1,0.1,0.0,0.1,0.4220857946202159,0.4220857946202159,0.021389482835483913,0.021389482835483913,20.2,1,0.0,9.1,0.05,0.0,0.0,0.03837143587456508,-0.4220857946202159,-0.4220857946202159,0.0,0.0,0.0,0.0,0.0,0.0,0.0,0.0,0.0,0.0,0.0,0.0,0.0,0.0,26.0,0.0,0.0,0.0,0.0,0.0,0.0,0.0,0.0,0.0,67,0.0,0.0,0.0,0.0,0.0,0.0,0.0,0.0,0.0,0.0,0.0,0.0,0.0,0.0,0.0,0.0,0.0,0.0,0.0,0.0,0.0,17,0.0,0.0,0.0,0.0,0.0,0.0,20,0.0,0.0,0.0,0.0,0.0,0.0,0.0,0.0,0.0,0.0,0.0,0.0,0.0,0.0,0.0,0.0,0,28,17,1,0.0,0.0,0,0.0,0.0,0.0,0.0
Leo Østigård,no NOR,DF,Genoa,25.0,1999.0,30,30,"2,622",5,1,0,0,7,0,0.17,0.03,0.21,0.17,0.21,2.920729400590062,2.920729400590062,0.09991092590387897,0.09991092590387897,29.1,12,0.0,54.5,0.41,0.23,0.42,0.1327604272995483,2.079270599409938,2.079270599409938,0.0,0.0,0.0,0.0,0.0,0.0,0.0,0.0,0.0,0.0,0.0,0.0,0.0,0.0,10.0,0.0,0.0,0.0,0.0,0.0,0.0,0.0,0.0,0.0,1,0.0,0.0,0.0,0.0,0.0,0.0,0.0,0.0,0.0,0.0,0.0,0.0,0.0,0.0,0.0,0.0,0.0,0.0,0.0,0.0,0.0,27,0.0,0.0,0.0,0.0,0.0,0.0,30,0.0,0.0,0.0,0.0,0.0,0.0,0.0,0.0,0.0,0.0,0.0,0.0,0.0,0.0,0.0,0.0,0,38,15,3,0.0,0.0,0,0.0,0.0,0.0,0.0
Milan Đurić,ba BIH,FW,Cremonese,35.0,1990.0,11,3,386,0,1,0,0,1,1,0.0,0.23,0.23,0.0,0.23,0.0,0.0,0.0,0.0,4.3,5,0.0,50.0,1.17,0.0,0.0,0.0,0.0,0.0,0.0,0.0,0.0,0.0,0.0,0.0,0.0,0.0,0.0,0.0,0.0,0.0,0.0,0.0,0.0,0.0,0.0,0.0,0.0,0.0,0.0,0.0,0.0,0.0,2,0.0,0.0,0.0,0.0,0.0,0.0,0.0,0.0,0.0,0.0,0.0,0.0,0.0,0.0,0.0,0.0,0.0,0.0,0.0,0.0,0.0,0,0.0,0.0,0.0,0.0,0.0,0.0,0,0.0,0.0,0.0,0.0,0.0,0.0,0.0,0.0,0.0,0.0,0.0,0.0,0.0,0.0,0.0,0.0,0,4,8,2,0.0,0.0,0,0.0,0.0,0.0,0.0
Milan Đurić,ba BIH,FW,Parma,35.0,1990.0,12,0,74,0,0,0,0,0,0,0.0,0.0,0.0,0.0,0.0,0.0,0.0,0.0,0.0,0.8,0,0.0,0.0,0.0,0.0,0.0,0.0,0.0,0.0,0.0,0.0,0.0,0.0,0.0,0.0,0.0,0.0,0.0,0.0,0.0,0.0,0.0,0.0,0.0,0.0,0.0,0.0,0.0,0.0,0.0,0.0,0.0,0.0,0,0.0,0.0,0.0,0.0,0.0,0.0,0.0,0.0,0.0,0.0,0.0,0.0,0.0,0.0,0.0,0.0,0.0,0.0,0.0,0.0,0.0,0,0.0,0.0,0.0,0.0,0.0,0.0,0,0.0,0.0,0.0,0.0,0.0,0.0,0.0,0.0,0.0,0.0,0.0,0.0,0.0,0.0,0.0,0.0,0,2,1,0,0.0,0.0,0,0.0,0.0,0.0,0.0
