matchday,team,player,role,vote,fantavote,vote_raw,fantavote_raw
1,Atalanta,Carnesecchi,p,6.5,5.5,"6,5","5,5"
1,Atalanta,Djimsiti,d,5.0,5.0,5,5
1,Atalanta,Bellanova,d,5.5,5.5,"5,5","5,5"
1,Atalanta,Scalvini,d,5.5,5.5,"5,5","5,5"
1,Atalanta,Kossounou,d,55.0,55.0,55,55
1,Atalanta,Hien,d,5.0,3.0,5,3
1,Atalanta,De Roon,c,5.5,5.5,"5,5","5,5"
1,Atalanta,Pasalic,c,6.0,7.0,6,7
1,Atalanta,Maldini,c,5.5,5.0,"5,5",5
1,Atalanta,Samardzic,c,55.0,55.0,55,55
1,Atalanta,Zalewski,c,6.5,6.5,"6,5","6,5"
1,Atalanta,Ederson D.S.,c,5.5,5.5,"5,5","5,5"
1,Atalanta,Scamacca,a,7.0,10.0,7,10
1,Atalanta,Sulemana K.,a,6.0,5.5,6,"5,5"
1,Atalanta,De Ketelaere,a,5.5,5.5,"5,5","5,5"
1,Atalanta,Krstovic,a,5.5,5.5,"5,5","5,5"
1,Atalanta,Juric,all,5.5,5.0,"5,5",5
1,Bologna,Skorupski,p,6.0,5.0,6,5
1,Bologna,De Silvestri,d,6.0,6.0,6,6
1,Bologna,Lykogiannis,d,5.0,5.0,5,5
1,Bologna,Zortea,d,5.5,5.5,"5,5","5,5"
1,Bologna,Casale,d,5.5,5.5,"5,5","5,5"
1,Bologna,Lucumì,d,5.0,5.0,5,5
1,Bologna,Vitik,d,6.0,6.0,6,6
1,Bologna,Bernardeschi,c,55.0,55.0,55,55
1,Bologna,Freuler,c,6.0,5.5,6,"5,5"
1,Bologna,Orsolini,c,6.0,6.0,6,6
1,Bologna,Odgaard,c,5.0,5.0,5,5
1,Bologna,Pobega,c,5.0,5.0,5,5
1,Bologna,Fabbian,c,6.0,6.0,6,6
1,Bologna,Immobile,a,6.0,6.0,6,6
1,Bologna,Cambiaghi,a,5.0,5.0,5,5
1,Bologna,Castro S.,a,6.5,6.5,"6,5","6,5"
1,Bologna,Italiano,all,5.5,5.5,"5,5","5,5"
1,Cagliari,Caprile,p,6.0,5.0,6,5
1,Cagliari,Luperto,d,7.0,10.0,7,10
1,Cagliari,Mina,d,5.5,5.5,"5,5","5,5"
1,Cagliari,Zappa,d,6.0,6.0,6,6
1,Cagliari,Obert,d,6.0,5.5,6,"5,5"
1,Cagliari,Idrissi R.,d,6.0,6.0,6,6
1,Cagliari,Deiola,c,6.0,6.0,6,6
1,Cagliari,Mazzitelli,c,6.0,5.5,6,"5,5"
1,Cagliari,Gaetano,c,6.5,7.5,"6,5","7,5"
1,Cagliari,Adopo,c,6.0,6.0,6,6
1,Cagliari,Folorunsho,c,6.0,6.0,6,6
1,Cagliari,Prati,c,6.0,6.0,6,6
1,Cagliari,Esposito Se.,a,6.0,6.0,6,6
1,Cagliari,Luvumbo,a,6.0,6.0,6,6
1,Cagliari,Borrelli,a,5.5,5.0,"5,5",5
1,Cagliari,Kilicsoy,a,55.0,55.0,55,55
1,Cagliari,Pisacane,all,6.5,6.5,"6,5","6,5"
1,Como,Butez,p,6.0,6.0,6,6
1,Como,Vojvoda,d,7.0,7.0,7,7
1,Como,Valle,d,6.5,6.5,"6,5","6,5"
1,Como,Ramon,d,7.0,7.0,7,7
1,Como,Kempf,d,6.0,6.0,6,6
1,Como,Van Der Brempt,d,6.0,5.5,6,"5,5"
1,Como,Smolcic I.,d,6.0,6.0,6,6
1,Como,Sergi Roberto,c,55.0,55.0,55,55
1,Como,Caqueret,c,55.0,55.0,55,55
1,Como,Da Cunha,c,6.5,6.5,"6,5","6,5"
1,Como,Perrone,c,6.5,6.5,"6,5","6,5"
1,Como,Paz N.,c,7.5,11.0,"7,5",11
1,Como,Morata,a,6.0,6.0,6,6
1,Como,Douvikas,a,7.0,10.0,7,10
1,Como,Kuhn,a,55.0,55.0,55,55
1,Como,Rodriguez Je.,a,6.5,6.5,"6,5","6,5"
1,Como,Fabregas,all,7.0,7.0,7,7
1,Cremonese,Audero,p,6.5,5.5,"6,5","5,5"
1,Cremonese,Bianchetti,d,6.5,6.5,"6,5","6,5"
1,Cremonese,Pezzella Giu.,d,6.5,7.5,"6,5","7,5"
1,Cremonese,Ceccherini,d,55.0,55.0,55,55
1,Cremonese,Terracciano F.,d,6.5,6.0,"6,5",6
1,Cremonese,Baschirotto,d,8.0,11.0,8,11
1,Cremonese,Grassi,c,5.5,5.0,"5,5",5
1,Cremonese,Bondo,c,6.0,5.5,6,"5,5"
1,Cremonese,Zerbin,c,7.0,8.0,7,8
1,Cremonese,Payero,c,6.0,5.5,6,"5,5"
1,Cremonese,Collocolo,c,6.5,6.5,"6,5","6,5"
1,Cremonese,Vandeputte,c,6.0,6.0,6,6
1,Cremonese,Sanabria,a,6.0,6.0,6,6
1,Cremonese,Bonazzoli,a,7.5,10.5,"7,5","10,5"
1,Cremonese,De Luca,a,55.0,55.0,55,55
1,Cremonese,Okereke,a,6.0,6.0,6,6
1,Cremonese,Nicola,all,7.0,7.0,7,7
1,Fiorentina,De Gea,p,5.5,4.5,"5,5","4,5"
1,Fiorentina,Gosens,d,6.5,6.5,"6,5","6,5"
1,Fiorentina,Ranieri L.,d,6.0,6.0,6,6
1,Fiorentina,Marì,d,5.0,4.5,5,"4,5"
1,Fiorentina,Parisi,d,5.5,5.5,"5,5","5,5"
1,Fiorentina,Pongracic,d,6.0,5.5,6,"5,5"
1,Fiorentina,Viti,d,6.0,6.0,6,6
1,Fiorentina,Dodò,d,6.0,6.0,6,6
1,Fiorentina,Comuzzo,d,6.0,6.0,6,6
1,Fiorentina,Mandragora,c,7.0,10.0,7,10
1,Fiorentina,Fagioli,c,6.0,6.0,6,6
1,Fiorentina,Sohm,c,5.5,5.5,"5,5","5,5"
1,Fiorentina,Gudmundsson A.,c,6.5,7.5,"6,5","7,5"
1,Fiorentina,Fazzini,c,6.0,6.0,6,6
1,Fiorentina,Ndour,c,5.5,5.5,"5,5","5,5"
1,Fiorentina,Kean,a,5.0,5.0,5,5
1,Fiorentina,Pioli,all,6.0,6.0,6,6
1,Genoa,Leali,p,6.0,6.0,6,6
1,Genoa,Martin,d,6.0,5.5,6,"5,5"
1,Genoa,Vasquez,d,6.5,6.5,"6,5","6,5"
1,Genoa,Marcandalli,d,6.5,6.5,"6,5","6,5"
1,Genoa,Norton-Cuffy,d,5.0,5.0,5,5
1,Genoa,Thorsby,c,55.0,55.0,55,55
1,Genoa,Messias,c,5.5,5.5,"5,5","5,5"
1,Genoa,Frendrup,c,6.0,6.0,6,6
1,Genoa,Ellertsson,c,6.0,6.0,6,6
1,Genoa,Carboni V.,c,6.0,6.0,6,6
1,Genoa,Gronbaek,c,5.5,5.5,"5,5","5,5"
1,Genoa,Masini,c,6.0,6.0,6,6
1,Genoa,Stanciu,c,6.0,6.0,6,6
1,Genoa,Colombo,a,5.0,5.0,5,5
1,Genoa,Vitinha O.,a,55.0,55.0,55,55
1,Genoa,Ekhator,a,5.5,5.0,"5,5",5
1,Genoa,Vieira P.,all,5.5,5.5,"5,5","5,5"
1,Inter,Sommer,p,6.0,6.0,6,6
1,Inter,Dimarco,d,6.5,6.5,"6,5","6,5"
1,Inter,Acerbi,d,6.5,6.5,"6,5","6,5"
1,Inter,Bastoni,d,7.5,11.5,"7,5","11,5"
1,Inter,Pavard,d,6.5,6.5,"6,5","6,5"
1,Inter,Dumfries,d,6.5,6.5,"6,5","6,5"
1,Inter,Carlos Augusto,d,6.0,6.0,6,6
1,Inter,Zielinski,c,55.0,55.0,55,55
1,Inter,Barella,c,6.5,7.5,"6,5","7,5"
1,Inter,Mkhitaryan,c,6.5,6.5,"6,5","6,5"
1,Inter,Luis Henrique,c,55.0,55.0,55,55
1,Inter,Diouf,c,55.0,55.0,55,55
1,Inter,Sucic P.,c,7.0,8.0,7,8
1,Inter,Martinez L.,a,7.5,11.5,"7,5","11,5"
1,Inter,Thuram,a,7.5,13.5,"7,5","13,5"
1,Inter,Bonny,a,7.0,10.0,7,10
1,Inter,Chivu,all,8.0,8.0,8,8
1,Juventus,Di Gregorio,p,6.0,6.0,6,6
1,Juventus,Bremer,d,6.5,6.5,"6,5","6,5"
1,Juventus,Kalulu,d,6.0,6.0,6,6
1,Juventus,Cambiaso,d,4.5,3.5,"4,5","3,5"
1,Juventus,Gatti,d,6.0,5.5,6,"5,5"
1,Juventus,Kelly L.,d,6.0,6.0,6,6
1,Juventus,Joao Mario,d,6.0,6.0,6,6
1,Juventus,Locatelli,c,6.5,6.5,"6,5","6,5"
1,Juventus,McKennie,c,55.0,55.0,55,55
1,Juventus,Thuram K.,c,6.5,6.5,"6,5","6,5"
1,Juventus,Koopmeiners,c,6.0,6.0,6,6
1,Juventus,Conceicao,c,6.5,6.5,"6,5","6,5"
1,Juventus,Vlahovic,a,7.0,10.0,7,10
1,Juventus,Gonzalez N.,a,55.0,55.0,55,55
1,Juventus,David,a,7.0,10.0,7,10
1,Juventus,Yildiz,a,7.5,9.5,"7,5","9,5"
1,Juventus,Tudor,all,7.0,6.5,7,"6,5"
1,Lazio,Provedel,p,6.0,4.0,6,4
1,Lazio,Marusic,d,5.5,5.5,"5,5","5,5"
1,Lazio,Lazzari,d,5.0,5.0,5,5
1,Lazio,Pellegrini Lu.,d,5.5,5.5,"5,5","5,5"
1,Lazio,Tavares N.,d,5.0,5.0,5,5
1,Lazio,Gila,d,5.5,5.5,"5,5","5,5"
1,Lazio,Provstgaard,d,5.5,5.5,"5,5","5,5"
1,Lazio,Cataldi,c,5.0,5.0,5,5
1,Lazio,Zaccagni,c,5.0,4.5,5,"4,5"
1,Lazio,Guendouzi,c,5.5,5.0,"5,5",5
1,Lazio,Rovella,c,5.5,5.5,"5,5","5,5"
1,Lazio,Dele-Bashiru,c,5.0,5.0,5,5
1,Lazio,Pedro,a,5.5,5.5,"5,5","5,5"
1,Lazio,Cancellieri,a,5.5,5.5,"5,5","5,5"
1,Lazio,Dia,a,5.5,5.5,"5,5","5,5"
1,Lazio,Castellanos,a,5.5,5.0,"5,5",5
1,Lazio,Sarri,all,5.0,5.0,5,5
1,Lecce,Falcone,p,7.0,7.0,7,7
1,Lecce,Gallo,d,6.5,6.5,"6,5","6,5"
1,Lecce,Gaspar K.,d,6.5,6.5,"6,5","6,5"
1,Lecce,Tiago Gabriel,d,6.5,6.5,"6,5","6,5"
1,Lecce,Veiga D.,d,6.0,5.5,6,"5,5"
1,Lecce,Kouassi,d,6.0,6.0,6,6
1,Lecce,Sottil,c,5.5,5.5,"5,5","5,5"
1,Lecce,Coulibaly L.,c,6.5,6.5,"6,5","6,5"
1,Lecce,Berisha M.,c,5.5,5.5,"5,5","5,5"
1,Lecce,Ramadani,c,6.0,6.0,6,6
1,Lecce,Kaba,c,6.0,6.0,6,6
1,Lecce,Pierret,c,55.0,55.0,55,55
1,Lecce,Tete Morente,c,5.5,5.0,"5,5",5
1,Lecce,Banda,a,5.5,5.0,"5,5",5
1,Lecce,Camarda,a,5.0,5.0,5,5
1,Lecce,N'Dri,a,55.0,55.0,55,55
1,Lecce,Di Francesco,all,6.0,6.0,6,6
1,Milan,Maignan,p,6.0,4.0,6,4
1,Milan,Gabbia,d,6.0,6.0,6,6
1,Milan,Tomori,d,6.0,6.0,6,6
1,Milan,Pavlovic,d,6.5,9.5,"6,5","9,5"
1,Milan,Estupinan,d,6.0,7.0,6,7
1,Milan,Jimenez A.,d,5.5,5.0,"5,5",5
1,Milan,Pulisic,c,6.0,6.0,6,6
1,Milan,Modric,c,6.5,6.5,"6,5","6,5"
1,Milan,Loftus-Cheek,c,5.5,5.5,"5,5","5,5"
1,Milan,Fofana Y.,c,5.0,5.0,5,5
1,Milan,Chukwueze,c,5.5,5.5,"5,5","5,5"
1,Milan,Saelemaekers,c,6.0,6.0,6,6
1,Milan,Jashari,c,5.5,5.5,"5,5","5,5"
1,Milan,Gimenez,a,5.0,5.0,5,5
1,Milan,Allegri,all,5.0,5.0,5,5
1,Napoli,Meret,p,6.0,6.0,6,6
1,Napoli,Juan Jesus,d,6.5,6.5,"6,5","6,5"
1,Napoli,Spinazzola,d,55.0,55.0,55,55
1,Napoli,Di Lorenzo,d,6.0,6.0,6,6
1,Napoli,Rrahmani,d,6.5,6.5,"6,5","6,5"
1,Napoli,Olivera,d,6.0,6.0,6,6
1,Napoli,Politano,c,7.0,8.0,7,8
1,Napoli,De Bruyne,c,7.0,10.0,7,10
1,Napoli,Zambo Anguissa,c,7.0,7.0,7,7
1,Napoli,Lobotka,c,6.0,6.0,6,6
1,Napoli,McTominay,c,7.5,10.5,"7,5","10,5"
1,Napoli,Gilmour,c,55.0,55.0,55,55
1,Napoli,Neres,c,6.0,6.0,6,6
1,Napoli,Vergara,c,55.0,55.0,55,55
1,Napoli,Lucca,a,5.5,5.0,"5,5",5
1,Napoli,Lang,a,55.0,55.0,55,55
1,Napoli,Conte,all,7.0,7.0,7,7
1,Parma,Suzuki,p,6.5,4.0,"6,5",4
1,Parma,Valenti,d,6.0,6.0,6,6
1,Parma,Valeri,d,5.5,5.5,"5,5","5,5"
1,Parma,Circati,d,5.0,5.0,5,5
1,Parma,Delprato,d,6.0,6.0,6,6
1,Parma,Lovik,d,6.0,6.0,6,6
1,Parma,Bernabè,c,6.0,6.0,6,6
1,Parma,Keita M.,c,5.5,5.5,"5,5","5,5"
1,Parma,Ordonez C.,c,5.5,5.5,"5,5","5,5"
1,Parma,Sorensen O.,c,6.0,5.5,6,"5,5"
1,Parma,Djuric,a,55.0,55.0,55,55
1,Parma,Almqvist,a,6.0,6.0,6,6
1,Parma,Benedyczak,a,55.0,55.0,55,55
1,Parma,Pellegrino M.,a,6.0,6.0,6,6
1,Parma,Cuesta,all,5.5,5.5,"5,5","5,5"
1,Pisa,Semper,p,6.5,5.5,"6,5","5,5"
1,Pisa,Cuadrado,d,6.0,6.0,6,6
1,Pisa,Caracciolo A.,d,6.5,6.5,"6,5","6,5"
1,Pisa,Calabresi,d,6.0,6.0,6,6
1,Pisa,Canestrelli,d,6.5,6.5,"6,5","6,5"
1,Pisa,Angori,d,7.0,7.0,7,7
1,Pisa,Denoon,d,5.5,5.5,"5,5","5,5"
1,Pisa,Tramoni M.,c,6.0,6.0,6,6
1,Pisa,Aebischer,c,5.5,5.5,"5,5","5,5"
1,Pisa,Akinsanmiro,c,6.0,6.0,6,6
1,Pisa,Piccinini G.,c,6.0,6.0,6,6
1,Pisa,Tourè I.,c,7.0,7.0,7,7
1,Pisa,Marin M.,c,6.0,6.0,6,6
1,Pisa,Nzola,a,6.0,6.0,6,6
1,Pisa,Moreo,a,6.5,6.5,"6,5","6,5"
1,Pisa,Meister,a,6.0,6.0,6,6
1,Pisa,Gilardino,all,6.5,6.5,"6,5","6,5"
1,Roma,Svilar,p,6.0,6.0,6,6
1,Roma,Mancini,d,6.5,6.0,"6,5",6
1,Roma,N'Dicka,d,6.5,6.5,"6,5","6,5"
1,Roma,Angelino,d,6.0,6.0,6,6
1,Roma,Hermoso,d,6.5,6.5,"6,5","6,5"
1,Roma,Rensch,d,55.0,55.0,55,55
1,Roma,Wesley,d,7.0,10.0,7,10
1,Roma,Cristante,c,6.5,6.5,"6,5","6,5"
1,Roma,El Shaarawy,c,6.0,6.0,6,6
1,Roma,Konè M.,c,6.5,6.5,"6,5","6,5"
1,Roma,El Aynaoui,c,6.0,6.0,6,6
1,Roma,Dybala,a,6.5,6.5,"6,5","6,5"
1,Roma,Soulè,a,5.0,5.0,5,5
1,Roma,Ferguson E.,a,6.5,6.5,"6,5","6,5"
1,Roma,Dovbyk,a,5.5,5.5,"5,5","5,5"
1,Roma,Gasperini,all,6.5,6.5,"6,5","6,5"
1,Sassuolo,Turati,p,5.5,3.5,"5,5","3,5"
1,Sassuolo,Romagna,d,5.0,5.0,5,5
1,Sassuolo,Walukiewicz,d,5.5,5.5,"5,5","5,5"
1,Sassuolo,Doig,d,6.0,6.0,6,6
1,Sassuolo,Candè,d,55.0,55.0,55,55
1,Sassuolo,Muharemovic,d,5.5,5.5,"5,5","5,5"
1,Sassuolo,Ghion,c,55.0,55.0,55,55
1,Sassuolo,Boloca,c,6.0,6.0,6,6
1,Sassuolo,Lipani,c,5.5,5.5,"5,5","5,5"
1,Sassuolo,Konè I.,c,4.5,3.5,"4,5","3,5"
1,Sassuolo,Fadera,c,6.0,6.0,6,6
1,Sassuolo,Berardi,a,6.0,5.5,6,"5,5"
1,Sassuolo,Pierini,a,55.0,55.0,55,55
1,Sassuolo,Pinamonti,a,5.0,5.0,5,5
1,Sassuolo,Laurientè,a,5.5,5.5,"5,5","5,5"
1,Sassuolo,Moro L.,a,55.0,55.0,55,55
1,Sassuolo,Grosso,all,5.0,5.0,5,5
1,Torino,Israel,p,5.0,0.0,5,0
1,Torino,Masina,d,4.5,4.5,"4,5","4,5"
1,Torino,Biraghi,d,4.5,4.5,"4,5","4,5"
1,Torino,Lazaro,d,5.0,5.0,5,5
1,Torino,Pedersen,d,55.0,55.0,55,55
1,Torino,Coco,d,4.5,4.5,"4,5","4,5"
1,Torino,Tameze,c,5.0,5.0,5,5
1,Torino,Vlasic,c,5.5,5.5,"5,5","5,5"
1,Torino,Casadei,c,5.5,5.5,"5,5","5,5"
1,Torino,Ilkhan,c,5.0,5.0,5,5
1,Torino,Gineitis,c,4.0,4.0,4,4
1,Torino,Anjorin,c,55.0,55.0,55,55
1,Torino,Simeone,a,5.0,5.0,5,5
1,Torino,Ngonge,a,5.0,5.0,5,5
1,Torino,Adams C.,a,5.5,5.5,"5,5","5,5"
1,Torino,Aboukhlal,a,5.5,5.5,"5,5","5,5"
1,Torino,Baroni,all,4.0,4.0,4,4
1,Udinese,Sava,p,6.0,5.0,6,5
1,Udinese,Kamara H.,d,6.0,6.0,6,6
1,Udinese,Bertola,d,6.0,5.5,6,"5,5"
1,Udinese,Ehizibue,d,5.5,5.5,"5,5","5,5"
1,Udinese,Zemura,d,5.5,5.5,"5,5","5,5"
1,Udinese,Kristensen T.,d,7.0,10.0,7,10
1,Udinese,Solet,d,5.5,5.5,"5,5","5,5"
1,Udinese,Lovric,c,6.5,7.5,"6,5","7,5"
1,Udinese,Zarraga,c,6.0,6.0,6,6
1,Udinese,Karlstrom,c,6.0,6.0,6,6
1,Udinese,Atta,c,6.5,6.5,"6,5","6,5"
1,Udinese,Piotrowski,c,5.5,5.5,"5,5","5,5"
1,Udinese,Davis K.,a,5.5,5.0,"5,5",5
1,Udinese,Bravo,a,6.0,5.5,6,"5,5"
1,Udinese,Bayo V.,a,5.5,5.5,"5,5","5,5"
1,Udinese,Runjaic,all,6.0,6.0,6,6
1,Verona,Montipò,p,6.0,5.0,6,5
1,Verona,Bradaric,d,6.0,6.0,6,6
1,Verona,Ebosse,d,55.0,55.0,55,55
1,Verona,Frese,d,5.0,5.0,5,5
1,Verona,Unai Nunez,d,5.5,5.5,"5,5","5,5"
1,Verona,Oyegoke,d,55.0,55.0,55,55
1,Verona,Nelsson,d,5.5,5.5,"5,5","5,5"
1,Verona,Belghali,d,6.0,5.5,6,"5,5"
1,Verona,Cham,d,6.0,6.0,6,6
1,Verona,Niasse,c,5.5,5.5,"5,5","5,5"
1,Verona,Harroui,c,6.0,6.0,6,6
1,Verona,Serdar,c,7.0,10.0,7,10
1,Verona,Bernede,c,5.5,5.5,"5,5","5,5"
1,Verona,Sarr A.,a,5.5,5.5,"5,5","5,5"
1,Verona,Mosquera,a,6.0,6.0,6,6
1,Verona,Giovane,a,7.0,8.0,7,8
1,Verona,Zanetti,all,6.0,6.0,6,6
2,Atalanta,Carnesecchi,p,6.0,5.0,6,5
2,Atalanta,Zappacosta,d,6.0,6.0,6,6
2,Atalanta,Djimsiti,d,6.0,6.0,6,6
2,Atalanta,Bellanova,d,6.0,6.0,6,6
2,Atalanta,Scalvini,d,5.5,5.5,"5,5","5,5"
2,Atalanta,Hien,d,5.5,5.0,"5,5",5
2,Atalanta,De Roon,c,6.5,6.0,"6,5",6
2,Atalanta,Pasalic,c,7.0,10.0,7,10
2,Atalanta,Maldini,c,5.5,5.5,"5,5","5,5"
2,Atalanta,Brescianini,c,55.0,55.0,55,55
2,Atalanta,Zalewski,c,6.0,6.0,6,6
2,Atalanta,Scamacca,a,6.0,6.0,6,6
2,Atalanta,Sulemana K.,a,5.5,5.5,"5,5","5,5"
2,Atalanta,De Ketelaere,a,6.0,6.0,6,6
2,Atalanta,Krstovic,a,6.5,7.5,"6,5","7,5"
2,Atalanta,Juric,all,6.0,6.0,6,6
2,Bologna,Skorupski,p,6.0,6.0,6,6
2,Bologna,Lykogiannis,d,5.5,5.5,"5,5","5,5"
2,Bologna,Zortea,d,6.0,6.0,6,6
2,Bologna,Miranda J.,d,55.0,55.0,55,55
2,Bologna,Lucumì,d,6.5,6.0,"6,5",6
2,Bologna,Vitik,d,6.0,5.5,6,"5,5"
2,Bologna,Heggem,d,7.0,7.0,7,7
2,Bologna,Freuler,c,6.5,6.5,"6,5","6,5"
2,Bologna,Orsolini,c,7.0,10.0,7,10
2,Bologna,Odgaard,c,6.0,6.0,6,6
2,Bologna,Pobega,c,6.0,5.5,6,"5,5"
2,Bologna,Moro N.,c,5.5,5.5,"5,5","5,5"
2,Bologna,Fabbian,c,6.0,6.0,6,6
2,Bologna,Cambiaghi,a,6.5,6.0,"6,5",6
2,Bologna,Castro S.,a,6.5,7.5,"6,5","7,5"
2,Bologna,Dallinga,a,6.0,6.0,6,6
2,Bologna,Italiano,all,6.5,6.5,"6,5","6,5"
2,Cagliari,Caprile,p,6.5,5.5,"6,5","5,5"
2,Cagliari,Luperto,d,6.5,6.5,"6,5","6,5"
2,Cagliari,Mina,d,6.0,6.0,6,6
2,Cagliari,Zappa,d,6.0,5.5,6,"5,5"
2,Cagliari,Di Pardo,d,55.0,55.0,55,55
2,Cagliari,Obert,d,5.5,5.5,"5,5","5,5"
2,Cagliari,Palestra,d,6.5,6.5,"6,5","6,5"
2,Cagliari,Idrissi R.,d,55.0,55.0,55,55
2,Cagliari,Deiola,c,6.0,6.0,6,6
2,Cagliari,Gaetano,c,5.5,5.5,"5,5","5,5"
2,Cagliari,Adopo,c,6.0,6.0,6,6
2,Cagliari,Folorunsho,c,6.0,6.0,6,6
2,Cagliari,Prati,c,6.5,6.5,"6,5","6,5"
2,Cagliari,Esposito Se.,a,6.0,6.0,6,6
2,Cagliari,Luvumbo,a,6.5,6.5,"6,5","6,5"
2,Cagliari,Borrelli,a,5.5,5.5,"5,5","5,5"
2,Cagliari,Pisacane,all,6.0,6.0,6,6
2,Como,Butez,p,6.0,5.0,6,5
2,Como,Vojvoda,d,6.0,5.5,6,"5,5"
2,Como,Valle,d,5.5,5.5,"5,5","5,5"
2,Como,Ramon,d,5.5,5.0,"5,5",5
2,Como,Kempf,d,6.0,6.0,6,6
2,Como,Van Der Brempt,d,6.0,6.0,6,6
2,Como,Smolcic I.,d,5.5,5.0,"5,5",5
2,Como,Sergi Roberto,c,6.0,6.0,6,6
2,Como,Da Cunha,c,6.0,6.0,6,6
2,Como,Perrone,c,5.5,5.0,"5,5",5
2,Como,Paz N.,c,6.5,6.5,"6,5","6,5"
2,Como,Baturina,c,55.0,55.0,55,55
2,Como,Morata,a,5.5,5.5,"5,5","5,5"
2,Como,Douvikas,a,5.5,5.5,"5,5","5,5"
2,Como,Kuhn,a,5.5,5.5,"5,5","5,5"
2,Como,Rodriguez Je.,a,5.5,5.5,"5,5","5,5"
2,Como,Fabregas,all,6.0,5.5,6,"5,5"
2,Cremonese,Audero,p,6.0,4.0,6,4
2,Cremonese,Bianchetti,d,6.0,6.0,6,6
2,Cremonese,Pezzella Giu.,d,6.0,6.0,6,6
2,Cremonese,Terracciano F.,d,6.5,9.5,"6,5","9,5"
2,Cremonese,Baschirotto,d,5.5,5.5,"5,5","5,5"
2,Cremonese,Floriani Mussolini,d,6.5,6.5,"6,5","6,5"
2,Cremonese,Grassi,c,5.0,5.0,5,5
2,Cremonese,Vazquez,c,7.0,10.0,7,10
2,Cremonese,Bondo,c,6.0,6.0,6,6
2,Cremonese,Zerbin,c,6.5,6.5,"6,5","6,5"
2,Cremonese,Payero,c,6.0,6.0,6,6
2,Cremonese,Collocolo,c,6.5,6.5,"6,5","6,5"
2,Cremonese,Vandeputte,c,7.0,8.0,7,8
2,Cremonese,Sanabria,a,6.5,7.0,"6,5",7
2,Cremonese,De Luca,a,7.0,10.0,7,10
2,Cremonese,Okereke,a,6.0,6.0,6,6
2,Cremonese,Nicola,all,6.5,6.5,"6,5","6,5"
2,Fiorentina,De Gea,p,6.5,6.5,"6,5","6,5"
2,Fiorentina,Gosens,d,6.0,6.0,6,6
2,Fiorentina,Ranieri L.,d,6.5,6.5,"6,5","6,5"
2,Fiorentina,Pongracic,d,6.0,5.5,6,"5,5"
2,Fiorentina,Dodò,d,7.0,7.0,7,7
2,Fiorentina,Comuzzo,d,6.5,6.5,"6,5","6,5"
2,Fiorentina,Kouadio,d,6.0,6.0,6,6
2,Fiorentina,Mandragora,c,6.0,6.0,6,6
2,Fiorentina,Fagioli,c,5.5,5.5,"5,5","5,5"
2,Fiorentina,Sohm,c,6.0,5.5,6,"5,5"
2,Fiorentina,Gudmundsson A.,c,5.0,5.0,5,5
2,Fiorentina,Fazzini,c,55.0,55.0,55,55
2,Fiorentina,Ndour,c,5.5,5.5,"5,5","5,5"
2,Fiorentina,Dzeko,a,55.0,55.0,55,55
2,Fiorentina,Kean,a,5.0,5.0,5,5
2,Fiorentina,Piccoli,a,6.0,6.0,6,6
2,Fiorentina,Pioli,all,5.5,5.5,"5,5","5,5"
2,Genoa,Leali,p,7.0,6.0,7,6
2,Genoa,Martin,d,6.0,6.0,6,6
2,Genoa,Vasquez,d,6.0,6.0,6,6
2,Genoa,Ostigard,d,5.5,5.0,"5,5",5
2,Genoa,Norton-Cuffy,d,6.5,6.5,"6,5","6,5"
2,Genoa,Thorsby,c,6.0,6.0,6,6
2,Genoa,Malinovskyi,c,6.0,6.0,6,6
2,Genoa,Frendrup,c,6.0,6.0,6,6
2,Genoa,Ellertsson,c,6.5,6.5,"6,5","6,5"
2,Genoa,Carboni V.,c,5.5,5.5,"5,5","5,5"
2,Genoa,Masini,c,6.5,6.5,"6,5","6,5"
2,Genoa,Stanciu,c,6.0,6.0,6,6
2,Genoa,Colombo,a,5.5,5.5,"5,5","5,5"
2,Genoa,Ekuban,a,6.0,6.0,6,6
2,Genoa,Vitinha O.,a,55.0,55.0,55,55
2,Genoa,Ekhator,a,55.0,55.0,55,55
2,Genoa,Vieira P.,all,6.0,6.0,6,6
2,Inter,Sommer,p,6.0,4.0,6,4
2,Inter,Dimarco,d,6.0,6.0,6,6
2,Inter,Acerbi,d,5.5,5.5,"5,5","5,5"
2,Inter,Bastoni,d,5.5,5.5,"5,5","5,5"
2,Inter,Dumfries,d,6.5,9.5,"6,5","9,5"
2,Inter,Carlos Augusto,d,55.0,55.0,55,55
2,Inter,Bisseck,d,5.0,5.0,5,5
2,Inter,Zielinski,c,55.0,55.0,55,55
2,Inter,Barella,c,5.5,5.5,"5,5","5,5"
2,Inter,Calhanoglu,c,5.0,5.0,5,5
2,Inter,Mkhitaryan,c,5.5,5.5,"5,5","5,5"
2,Inter,Sucic P.,c,5.0,5.0,5,5
2,Inter,Martinez L.,a,5.5,5.0,"5,5",5
2,Inter,Thuram,a,6.5,7.5,"6,5","7,5"
2,Inter,Bonny,a,55.0,55.0,55,55
2,Inter,Esposito F.P.,a,6.0,6.0,6,6
2,Inter,Chivu,all,5.0,5.0,5,5
2,Juventus,Di Gregorio,p,6.5,6.5,"6,5","6,5"
2,Juventus,Bremer,d,6.0,6.0,6,6
2,Juventus,Kalulu,d,5.5,5.5,"5,5","5,5"
2,Juventus,Gatti,d,6.5,6.5,"6,5","6,5"
2,Juventus,Kelly L.,d,6.0,6.0,6,6
2,Juventus,Joao Mario,d,6.0,5.5,6,"5,5"
2,Juventus,Locatelli,c,6.5,6.5,"6,5","6,5"
2,Juventus,Kostic,c,6.5,7.5,"6,5","7,5"
2,Juventus,McKennie,c,55.0,55.0,55,55
2,Juventus,Thuram K.,c,6.0,6.0,6,6
2,Juventus,Koopmeiners,c,6.0,5.5,6,"5,5"
2,Juventus,Conceicao,c,6.0,6.0,6,6
2,Juventus,Vlahovic,a,7.0,10.0,7,10
2,Juventus,Gonzalez N.,a,55.0,55.0,55,55
2,Juventus,David,a,5.0,5.0,5,5
2,Juventus,Yildiz,a,6.0,6.0,6,6
2,Juventus,Tudor,all,6.5,6.5,"6,5","6,5"
2,Lazio,Provedel,p,6.0,6.0,6,6
2,Lazio,Hysaj,d,55.0,55.0,55,55
2,Lazio,Marusic,d,6.0,6.0,6,6
2,Lazio,Pellegrini Lu.,d,6.0,6.0,6,6
2,Lazio,Tavares N.,d,6.0,6.0,6,6
2,Lazio,Gila,d,6.0,6.0,6,6
2,Lazio,Provstgaard,d,6.5,6.5,"6,5","6,5"
2,Lazio,Zaccagni,c,7.5,10.5,"7,5","10,5"
2,Lazio,Guendouzi,c,7.0,10.0,7,10
2,Lazio,Rovella,c,6.5,7.5,"6,5","7,5"
2,Lazio,Belahyane,c,6.5,7.5,"6,5","7,5"
2,Lazio,Dele-Bashiru,c,6.0,6.0,6,6
2,Lazio,Pedro,a,6.0,6.0,6,6
2,Lazio,Cancellieri,a,6.0,6.0,6,6
2,Lazio,Dia,a,7.0,10.0,7,10
2,Lazio,Castellanos,a,8.5,13.5,"8,5","13,5"
2,Lazio,Sarri,all,8.0,8.0,8,8
2,Lecce,Falcone,p,6.5,4.5,"6,5","4,5"
2,Lecce,Gallo,d,5.5,5.5,"5,5","5,5"
2,Lecce,Gaspar K.,d,5.0,4.5,5,"4,5"
2,Lecce,Tiago Gabriel,d,5.5,5.5,"5,5","5,5"
2,Lecce,Veiga D.,d,5.0,5.0,5,5
2,Lecce,Sottil,c,5.5,5.5,"5,5","5,5"
2,Lecce,Coulibaly L.,c,6.0,6.0,6,6
2,Lecce,Helgason,c,55.0,55.0,55,55
2,Lecce,Berisha M.,c,5.5,5.5,"5,5","5,5"
2,Lecce,Ramadani,c,6.0,6.0,6,6
2,Lecce,Kaba,c,6.0,6.0,6,6
2,Lecce,Pierotti,c,6.0,6.0,6,6
2,Lecce,Tete Morente,c,6.0,6.0,6,6
2,Lecce,Camarda,a,5.5,5.5,"5,5","5,5"
2,Lecce,N'Dri,a,55.0,55.0,55,55
2,Lecce,Stulic,a,5.5,5.5,"5,5","5,5"
2,Lecce,Di Francesco,all,6.0,6.0,6,6
2,Milan,Maignan,p,6.0,6.0,6,6
2,Milan,Gabbia,d,6.0,6.0,6,6
2,Milan,Tomori,d,6.0,6.0,6,6
2,Milan,Pavlovic,d,6.5,6.5,"6,5","6,5"
2,Milan,Estupinan,d,6.0,6.0,6,6
2,Milan,Pulisic,c,7.0,10.0,7,10
2,Milan,Modric,c,6.5,7.5,"6,5","7,5"
2,Milan,Loftus-Cheek,c,7.0,10.0,7,10
2,Milan,Fofana Y.,c,6.0,6.0,6,6
2,Milan,Saelemaekers,c,6.5,6.5,"6,5","6,5"
2,Milan,Musah,c,6.5,6.5,"6,5","6,5"
2,Milan,Ricci S.,c,6.0,6.0,6,6
2,Milan,Gimenez,a,5.5,5.5,"5,5","5,5"
2,Milan,Balentien,a,55.0,55.0,55,55
2,Milan,Allegri,all,6.5,6.5,"6,5","6,5"
2,Napoli,Meret,p,6.0,6.0,6,6
2,Napoli,Juan Jesus,d,6.0,5.5,6,"5,5"
2,Napoli,Spinazzola,d,6.0,6.0,6,6
2,Napoli,Buongiorno,d,6.5,7.5,"6,5","7,5"
2,Napoli,Di Lorenzo,d,6.0,6.0,6,6
2,Napoli,Rrahmani,d,6.0,6.0,6,6
2,Napoli,Olivera,d,55.0,55.0,55,55
2,Napoli,Politano,c,6.5,6.5,"6,5","6,5"
2,Napoli,De Bruyne,c,5.5,5.0,"5,5",5
2,Napoli,Zambo Anguissa,c,7.0,10.0,7,10
2,Napoli,Lobotka,c,6.0,6.0,6,6
2,Napoli,McTominay,c,6.0,6.0,6,6
2,Napoli,Lucca,a,5.5,5.5,"5,5","5,5"
2,Napoli,Lang,a,55.0,55.0,55,55
2,Napoli,Ambrosino,a,6.0,6.0,6,6
2,Napoli,Conte,all,6.5,6.5,"6,5","6,5"
2,Parma,Suzuki,p,6.0,5.0,6,5
2,Parma,Valenti,d,5.5,5.0,"5,5",5
2,Parma,Valeri,d,6.0,6.0,6,6
2,Parma,Circati,d,6.0,6.0,6,6
2,Parma,Delprato,d,6.5,6.5,"6,5","6,5"
2,Parma,Lovik,d,5.5,5.5,"5,5","5,5"
2,Parma,Estevez,c,55.0,55.0,55,55
2,Parma,Oristanio,c,6.5,6.0,"6,5",6
2,Parma,Bernabè,c,6.5,6.5,"6,5","6,5"
2,Parma,Keita M.,c,5.0,5.0,5,5
2,Parma,Ordonez C.,c,55.0,55.0,55,55
2,Parma,Sorensen O.,c,5.5,5.5,"5,5","5,5"
2,Parma,Cutrone,a,7.0,10.0,7,10
2,Parma,Almqvist,a,6.0,6.0,6,6
2,Parma,Pellegrino M.,a,6.0,6.0,6,6
2,Parma,Cuesta,all,6.0,6.0,6,6
2,Pisa,Semper,p,6.5,5.5,"6,5","5,5"
2,Pisa,Cuadrado,d,5.5,5.5,"5,5","5,5"
2,Pisa,Caracciolo A.,d,6.0,6.0,6,6
2,Pisa,Calabresi,d,6.0,6.0,6,6
2,Pisa,Mateus Lusuardi,d,6.0,6.0,6,6
2,Pisa,Canestrelli,d,6.0,6.0,6,6
2,Pisa,Angori,d,5.0,5.0,5,5
2,Pisa,Leris,c,55.0,55.0,55,55
2,Pisa,Tramoni M.,c,5.5,5.5,"5,5","5,5"
2,Pisa,Stengs,c,55.0,55.0,55,55
2,Pisa,Aebischer,c,6.0,6.0,6,6
2,Pisa,Tourè I.,c,6.0,6.0,6,6
2,Pisa,Marin M.,c,5.5,5.0,"5,5",5
2,Pisa,Nzola,a,5.5,5.5,"5,5","5,5"
2,Pisa,Moreo,a,5.5,5.5,"5,5","5,5"
2,Pisa,Meister,a,5.0,4.5,5,"4,5"
2,Pisa,Gilardino,all,5.5,5.5,"5,5","5,5"
2,Roma,Svilar,p,6.5,6.5,"6,5","6,5"
2,Roma,Mancini,d,6.0,6.0,6,6
2,Roma,N'Dicka,d,6.5,6.5,"6,5","6,5"
2,Roma,Celik,d,55.0,55.0,55,55
2,Roma,Angelino,d,5.5,5.5,"5,5","5,5"
2,Roma,Hermoso,d,6.5,6.5,"6,5","6,5"
2,Roma,Rensch,d,55.0,55.0,55,55
2,Roma,Wesley,d,6.0,6.0,6,6
2,Roma,Cristante,c,6.0,6.0,6,6
2,Roma,El Shaarawy,c,6.0,6.0,6,6
2,Roma,Konè M.,c,6.5,6.5,"6,5","6,5"
2,Roma,El Aynaoui,c,55.0,55.0,55,55
2,Roma,Dybala,a,6.5,6.5,"6,5","6,5"
2,Roma,Soulè,a,7.0,10.0,7,10
2,Roma,Ferguson E.,a,6.5,7.0,"6,5",7
2,Roma,Dovbyk,a,5.5,5.5,"5,5","5,5"
2,Roma,Gasperini,all,6.5,6.5,"6,5","6,5"
2,Sassuolo,Muric,p,6.5,3.5,"6,5","3,5"
2,Sassuolo,Walukiewicz,d,5.5,5.5,"5,5","5,5"
2,Sassuolo,Doig,d,5.0,4.5,5,"4,5"
2,Sassuolo,Idzes,d,5.5,5.5,"5,5","5,5"
2,Sassuolo,Candè,d,5.5,5.5,"5,5","5,5"
2,Sassuolo,Muharemovic,d,5.0,5.0,5,5
2,Sassuolo,Matic,c,5.0,5.0,5,5
2,Sassuolo,Vranckx,c,5.5,5.5,"5,5","5,5"
2,Sassuolo,Volpato,c,6.5,7.5,"6,5","7,5"
2,Sassuolo,Boloca,c,5.5,5.5,"5,5","5,5"
2,Sassuolo,Lipani,c,5.5,5.5,"5,5","5,5"
2,Sassuolo,Fadera,c,5.5,5.5,"5,5","5,5"
2,Sassuolo,Iannoni,c,55.0,55.0,55,55
2,Sassuolo,Berardi,a,7.0,10.0,7,10
2,Sassuolo,Pinamonti,a,7.0,10.0,7,10
2,Sassuolo,Laurientè,a,5.5,5.5,"5,5","5,5"
2,Sassuolo,Grosso,all,5.5,5.5,"5,5","5,5"
2,Torino,Israel,p,6.5,6.5,"6,5","6,5"
2,Torino,Biraghi,d,6.5,6.5,"6,5","6,5"
2,Torino,Lazaro,d,6.0,5.5,6,"5,5"
2,Torino,Maripan,d,6.5,6.5,"6,5","6,5"
2,Torino,Pedersen,d,6.0,6.0,6,6
2,Torino,Coco,d,6.5,6.5,"6,5","6,5"
2,Torino,Tameze,c,55.0,55.0,55,55
2,Torino,Ilic,c,6.0,6.0,6,6
2,Torino,Vlasic,c,6.0,5.5,6,"5,5"
2,Torino,Asllani,c,5.5,5.5,"5,5","5,5"
2,Torino,Casadei,c,6.5,6.5,"6,5","6,5"
2,Torino,Gineitis,c,5.5,5.5,"5,5","5,5"
2,Torino,Simeone,a,6.5,6.5,"6,5","6,5"
2,Torino,Ngonge,a,5.5,5.5,"5,5","5,5"
2,Torino,Adams C.,a,5.5,5.5,"5,5","5,5"
2,Torino,Aboukhlal,a,55.0,55.0,55,55
2,Torino,Baroni,all,6.5,6.5,"6,5","6,5"
2,Udinese,Sava,p,6.0,4.5,6,"4,5"
2,Udinese,Bertola,d,6.0,5.5,6,"5,5"
2,Udinese,Ehizibue,d,6.0,6.0,6,6
2,Udinese,Zemura,d,6.0,6.0,6,6
2,Udinese,Kristensen T.,d,6.5,6.5,"6,5","6,5"
2,Udinese,Goglichidze,d,6.0,6.0,6,6
2,Udinese,Rui Modesto,d,55.0,55.0,55,55
2,Udinese,Solet,d,7.0,7.0,7,7
2,Udinese,Zarraga,c,6.0,5.5,6,"5,5"
2,Udinese,Karlstrom,c,6.5,6.5,"6,5","6,5"
2,Udinese,Ekkelenkamp,c,6.0,6.0,6,6
2,Udinese,Atta,c,7.0,10.0,7,10
2,Udinese,Piotrowski,c,6.0,6.0,6,6
2,Udinese,Davis K.,a,8.0,12.0,8,12
2,Udinese,Bayo V.,a,6.0,6.0,6,6
2,Udinese,Buksa,a,6.0,6.0,6,6
2,Udinese,Runjaic,all,8.0,8.0,8,8
2,Verona,Montipò,p,5.0,1.0,5,1
2,Verona,Bradaric,d,5.0,5.0,5,5
2,Verona,Ebosse,d,5.0,5.0,5,5
2,Verona,Frese,d,5.5,5.5,"5,5","5,5"
2,Verona,Unai Nunez,d,4.5,4.5,"4,5","4,5"
2,Verona,Nelsson,d,4.0,4.0,4,4
2,Verona,Belghali,d,5.5,5.5,"5,5","5,5"
2,Verona,Cham,d,5.5,5.5,"5,5","5,5"
2,Verona,Bella-Kotchap,d,5.0,5.0,5,5
2,Verona,Harroui,c,5.5,5.5,"5,5","5,5"
2,Verona,Serdar,c,5.0,5.0,5,5
2,Verona,Al-Musrati,c,5.5,5.5,"5,5","5,5"
2,Verona,Bernede,c,5.5,5.5,"5,5","5,5"
2,Verona,Sarr A.,a,5.0,5.0,5,5
2,Verona,Mosquera,a,6.0,6.0,6,6
2,Verona,Giovane,a,6.0,6.0,6,6
2,Verona,Zanetti,all,4.0,4.0,4,4
3,Atalanta,Carnesecchi,p,6.0,5.0,6,5
3,Atalanta,Bellanova,d,6.5,6.5,"6,5","6,5"
3,Atalanta,Scalvini,d,7.0,10.0,7,10
3,Atalanta,Kossounou,d,6.5,6.5,"6,5","6,5"
3,Atalanta,Hien,d,6.5,6.5,"6,5","6,5"
3,Atalanta,Bernasconi,d,55.0,55.0,55,55
3,Atalanta,De Roon,c,7.0,7.0,7,7
3,Atalanta,Pasalic,c,6.5,6.5,"6,5","6,5"
3,Atalanta,Maldini,c,6.0,6.0,6,6
3,Atalanta,Brescianini,c,6.0,6.0,6,6
3,Atalanta,Samardzic,c,6.0,6.0,6,6
3,Atalanta,Musah,c,6.0,6.0,6,6
3,Atalanta,Zalewski,c,7.5,11.5,"7,5","11,5"
3,Atalanta,Sulemana K.,a,6.0,6.0,6,6
3,Atalanta,De Ketelaere,a,8.0,14.0,8,14
3,Atalanta,Krstovic,a,6.5,8.5,"6,5","8,5"
3,Atalanta,Juric,all,7.5,7.5,"7,5","7,5"
3,Bologna,Skorupski,p,6.0,4.5,6,"4,5"
3,Bologna,Lykogiannis,d,5.5,5.5,"5,5","5,5"
3,Bologna,Zortea,d,5.5,5.5,"5,5","5,5"
3,Bologna,Miranda J.,d,5.5,5.0,"5,5",5
3,Bologna,Lucumì,d,5.5,5.5,"5,5","5,5"
3,Bologna,Heggem,d,6.0,6.0,6,6
3,Bologna,Bernardeschi,c,5.5,5.5,"5,5","5,5"
3,Bologna,Freuler,c,5.5,5.5,"5,5","5,5"
3,Bologna,Orsolini,c,5.5,5.5,"5,5","5,5"
3,Bologna,Odgaard,c,6.0,6.0,6,6
3,Bologna,Ferguson,c,6.0,6.0,6,6
3,Bologna,Fabbian,c,5.5,5.5,"5,5","5,5"
3,Bologna,Rowe,c,6.0,6.0,6,6
3,Bologna,Cambiaghi,a,5.5,5.5,"5,5","5,5"
3,Bologna,Castro S.,a,5.5,5.5,"5,5","5,5"
3,Bologna,Dallinga,a,55.0,55.0,55,55
3,Bologna,Italiano,all,6.0,6.0,6,6
3,Cagliari,Caprile,p,7.0,7.0,7,7
3,Cagliari,Luperto,d,6.5,6.5,"6,5","6,5"
3,Cagliari,Mina,d,7.0,10.0,7,10
3,Cagliari,Zappa,d,6.0,5.5,6,"5,5"
3,Cagliari,Obert,d,6.5,6.5,"6,5","6,5"
3,Cagliari,Palestra,d,6.5,6.5,"6,5","6,5"
3,Cagliari,Zè Pedro,d,55.0,55.0,55,55
3,Cagliari,Deiola,c,6.0,5.5,6,"5,5"
3,Cagliari,Gaetano,c,6.0,6.0,6,6
3,Cagliari,Adopo,c,6.0,6.0,6,6
3,Cagliari,Folorunsho,c,6.0,6.0,6,6
3,Cagliari,Prati,c,6.0,6.0,6,6
3,Cagliari,Felici,c,7.0,10.0,7,10
3,Cagliari,Belotti,a,5.5,5.5,"5,5","5,5"
3,Cagliari,Esposito Se.,a,6.0,5.5,6,"5,5"
3,Cagliari,Borrelli,a,6.0,6.0,6,6
3,Cagliari,Pisacane,all,7.0,7.0,7,7
3,Como,Butez,p,6.0,5.0,6,5
3,Como,Vojvoda,d,5.5,5.5,"5,5","5,5"
3,Como,Valle,d,6.0,5.5,6,"5,5"
3,Como,Ramon,d,5.5,4.5,"5,5","4,5"
3,Como,Kempf,d,6.0,6.0,6,6
3,Como,Sergi Roberto,c,5.5,5.0,"5,5",5
3,Como,Caqueret,c,6.5,6.5,"6,5","6,5"
3,Como,Da Cunha,c,6.0,6.0,6,6
3,Como,Perrone,c,5.5,5.5,"5,5","5,5"
3,Como,Paz N.,c,7.0,10.0,7,10
3,Como,Baturina,c,55.0,55.0,55,55
3,Como,Morata,a,5.5,5.5,"5,5","5,5"
3,Como,Douvikas,a,6.0,6.0,6,6
3,Como,Addai,a,6.0,6.0,6,6
3,Como,Kuhn,a,6.5,6.5,"6,5","6,5"
3,Como,Rodriguez Je.,a,5.5,5.5,"5,5","5,5"
3,Como,Fabregas,all,6.0,5.5,6,"5,5"
3,Cremonese,Audero,p,7.5,7.5,"7,5","7,5"
3,Cremonese,Bianchetti,d,5.5,5.5,"5,5","5,5"
3,Cremonese,Pezzella Giu.,d,5.5,5.5,"5,5","5,5"
3,Cremonese,Terracciano F.,d,5.5,5.5,"5,5","5,5"
3,Cremonese,Baschirotto,d,5.0,5.0,5,5
3,Cremonese,Floriani Mussolini,d,55.0,55.0,55,55
3,Cremonese,Grassi,c,6.0,6.0,6,6
3,Cremonese,Vazquez,c,6.0,6.0,6,6
3,Cremonese,Bondo,c,5.5,5.5,"5,5","5,5"
3,Cremonese,Zerbin,c,5.5,5.5,"5,5","5,5"
3,Cremonese,Sarmiento J.,c,6.0,6.0,6,6
3,Cremonese,Collocolo,c,5.5,5.0,"5,5",5
3,Cremonese,Vandeputte,c,5.5,5.5,"5,5","5,5"
3,Cremonese,Sanabria,a,5.5,5.5,"5,5","5,5"
3,Cremonese,Bonazzoli,a,5.5,5.5,"5,5","5,5"
3,Cremonese,Vardy,a,6.0,6.0,6,6
3,Cremonese,Nicola,all,5.5,5.5,"5,5","5,5"
3,Fiorentina,De Gea,p,7.0,4.0,7,4
3,Fiorentina,Gosens,d,6.5,6.5,"6,5","6,5"
3,Fiorentina,Ranieri L.,d,6.0,9.0,6,9
3,Fiorentina,Pongracic,d,5.0,5.0,5,5
3,Fiorentina,Viti,d,55.0,55.0,55,55
3,Fiorentina,Dodò,d,6.0,6.0,6,6
3,Fiorentina,Lamptey,d,55.0,55.0,55,55
3,Fiorentina,Comuzzo,d,5.0,5.0,5,5
3,Fiorentina,Mandragora,c,6.0,6.0,6,6
3,Fiorentina,Nicolussi Caviglia,c,6.0,6.0,6,6
3,Fiorentina,Fagioli,c,5.5,5.5,"5,5","5,5"
3,Fiorentina,Sohm,c,5.5,5.5,"5,5","5,5"
3,Fiorentina,Fazzini,c,6.5,6.5,"6,5","6,5"
3,Fiorentina,Dzeko,a,5.0,5.0,5,5
3,Fiorentina,Kean,a,5.5,5.5,"5,5","5,5"
3,Fiorentina,Piccoli,a,5.5,5.5,"5,5","5,5"
3,Fiorentina,Pioli,all,5.0,4.5,5,"4,5"
3,Genoa,Leali,p,6.5,5.5,"6,5","5,5"
3,Genoa,Sabelli,d,6.0,6.0,6,6
3,Genoa,Martin,d,6.0,6.0,6,6
3,Genoa,Vasquez,d,6.0,6.0,6,6
3,Genoa,Ostigard,d,6.0,5.5,6,"5,5"
3,Genoa,Norton-Cuffy,d,6.5,6.5,"6,5","6,5"
3,Genoa,Malinovskyi,c,5.5,5.0,"5,5",5
3,Genoa,Messias,c,6.5,6.5,"6,5","6,5"
3,Genoa,Frendrup,c,5.5,5.5,"5,5","5,5"
3,Genoa,Ellertsson,c,5.5,5.5,"5,5","5,5"
3,Genoa,Carboni V.,c,6.5,6.5,"6,5","6,5"
3,Genoa,Masini,c,5.5,5.5,"5,5","5,5"
3,Genoa,Colombo,a,5.0,5.0,5,5
3,Genoa,Ekuban,a,7.0,10.0,7,10
3,Genoa,Ekhator,a,55.0,55.0,55,55
3,Genoa,Vieira P.,all,6.0,5.5,6,"5,5"
3,Inter,Sommer,p,5.0,1.0,5,1
3,Inter,Dimarco,d,6.5,7.5,"6,5","7,5"
3,Inter,Acerbi,d,6.0,5.5,6,"5,5"
3,Inter,Bastoni,d,5.5,5.5,"5,5","5,5"
3,Inter,Darmian,d,55.0,55.0,55,55
3,Inter,Akanji,d,6.0,6.0,6,6
3,Inter,Dumfries,d,6.0,6.0,6,6
3,Inter,Carlos Augusto,d,6.5,7.5,"6,5","7,5"
3,Inter,Zielinski,c,6.0,7.0,6,7
3,Inter,Barella,c,5.5,5.5,"5,5","5,5"
3,Inter,Calhanoglu,c,7.5,13.5,"7,5","13,5"
3,Inter,Mkhitaryan,c,5.5,5.0,"5,5",5
3,Inter,Sucic P.,c,55.0,55.0,55,55
3,Inter,Martinez L.,a,5.0,5.0,5,5
3,Inter,Thuram,a,7.0,10.0,7,10
3,Inter,Bonny,a,5.5,5.5,"5,5","5,5"
3,Inter,Chivu,all,5.0,5.0,5,5
3,Juventus,Di Gregorio,p,6.0,3.0,6,3
3,Juventus,Bremer,d,7.5,9.5,"7,5","9,5"
3,Juventus,Kalulu,d,5.5,5.5,"5,5","5,5"
3,Juventus,Gatti,d,6.0,6.0,6,6
3,Juventus,Cabal,d,5.5,5.5,"5,5","5,5"
3,Juventus,Kelly L.,d,7.0,10.0,7,10
3,Juventus,Joao Mario,d,55.0,55.0,55,55
3,Juventus,Locatelli,c,6.5,6.0,"6,5",6
3,Juventus,McKennie,c,6.0,6.0,6,6
3,Juventus,Thuram K.,c,7.0,10.0,7,10
3,Juventus,Koopmeiners,c,5.0,4.5,5,"4,5"
3,Juventus,Adzic,c,7.5,10.5,"7,5","10,5"
3,Juventus,Vlahovic,a,5.0,5.0,5,5
3,Juventus,David,a,6.5,7.5,"6,5","7,5"
3,Juventus,Openda,a,6.0,6.0,6,6
3,Juventus,Yildiz,a,7.0,11.0,7,11
3,Juventus,Tudor,all,6.5,6.5,"6,5","6,5"
3,Lazio,Provedel,p,6.0,5.0,6,5
3,Lazio,Romagnoli,d,5.5,5.5,"5,5","5,5"
3,Lazio,Marusic,d,6.0,5.5,6,"5,5"
3,Lazio,Tavares N.,d,5.5,5.5,"5,5","5,5"
3,Lazio,Gila,d,6.5,6.5,"6,5","6,5"
3,Lazio,Cataldi,c,6.0,6.0,6,6
3,Lazio,Zaccagni,c,6.5,6.5,"6,5","6,5"
3,Lazio,Guendouzi,c,5.5,5.5,"5,5","5,5"
3,Lazio,Rovella,c,6.0,5.5,6,"5,5"
3,Lazio,Belahyane,c,5.5,5.0,"5,5",5
3,Lazio,Isaksen,c,55.0,55.0,55,55
3,Lazio,Dele-Bashiru,c,5.5,5.5,"5,5","5,5"
3,Lazio,Pedro,a,6.0,6.0,6,6
3,Lazio,Cancellieri,a,5.5,5.5,"5,5","5,5"
3,Lazio,Dia,a,5.5,5.5,"5,5","5,5"
3,Lazio,Castellanos,a,5.5,5.5,"5,5","5,5"
3,Lazio,Sarri,all,5.5,5.5,"5,5","5,5"
3,Lecce,Falcone,p,5.5,1.5,"5,5","1,5"
3,Lecce,Gallo,d,4.5,4.5,"4,5","4,5"
3,Lecce,Gaspar K.,d,4.5,4.5,"4,5","4,5"
3,Lecce,Tiago Gabriel,d,55.0,55.0,55,55
3,Lecce,Veiga D.,d,6.0,6.0,6,6
3,Lecce,Kouassi,d,5.5,5.5,"5,5","5,5"
3,Lecce,Siebert,d,4.0,4.0,4,4
3,Lecce,Sottil,c,5.5,5.5,"5,5","5,5"
3,Lecce,Coulibaly L.,c,5.5,5.5,"5,5","5,5"
3,Lecce,Ramadani,c,5.0,5.0,5,5
3,Lecce,Pierotti,c,5.5,5.5,"5,5","5,5"
3,Lecce,Tete Morente,c,5.0,5.0,5,5
3,Lecce,Sala A.,c,5.5,5.5,"5,5","5,5"
3,Lecce,Camarda,a,5.5,5.5,"5,5","5,5"
3,Lecce,N'Dri,a,7.0,10.0,7,10
3,Lecce,Stulic,a,5.5,5.5,"5,5","5,5"
3,Lecce,Di Francesco,all,4.5,4.5,"4,5","4,5"
3,Milan,Terracciano,p,6.0,6.0,6,6
3,Milan,Maignan,p,6.0,6.0,6,6
3,Milan,Gabbia,d,6.5,6.5,"6,5","6,5"
3,Milan,Tomori,d,6.0,5.5,6,"5,5"
3,Milan,Pavlovic,d,6.0,6.0,6,6
3,Milan,Estupinan,d,6.0,5.5,6,"5,5"
3,Milan,De Winter,d,6.0,6.0,6,6
3,Milan,Rabiot,c,6.5,6.5,"6,5","6,5"
3,Milan,Pulisic,c,7.0,7.0,7,7
3,Milan,Modric,c,7.5,10.5,"7,5","10,5"
3,Milan,Loftus-Cheek,c,6.5,6.5,"6,5","6,5"
3,Milan,Fofana Y.,c,6.0,6.0,6,6
3,Milan,Saelemaekers,c,6.5,7.0,"6,5",7
3,Milan,Ricci S.,c,6.5,6.5,"6,5","6,5"
3,Milan,Nkunku,a,55.0,55.0,55,55
3,Milan,Gimenez,a,5.0,5.0,5,5
3,Milan,Allegri,all,6.5,5.5,"6,5","5,5"
3,Napoli,Milinkovic-Savic V.,p,5.5,4.5,"5,5","4,5"
3,Napoli,Spinazzola,d,6.5,7.5,"6,5","7,5"
3,Napoli,Buongiorno,d,6.0,6.0,6,6
3,Napoli,Di Lorenzo,d,6.5,6.5,"6,5","6,5"
3,Napoli,Olivera,d,6.0,6.0,6,6
3,Napoli,Beukema,d,7.0,10.0,7,10
3,Napoli,Politano,c,6.5,6.5,"6,5","6,5"
3,Napoli,De Bruyne,c,7.0,10.0,7,10
3,Napoli,Zambo Anguissa,c,6.5,7.5,"6,5","7,5"
3,Napoli,Lobotka,c,6.0,6.0,6,6
3,Napoli,Elmas,c,6.0,6.0,6,6
3,Napoli,McTominay,c,6.5,6.5,"6,5","6,5"
3,Napoli,Gilmour,c,55.0,55.0,55,55
3,Napoli,Neres,c,6.0,6.0,6,6
3,Napoli,Hojlund,a,7.0,10.0,7,10
3,Napoli,Lucca,a,6.0,6.0,6,6
3,Napoli,Conte,all,7.0,7.0,7,7
3,Parma,Suzuki,p,5.0,3.0,5,3
3,Parma,Valeri,d,6.0,6.0,6,6
3,Parma,Circati,d,6.0,6.0,6,6
3,Parma,Delprato,d,5.5,5.5,"5,5","5,5"
3,Parma,Lovik,d,6.0,6.0,6,6
3,Parma,Ndiaye,d,5.5,5.5,"5,5","5,5"
3,Parma,Estevez,c,55.0,55.0,55,55
3,Parma,Oristanio,c,6.0,6.0,6,6
3,Parma,Bernabè,c,6.5,6.5,"6,5","6,5"
3,Parma,Keita M.,c,55.0,55.0,55,55
3,Parma,Ordonez C.,c,5.5,5.0,"5,5",5
3,Parma,Sorensen O.,c,5.5,5.5,"5,5","5,5"
3,Parma,Cutrone,a,5.0,5.0,5,5
3,Parma,Djuric,a,55.0,55.0,55,55
3,Parma,Almqvist,a,5.5,5.5,"5,5","5,5"
3,Parma,Pellegrino M.,a,5.5,5.5,"5,5","5,5"
3,Parma,Cuesta,all,5.5,5.5,"5,5","5,5"
3,Pisa,Semper,p,6.0,5.0,6,5
3,Pisa,Caracciolo A.,d,5.5,5.0,"5,5",5
3,Pisa,Mateus Lusuardi,d,6.0,6.0,6,6
3,Pisa,Bonfanti,d,6.5,6.5,"6,5","6,5"
3,Pisa,Canestrelli,d,5.0,5.0,5,5
3,Pisa,Angori,d,5.5,5.5,"5,5","5,5"
3,Pisa,Leris,c,6.0,6.0,6,6
3,Pisa,Tramoni M.,c,5.5,5.5,"5,5","5,5"
3,Pisa,Stengs,c,55.0,55.0,55,55
3,Pisa,Aebischer,c,5.0,5.0,5,5
3,Pisa,Akinsanmiro,c,6.0,6.0,6,6
3,Pisa,Piccinini G.,c,55.0,55.0,55,55
3,Pisa,Tourè I.,c,6.5,6.5,"6,5","6,5"
3,Pisa,Nzola,a,6.0,6.0,6,6
3,Pisa,Moreo,a,5.5,5.5,"5,5","5,5"
3,Pisa,Meister,a,6.0,6.0,6,6
3,Pisa,Gilardino,all,5.0,5.0,5,5
3,Roma,Svilar,p,6.5,5.5,"6,5","5,5"
3,Roma,Mancini,d,6.0,6.0,6,6
3,Roma,N'Dicka,d,6.0,6.0,6,6
3,Roma,Celik,d,55.0,55.0,55,55
3,Roma,Angelino,d,5.5,5.0,"5,5",5
3,Roma,Hermoso,d,6.0,6.0,6,6
3,Roma,Wesley,d,5.0,4.5,5,"4,5"
3,Roma,Cristante,c,6.0,6.0,6,6
3,Roma,El Shaarawy,c,6.0,6.0,6,6
3,Roma,Konè M.,c,5.5,5.5,"5,5","5,5"
3,Roma,Baldanzi,c,5.5,5.5,"5,5","5,5"
3,Roma,Pisilli,c,5.5,5.5,"5,5","5,5"
3,Roma,El Aynaoui,c,6.0,6.0,6,6
3,Roma,Dybala,a,5.5,5.5,"5,5","5,5"
3,Roma,Soulè,a,6.5,6.5,"6,5","6,5"
3,Roma,Ferguson E.,a,5.5,5.5,"5,5","5,5"
3,Roma,Gasperini,all,5.0,5.0,5,5
3,Sassuolo,Muric,p,7.0,7.0,7,7
3,Sassuolo,Walukiewicz,d,6.5,6.5,"6,5","6,5"
3,Sassuolo,Doig,d,6.0,5.5,6,"5,5"
3,Sassuolo,Coulibaly W.,d,6.0,6.0,6,6
3,Sassuolo,Idzes,d,6.5,6.5,"6,5","6,5"
3,Sassuolo,Muharemovic,d,6.5,7.0,"6,5",7
3,Sassuolo,Matic,c,6.0,5.5,6,"5,5"
3,Sassuolo,Vranckx,c,5.5,5.0,"5,5",5
3,Sassuolo,Volpato,c,6.0,5.5,6,"5,5"
3,Sassuolo,Thorstvedt,c,55.0,55.0,55,55
3,Sassuolo,Konè I.,c,5.5,5.5,"5,5","5,5"
3,Sassuolo,Fadera,c,7.0,10.0,7,10
3,Sassuolo,Berardi,a,6.5,6.5,"6,5","6,5"
3,Sassuolo,Pinamonti,a,6.0,5.5,6,"5,5"
3,Sassuolo,Laurientè,a,6.0,6.0,6,6
3,Sassuolo,Cheddira,a,55.0,55.0,55,55
3,Sassuolo,Grosso,all,7.0,7.0,7,7
3,Torino,Israel,p,6.0,6.0,6,6
3,Torino,Biraghi,d,6.0,6.0,6,6
3,Torino,Lazaro,d,6.0,6.0,6,6
3,Torino,Maripan,d,7.0,7.0,7,7
3,Torino,Ismajli,d,6.0,5.5,6,"5,5"
3,Torino,Coco,d,6.5,6.5,"6,5","6,5"
3,Torino,Tameze,c,55.0,55.0,55,55
3,Torino,Ilic,c,6.0,6.0,6,6
3,Torino,Vlasic,c,6.5,6.5,"6,5","6,5"
3,Torino,Asllani,c,6.5,6.0,"6,5",6
3,Torino,Casadei,c,6.0,6.0,6,6
3,Torino,Anjorin,c,55.0,55.0,55,55
3,Torino,Simeone,a,7.5,10.5,"7,5","10,5"
3,Torino,Ngonge,a,6.0,7.0,6,7
3,Torino,Adams C.,a,6.0,6.0,6,6
3,Torino,Aboukhlal,a,6.5,6.0,"6,5",6
3,Torino,Baroni,all,6.5,6.5,"6,5","6,5"
3,Udinese,Sava,p,5.5,5.5,"5,5","5,5"
3,Udinese,Kamara H.,d,6.5,6.0,"6,5",6
3,Udinese,Bertola,d,6.0,6.0,6,6
3,Udinese,Ehizibue,d,5.5,5.5,"5,5","5,5"
3,Udinese,Zemura,d,6.0,6.0,6,6
3,Udinese,Kristensen T.,d,7.0,7.0,7,7
3,Udinese,Goglichidze,d,6.0,6.0,6,6
3,Udinese,Solet,d,6.5,6.5,"6,5","6,5"
3,Udinese,Zaniolo,c,5.5,5.5,"5,5","5,5"
3,Udinese,Zarraga,c,6.0,6.0,6,6
3,Udinese,Karlstrom,c,6.0,5.5,6,"5,5"
3,Udinese,Atta,c,7.0,7.0,7,7
3,Udinese,Piotrowski,c,6.5,6.5,"6,5","6,5"
3,Udinese,Davis K.,a,6.0,6.0,6,6
3,Udinese,Bravo,a,7.0,10.0,7,10
3,Udinese,Buksa,a,6.0,6.0,6,6
3,Udinese,Runjaic,all,7.0,7.0,7,7
3,Verona,Montipò,p,6.0,6.0,6,6
3,Verona,Bradaric,d,6.5,6.5,"6,5","6,5"
3,Verona,Frese,d,6.0,6.0,6,6
3,Verona,Unai Nunez,d,6.5,6.5,"6,5","6,5"
3,Verona,Nelsson,d,6.0,6.0,6,6
3,Verona,Belghali,d,6.0,6.0,6,6
3,Verona,Bella-Kotchap,d,6.0,6.0,6,6
3,Verona,Gagliardini,c,6.0,6.0,6,6
3,Verona,Akpa Akpro,c,6.0,6.0,6,6
3,Verona,Niasse,c,6.0,6.0,6,6
3,Verona,Serdar,c,7.0,6.5,7,"6,5"
3,Verona,Al-Musrati,c,55.0,55.0,55,55
3,Verona,Bernede,c,6.5,6.5,"6,5","6,5"
3,Verona,Sarr A.,a,6.0,6.0,6,6
3,Verona,Orban G.,a,6.0,6.0,6,6
3,Verona,Giovane,a,6.0,5.5,6,"5,5"
3,Verona,Zanetti,all,6.5,6.5,"6,5","6,5"
4,Atalanta,Carnesecchi,p,7.0,10.0,7,10
4,Atalanta,Zappacosta,d,6.5,6.5,"6,5","6,5"
4,Atalanta,Djimsiti,d,6.0,6.0,6,6
4,Atalanta,Bellanova,d,6.5,6.5,"6,5","6,5"
4,Atalanta,Kossounou,d,6.0,6.0,6,6
4,Atalanta,Hien,d,6.0,6.0,6,6
4,Atalanta,Ahanor,d,6.5,6.5,"6,5","6,5"
4,Atalanta,De Roon,c,6.5,6.5,"6,5","6,5"
4,Atalanta,Pasalic,c,6.0,6.0,6,6
4,Atalanta,Maldini,c,55.0,55.0,55,55
4,Atalanta,Samardzic,c,7.0,8.0,7,8
4,Atalanta,Musah,c,55.0,55.0,55,55
4,Atalanta,Zalewski,c,55.0,55.0,55,55
4,Atalanta,Lookman,a,55.0,55.0,55,55
4,Atalanta,Sulemana K.,a,7.5,11.5,"7,5","11,5"
4,Atalanta,Krstovic,a,7.5,13.5,"7,5","13,5"
4,Atalanta,Juric,all,7.5,7.5,"7,5","7,5"
4,Bologna,Skorupski,p,6.5,5.5,"6,5","5,5"
4,Bologna,De Silvestri,d,6.0,6.0,6,6
4,Bologna,Zortea,d,5.5,5.5,"5,5","5,5"
4,Bologna,Miranda J.,d,5.5,5.5,"5,5","5,5"
4,Bologna,Lucumì,d,55.0,55.0,55,55
4,Bologna,Vitik,d,6.0,6.0,6,6
4,Bologna,Heggem,d,6.0,6.0,6,6
4,Bologna,Bernardeschi,c,5.5,5.0,"5,5",5
4,Bologna,Freuler,c,6.0,6.0,6,6
4,Bologna,Orsolini,c,6.5,9.5,"6,5","9,5"
4,Bologna,Ferguson,c,6.0,6.0,6,6
4,Bologna,Moro N.,c,5.5,5.5,"5,5","5,5"
4,Bologna,Cambiaghi,a,7.0,8.0,7,8
4,Bologna,Castro S.,a,7.0,10.0,7,10
4,Bologna,Dallinga,a,6.0,6.0,6,6
4,Bologna,Dominguez B.,a,5.5,5.5,"5,5","5,5"
4,Bologna,Italiano,all,6.5,6.5,"6,5","6,5"
4,Cagliari,Caprile,p,6.5,5.5,"6,5","5,5"
4,Cagliari,Luperto,d,5.5,5.5,"5,5","5,5"
4,Cagliari,Mina,d,6.5,6.5,"6,5","6,5"
4,Cagliari,Zappa,d,6.0,6.0,6,6
4,Cagliari,Obert,d,6.0,5.5,6,"5,5"
4,Cagliari,Palestra,d,7.0,8.0,7,8
4,Cagliari,Deiola,c,6.5,6.5,"6,5","6,5"
4,Cagliari,Mazzitelli,c,55.0,55.0,55,55
4,Cagliari,Gaetano,c,6.0,6.0,6,6
4,Cagliari,Adopo,c,6.0,6.0,6,6
4,Cagliari,Folorunsho,c,6.5,6.5,"6,5","6,5"
4,Cagliari,Prati,c,6.0,5.5,6,"5,5"
4,Cagliari,Felici,c,6.5,6.5,"6,5","6,5"
4,Cagliari,Belotti,a,7.5,13.5,"7,5","13,5"
4,Cagliari,Esposito Se.,a,6.5,6.0,"6,5",6
4,Cagliari,Kilicsoy,a,6.0,6.0,6,6
4,Cagliari,Pisacane,all,7.0,7.0,7,7
4,Como,Butez,p,6.0,5.0,6,5
4,Como,Goldaniga,d,55.0,55.0,55,55
4,Como,Diego Carlos,d,6.5,6.5,"6,5","6,5"
4,Como,Vojvoda,d,5.5,5.0,"5,5",5
4,Como,Posch,d,55.0,55.0,55,55
4,Como,Valle,d,6.0,6.0,6,6
4,Como,Kempf,d,7.0,9.5,7,"9,5"
4,Como,Smolcic I.,d,5.5,5.5,"5,5","5,5"
4,Como,Sergi Roberto,c,6.0,5.5,6,"5,5"
4,Como,Perrone,c,6.0,6.0,6,6
4,Como,Paz N.,c,7.0,8.0,7,8
4,Como,Morata,a,5.5,5.5,"5,5","5,5"
4,Como,Douvikas,a,5.5,5.5,"5,5","5,5"
4,Como,Addai,a,7.0,10.0,7,10
4,Como,Kuhn,a,6.0,6.0,6,6
4,Como,Rodriguez Je.,a,6.5,6.5,"6,5","6,5"
4,Como,Fabregas,all,7.0,7.0,7,7
4,Cremonese,Audero,p,6.5,6.5,"6,5","6,5"
4,Cremonese,Bianchetti,d,6.0,6.0,6,6
4,Cremonese,Pezzella Giu.,d,6.0,5.5,6,"5,5"
4,Cremonese,Ceccherini,d,6.0,6.0,6,6
4,Cremonese,Terracciano F.,d,6.0,6.0,6,6
4,Cremonese,Baschirotto,d,6.5,6.5,"6,5","6,5"
4,Cremonese,Floriani Mussolini,d,6.0,6.0,6,6
4,Cremonese,Grassi,c,6.0,6.0,6,6
4,Cremonese,Vazquez,c,6.5,6.5,"6,5","6,5"
4,Cremonese,Bondo,c,6.0,6.0,6,6
4,Cremonese,Zerbin,c,5.5,5.5,"5,5","5,5"
4,Cremonese,Collocolo,c,55.0,55.0,55,55
4,Cremonese,Vandeputte,c,5.5,5.5,"5,5","5,5"
4,Cremonese,Sanabria,a,5.5,5.5,"5,5","5,5"
4,Cremonese,Johnsen,a,6.0,6.0,6,6
4,Cremonese,Moumbagna,a,5.5,5.5,"5,5","5,5"
4,Cremonese,Nicola,all,6.0,6.0,6,6
4,Fiorentina,De Gea,p,6.0,4.0,6,4
4,Fiorentina,Gosens,d,5.5,5.5,"5,5","5,5"
4,Fiorentina,Ranieri L.,d,6.0,5.5,6,"5,5"
4,Fiorentina,Pongracic,d,5.5,5.0,"5,5",5
4,Fiorentina,Viti,d,6.0,6.0,6,6
4,Fiorentina,Dodò,d,5.5,5.0,"5,5",5
4,Fiorentina,Lamptey,d,6.0,6.0,6,6
4,Fiorentina,Fortini,d,6.0,6.0,6,6
4,Fiorentina,Mandragora,c,7.0,10.0,7,10
4,Fiorentina,Nicolussi Caviglia,c,5.5,5.5,"5,5","5,5"
4,Fiorentina,Fagioli,c,5.5,5.5,"5,5","5,5"
4,Fiorentina,Sohm,c,5.5,5.0,"5,5",5
4,Fiorentina,Fazzini,c,5.5,5.5,"5,5","5,5"
4,Fiorentina,Dzeko,a,6.0,6.0,6,6
4,Fiorentina,Kean,a,5.5,5.5,"5,5","5,5"
4,Fiorentina,Piccoli,a,5.0,5.0,5,5
4,Fiorentina,Pioli,all,5.0,4.5,5,"4,5"
4,Genoa,Leali,p,6.5,4.5,"6,5","4,5"
4,Genoa,Martin,d,6.0,6.0,6,6
4,Genoa,Vasquez,d,6.0,6.0,6,6
4,Genoa,Ostigard,d,6.0,5.5,6,"5,5"
4,Genoa,Marcandalli,d,5.5,5.5,"5,5","5,5"
4,Genoa,Norton-Cuffy,d,5.5,5.0,"5,5",5
4,Genoa,Malinovskyi,c,6.5,7.5,"6,5","7,5"
4,Genoa,Frendrup,c,6.0,6.0,6,6
4,Genoa,Ellertsson,c,7.0,10.0,7,10
4,Genoa,Carboni V.,c,5.0,4.5,5,"4,5"
4,Genoa,Masini,c,5.5,5.0,"5,5",5
4,Genoa,Colombo,a,5.5,5.5,"5,5","5,5"
4,Genoa,Ekuban,a,5.5,5.5,"5,5","5,5"
4,Genoa,Vitinha O.,a,5.5,5.0,"5,5",5
4,Genoa,Ekhator,a,5.5,5.5,"5,5","5,5"
4,Genoa,Vieira P.,all,5.5,4.5,"5,5","4,5"
4,Inter,Martinez Jo.,p,6.5,5.5,"6,5","5,5"
4,Inter,Dimarco,d,7.0,9.5,7,"9,5"
4,Inter,Acerbi,d,6.0,6.0,6,6
4,Inter,Akanji,d,6.0,6.0,6,6
4,Inter,Dumfries,d,6.0,6.0,6,6
4,Inter,Carlos Augusto,d,6.5,6.5,"6,5","6,5"
4,Inter,Barella,c,6.0,6.0,6,6
4,Inter,Calhanoglu,c,6.0,5.5,6,"5,5"
4,Inter,Frattesi,c,6.0,6.0,6,6
4,Inter,Luis Henrique,c,6.0,6.0,6,6
4,Inter,Sucic P.,c,7.0,8.0,7,8
4,Inter,Martinez L.,a,6.0,6.0,6,6
4,Inter,Thuram,a,6.0,6.0,6,6
4,Inter,Bonny,a,6.0,6.0,6,6
4,Inter,Esposito F.P.,a,6.5,6.5,"6,5","6,5"
4,Inter,Chivu,all,6.5,6.5,"6,5","6,5"
4,Juventus,Di Gregorio,p,6.5,5.5,"6,5","5,5"
4,Juventus,Kalulu,d,6.0,6.0,6,6
4,Juventus,Cambiaso,d,5.5,5.5,"5,5","5,5"
4,Juventus,Gatti,d,6.0,5.5,6,"5,5"
4,Juventus,Kelly L.,d,5.5,5.0,"5,5",5
4,Juventus,Joao Mario,d,5.0,5.0,5,5
4,Juventus,Locatelli,c,5.5,5.5,"5,5","5,5"
4,Juventus,Thuram K.,c,6.0,6.0,6,6
4,Juventus,Koopmeiners,c,5.5,5.0,"5,5",5
4,Juventus,Zhegrova,c,55.0,55.0,55,55
4,Juventus,Adzic,c,6.0,6.0,6,6
4,Juventus,Conceicao,c,7.0,10.0,7,10
4,Juventus,Vlahovic,a,5.5,5.5,"5,5","5,5"
4,Juventus,David,a,6.0,6.0,6,6
4,Juventus,Openda,a,6.0,6.0,6,6
4,Juventus,Yildiz,a,6.0,6.0,6,6
4,Juventus,Tudor,all,6.0,5.5,6,"5,5"
4,Lazio,Provedel,p,6.5,5.5,"6,5","5,5"
4,Lazio,Romagnoli,d,6.0,6.0,6,6
4,Lazio,Marusic,d,6.0,6.0,6,6
4,Lazio,Pellegrini Lu.,d,6.0,6.0,6,6
4,Lazio,Tavares N.,d,5.0,5.0,5,5
4,Lazio,Gila,d,5.5,5.0,"5,5",5
4,Lazio,Cataldi,c,6.5,6.5,"6,5","6,5"
4,Lazio,Zaccagni,c,5.5,5.5,"5,5","5,5"
4,Lazio,Guendouzi,c,6.0,5.0,6,5
4,Lazio,Rovella,c,6.0,6.0,6,6
4,Lazio,Belahyane,c,4.5,3.5,"4,5","3,5"
4,Lazio,Dele-Bashiru,c,55.0,55.0,55,55
4,Lazio,Pedro,a,6.0,6.0,6,6
4,Lazio,Dia,a,5.0,5.0,5,5
4,Lazio,Castellanos,a,6.0,6.0,6,6
4,Lazio,Noslin,a,55.0,55.0,55,55
4,Lazio,Sarri,all,5.5,5.5,"5,5","5,5"
4,Lecce,Falcone,p,6.5,4.5,"6,5","4,5"
4,Lecce,Gallo,d,5.0,5.0,5,5
4,Lecce,Gaspar K.,d,5.5,5.5,"5,5","5,5"
4,Lecce,Tiago Gabriel,d,6.0,8.5,6,"8,5"
4,Lecce,Kouassi,d,5.5,5.5,"5,5","5,5"
4,Lecce,Ndaba,d,5.5,5.5,"5,5","5,5"
4,Lecce,Sottil,c,6.5,7.5,"6,5","7,5"
4,Lecce,Coulibaly L.,c,6.0,5.5,6,"5,5"
4,Lecce,Ramadani,c,5.5,5.5,"5,5","5,5"
4,Lecce,Kaba,c,5.5,5.5,"5,5","5,5"
4,Lecce,Pierotti,c,6.0,6.0,6,6
4,Lecce,Tete Morente,c,5.5,5.5,"5,5","5,5"
4,Lecce,Sala A.,c,5.5,5.5,"5,5","5,5"
4,Lecce,Camarda,a,6.0,6.0,6,6
4,Lecce,N'Dri,a,55.0,55.0,55,55
4,Lecce,Stulic,a,5.0,5.0,5,5
4,Lecce,Di Francesco,all,5.5,5.5,"5,5","5,5"
4,Milan,Terracciano,p,6.0,6.0,6,6
4,Milan,Gabbia,d,6.0,6.0,6,6
4,Milan,Tomori,d,6.5,6.5,"6,5","6,5"
4,Milan,Pavlovic,d,6.5,6.5,"6,5","6,5"
4,Milan,Estupinan,d,6.5,6.5,"6,5","6,5"
4,Milan,De Winter,d,6.0,6.0,6,6
4,Milan,Athekame,d,55.0,55.0,55,55
4,Milan,Rabiot,c,7.0,8.0,7,8
4,Milan,Pulisic,c,8.5,15.5,"8,5","15,5"
4,Milan,Modric,c,7.0,7.0,7,7
4,Milan,Loftus-Cheek,c,6.5,6.5,"6,5","6,5"
4,Milan,Fofana Y.,c,7.0,10.0,7,10
4,Milan,Saelemaekers,c,7.0,7.0,7,7
4,Milan,Ricci S.,c,6.0,6.0,6,6
4,Milan,Nkunku,a,6.0,6.0,6,6
4,Milan,Gimenez,a,5.5,5.5,"5,5","5,5"
4,Milan,Allegri,all,7.0,7.0,7,7
4,Napoli,Meret,p,6.5,4.5,"6,5","4,5"
4,Napoli,Juan Jesus,d,55.0,55.0,55,55
4,Napoli,Spinazzola,d,7.5,11.0,"7,5",11
4,Napoli,Buongiorno,d,6.5,6.5,"6,5","6,5"
4,Napoli,Di Lorenzo,d,5.0,5.0,5,5
4,Napoli,Beukema,d,5.0,5.0,5,5
4,Napoli,Politano,c,6.5,6.5,"6,5","6,5"
4,Napoli,De Bruyne,c,5.5,5.5,"5,5","5,5"
4,Napoli,Zambo Anguissa,c,6.0,6.0,6,6
4,Napoli,Lobotka,c,6.0,6.0,6,6
4,Napoli,Elmas,c,5.5,5.5,"5,5","5,5"
4,Napoli,McTominay,c,6.5,7.5,"6,5","7,5"
4,Napoli,Gilmour,c,7.0,10.0,7,10
4,Napoli,Hojlund,a,5.5,5.5,"5,5","5,5"
4,Napoli,Lucca,a,7.0,10.0,7,10
4,Napoli,Conte,all,6.0,6.0,6,6
4,Parma,Suzuki,p,6.0,6.0,6,6
4,Parma,Valeri,d,6.0,6.0,6,6
4,Parma,Circati,d,6.5,6.5,"6,5","6,5"
4,Parma,Delprato,d,6.0,6.0,6,6
4,Parma,Lovik,d,55.0,55.0,55,55
4,Parma,Ndiaye,d,6.0,6.0,6,6
4,Parma,Oristanio,c,6.0,6.0,6,6
4,Parma,Bernabè,c,6.5,6.5,"6,5","6,5"
4,Parma,Keita M.,c,6.0,6.0,6,6
4,Parma,Ordonez C.,c,55.0,55.0,55,55
4,Parma,Sorensen O.,c,5.5,5.5,"5,5","5,5"
4,Parma,Cutrone,a,5.5,5.5,"5,5","5,5"
4,Parma,Djuric,a,55.0,55.0,55,55
4,Parma,Almqvist,a,6.0,6.0,6,6
4,Parma,Pellegrino M.,a,6.0,6.0,6,6
4,Parma,Cuesta,all,6.0,6.0,6,6
4,Pisa,Semper,p,5.5,2.5,"5,5","2,5"
4,Pisa,Cuadrado,d,6.0,6.0,6,6
4,Pisa,Caracciolo A.,d,6.0,5.5,6,"5,5"
4,Pisa,Mateus Lusuardi,d,5.5,5.0,"5,5",5
4,Pisa,Bonfanti,d,5.0,5.0,5,5
4,Pisa,Canestrelli,d,5.5,5.5,"5,5","5,5"
4,Pisa,Angori,d,6.5,7.5,"6,5","7,5"
4,Pisa,Leris,c,6.0,6.0,6,6
4,Pisa,Tramoni M.,c,5.5,5.5,"5,5","5,5"
4,Pisa,Aebischer,c,6.0,6.0,6,6
4,Pisa,Akinsanmiro,c,6.0,6.0,6,6
4,Pisa,Marin M.,c,5.0,5.0,5,5
4,Pisa,Lorran,c,6.5,9.5,"6,5","9,5"
4,Pisa,Nzola,a,7.0,10.0,7,10
4,Pisa,Moreo,a,5.5,5.5,"5,5","5,5"
4,Pisa,Meister,a,5.5,5.5,"5,5","5,5"
4,Pisa,Gilardino,all,6.0,5.5,6,"5,5"
4,Roma,Svilar,p,6.0,6.0,6,6
4,Roma,Mancini,d,6.0,6.0,6,6
4,Roma,N'Dicka,d,6.0,5.5,6,"5,5"
4,Roma,Celik,d,6.5,6.5,"6,5","6,5"
4,Roma,Angelino,d,6.0,6.0,6,6
4,Roma,Tsimikas,d,55.0,55.0,55,55
4,Roma,Rensch,d,7.0,7.0,7,7
4,Roma,Pellegrini Lo.,c,7.0,10.0,7,10
4,Roma,Cristante,c,6.0,6.0,6,6
4,Roma,Konè M.,c,7.0,7.0,7,7
4,Roma,Baldanzi,c,6.0,6.0,6,6
4,Roma,Pisilli,c,6.0,6.0,6,6
4,Roma,El Aynaoui,c,55.0,55.0,55,55
4,Roma,Soulè,a,6.5,7.5,"6,5","7,5"
4,Roma,Ferguson E.,a,6.0,6.0,6,6
4,Roma,Dovbyk,a,5.5,5.5,"5,5","5,5"
4,Roma,Gasperini,all,6.5,6.5,"6,5","6,5"
4,Sassuolo,Muric,p,7.0,5.0,7,5
4,Sassuolo,Doig,d,6.0,6.0,6,6
4,Sassuolo,Coulibaly W.,d,4.5,4.5,"4,5","4,5"
4,Sassuolo,Idzes,d,6.0,6.0,6,6
4,Sassuolo,Muharemovic,d,5.0,2.5,5,"2,5"
4,Sassuolo,Matic,c,5.5,5.5,"5,5","5,5"
4,Sassuolo,Vranckx,c,6.0,6.0,6,6
4,Sassuolo,Volpato,c,6.0,6.0,6,6
4,Sassuolo,Thorstvedt,c,6.0,6.0,6,6
4,Sassuolo,Konè I.,c,6.5,6.5,"6,5","6,5"
4,Sassuolo,Fadera,c,6.0,6.0,6,6
4,Sassuolo,Berardi,a,6.5,7.5,"6,5","7,5"
4,Sassuolo,Pierini,a,55.0,55.0,55,55
4,Sassuolo,Pinamonti,a,6.0,6.0,6,6
4,Sassuolo,Laurientè,a,6.0,6.0,6,6
4,Sassuolo,Cheddira,a,6.5,9.5,"6,5","9,5"
4,Sassuolo,Grosso,all,5.5,5.5,"5,5","5,5"
4,Torino,Israel,p,6.0,3.0,6,3
4,Torino,Biraghi,d,5.0,5.0,5,5
4,Torino,Lazaro,d,5.0,5.0,5,5
4,Torino,Maripan,d,4.5,4.5,"4,5","4,5"
4,Torino,Ismajli,d,5.0,5.0,5,5
4,Torino,Coco,d,5.0,5.0,5,5
4,Torino,Tameze,c,6.0,6.0,6,6
4,Torino,Ilic,c,5.5,5.5,"5,5","5,5"
4,Torino,Vlasic,c,5.5,5.5,"5,5","5,5"
4,Torino,Asllani,c,5.0,5.0,5,5
4,Torino,Casadei,c,5.5,5.5,"5,5","5,5"
4,Torino,Anjorin,c,55.0,55.0,55,55
4,Torino,Zapata D.,a,5.0,2.0,5,2
4,Torino,Simeone,a,6.0,6.0,6,6
4,Torino,Adams C.,a,5.5,5.5,"5,5","5,5"
4,Torino,Aboukhlal,a,5.5,5.5,"5,5","5,5"
4,Torino,Baroni,all,4.0,4.0,4,4
4,Udinese,Sava,p,5.0,2.0,5,2
4,Udinese,Zanoli,d,6.0,6.0,6,6
4,Udinese,Ehizibue,d,5.0,5.0,5,5
4,Udinese,Zemura,d,5.0,4.5,5,"4,5"
4,Udinese,Kristensen T.,d,5.0,5.0,5,5
4,Udinese,Rui Modesto,d,5.5,5.5,"5,5","5,5"
4,Udinese,Solet,d,5.5,5.5,"5,5","5,5"
4,Udinese,Zaniolo,c,6.0,6.0,6,6
4,Udinese,Zarraga,c,5.0,5.0,5,5
4,Udinese,Karlstrom,c,4.5,4.5,"4,5","4,5"
4,Udinese,Ekkelenkamp,c,5.0,5.0,5,5
4,Udinese,Atta,c,6.0,5.5,6,"5,5"
4,Udinese,Miller L.,c,55.0,55.0,55,55
4,Udinese,Davis K.,a,5.5,5.5,"5,5","5,5"
4,Udinese,Bravo,a,5.5,5.5,"5,5","5,5"
4,Udinese,Buksa,a,5.5,5.5,"5,5","5,5"
4,Udinese,Runjaic,all,4.5,4.5,"4,5","4,5"
4,Verona,Montipò,p,6.5,5.5,"6,5","5,5"
4,Verona,Bradaric,d,6.0,6.0,6,6
4,Verona,Frese,d,6.5,6.5,"6,5","6,5"
4,Verona,Unai Nunez,d,6.5,6.5,"6,5","6,5"
4,Verona,Nelsson,d,6.5,6.5,"6,5","6,5"
4,Verona,Belghali,d,7.0,7.0,7,7
4,Verona,Kastanos,c,55.0,55.0,55,55
4,Verona,Akpa Akpro,c,5.5,5.0,"5,5",5
4,Verona,Niasse,c,55.0,55.0,55,55
4,Verona,Serdar,c,6.5,6.5,"6,5","6,5"
4,Verona,Bernede,c,5.5,5.0,"5,5",5
4,Verona,Santiago,c,55.0,55.0,55,55
4,Verona,Sarr A.,a,6.0,6.0,6,6
4,Verona,Orban G.,a,7.5,10.0,"7,5",10
4,Verona,Ajayi,a,55.0,55.0,55,55
4,Verona,Giovane,a,6.0,6.0,6,6
4,Verona,Zanetti,all,6.5,6.5,"6,5","6,5"
5,Atalanta,Carnesecchi,p,6.5,5.5,"6,5","5,5"
5,Atalanta,Zappacosta,d,6.0,5.5,6,"5,5"
5,Atalanta,Djimsiti,d,6.0,6.0,6,6
5,Atalanta,Bellanova,d,6.5,6.5,"6,5","6,5"
5,Atalanta,Kossounou,d,5.0,5.0,5,5
5,Atalanta,Ahanor,d,6.5,6.5,"6,5","6,5"
5,Atalanta,De Roon,c,5.5,4.5,"5,5","4,5"
5,Atalanta,Pasalic,c,6.0,6.0,6,6
5,Atalanta,Brescianini,c,55.0,55.0,55,55
5,Atalanta,Samardzic,c,6.5,6.5,"6,5","6,5"
5,Atalanta,Musah,c,6.0,6.0,6,6
5,Atalanta,Sulemana K.,a,7.5,10.5,"7,5","10,5"
5,Atalanta,De Ketelaere,a,6.0,6.0,6,6
5,Atalanta,Krstovic,a,5.5,5.5,"5,5","5,5"
5,Atalanta,Juric,all,6.0,6.0,6,6
5,Bologna,Skorupski,p,6.5,4.5,"6,5","4,5"
5,Bologna,De Silvestri,d,55.0,55.0,55,55
5,Bologna,Miranda J.,d,5.0,5.0,5,5
5,Bologna,Holm,d,6.5,7.5,"6,5","7,5"
5,Bologna,Lucumì,d,5.5,5.5,"5,5","5,5"
5,Bologna,Heggem,d,6.0,6.0,6,6
5,Bologna,Bernardeschi,c,5.0,4.5,5,"4,5"
5,Bologna,Orsolini,c,6.5,9.5,"6,5","9,5"
5,Bologna,Odgaard,c,7.0,10.0,7,10
5,Bologna,Ferguson,c,6.0,6.0,6,6
5,Bologna,Moro N.,c,6.0,6.0,6,6
5,Bologna,Fabbian,c,5.0,5.0,5,5
5,Bologna,Rowe,c,6.5,6.5,"6,5","6,5"
5,Bologna,Cambiaghi,a,6.0,6.0,6,6
5,Bologna,Castro S.,a,6.0,6.0,6,6
5,Bologna,Dallinga,a,6.0,5.5,6,"5,5"
5,Bologna,Italiano,all,5.5,5.5,"5,5","5,5"
5,Cagliari,Caprile,p,6.5,4.5,"6,5","4,5"
5,Cagliari,Luperto,d,5.5,5.5,"5,5","5,5"
5,Cagliari,Mina,d,5.5,5.5,"5,5","5,5"
5,Cagliari,Obert,d,5.5,5.5,"5,5","5,5"
5,Cagliari,Palestra,d,6.0,6.0,6,6
5,Cagliari,Idrissi R.,d,6.0,6.0,6,6
5,Cagliari,Zè Pedro,d,5.5,5.5,"5,5","5,5"
5,Cagliari,Deiola,c,6.0,6.0,6,6
5,Cagliari,Gaetano,c,6.0,6.0,6,6
5,Cagliari,Adopo,c,5.5,5.5,"5,5","5,5"
5,Cagliari,Folorunsho,c,6.0,6.0,6,6
5,Cagliari,Prati,c,6.0,6.0,6,6
5,Cagliari,Felici,c,6.0,6.0,6,6
5,Cagliari,Belotti,a,6.0,6.0,6,6
5,Cagliari,Esposito Se.,a,6.0,6.0,6,6
5,Cagliari,Borrelli,a,6.0,6.0,6,6
5,Cagliari,Pisacane,all,5.5,5.5,"5,5","5,5"
5,Como,Butez,p,6.0,5.0,6,5
5,Como,Diego Carlos,d,6.0,6.0,6,6
5,Como,Posch,d,6.0,6.0,6,6
5,Como,Valle,d,6.0,6.0,6,6
5,Como,Ramon,d,6.0,5.5,6,"5,5"
5,Como,Kempf,d,5.5,5.5,"5,5","5,5"
5,Como,Sergi Roberto,c,6.0,6.0,6,6
5,Como,Caqueret,c,6.0,6.0,6,6
5,Como,Da Cunha,c,6.0,5.5,6,"5,5"
5,Como,Perrone,c,6.0,5.5,6,"5,5"
5,Como,Paz N.,c,7.0,10.0,7,10
5,Como,Morata,a,55.0,55.0,55,55
5,Como,Douvikas,a,6.5,6.5,"6,5","6,5"
5,Como,Addai,a,5.5,5.5,"5,5","5,5"
5,Como,Kuhn,a,5.5,5.5,"5,5","5,5"
5,Como,Rodriguez Je.,a,5.0,5.0,5,5
5,Como,Fabregas,all,5.5,5.0,"5,5",5
5,Cremonese,Silvestri,p,6.5,5.5,"6,5","5,5"
5,Cremonese,Bianchetti,d,6.5,6.5,"6,5","6,5"
5,Cremonese,Pezzella Giu.,d,6.0,6.0,6,6
5,Cremonese,Terracciano F.,d,5.5,5.5,"5,5","5,5"
5,Cremonese,Baschirotto,d,7.0,9.5,7,"9,5"
5,Cremonese,Floriani Mussolini,d,6.0,5.5,6,"5,5"
5,Cremonese,Grassi,c,6.0,6.0,6,6
5,Cremonese,Vazquez,c,6.5,7.5,"6,5","7,5"
5,Cremonese,Bondo,c,6.5,6.5,"6,5","6,5"
5,Cremonese,Zerbin,c,5.5,5.5,"5,5","5,5"
5,Cremonese,Payero,c,5.5,5.0,"5,5",5
5,Cremonese,Sarmiento J.,c,55.0,55.0,55,55
5,Cremonese,Vandeputte,c,6.0,6.0,6,6
5,Cremonese,Sanabria,a,6.0,5.5,6,"5,5"
5,Cremonese,Bonazzoli,a,6.0,6.0,6,6
5,Cremonese,Johnsen,a,5.5,5.5,"5,5","5,5"
5,Cremonese,Nicola,all,6.5,6.5,"6,5","6,5"
5,Fiorentina,De Gea,p,6.0,6.0,6,6
5,Fiorentina,Gosens,d,6.0,6.0,6,6
5,Fiorentina,Ranieri L.,d,6.0,6.0,6,6
5,Fiorentina,Marì,d,5.5,5.5,"5,5","5,5"
5,Fiorentina,Pongracic,d,6.0,6.0,6,6
5,Fiorentina,Dodò,d,5.0,5.0,5,5
5,Fiorentina,Mandragora,c,5.5,5.5,"5,5","5,5"
5,Fiorentina,Nicolussi Caviglia,c,5.5,5.5,"5,5","5,5"
5,Fiorentina,Sohm,c,55.0,55.0,55,55
5,Fiorentina,Gudmundsson A.,c,5.0,5.0,5,5
5,Fiorentina,Fazzini,c,6.0,6.0,6,6
5,Fiorentina,Dzeko,a,55.0,55.0,55,55
5,Fiorentina,Kean,a,5.5,5.0,"5,5",5
5,Fiorentina,Piccoli,a,6.0,6.0,6,6
5,Fiorentina,Pioli,all,5.5,5.5,"5,5","5,5"
5,Genoa,Leali,p,6.0,3.0,6,3
5,Genoa,Martin,d,5.5,5.5,"5,5","5,5"
5,Genoa,Vasquez,d,5.0,4.5,5,"4,5"
5,Genoa,Ostigard,d,4.5,4.0,"4,5",4
5,Genoa,Norton-Cuffy,d,5.0,4.5,5,"4,5"
5,Genoa,Malinovskyi,c,5.5,5.0,"5,5",5
5,Genoa,Frendrup,c,5.0,5.0,5,5
5,Genoa,Ellertsson,c,5.5,5.5,"5,5","5,5"
5,Genoa,Carboni V.,c,5.5,5.5,"5,5","5,5"
5,Genoa,Masini,c,5.5,5.0,"5,5",5
5,Genoa,Venturino,c,55.0,55.0,55,55
5,Genoa,Stanciu,c,5.5,5.5,"5,5","5,5"
5,Genoa,Colombo,a,5.0,5.0,5,5
5,Genoa,Ekuban,a,5.5,5.5,"5,5","5,5"
5,Genoa,Vitinha O.,a,5.5,5.5,"5,5","5,5"
5,Genoa,Ekhator,a,5.5,5.5,"5,5","5,5"
5,Genoa,Vieira P.,all,4.5,4.5,"4,5","4,5"
5,Inter,Martinez Jo.,p,6.0,6.0,6,6
5,Inter,Dimarco,d,7.0,8.0,7,8
5,Inter,De Vrij,d,6.0,6.0,6,6
5,Inter,Bastoni,d,7.0,8.0,7,8
5,Inter,Akanji,d,6.5,6.5,"6,5","6,5"
5,Inter,Dumfries,d,6.0,6.0,6,6
5,Inter,Carlos Augusto,d,6.0,5.5,6,"5,5"
5,Inter,Barella,c,6.5,6.0,"6,5",6
5,Inter,Calhanoglu,c,6.5,6.5,"6,5","6,5"
5,Inter,Mkhitaryan,c,6.5,6.5,"6,5","6,5"
5,Inter,Frattesi,c,6.0,6.0,6,6
5,Inter,Luis Henrique,c,6.0,6.0,6,6
5,Inter,Martinez L.,a,7.0,10.0,7,10
5,Inter,Thuram,a,6.5,6.5,"6,5","6,5"
5,Inter,Bonny,a,55.0,55.0,55,55
5,Inter,Esposito F.P.,a,7.0,10.0,7,10
5,Inter,Chivu,all,7.0,7.0,7,7
5,Juventus,Di Gregorio,p,6.0,5.0,6,5
5,Juventus,Bremer,d,5.5,5.5,"5,5","5,5"
5,Juventus,Kalulu,d,6.5,6.5,"6,5","6,5"
5,Juventus,Cambiaso,d,6.0,6.0,6,6
5,Juventus,Gatti,d,5.5,5.5,"5,5","5,5"
5,Juventus,Cabal,d,7.0,10.0,7,10
5,Juventus,Kelly L.,d,6.0,6.0,6,6
5,Juventus,Joao Mario,d,6.0,7.0,6,7
5,Juventus,McKennie,c,6.0,6.0,6,6
5,Juventus,Thuram K.,c,5.5,5.5,"5,5","5,5"
5,Juventus,Koopmeiners,c,6.0,6.0,6,6
5,Juventus,Zhegrova,c,6.5,6.5,"6,5","6,5"
5,Juventus,Adzic,c,5.0,5.0,5,5
5,Juventus,Vlahovic,a,5.5,5.5,"5,5","5,5"
5,Juventus,Openda,a,5.0,5.0,5,5
5,Juventus,Yildiz,a,6.0,6.0,6,6
5,Juventus,Tudor,all,5.5,5.5,"5,5","5,5"
5,Lazio,Provedel,p,6.5,6.5,"6,5","6,5"
5,Lazio,Hysaj,d,6.0,6.0,6,6
5,Lazio,Patric,d,55.0,55.0,55,55
5,Lazio,Romagnoli,d,6.5,6.5,"6,5","6,5"
5,Lazio,Marusic,d,6.5,7.5,"6,5","7,5"
5,Lazio,Pellegrini Lu.,d,6.5,6.5,"6,5","6,5"
5,Lazio,Tavares N.,d,6.0,6.0,6,6
5,Lazio,Gila,d,6.5,6.5,"6,5","6,5"
5,Lazio,Provstgaard,d,55.0,55.0,55,55
5,Lazio,Cataldi,c,6.0,5.5,6,"5,5"
5,Lazio,Zaccagni,c,7.0,10.0,7,10
5,Lazio,Basic,c,6.0,6.0,6,6
5,Lazio,Pedro,a,55.0,55.0,55,55
5,Lazio,Cancellieri,a,7.5,10.5,"7,5","10,5"
5,Lazio,Dia,a,6.0,6.0,6,6
5,Lazio,Castellanos,a,7.5,11.5,"7,5","11,5"
5,Lazio,Sarri,all,7.5,7.5,"7,5","7,5"
5,Lecce,Falcone,p,6.5,4.5,"6,5","4,5"
5,Lecce,Gallo,d,6.5,6.0,"6,5",6
5,Lecce,Gaspar K.,d,6.0,5.5,6,"5,5"
5,Lecce,Tiago Gabriel,d,5.5,5.5,"5,5","5,5"
5,Lecce,Veiga D.,d,6.0,6.0,6,6
5,Lecce,Kouassi,d,5.0,5.0,5,5
5,Lecce,Ndaba,d,6.0,6.0,6,6
5,Lecce,Coulibaly L.,c,7.5,10.5,"7,5","10,5"
5,Lecce,Berisha M.,c,6.5,7.5,"6,5","7,5"
5,Lecce,Ramadani,c,6.0,5.5,6,"5,5"
5,Lecce,Pierotti,c,6.5,6.5,"6,5","6,5"
5,Lecce,Tete Morente,c,6.5,6.5,"6,5","6,5"
5,Lecce,Banda,a,6.0,6.0,6,6
5,Lecce,Camarda,a,7.0,9.5,7,"9,5"
5,Lecce,N'Dri,a,6.0,6.0,6,6
5,Lecce,Stulic,a,5.5,5.5,"5,5","5,5"
5,Lecce,Di Francesco,all,6.5,6.5,"6,5","6,5"
5,Milan,Maignan,p,7.0,6.0,7,6
5,Milan,Gabbia,d,6.0,6.0,6,6
5,Milan,Tomori,d,5.5,5.5,"5,5","5,5"
5,Milan,Pavlovic,d,6.5,6.5,"6,5","6,5"
5,Milan,Estupinan,d,5.0,4.0,5,4
5,Milan,De Winter,d,6.0,6.0,6,6
5,Milan,Bartesaghi,d,6.0,6.0,6,6
5,Milan,Athekame,d,5.5,5.5,"5,5","5,5"
5,Milan,Rabiot,c,6.5,6.0,"6,5",6
5,Milan,Pulisic,c,8.0,12.0,8,12
5,Milan,Modric,c,7.0,7.0,7,7
5,Milan,Loftus-Cheek,c,6.0,6.0,6,6
5,Milan,Fofana Y.,c,6.5,7.5,"6,5","7,5"
5,Milan,Saelemaekers,c,7.0,10.0,7,10
5,Milan,Leao,a,5.5,5.5,"5,5","5,5"
5,Milan,Gimenez,a,5.5,5.5,"5,5","5,5"
5,Milan,Allegri,all,7.0,7.0,7,7
5,Napoli,Meret,p,6.0,4.0,6,4
5,Napoli,Juan Jesus,d,5.5,5.5,"5,5","5,5"
5,Napoli,Di Lorenzo,d,6.0,6.0,6,6
5,Napoli,Gutierrez,d,5.5,5.5,"5,5","5,5"
5,Napoli,Marianucci,d,4.5,4.5,"4,5","4,5"
5,Napoli,Politano,c,6.0,6.0,6,6
5,Napoli,De Bruyne,c,6.5,9.5,"6,5","9,5"
5,Napoli,Zambo Anguissa,c,5.5,5.5,"5,5","5,5"
5,Napoli,Lobotka,c,6.0,6.0,6,6
5,Napoli,Elmas,c,6.0,6.0,6,6
5,Napoli,McTominay,c,6.0,6.0,6,6
5,Napoli,Gilmour,c,55.0,55.0,55,55
5,Napoli,Neres,c,6.5,6.5,"6,5","6,5"
5,Napoli,Hojlund,a,5.5,5.5,"5,5","5,5"
5,Napoli,Lucca,a,5.5,5.5,"5,5","5,5"
5,Napoli,Lang,a,6.0,6.0,6,6
5,Napoli,Conte,all,5.0,5.0,5,5
5,Parma,Suzuki,p,6.0,5.0,6,5
5,Parma,Valeri,d,7.0,8.0,7,8
5,Parma,Circati,d,6.5,6.5,"6,5","6,5"
5,Parma,Delprato,d,6.0,5.5,6,"5,5"
5,Parma,Ndiaye,d,5.5,5.0,"5,5",5
5,Parma,Britschgi,d,6.0,6.0,6,6
5,Parma,Estevez,c,55.0,55.0,55,55
5,Parma,Oristanio,c,5.0,5.0,5,5
5,Parma,Bernabè,c,6.0,6.0,6,6
5,Parma,Keita M.,c,6.0,6.0,6,6
5,Parma,Sorensen O.,c,55.0,55.0,55,55
5,Parma,Cutrone,a,5.5,5.5,"5,5","5,5"
5,Parma,Djuric,a,55.0,55.0,55,55
5,Parma,Benedyczak,a,6.0,6.0,6,6
5,Parma,Pellegrino M.,a,7.5,13.0,"7,5",13
5,Parma,Cuesta,all,7.0,7.0,7,7
5,Pisa,Semper,p,6.0,6.0,6,6
5,Pisa,Cuadrado,d,6.5,6.5,"6,5","6,5"
5,Pisa,Caracciolo A.,d,6.0,6.0,6,6
5,Pisa,Bonfanti,d,6.5,6.5,"6,5","6,5"
5,Pisa,Canestrelli,d,6.0,6.0,6,6
5,Pisa,Leris,c,5.5,5.5,"5,5","5,5"
5,Pisa,Tramoni M.,c,5.5,5.5,"5,5","5,5"
5,Pisa,Aebischer,c,6.0,6.0,6,6
5,Pisa,Akinsanmiro,c,6.5,6.5,"6,5","6,5"
5,Pisa,Tourè I.,c,6.5,6.5,"6,5","6,5"
5,Pisa,Hojholt,c,6.0,6.0,6,6
5,Pisa,Marin M.,c,6.0,6.0,6,6
5,Pisa,Vural,c,6.0,6.0,6,6
5,Pisa,Nzola,a,6.0,6.0,6,6
5,Pisa,Moreo,a,55.0,55.0,55,55
5,Pisa,Meister,a,6.0,6.0,6,6
5,Pisa,Gilardino,all,6.5,6.5,"6,5","6,5"
5,Roma,Svilar,p,7.0,7.0,7,7
5,Roma,Mancini,d,6.0,6.0,6,6
5,Roma,N'Dicka,d,5.5,5.5,"5,5","5,5"
5,Roma,Celik,d,6.5,7.5,"6,5","7,5"
5,Roma,Angelino,d,6.0,6.0,6,6
5,Roma,Hermoso,d,6.0,6.0,6,6
5,Roma,Tsimikas,d,6.0,6.0,6,6
5,Roma,Wesley,d,5.5,5.5,"5,5","5,5"
5,Roma,Ziolkowski,d,6.0,6.0,6,6
5,Roma,Pellegrini Lo.,c,6.0,6.0,6,6
5,Roma,Cristante,c,6.0,6.0,6,6
5,Roma,El Shaarawy,c,55.0,55.0,55,55
5,Roma,Konè M.,c,6.5,6.5,"6,5","6,5"
5,Roma,Soulè,a,6.5,9.5,"6,5","9,5"
5,Roma,Ferguson E.,a,6.0,6.0,6,6
5,Roma,Dovbyk,a,7.0,10.0,7,10
5,Roma,Gasperini,all,6.5,6.5,"6,5","6,5"
5,Sassuolo,Muric,p,6.0,5.0,6,5
5,Sassuolo,Walukiewicz,d,6.5,6.5,"6,5","6,5"
5,Sassuolo,Doig,d,6.0,6.0,6,6
5,Sassuolo,Coulibaly W.,d,55.0,55.0,55,55
5,Sassuolo,Idzes,d,6.0,6.0,6,6
5,Sassuolo,Muharemovic,d,5.5,5.5,"5,5","5,5"
5,Sassuolo,Matic,c,6.5,6.5,"6,5","6,5"
5,Sassuolo,Vranckx,c,6.0,6.0,6,6
5,Sassuolo,Thorstvedt,c,6.0,6.0,6,6
5,Sassuolo,Konè I.,c,7.0,10.0,7,10
5,Sassuolo,Fadera,c,6.5,7.5,"6,5","7,5"
5,Sassuolo,Iannoni,c,7.0,10.0,7,10
5,Sassuolo,Berardi,a,7.0,8.0,7,8
5,Sassuolo,Pinamonti,a,6.0,6.0,6,6
5,Sassuolo,Laurientè,a,7.5,11.5,"7,5","11,5"
5,Sassuolo,Cheddira,a,55.0,55.0,55,55
5,Sassuolo,Grosso,all,7.0,7.0,7,7
5,Torino,Israel,p,6.0,4.0,6,4
5,Torino,Biraghi,d,5.5,5.5,"5,5","5,5"
5,Torino,Lazaro,d,6.0,6.0,6,6
5,Torino,Maripan,d,5.5,5.5,"5,5","5,5"
5,Torino,Ismajli,d,5.5,5.5,"5,5","5,5"
5,Torino,Nkounkou,d,6.0,5.5,6,"5,5"
5,Torino,Coco,d,6.5,7.5,"6,5","7,5"
5,Torino,Tameze,c,6.0,6.0,6,6
5,Torino,Vlasic,c,5.0,5.0,5,5
5,Torino,Asllani,c,6.0,6.0,6,6
5,Torino,Casadei,c,5.5,5.5,"5,5","5,5"
5,Torino,Simeone,a,5.5,5.5,"5,5","5,5"
5,Torino,Ngonge,a,7.5,10.0,"7,5",10
5,Torino,Adams C.,a,55.0,55.0,55,55
5,Torino,Njie,a,55.0,55.0,55,55
5,Torino,Aboukhlal,a,55.0,55.0,55,55
5,Torino,Baroni,all,5.5,5.0,"5,5",5
5,Udinese,Sava,p,6.0,3.0,6,3
5,Udinese,Zanoli,d,5.5,5.5,"5,5","5,5"
5,Udinese,Ehizibue,d,5.5,5.0,"5,5",5
5,Udinese,Zemura,d,5.5,5.5,"5,5","5,5"
5,Udinese,Kristensen T.,d,5.0,5.0,5,5
5,Udinese,Palma,d,4.5,4.5,"4,5","4,5"
5,Udinese,Solet,d,6.0,6.0,6,6
5,Udinese,Zaniolo,c,6.0,5.5,6,"5,5"
5,Udinese,Lovric,c,55.0,55.0,55,55
5,Udinese,Karlstrom,c,5.5,5.5,"5,5","5,5"
5,Udinese,Ekkelenkamp,c,6.0,6.0,6,6
5,Udinese,Atta,c,6.0,6.0,6,6
5,Udinese,Piotrowski,c,5.0,4.5,5,"4,5"
5,Udinese,Miller L.,c,6.0,6.0,6,6
5,Udinese,Davis K.,a,7.0,10.0,7,10
5,Udinese,Gueye,a,6.0,6.0,6,6
5,Udinese,Runjaic,all,5.0,5.0,5,5
5,Verona,Montipò,p,6.5,4.5,"6,5","4,5"
5,Verona,Bradaric,d,6.0,6.0,6,6
5,Verona,Frese,d,6.0,6.0,6,6
5,Verona,Unai Nunez,d,5.5,5.0,"5,5",5
5,Verona,Nelsson,d,5.0,5.0,5,5
5,Verona,Belghali,d,6.5,6.0,"6,5",6
5,Verona,Cham,d,55.0,55.0,55,55
5,Verona,Bella-Kotchap,d,55.0,55.0,55,55
5,Verona,Gagliardini,c,5.5,5.0,"5,5",5
5,Verona,Kastanos,c,55.0,55.0,55,55
5,Verona,Akpa Akpro,c,5.5,5.0,"5,5",5
5,Verona,Serdar,c,5.5,5.5,"5,5","5,5"
5,Verona,Bernede,c,6.0,6.0,6,6
5,Verona,Sarr A.,a,5.5,5.5,"5,5","5,5"
5,Verona,Orban G.,a,5.0,5.0,5,5
5,Verona,Giovane,a,5.0,5.0,5,5
5,Verona,Zanetti,all,5.5,5.5,"5,5","5,5"
6,Atalanta,Carnesecchi,p,6.5,5.5,"6,5","5,5"
6,Atalanta,Zappacosta,d,6.0,6.0,6,6
6,Atalanta,Djimsiti,d,6.0,5.5,6,"5,5"
6,Atalanta,Hien,d,7.0,7.0,7,7
6,Atalanta,Ahanor,d,6.5,6.5,"6,5","6,5"
6,Atalanta,Bernasconi,d,6.0,6.0,6,6
6,Atalanta,Pasalic,c,6.0,6.0,6,6
6,Atalanta,Maldini,c,6.0,6.0,6,6
6,Atalanta,Brescianini,c,6.0,6.0,6,6
6,Atalanta,Samardzic,c,7.0,10.0,7,10
6,Atalanta,Musah,c,6.0,6.0,6,6
6,Atalanta,Ederson D.S.,c,6.0,6.0,6,6
6,Atalanta,Lookman,a,5.5,5.5,"5,5","5,5"
6,Atalanta,Sulemana K.,a,6.0,6.0,6,6
6,Atalanta,Krstovic,a,6.0,6.0,6,6
6,Atalanta,Juric,all,6.0,6.0,6,6
6,Bologna,Skorupski,p,6.0,6.0,6,6
6,Bologna,Zortea,d,6.0,6.0,6,6
6,Bologna,Miranda J.,d,6.5,6.5,"6,5","6,5"
6,Bologna,Lucumì,d,6.5,6.5,"6,5","6,5"
6,Bologna,Heggem,d,6.5,6.5,"6,5","6,5"
6,Bologna,Bernardeschi,c,6.0,6.0,6,6
6,Bologna,Freuler,c,6.5,6.5,"6,5","6,5"
6,Bologna,Orsolini,c,7.0,10.0,7,10
6,Bologna,Odgaard,c,6.5,9.5,"6,5","9,5"
6,Bologna,Pobega,c,6.0,6.0,6,6
6,Bologna,Moro N.,c,7.0,10.0,7,10
6,Bologna,Fabbian,c,6.0,6.0,6,6
6,Bologna,Rowe,c,6.5,6.5,"6,5","6,5"
6,Bologna,Cambiaghi,a,8.0,12.0,8,12
6,Bologna,Dallinga,a,6.0,7.0,6,7
6,Bologna,Dominguez B.,a,6.0,6.0,6,6
6,Bologna,Italiano,all,7.0,7.0,7,7
6,Cagliari,Caprile,p,7.0,6.0,7,6
6,Cagliari,Mina,d,6.0,6.0,6,6
6,Cagliari,Di Pardo,d,5.5,5.5,"5,5","5,5"
6,Cagliari,Obert,d,6.0,5.5,6,"5,5"
6,Cagliari,Palestra,d,5.5,5.5,"5,5","5,5"
6,Cagliari,Zè Pedro,d,5.0,5.0,5,5
6,Cagliari,Deiola,c,5.5,5.5,"5,5","5,5"
6,Cagliari,Adopo,c,6.0,6.0,6,6
6,Cagliari,Folorunsho,c,6.0,6.0,6,6
6,Cagliari,Prati,c,6.0,6.0,6,6
6,Cagliari,Felici,c,5.5,5.0,"5,5",5
6,Cagliari,Cavuoti,c,55.0,55.0,55,55
6,Cagliari,Pavoletti,a,55.0,55.0,55,55
6,Cagliari,Esposito Se.,a,5.5,5.5,"5,5","5,5"
6,Cagliari,Luvumbo,a,6.0,6.0,6,6
6,Cagliari,Borrelli,a,7.0,10.0,7,10
6,Cagliari,Pisacane,all,6.0,6.0,6,6
6,Como,Butez,p,6.0,5.0,6,5
6,Como,Diego Carlos,d,6.5,6.0,"6,5",6
6,Como,Vojvoda,d,6.0,6.0,6,6
6,Como,Posch,d,55.0,55.0,55,55
6,Como,Valle,d,6.0,6.0,6,6
6,Como,Ramon,d,5.5,5.5,"5,5","5,5"
6,Como,Kempf,d,55.0,55.0,55,55
6,Como,Smolcic I.,d,5.5,5.0,"5,5",5
6,Como,Caqueret,c,6.0,6.0,6,6
6,Como,Da Cunha,c,6.0,6.0,6,6
6,Como,Perrone,c,7.0,10.0,7,10
6,Como,Paz N.,c,6.0,6.0,6,6
6,Como,Baturina,c,5.0,5.0,5,5
6,Como,Morata,a,5.5,5.5,"5,5","5,5"
6,Como,Douvikas,a,5.5,5.5,"5,5","5,5"
6,Como,Addai,a,6.0,5.5,6,"5,5"
6,Como,Fabregas,all,6.0,6.0,6,6
6,Cremonese,Silvestri,p,6.5,2.5,"6,5","2,5"
6,Cremonese,Bianchetti,d,5.0,5.0,5,5
6,Cremonese,Pezzella Giu.,d,4.5,4.0,"4,5",4
6,Cremonese,Ceccherini,d,5.0,5.0,5,5
6,Cremonese,Baschirotto,d,5.0,5.0,5,5
6,Cremonese,Barbieri,d,6.0,6.0,6,6
6,Cremonese,Faye,d,5.5,5.5,"5,5","5,5"
6,Cremonese,Floriani Mussolini,d,4.5,4.5,"4,5","4,5"
6,Cremonese,Grassi,c,5.0,5.0,5,5
6,Cremonese,Vazquez,c,5.5,5.5,"5,5","5,5"
6,Cremonese,Bondo,c,5.0,5.0,5,5
6,Cremonese,Vandeputte,c,6.0,7.0,6,7
6,Cremonese,Sanabria,a,5.0,5.0,5,5
6,Cremonese,Bonazzoli,a,6.5,9.5,"6,5","9,5"
6,Cremonese,Vardy,a,6.0,6.0,6,6
6,Cremonese,Johnsen,a,5.0,5.0,5,5
6,Cremonese,Nicola,all,4.5,4.5,"4,5","4,5"
6,Fiorentina,De Gea,p,6.0,4.0,6,4
6,Fiorentina,Gosens,d,5.0,5.0,5,5
6,Fiorentina,Ranieri L.,d,5.5,5.5,"5,5","5,5"
6,Fiorentina,Marì,d,5.5,5.0,"5,5",5
6,Fiorentina,Pongracic,d,6.0,6.0,6,6
6,Fiorentina,Dodò,d,5.5,5.5,"5,5","5,5"
6,Fiorentina,Comuzzo,d,6.0,6.0,6,6
6,Fiorentina,Fortini,d,55.0,55.0,55,55
6,Fiorentina,Mandragora,c,5.5,5.5,"5,5","5,5"
6,Fiorentina,Nicolussi Caviglia,c,6.0,7.0,6,7
6,Fiorentina,Gudmundsson A.,c,5.0,4.5,5,"4,5"
6,Fiorentina,Fazzini,c,5.5,5.5,"5,5","5,5"
6,Fiorentina,Ndour,c,6.0,6.0,6,6
6,Fiorentina,Dzeko,a,6.0,6.0,6,6
6,Fiorentina,Kean,a,7.0,10.0,7,10
6,Fiorentina,Piccoli,a,6.0,6.0,6,6
6,Fiorentina,Pioli,all,5.5,5.0,"5,5",5
6,Genoa,Leali,p,6.0,4.0,6,4
6,Genoa,Sabelli,d,5.5,5.5,"5,5","5,5"
6,Genoa,Vasquez,d,6.0,6.0,6,6
6,Genoa,Marcandalli,d,6.0,5.5,6,"5,5"
6,Genoa,Norton-Cuffy,d,6.5,7.5,"6,5","7,5"
6,Genoa,Otoa,d,5.0,4.5,5,"4,5"
6,Genoa,Thorsby,c,5.5,5.5,"5,5","5,5"
6,Genoa,Malinovskyi,c,5.5,5.0,"5,5",5
6,Genoa,Frendrup,c,5.5,5.5,"5,5","5,5"
6,Genoa,Ellertsson,c,5.5,5.5,"5,5","5,5"
6,Genoa,Carboni V.,c,6.0,6.0,6,6
6,Genoa,Masini,c,5.0,5.0,5,5
6,Genoa,Colombo,a,6.0,6.0,6,6
6,Genoa,Ekuban,a,5.5,5.5,"5,5","5,5"
6,Genoa,Vitinha O.,a,6.0,6.0,6,6
6,Genoa,Ekhator,a,7.5,10.5,"7,5","10,5"
6,Genoa,Vieira P.,all,6.0,6.0,6,6
6,Inter,Sommer,p,6.0,5.0,6,5
6,Inter,Dimarco,d,8.0,12.0,8,12
6,Inter,De Vrij,d,6.5,6.5,"6,5","6,5"
6,Inter,Bastoni,d,6.5,6.5,"6,5","6,5"
6,Inter,Akanji,d,6.5,6.5,"6,5","6,5"
6,Inter,Dumfries,d,6.0,6.0,6,6
6,Inter,Carlos Augusto,d,6.0,6.0,6,6
6,Inter,Barella,c,7.5,10.5,"7,5","10,5"
6,Inter,Mkhitaryan,c,6.5,6.5,"6,5","6,5"
6,Inter,Frattesi,c,6.0,6.0,6,6
6,Inter,Luis Henrique,c,6.0,6.0,6,6
6,Inter,Diouf,c,5.5,5.5,"5,5","5,5"
6,Inter,Sucic P.,c,6.0,5.5,6,"5,5"
6,Inter,Martinez L.,a,7.0,10.0,7,10
6,Inter,Bonny,a,8.5,14.5,"8,5","14,5"
6,Inter,Esposito F.P.,a,6.0,6.0,6,6
6,Inter,Chivu,all,7.0,7.0,7,7
6,Juventus,Di Gregorio,p,6.0,6.0,6,6
6,Juventus,Rugani,d,6.0,6.0,6,6
6,Juventus,Kalulu,d,6.0,6.0,6,6
6,Juventus,Cambiaso,d,5.5,5.5,"5,5","5,5"
6,Juventus,Gatti,d,5.5,5.0,"5,5",5
6,Juventus,Kelly L.,d,5.0,5.0,5,5
6,Juventus,Locatelli,c,6.5,6.0,"6,5",6
6,Juventus,Kostic,c,55.0,55.0,55,55
6,Juventus,McKennie,c,5.5,5.5,"5,5","5,5"
6,Juventus,Thuram K.,c,5.5,5.5,"5,5","5,5"
6,Juventus,Conceicao,c,6.5,6.5,"6,5","6,5"
6,Juventus,Vlahovic,a,6.0,6.0,6,6
6,Juventus,David,a,5.0,5.0,5,5
6,Juventus,Openda,a,6.0,6.0,6,6
6,Juventus,Yildiz,a,5.5,5.5,"5,5","5,5"
6,Juventus,Tudor,all,5.5,5.5,"5,5","5,5"
6,Lazio,Provedel,p,6.0,3.0,6,3
6,Lazio,Hysaj,d,5.0,5.0,5,5
6,Lazio,Romagnoli,d,5.5,5.0,"5,5",5
6,Lazio,Lazzari,d,5.5,5.5,"5,5","5,5"
6,Lazio,Tavares N.,d,6.0,6.0,6,6
6,Lazio,Gila,d,6.0,6.0,6,6
6,Lazio,Cataldi,c,7.0,9.5,7,"9,5"
6,Lazio,Basic,c,6.5,7.5,"6,5","7,5"
6,Lazio,Belahyane,c,6.0,6.0,6,6
6,Lazio,Isaksen,c,5.5,5.5,"5,5","5,5"
6,Lazio,Pedro,a,6.0,7.0,6,7
6,Lazio,Cancellieri,a,8.0,14.0,8,14
6,Lazio,Dia,a,5.5,5.5,"5,5","5,5"
6,Lazio,Castellanos,a,6.0,5.5,6,"5,5"
6,Lazio,Noslin,a,6.5,6.5,"6,5","6,5"
6,Lazio,Sarri,all,6.0,6.0,6,6
6,Lecce,Falcone,p,6.5,6.5,"6,5","6,5"
6,Lecce,Gallo,d,7.0,7.0,7,7
6,Lecce,Gaspar K.,d,6.0,5.5,6,"5,5"
6,Lecce,Tiago Gabriel,d,7.0,7.0,7,7
6,Lecce,Veiga D.,d,6.5,6.5,"6,5","6,5"
6,Lecce,Ndaba,d,55.0,55.0,55,55
6,Lecce,Sottil,c,7.0,10.0,7,10
6,Lecce,Coulibaly L.,c,6.5,6.5,"6,5","6,5"
6,Lecce,Berisha M.,c,6.5,6.5,"6,5","6,5"
6,Lecce,Ramadani,c,6.0,6.0,6,6
6,Lecce,Kaba,c,55.0,55.0,55,55
6,Lecce,Pierotti,c,6.0,6.0,6,6
6,Lecce,Banda,a,6.0,5.5,6,"5,5"
6,Lecce,Camarda,a,6.0,6.0,6,6
6,Lecce,Stulic,a,5.5,5.5,"5,5","5,5"
6,Lecce,Di Francesco,all,7.0,7.0,7,7
6,Milan,Maignan,p,7.0,7.0,7,7
6,Milan,Gabbia,d,6.5,6.5,"6,5","6,5"
6,Milan,Tomori,d,6.0,6.0,6,6
6,Milan,Pavlovic,d,6.5,6.5,"6,5","6,5"
6,Milan,Bartesaghi,d,6.5,6.0,"6,5",6
6,Milan,Rabiot,c,6.5,6.5,"6,5","6,5"
6,Milan,Pulisic,c,5.0,2.0,5,2
6,Milan,Modric,c,6.5,6.5,"6,5","6,5"
6,Milan,Loftus-Cheek,c,6.0,6.0,6,6
6,Milan,Fofana Y.,c,5.5,5.0,"5,5",5
6,Milan,Saelemaekers,c,6.5,6.5,"6,5","6,5"
6,Milan,Leao,a,5.0,5.0,5,5
6,Milan,Nkunku,a,6.0,6.0,6,6
6,Milan,Gimenez,a,6.5,6.5,"6,5","6,5"
6,Milan,Allegri,all,6.0,6.0,6,6
6,Napoli,Milinkovic-Savic V.,p,6.0,5.0,6,5
6,Napoli,Juan Jesus,d,6.0,6.0,6,6
6,Napoli,Spinazzola,d,7.0,7.0,7,7
6,Napoli,Di Lorenzo,d,6.5,6.5,"6,5","6,5"
6,Napoli,Gutierrez,d,55.0,55.0,55,55
6,Napoli,Olivera,d,5.0,5.0,5,5
6,Napoli,Beukema,d,5.5,5.5,"5,5","5,5"
6,Napoli,Politano,c,5.5,5.5,"5,5","5,5"
6,Napoli,De Bruyne,c,6.5,6.5,"6,5","6,5"
6,Napoli,Zambo Anguissa,c,7.5,10.5,"7,5","10,5"
6,Napoli,Lobotka,c,6.0,6.0,6,6
6,Napoli,McTominay,c,6.0,6.0,6,6
6,Napoli,Gilmour,c,6.0,6.0,6,6
6,Napoli,Neres,c,5.5,5.0,"5,5",5
6,Napoli,Hojlund,a,7.0,10.0,7,10
6,Napoli,Lucca,a,55.0,55.0,55,55
6,Napoli,Conte,all,7.0,7.0,7,7
6,Parma,Suzuki,p,5.0,4.0,5,4
6,Parma,Valeri,d,6.0,6.0,6,6
6,Parma,Circati,d,5.5,5.5,"5,5","5,5"
6,Parma,Delprato,d,5.5,5.5,"5,5","5,5"
6,Parma,Lovik,d,5.0,5.0,5,5
6,Parma,Ndiaye,d,5.5,5.0,"5,5",5
6,Parma,Britschgi,d,5.5,5.5,"5,5","5,5"
6,Parma,Estevez,c,55.0,55.0,55,55
6,Parma,Bernabè,c,5.5,5.5,"5,5","5,5"
6,Parma,Keita M.,c,6.0,6.0,6,6
6,Parma,Sorensen O.,c,5.5,5.5,"5,5","5,5"
6,Parma,Cutrone,a,5.5,5.5,"5,5","5,5"
6,Parma,Djuric,a,55.0,55.0,55,55
6,Parma,Almqvist,a,6.0,6.0,6,6
6,Parma,Benedyczak,a,5.5,5.5,"5,5","5,5"
6,Parma,Pellegrino M.,a,6.0,6.0,6,6
6,Parma,Cuesta,all,5.0,5.0,5,5
6,Pisa,Semper,p,6.0,2.0,6,2
6,Pisa,Cuadrado,d,5.5,5.0,"5,5",5
6,Pisa,Caracciolo A.,d,5.5,5.5,"5,5","5,5"
6,Pisa,Calabresi,d,55.0,55.0,55,55
6,Pisa,Bonfanti,d,5.0,5.0,5,5
6,Pisa,Canestrelli,d,5.0,5.0,5,5
6,Pisa,Angori,d,5.5,5.5,"5,5","5,5"
6,Pisa,Leris,c,5.0,5.0,5,5
6,Pisa,Tramoni M.,c,5.5,5.5,"5,5","5,5"
6,Pisa,Akinsanmiro,c,6.0,6.0,6,6
6,Pisa,Tourè I.,c,4.0,3.0,4,3
6,Pisa,Marin M.,c,6.0,6.0,6,6
6,Pisa,Vural,c,6.0,6.0,6,6
6,Pisa,Nzola,a,5.0,5.0,5,5
6,Pisa,Meister,a,5.5,5.5,"5,5","5,5"
6,Pisa,Buffon L.,a,55.0,55.0,55,55
6,Pisa,Gilardino,all,5.5,5.5,"5,5","5,5"
6,Roma,Svilar,p,5.5,4.5,"5,5","4,5"
6,Roma,Mancini,d,6.0,6.0,6,6
6,Roma,N'Dicka,d,6.0,6.0,6,6
6,Roma,Celik,d,6.5,6.5,"6,5","6,5"
6,Roma,Tsimikas,d,6.0,5.5,6,"5,5"
6,Roma,Rensch,d,6.0,6.0,6,6
6,Roma,Wesley,d,6.5,6.0,"6,5",6
6,Roma,Ziolkowski,d,55.0,55.0,55,55
6,Roma,Pellegrini Lo.,c,6.0,6.0,6,6
6,Roma,Cristante,c,7.0,9.5,7,"9,5"
6,Roma,Konè M.,c,6.5,6.5,"6,5","6,5"
6,Roma,Baldanzi,c,6.0,6.0,6,6
6,Roma,El Aynaoui,c,55.0,55.0,55,55
6,Roma,Dybala,a,6.0,6.0,6,6
6,Roma,Soulè,a,7.5,11.5,"7,5","11,5"
6,Roma,Dovbyk,a,6.0,7.0,6,7
6,Roma,Gasperini,all,6.5,6.5,"6,5","6,5"
6,Sassuolo,Muric,p,7.0,6.5,7,"6,5"
6,Sassuolo,Walukiewicz,d,6.0,6.0,6,6
6,Sassuolo,Doig,d,6.0,6.0,6,6
6,Sassuolo,Idzes,d,6.5,6.5,"6,5","6,5"
6,Sassuolo,Muharemovic,d,7.0,7.0,7,7
6,Sassuolo,Matic,c,6.0,6.0,6,6
6,Sassuolo,Vranckx,c,5.5,5.5,"5,5","5,5"
6,Sassuolo,Volpato,c,6.0,6.0,6,6
6,Sassuolo,Thorstvedt,c,6.5,6.5,"6,5","6,5"
6,Sassuolo,Konè I.,c,6.5,6.5,"6,5","6,5"
6,Sassuolo,Fadera,c,7.0,7.0,7,7
6,Sassuolo,Iannoni,c,55.0,55.0,55,55
6,Sassuolo,Pierini,a,6.0,5.5,6,"5,5"
6,Sassuolo,Pinamonti,a,6.5,6.5,"6,5","6,5"
6,Sassuolo,Laurientè,a,6.0,6.0,6,6
6,Sassuolo,Cheddira,a,55.0,55.0,55,55
6,Sassuolo,Grosso,all,6.5,6.0,"6,5",6
6,Torino,Israel,p,5.5,2.5,"5,5","2,5"
6,Torino,Masina,d,6.5,7.5,"6,5","7,5"
6,Torino,Lazaro,d,5.5,5.5,"5,5","5,5"
6,Torino,Maripan,d,5.5,5.0,"5,5",5
6,Torino,Nkounkou,d,6.5,7.5,"6,5","7,5"
6,Torino,Pedersen,d,6.5,6.5,"6,5","6,5"
6,Torino,Coco,d,6.0,9.0,6,9
6,Torino,Dembelè A.,d,5.0,5.0,5,5
6,Torino,Tameze,c,5.5,5.5,"5,5","5,5"
6,Torino,Vlasic,c,5.5,5.5,"5,5","5,5"
6,Torino,Asllani,c,6.0,5.5,6,"5,5"
6,Torino,Casadei,c,5.5,5.0,"5,5",5
6,Torino,Gineitis,c,55.0,55.0,55,55
6,Torino,Simeone,a,7.0,10.0,7,10
6,Torino,Ngonge,a,6.0,6.0,6,6
6,Torino,Adams C.,a,7.0,10.0,7,10
6,Torino,Baroni,all,6.0,6.0,6,6
6,Udinese,Sava,p,5.5,4.5,"5,5","4,5"
6,Udinese,Kabasele,d,6.5,9.5,"6,5","9,5"
6,Udinese,Zanoli,d,5.5,5.5,"5,5","5,5"
6,Udinese,Kamara H.,d,6.0,6.0,6,6
6,Udinese,Bertola,d,5.5,5.5,"5,5","5,5"
6,Udinese,Ehizibue,d,55.0,55.0,55,55
6,Udinese,Goglichidze,d,6.5,6.5,"6,5","6,5"
6,Udinese,Solet,d,6.5,7.5,"6,5","7,5"
6,Udinese,Zaniolo,c,5.5,5.0,"5,5",5
6,Udinese,Zarraga,c,55.0,55.0,55,55
6,Udinese,Karlstrom,c,6.5,6.5,"6,5","6,5"
6,Udinese,Atta,c,6.5,6.5,"6,5","6,5"
6,Udinese,Piotrowski,c,6.0,6.0,6,6
6,Udinese,Davis K.,a,6.0,6.0,6,6
6,Udinese,Bayo V.,a,5.0,5.0,5,5
6,Udinese,Runjaic,all,6.0,6.0,6,6
6,Verona,Montipò,p,6.5,8.5,"6,5","8,5"
6,Verona,Bradaric,d,5.5,5.5,"5,5","5,5"
6,Verona,Frese,d,6.5,6.5,"6,5","6,5"
6,Verona,Unai Nunez,d,6.0,6.0,6,6
6,Verona,Nelsson,d,5.5,5.5,"5,5","5,5"
6,Verona,Belghali,d,6.0,5.5,6,"5,5"
6,Verona,Gagliardini,c,6.0,6.0,6,6
6,Verona,Kastanos,c,55.0,55.0,55,55
6,Verona,Akpa Akpro,c,6.0,6.0,6,6
6,Verona,Niasse,c,5.5,5.5,"5,5","5,5"
6,Verona,Serdar,c,5.5,5.0,"5,5",5
6,Verona,Bernede,c,5.5,5.5,"5,5","5,5"
6,Verona,Sarr A.,a,5.5,5.5,"5,5","5,5"
6,Verona,Orban G.,a,5.5,5.5,"5,5","5,5"
6,Verona,Mosquera,a,55.0,55.0,55,55
6,Verona,Giovane,a,6.0,6.0,6,6
6,Verona,Zanetti,all,5.5,5.5,"5,5","5,5"
7,Atalanta,Carnesecchi,p,6.0,6.0,6,6
7,Atalanta,Zappacosta,d,6.5,6.5,"6,5","6,5"
7,Atalanta,Djimsiti,d,6.0,6.0,6,6
7,Atalanta,Scalvini,d,6.0,6.0,6,6
7,Atalanta,Hien,d,6.0,5.5,6,"5,5"
7,Atalanta,Ahanor,d,6.0,6.0,6,6
7,Atalanta,Bernasconi,d,6.5,6.5,"6,5","6,5"
7,Atalanta,De Roon,c,6.0,6.0,6,6
7,Atalanta,Pasalic,c,6.0,5.5,6,"5,5"
7,Atalanta,Maldini,c,55.0,55.0,55,55
7,Atalanta,Ederson D.S.,c,6.0,6.0,6,6
7,Atalanta,Lookman,a,6.0,6.0,6,6
7,Atalanta,Sulemana K.,a,5.5,5.0,"5,5",5
7,Atalanta,De Ketelaere,a,6.0,5.5,6,"5,5"
7,Atalanta,Krstovic,a,6.0,6.0,6,6
7,Atalanta,Juric,all,6.0,6.0,6,6
7,Bologna,Ravaglia F.,p,6.5,6.5,"6,5","6,5"
7,Bologna,De Silvestri,d,55.0,55.0,55,55
7,Bologna,Lykogiannis,d,6.0,5.5,6,"5,5"
7,Bologna,Miranda J.,d,6.5,6.0,"6,5",6
7,Bologna,Holm,d,7.0,10.0,7,10
7,Bologna,Vitik,d,6.5,6.5,"6,5","6,5"
7,Bologna,Heggem,d,6.5,6.5,"6,5","6,5"
7,Bologna,Bernardeschi,c,6.5,6.5,"6,5","6,5"
7,Bologna,Freuler,c,6.5,6.5,"6,5","6,5"
7,Bologna,Orsolini,c,7.0,10.0,7,10
7,Bologna,Odgaard,c,7.0,8.0,7,8
7,Bologna,Pobega,c,5.5,5.5,"5,5","5,5"
7,Bologna,Ferguson,c,6.0,5.5,6,"5,5"
7,Bologna,Cambiaghi,a,5.5,5.5,"5,5","5,5"
7,Bologna,Castro S.,a,6.0,6.0,6,6
7,Bologna,Dominguez B.,a,6.5,7.5,"6,5","7,5"
7,Bologna,Italiano,all,7.0,7.0,7,7
7,Cagliari,Caprile,p,6.5,4.5,"6,5","4,5"
7,Cagliari,Luperto,d,5.5,5.5,"5,5","5,5"
7,Cagliari,Mina,d,5.5,5.5,"5,5","5,5"
7,Cagliari,Zappa,d,6.0,6.0,6,6
7,Cagliari,Obert,d,5.0,5.0,5,5
7,Cagliari,Palestra,d,6.5,6.5,"6,5","6,5"
7,Cagliari,Zè Pedro,d,5.0,5.0,5,5
7,Cagliari,Gaetano,c,5.5,5.5,"5,5","5,5"
7,Cagliari,Adopo,c,5.5,5.5,"5,5","5,5"
7,Cagliari,Folorunsho,c,6.0,6.0,6,6
7,Cagliari,Prati,c,6.0,6.0,6,6
7,Cagliari,Felici,c,5.0,5.0,5,5
7,Cagliari,Esposito Se.,a,6.0,5.5,6,"5,5"
7,Cagliari,Luvumbo,a,6.0,6.0,6,6
7,Cagliari,Borrelli,a,5.5,5.5,"5,5","5,5"
7,Cagliari,Kilicsoy,a,55.0,55.0,55,55
7,Cagliari,Pisacane,all,5.5,5.5,"5,5","5,5"
7,Como,Butez,p,6.0,6.0,6,6
7,Como,Diego Carlos,d,6.0,5.5,6,"5,5"
7,Como,Vojvoda,d,6.5,6.5,"6,5","6,5"
7,Como,Moreno Alb.,d,6.0,5.5,6,"5,5"
7,Como,Posch,d,55.0,55.0,55,55
7,Como,Valle,d,6.0,6.0,6,6
7,Como,Ramon,d,6.0,6.0,6,6
7,Como,Kempf,d,7.5,10.5,"7,5","10,5"
7,Como,Van Der Brempt,d,55.0,55.0,55,55
7,Como,Smolcic I.,d,6.0,5.5,6,"5,5"
7,Como,Caqueret,c,5.5,5.5,"5,5","5,5"
7,Como,Da Cunha,c,6.5,6.5,"6,5","6,5"
7,Como,Perrone,c,7.0,8.0,7,8
7,Como,Paz N.,c,8.0,12.0,8,12
7,Como,Morata,a,6.0,6.0,6,6
7,Como,Douvikas,a,6.5,6.5,"6,5","6,5"
7,Como,Fabregas,all,7.0,7.0,7,7
7,Cremonese,Silvestri,p,6.0,5.0,6,5
7,Cremonese,Bianchetti,d,6.0,6.0,6,6
7,Cremonese,Pezzella Giu.,d,5.5,5.5,"5,5","5,5"
7,Cremonese,Terracciano F.,d,7.0,10.0,7,10
7,Cremonese,Baschirotto,d,5.5,5.5,"5,5","5,5"
7,Cremonese,Barbieri,d,6.0,6.0,6,6
7,Cremonese,Vazquez,c,6.5,6.5,"6,5","6,5"
7,Cremonese,Bondo,c,6.0,6.0,6,6
7,Cremonese,Zerbin,c,5.5,5.0,"5,5",5
7,Cremonese,Payero,c,6.0,5.5,6,"5,5"
7,Cremonese,Sarmiento J.,c,6.0,6.0,6,6
7,Cremonese,Vandeputte,c,6.5,7.0,"6,5",7
7,Cremonese,Lordkipanidze D.,c,6.0,6.0,6,6
7,Cremonese,Bonazzoli,a,6.0,6.0,6,6
7,Cremonese,Vardy,a,5.5,5.0,"5,5",5
7,Cremonese,Nicola,all,6.0,6.0,6,6
7,Fiorentina,De Gea,p,6.0,4.0,6,4
7,Fiorentina,Gosens,d,6.5,9.5,"6,5","9,5"
7,Fiorentina,Ranieri L.,d,6.5,6.0,"6,5",6
7,Fiorentina,Marì,d,6.0,6.0,6,6
7,Fiorentina,Parisi,d,5.5,5.0,"5,5",5
7,Fiorentina,Pongracic,d,6.0,6.0,6,6
7,Fiorentina,Dodò,d,6.0,6.0,6,6
7,Fiorentina,Mandragora,c,6.0,6.0,6,6
7,Fiorentina,Nicolussi Caviglia,c,6.0,5.5,6,"5,5"
7,Fiorentina,Fagioli,c,6.0,6.0,6,6
7,Fiorentina,Sohm,c,55.0,55.0,55,55
7,Fiorentina,Gudmundsson A.,c,6.0,6.0,6,6
7,Fiorentina,Fazzini,c,6.0,6.0,6,6
7,Fiorentina,Dzeko,a,55.0,55.0,55,55
7,Fiorentina,Kean,a,6.0,6.0,6,6
7,Fiorentina,Piccoli,a,5.5,5.5,"5,5","5,5"
7,Fiorentina,Pioli,all,5.5,5.5,"5,5","5,5"
7,Genoa,Leali,p,6.0,6.0,6,6
7,Genoa,Sabelli,d,6.0,6.0,6,6
7,Genoa,Vasquez,d,6.5,6.5,"6,5","6,5"
7,Genoa,Ostigard,d,6.0,6.0,6,6
7,Genoa,Norton-Cuffy,d,6.0,6.0,6,6
7,Genoa,Malinovskyi,c,5.5,5.0,"5,5",5
7,Genoa,Cornet,c,4.5,1.5,"4,5","1,5"
7,Genoa,Frendrup,c,6.0,6.0,6,6
7,Genoa,Ellertsson,c,5.5,5.5,"5,5","5,5"
7,Genoa,Carboni V.,c,5.5,5.5,"5,5","5,5"
7,Genoa,Masini,c,6.5,6.5,"6,5","6,5"
7,Genoa,Venturino,c,6.0,6.0,6,6
7,Genoa,Colombo,a,5.5,5.0,"5,5",5
7,Genoa,Ekuban,a,5.5,5.5,"5,5","5,5"
7,Genoa,Vitinha O.,a,6.0,6.0,6,6
7,Genoa,Ekhator,a,6.5,6.5,"6,5","6,5"
7,Genoa,Vieira P.,all,6.0,6.0,6,6
7,Inter,Sommer,p,6.5,6.5,"6,5","6,5"
7,Inter,Dimarco,d,6.0,6.0,6,6
7,Inter,Acerbi,d,6.5,6.5,"6,5","6,5"
7,Inter,Bastoni,d,6.5,6.5,"6,5","6,5"
7,Inter,Akanji,d,6.5,6.5,"6,5","6,5"
7,Inter,Dumfries,d,6.0,6.0,6,6
7,Inter,Carlos Augusto,d,55.0,55.0,55,55
7,Inter,Zielinski,c,55.0,55.0,55,55
7,Inter,Barella,c,6.5,7.5,"6,5","7,5"
7,Inter,Calhanoglu,c,6.5,6.5,"6,5","6,5"
7,Inter,Mkhitaryan,c,6.5,6.0,"6,5",6
7,Inter,Frattesi,c,6.0,6.0,6,6
7,Inter,Sucic P.,c,6.0,5.5,6,"5,5"
7,Inter,Martinez L.,a,5.5,5.0,"5,5",5
7,Inter,Bonny,a,7.0,10.0,7,10
7,Inter,Esposito F.P.,a,6.0,6.0,6,6
7,Inter,Chivu,all,7.0,7.0,7,7
7,Juventus,Di Gregorio,p,6.0,4.0,6,4
7,Juventus,Rugani,d,5.5,5.5,"5,5","5,5"
7,Juventus,Kalulu,d,5.5,5.5,"5,5","5,5"
7,Juventus,Cambiaso,d,5.5,5.5,"5,5","5,5"
7,Juventus,Kelly L.,d,6.0,5.5,6,"5,5"
7,Juventus,Joao Mario,d,55.0,55.0,55,55
7,Juventus,Locatelli,c,6.0,6.0,6,6
7,Juventus,Kostic,c,55.0,55.0,55,55
7,Juventus,McKennie,c,5.5,5.5,"5,5","5,5"
7,Juventus,Thuram K.,c,6.0,6.0,6,6
7,Juventus,Koopmeiners,c,5.0,5.0,5,5
7,Juventus,Conceicao,c,5.5,5.5,"5,5","5,5"
7,Juventus,Vlahovic,a,5.5,5.5,"5,5","5,5"
7,Juventus,David,a,5.0,5.0,5,5
7,Juventus,Yildiz,a,6.0,6.0,6,6
7,Juventus,Tudor,all,3.0,3.0,3,3
7,Lazio,Provedel,p,6.5,6.5,"6,5","6,5"
7,Lazio,Romagnoli,d,6.0,6.0,6,6
7,Lazio,Marusic,d,6.0,6.0,6,6
7,Lazio,Lazzari,d,55.0,55.0,55,55
7,Lazio,Tavares N.,d,5.5,5.5,"5,5","5,5"
7,Lazio,Gila,d,7.0,7.0,7,7
7,Lazio,Provstgaard,d,55.0,55.0,55,55
7,Lazio,Vecino,c,6.0,6.0,6,6
7,Lazio,Cataldi,c,5.5,5.5,"5,5","5,5"
7,Lazio,Zaccagni,c,6.0,6.0,6,6
7,Lazio,Guendouzi,c,6.0,6.0,6,6
7,Lazio,Basic,c,6.5,6.5,"6,5","6,5"
7,Lazio,Isaksen,c,6.0,6.0,6,6
7,Lazio,Pedro,a,6.0,6.0,6,6
7,Lazio,Cancellieri,a,6.0,6.0,6,6
7,Lazio,Dia,a,5.0,5.0,5,5
7,Lazio,Sarri,all,6.5,6.5,"6,5","6,5"
7,Lecce,Falcone,p,6.0,5.5,6,"5,5"
7,Lecce,Gallo,d,6.0,6.0,6,6
7,Lecce,Gaspar K.,d,6.5,6.5,"6,5","6,5"
7,Lecce,Tiago Gabriel,d,6.5,6.5,"6,5","6,5"
7,Lecce,Veiga D.,d,6.0,5.5,6,"5,5"
7,Lecce,Coulibaly L.,c,5.5,5.5,"5,5","5,5"
7,Lecce,Helgason,c,6.0,6.0,6,6
7,Lecce,Berisha M.,c,5.5,5.5,"5,5","5,5"
7,Lecce,Ramadani,c,6.0,6.0,6,6
7,Lecce,Pierotti,c,5.5,5.5,"5,5","5,5"
7,Lecce,Pierret,c,55.0,55.0,55,55
7,Lecce,Tete Morente,c,5.5,5.5,"5,5","5,5"
7,Lecce,Banda,a,5.5,5.5,"5,5","5,5"
7,Lecce,Camarda,a,6.0,6.0,6,6
7,Lecce,N'Dri,a,55.0,55.0,55,55
7,Lecce,Stulic,a,6.0,6.0,6,6
7,Lecce,Di Francesco,all,6.0,6.0,6,6
7,Milan,Maignan,p,5.0,4.0,5,4
7,Milan,Gabbia,d,5.5,5.5,"5,5","5,5"
7,Milan,Tomori,d,6.0,5.5,6,"5,5"
7,Milan,Pavlovic,d,6.0,6.0,6,6
7,Milan,De Winter,d,55.0,55.0,55,55
7,Milan,Bartesaghi,d,6.0,6.0,6,6
7,Milan,Athekame,d,5.5,5.0,"5,5",5
7,Milan,Modric,c,6.5,6.5,"6,5","6,5"
7,Milan,Fofana Y.,c,6.0,5.5,6,"5,5"
7,Milan,Saelemaekers,c,5.5,5.5,"5,5","5,5"
7,Milan,Ricci S.,c,6.0,6.0,6,6
7,Milan,Leao,a,7.5,13.5,"7,5","13,5"
7,Milan,Gimenez,a,6.5,6.5,"6,5","6,5"
7,Milan,Balentien,a,55.0,55.0,55,55
7,Milan,Allegri,all,6.5,6.5,"6,5","6,5"
7,Napoli,Milinkovic-Savic V.,p,6.0,5.0,6,5
7,Napoli,Juan Jesus,d,5.5,5.0,"5,5",5
7,Napoli,Spinazzola,d,6.5,6.5,"6,5","6,5"
7,Napoli,Buongiorno,d,6.0,6.0,6,6
7,Napoli,Di Lorenzo,d,5.5,5.5,"5,5","5,5"
7,Napoli,Olivera,d,5.0,5.0,5,5
7,Napoli,Beukema,d,5.5,5.5,"5,5","5,5"
7,Napoli,Politano,c,6.5,6.5,"6,5","6,5"
7,Napoli,De Bruyne,c,6.0,6.0,6,6
7,Napoli,Zambo Anguissa,c,6.0,6.0,6,6
7,Napoli,Elmas,c,5.5,5.5,"5,5","5,5"
7,Napoli,Gilmour,c,5.0,5.0,5,5
7,Napoli,Neres,c,5.5,5.5,"5,5","5,5"
7,Napoli,Lucca,a,5.0,5.0,5,5
7,Napoli,Lang,a,6.0,5.5,6,"5,5"
7,Napoli,Ambrosino,a,5.5,5.5,"5,5","5,5"
7,Napoli,Conte,all,5.5,5.5,"5,5","5,5"
7,Parma,Suzuki,p,8.0,11.0,8,11
7,Parma,Valenti,d,6.5,6.5,"6,5","6,5"
7,Parma,Circati,d,6.5,6.5,"6,5","6,5"
7,Parma,Delprato,d,6.0,6.0,6,6
7,Parma,Ndiaye,d,4.0,3.0,4,3
7,Parma,Troilo,d,5.0,4.5,5,"4,5"
7,Parma,Britschgi,d,5.5,5.0,"5,5",5
7,Parma,Estevez,c,5.5,5.0,"5,5",5
7,Parma,Bernabè,c,6.0,6.0,6,6
7,Parma,Keita M.,c,6.5,6.5,"6,5","6,5"
7,Parma,Ordonez C.,c,6.0,6.0,6,6
7,Parma,Sorensen O.,c,6.0,6.0,6,6
7,Parma,Cutrone,a,6.0,6.0,6,6
7,Parma,Djuric,a,55.0,55.0,55,55
7,Parma,Almqvist,a,6.0,6.0,6,6
7,Parma,Pellegrino M.,a,5.5,5.5,"5,5","5,5"
7,Parma,Cuesta,all,6.0,6.0,6,6
7,Pisa,Semper,p,6.0,6.0,6,6
7,Pisa,Albiol,d,6.5,6.5,"6,5","6,5"
7,Pisa,Cuadrado,d,6.0,6.0,6,6
7,Pisa,Caracciolo A.,d,6.0,6.0,6,6
7,Pisa,Bonfanti,d,6.0,6.0,6,6
7,Pisa,Canestrelli,d,6.5,6.0,"6,5",6
7,Pisa,Angori,d,5.5,5.5,"5,5","5,5"
7,Pisa,Leris,c,6.0,6.0,6,6
7,Pisa,Tramoni M.,c,55.0,55.0,55,55
7,Pisa,Aebischer,c,5.5,5.5,"5,5","5,5"
7,Pisa,Akinsanmiro,c,5.5,5.0,"5,5",5
7,Pisa,Piccinini G.,c,6.0,5.5,6,"5,5"
7,Pisa,Marin M.,c,6.0,6.0,6,6
7,Pisa,Nzola,a,5.5,5.5,"5,5","5,5"
7,Pisa,Moreo,a,5.5,5.5,"5,5","5,5"
7,Pisa,Gilardino,all,5.5,5.5,"5,5","5,5"
7,Roma,Svilar,p,5.5,4.5,"5,5","4,5"
7,Roma,Mancini,d,6.5,6.5,"6,5","6,5"
7,Roma,N'Dicka,d,5.0,4.5,5,"4,5"
7,Roma,Celik,d,5.5,5.5,"5,5","5,5"
7,Roma,Hermoso,d,5.5,5.0,"5,5",5
7,Roma,Wesley,d,6.0,6.0,6,6
7,Roma,Ziolkowski,d,6.0,5.5,6,"5,5"
7,Roma,Pellegrini Lo.,c,5.5,5.5,"5,5","5,5"
7,Roma,Cristante,c,6.0,6.0,6,6
7,Roma,Bailey,c,6.0,6.0,6,6
7,Roma,Konè M.,c,6.5,6.5,"6,5","6,5"
7,Roma,Baldanzi,c,6.0,5.5,6,"5,5"
7,Roma,Dybala,a,6.0,6.0,6,6
7,Roma,Soulè,a,5.5,5.5,"5,5","5,5"
7,Roma,Ferguson E.,a,55.0,55.0,55,55
7,Roma,Dovbyk,a,5.0,5.0,5,5
7,Roma,Gasperini,all,5.5,5.5,"5,5","5,5"
7,Sassuolo,Muric,p,6.0,6.0,6,6
7,Sassuolo,Romagna,d,6.0,6.0,6,6
7,Sassuolo,Walukiewicz,d,6.5,6.5,"6,5","6,5"
7,Sassuolo,Doig,d,6.0,5.5,6,"5,5"
7,Sassuolo,Idzes,d,6.5,6.5,"6,5","6,5"
7,Sassuolo,Candè,d,6.0,6.0,6,6
7,Sassuolo,Matic,c,6.0,6.0,6,6
7,Sassuolo,Vranckx,c,5.5,5.5,"5,5","5,5"
7,Sassuolo,Thorstvedt,c,5.5,5.5,"5,5","5,5"
7,Sassuolo,Iannoni,c,6.0,6.0,6,6
7,Sassuolo,Berardi,a,5.5,5.0,"5,5",5
7,Sassuolo,Pierini,a,6.0,6.0,6,6
7,Sassuolo,Pinamonti,a,5.5,5.5,"5,5","5,5"
7,Sassuolo,Laurientè,a,5.5,5.5,"5,5","5,5"
7,Sassuolo,Cheddira,a,5.5,5.5,"5,5","5,5"
7,Sassuolo,Grosso,all,6.0,6.0,6,6
7,Torino,Israel,p,6.0,5.5,6,"5,5"
7,Torino,Biraghi,d,6.0,6.0,6,6
7,Torino,Maripan,d,6.5,6.5,"6,5","6,5"
7,Torino,Ismajli,d,55.0,55.0,55,55
7,Torino,Nkounkou,d,6.0,6.0,6,6
7,Torino,Pedersen,d,5.5,5.5,"5,5","5,5"
7,Torino,Coco,d,7.0,7.0,7,7
7,Torino,Tameze,c,7.0,7.0,7,7
7,Torino,Vlasic,c,6.5,6.5,"6,5","6,5"
7,Torino,Asllani,c,6.0,6.0,6,6
7,Torino,Casadei,c,6.0,6.0,6,6
7,Torino,Gineitis,c,5.5,5.5,"5,5","5,5"
7,Torino,Zapata D.,a,55.0,55.0,55,55
7,Torino,Simeone,a,7.5,10.5,"7,5","10,5"
7,Torino,Ngonge,a,5.5,5.5,"5,5","5,5"
7,Torino,Adams C.,a,6.5,6.5,"6,5","6,5"
7,Torino,Baroni,all,7.0,7.0,7,7
7,Udinese,Okoye,p,6.0,5.0,6,5
7,Udinese,Kabasele,d,6.0,5.5,6,"5,5"
7,Udinese,Zanoli,d,6.5,7.5,"6,5","7,5"
7,Udinese,Kamara H.,d,6.0,6.0,6,6
7,Udinese,Ehizibue,d,55.0,55.0,55,55
7,Udinese,Goglichidze,d,5.5,5.0,"5,5",5
7,Udinese,Solet,d,5.0,5.0,5,5
7,Udinese,Zaniolo,c,7.0,10.0,7,10
7,Udinese,Karlstrom,c,6.0,6.0,6,6
7,Udinese,Ekkelenkamp,c,6.0,6.0,6,6
7,Udinese,Atta,c,6.5,6.5,"6,5","6,5"
7,Udinese,Piotrowski,c,6.0,6.0,6,6
7,Udinese,Miller L.,c,55.0,55.0,55,55
7,Udinese,Davis K.,a,6.0,6.0,6,6
7,Udinese,Bayo V.,a,6.0,6.0,6,6
7,Udinese,Buksa,a,6.0,6.0,6,6
7,Udinese,Runjaic,all,6.0,6.0,6,6
7,Verona,Montipò,p,6.0,6.0,6,6
7,Verona,Frese,d,6.0,5.5,6,"5,5"
7,Verona,Unai Nunez,d,6.5,6.0,"6,5",6
7,Verona,Valentini N.,d,6.0,6.0,6,6
7,Verona,Nelsson,d,6.5,6.5,"6,5","6,5"
7,Verona,Belghali,d,6.0,6.0,6,6
7,Verona,Cham,d,5.5,5.5,"5,5","5,5"
7,Verona,Gagliardini,c,5.5,5.5,"5,5","5,5"
7,Verona,Akpa Akpro,c,6.0,6.0,6,6
7,Verona,Serdar,c,6.5,6.5,"6,5","6,5"
7,Verona,Bernede,c,6.0,6.0,6,6
7,Verona,Santiago,c,55.0,55.0,55,55
7,Verona,Sarr A.,a,6.0,6.0,6,6
7,Verona,Orban G.,a,5.0,5.0,5,5
7,Verona,Mosquera,a,6.0,6.0,6,6
7,Verona,Giovane,a,5.5,5.5,"5,5","5,5"
7,Verona,Zanetti,all,5.5,5.5,"5,5","5,5"
8,Atalanta,Carnesecchi,p,6.5,5.5,"6,5","5,5"
8,Atalanta,Djimsiti,d,5.5,5.5,"5,5","5,5"
8,Atalanta,Bellanova,d,5.5,5.5,"5,5","5,5"
8,Atalanta,Hien,d,6.0,6.0,6,6
8,Atalanta,De Roon,c,6.0,6.0,6,6
8,Atalanta,Pasalic,c,5.5,5.5,"5,5","5,5"
8,Atalanta,Brescianini,c,7.0,10.0,7,10
8,Atalanta,Samardzic,c,6.5,6.5,"6,5","6,5"
8,Atalanta,Zalewski,c,6.0,6.0,6,6
8,Atalanta,Ederson D.S.,c,6.5,6.5,"6,5","6,5"
8,Atalanta,Scamacca,a,6.0,5.5,6,"5,5"
8,Atalanta,Lookman,a,6.0,6.0,6,6
8,Atalanta,Sulemana K.,a,55.0,55.0,55,55
8,Atalanta,De Ketelaere,a,5.5,5.5,"5,5","5,5"
8,Atalanta,Krstovic,a,5.0,5.0,5,5
8,Atalanta,Juric,all,5.5,5.5,"5,5","5,5"
8,Bologna,Skorupski,p,7.0,5.0,7,5
8,Bologna,Miranda J.,d,6.5,6.5,"6,5","6,5"
8,Bologna,Casale,d,55.0,55.0,55,55
8,Bologna,Holm,d,6.0,6.0,6,6
8,Bologna,Lucumì,d,6.0,5.5,6,"5,5"
8,Bologna,Heggem,d,6.0,6.0,6,6
8,Bologna,Bernardeschi,c,5.0,5.0,5,5
8,Bologna,Freuler,c,6.0,5.5,6,"5,5"
8,Bologna,Orsolini,c,6.0,6.0,6,6
8,Bologna,Pobega,c,5.5,5.5,"5,5","5,5"
8,Bologna,Ferguson,c,5.5,5.5,"5,5","5,5"
8,Bologna,Fabbian,c,6.0,6.0,6,6
8,Bologna,Rowe,c,6.0,5.5,6,"5,5"
8,Bologna,Cambiaghi,a,7.0,10.0,7,10
8,Bologna,Castro S.,a,7.0,10.0,7,10
8,Bologna,Dallinga,a,6.0,6.0,6,6
8,Bologna,Italiano,all,6.0,6.0,6,6
8,Cagliari,Caprile,p,7.5,5.5,"7,5","5,5"
8,Cagliari,Zappa,d,5.0,5.0,5,5
8,Cagliari,Obert,d,6.0,6.5,6,"6,5"
8,Cagliari,Palestra,d,5.5,5.5,"5,5","5,5"
8,Cagliari,Idrissi R.,d,6.5,9.5,"6,5","9,5"
8,Cagliari,Zè Pedro,d,5.0,5.0,5,5
8,Cagliari,Mazzitelli,c,55.0,55.0,55,55
8,Cagliari,Gaetano,c,5.5,5.5,"5,5","5,5"
8,Cagliari,Adopo,c,5.0,5.0,5,5
8,Cagliari,Folorunsho,c,5.5,5.5,"5,5","5,5"
8,Cagliari,Prati,c,5.0,5.0,5,5
8,Cagliari,Felici,c,7.0,10.0,7,10
8,Cagliari,Liteta,c,6.0,6.0,6,6
8,Cagliari,Pavoletti,a,6.5,6.0,"6,5",6
8,Cagliari,Luvumbo,a,6.0,6.0,6,6
8,Cagliari,Borrelli,a,6.0,5.5,6,"5,5"
8,Cagliari,Pisacane,all,6.5,6.5,"6,5","6,5"
8,Como,Butez,p,6.5,6.5,"6,5","6,5"
8,Como,Diego Carlos,d,6.5,6.0,"6,5",6
8,Como,Vojvoda,d,6.0,6.0,6,6
8,Como,Moreno Alb.,d,6.0,6.0,6,6
8,Como,Kempf,d,6.0,6.0,6,6
8,Como,Smolcic I.,d,5.5,5.5,"5,5","5,5"
8,Como,Caqueret,c,6.5,6.5,"6,5","6,5"
8,Como,Da Cunha,c,6.0,6.0,6,6
8,Como,Perrone,c,6.0,6.0,6,6
8,Como,Paz N.,c,5.5,5.5,"5,5","5,5"
8,Como,Baturina,c,6.0,6.0,6,6
8,Como,Morata,a,5.5,5.5,"5,5","5,5"
8,Como,Diao,a,5.5,5.5,"5,5","5,5"
8,Como,Douvikas,a,6.0,6.0,6,6
8,Como,Kuhn,a,6.0,6.0,6,6
8,Como,Fabregas,all,6.0,6.0,6,6
8,Cremonese,Silvestri,p,6.5,5.5,"6,5","5,5"
8,Cremonese,Bianchetti,d,6.0,6.0,6,6
8,Cremonese,Terracciano F.,d,7.0,7.0,7,7
8,Cremonese,Baschirotto,d,6.5,6.5,"6,5","6,5"
8,Cremonese,Barbieri,d,7.0,7.0,7,7
8,Cremonese,Faye,d,6.0,6.0,6,6
8,Cremonese,Folino,d,6.0,6.0,6,6
8,Cremonese,Floriani Mussolini,d,5.5,5.0,"5,5",5
8,Cremonese,Vazquez,c,55.0,55.0,55,55
8,Cremonese,Zerbin,c,6.5,6.5,"6,5","6,5"
8,Cremonese,Payero,c,6.5,6.5,"6,5","6,5"
8,Cremonese,Sarmiento J.,c,6.0,6.0,6,6
8,Cremonese,Vandeputte,c,6.5,6.5,"6,5","6,5"
8,Cremonese,Sanabria,a,6.0,6.0,6,6
8,Cremonese,Vardy,a,7.0,9.5,7,"9,5"
8,Cremonese,Nicola,all,6.5,6.5,"6,5","6,5"
8,Fiorentina,De Gea,p,6.0,4.0,6,4
8,Fiorentina,Gosens,d,5.0,4.5,5,"4,5"
8,Fiorentina,Ranieri L.,d,5.5,5.5,"5,5","5,5"
8,Fiorentina,Marì,d,5.5,5.5,"5,5","5,5"
8,Fiorentina,Pongracic,d,5.5,5.5,"5,5","5,5"
8,Fiorentina,Dodò,d,6.0,6.0,6,6
8,Fiorentina,Fortini,d,6.0,6.0,6,6
8,Fiorentina,Mandragora,c,5.5,5.5,"5,5","5,5"
8,Fiorentina,Nicolussi Caviglia,c,5.5,5.5,"5,5","5,5"
8,Fiorentina,Fagioli,c,5.5,5.5,"5,5","5,5"
8,Fiorentina,Sabiri,c,5.5,5.5,"5,5","5,5"
8,Fiorentina,Gudmundsson A.,c,6.5,9.0,"6,5",9
8,Fiorentina,Ndour,c,6.0,6.0,6,6
8,Fiorentina,Dzeko,a,5.5,5.0,"5,5",5
8,Fiorentina,Kean,a,7.0,10.0,7,10
8,Fiorentina,Piccoli,a,55.0,55.0,55,55
8,Fiorentina,Pioli,all,5.5,5.5,"5,5","5,5"
8,Genoa,Leali,p,7.5,5.5,"7,5","5,5"
8,Genoa,Sabelli,d,5.5,3.5,"5,5","3,5"
8,Genoa,Vasquez,d,6.0,6.0,6,6
8,Genoa,Ostigard,d,6.0,6.0,6,6
8,Genoa,Norton-Cuffy,d,6.0,6.0,6,6
8,Genoa,Thorsby,c,7.0,10.0,7,10
8,Genoa,Malinovskyi,c,6.5,6.5,"6,5","6,5"
8,Genoa,Cornet,c,5.0,5.0,5,5
8,Genoa,Frendrup,c,6.0,5.5,6,"5,5"
8,Genoa,Ellertsson,c,5.5,5.5,"5,5","5,5"
8,Genoa,Onana J.,c,5.5,5.5,"5,5","5,5"
8,Genoa,Masini,c,5.5,5.5,"5,5","5,5"
8,Genoa,Colombo,a,55.0,55.0,55,55
8,Genoa,Ekuban,a,5.5,5.5,"5,5","5,5"
8,Genoa,Vitinha O.,a,55.0,55.0,55,55
8,Genoa,Ekhator,a,6.0,5.5,6,"5,5"
8,Genoa,Vieira P.,all,5.5,5.5,"5,5","5,5"
8,Inter,Sommer,p,6.0,3.0,6,3
8,Inter,Dimarco,d,6.0,6.0,6,6
8,Inter,Acerbi,d,5.0,5.0,5,5
8,Inter,Bastoni,d,6.0,5.5,6,"5,5"
8,Inter,Akanji,d,5.0,5.0,5,5
8,Inter,Dumfries,d,5.5,5.5,"5,5","5,5"
8,Inter,Zielinski,c,5.5,5.5,"5,5","5,5"
8,Inter,Barella,c,6.0,6.0,6,6
8,Inter,Calhanoglu,c,7.0,10.0,7,10
8,Inter,Mkhitaryan,c,5.5,5.5,"5,5","5,5"
8,Inter,Frattesi,c,6.0,6.0,6,6
8,Inter,Luis Henrique,c,5.5,5.5,"5,5","5,5"
8,Inter,Sucic P.,c,6.0,6.0,6,6
8,Inter,Martinez L.,a,5.0,5.0,5,5
8,Inter,Bonny,a,5.5,5.5,"5,5","5,5"
8,Inter,Esposito F.P.,a,5.5,5.5,"5,5","5,5"
8,Inter,Chivu,all,5.5,5.5,"5,5","5,5"
8,Juventus,Perin,p,6.0,5.0,6,5
8,Juventus,Kalulu,d,6.0,6.0,6,6
8,Juventus,Cambiaso,d,6.0,6.0,6,6
8,Juventus,Gatti,d,5.5,5.5,"5,5","5,5"
8,Juventus,Kelly L.,d,5.5,5.0,"5,5",5
8,Juventus,Joao Mario,d,55.0,55.0,55,55
8,Juventus,Locatelli,c,6.0,5.5,6,"5,5"
8,Juventus,Kostic,c,5.5,5.5,"5,5","5,5"
8,Juventus,McKennie,c,5.5,5.0,"5,5",5
8,Juventus,Thuram K.,c,5.5,5.5,"5,5","5,5"
8,Juventus,Koopmeiners,c,6.0,5.5,6,"5,5"
8,Juventus,Conceicao,c,6.0,6.0,6,6
8,Juventus,Vlahovic,a,5.5,5.5,"5,5","5,5"
8,Juventus,David,a,5.0,5.0,5,5
8,Juventus,Openda,a,6.0,6.0,6,6
8,Juventus,Yildiz,a,6.0,6.0,6,6
8,Juventus,Tudor,all,5.0,5.0,5,5
8,Lazio,Provedel,p,6.0,6.0,6,6
8,Lazio,Romagnoli,d,6.5,6.5,"6,5","6,5"
8,Lazio,Marusic,d,5.5,5.5,"5,5","5,5"
8,Lazio,Lazzari,d,6.0,5.5,6,"5,5"
8,Lazio,Pellegrini Lu.,d,6.0,6.0,6,6
8,Lazio,Gila,d,6.5,6.5,"6,5","6,5"
8,Lazio,Vecino,c,5.5,5.5,"5,5","5,5"
8,Lazio,Cataldi,c,6.5,7.5,"6,5","7,5"
8,Lazio,Zaccagni,c,6.0,6.0,6,6
8,Lazio,Guendouzi,c,6.5,6.0,"6,5",6
8,Lazio,Basic,c,7.0,10.0,7,10
8,Lazio,Isaksen,c,7.0,7.0,7,7
8,Lazio,Pedro,a,55.0,55.0,55,55
8,Lazio,Dia,a,6.0,6.0,6,6
8,Lazio,Noslin,a,55.0,55.0,55,55
8,Lazio,Sarri,all,7.0,7.0,7,7
8,Lecce,Falcone,p,6.0,3.0,6,3
8,Lecce,Gallo,d,5.5,5.5,"5,5","5,5"
8,Lecce,Gaspar K.,d,5.0,4.5,5,"4,5"
8,Lecce,Tiago Gabriel,d,5.5,5.5,"5,5","5,5"
8,Lecce,Veiga D.,d,5.0,5.0,5,5
8,Lecce,Maleh,c,6.0,6.0,6,6
8,Lecce,Helgason,c,5.0,5.0,5,5
8,Lecce,Berisha M.,c,6.5,9.5,"6,5","9,5"
8,Lecce,Ramadani,c,6.0,6.0,6,6
8,Lecce,Pierotti,c,6.5,6.5,"6,5","6,5"
8,Lecce,Tete Morente,c,5.5,5.5,"5,5","5,5"
8,Lecce,Sala A.,c,6.0,7.0,6,7
8,Lecce,Banda,a,6.0,6.0,6,6
8,Lecce,Camarda,a,6.0,6.0,6,6
8,Lecce,N'Dri,a,6.5,9.5,"6,5","9,5"
8,Lecce,Stulic,a,5.5,5.0,"5,5",5
8,Lecce,Di Francesco,all,5.5,5.5,"5,5","5,5"
8,Milan,Maignan,p,5.5,3.5,"5,5","3,5"
8,Milan,Gabbia,d,5.5,5.5,"5,5","5,5"
8,Milan,Pavlovic,d,6.0,6.0,6,6
8,Milan,De Winter,d,5.0,5.0,5,5
8,Milan,Bartesaghi,d,6.0,6.0,6,6
8,Milan,Athekame,d,6.0,8.5,6,"8,5"
8,Milan,Modric,c,6.5,7.5,"6,5","7,5"
8,Milan,Fofana Y.,c,6.0,6.0,6,6
8,Milan,Saelemaekers,c,6.0,6.0,6,6
8,Milan,Ricci S.,c,6.0,6.0,6,6
8,Milan,Leao,a,7.0,10.0,7,10
8,Milan,Nkunku,a,5.5,5.5,"5,5","5,5"
8,Milan,Gimenez,a,5.5,5.5,"5,5","5,5"
8,Milan,Allegri,all,5.5,5.5,"5,5","5,5"
8,Napoli,Milinkovic-Savic V.,p,6.5,5.5,"6,5","5,5"
8,Napoli,Juan Jesus,d,6.5,6.5,"6,5","6,5"
8,Napoli,Spinazzola,d,6.5,7.5,"6,5","7,5"
8,Napoli,Buongiorno,d,5.5,5.5,"5,5","5,5"
8,Napoli,Di Lorenzo,d,6.5,6.0,"6,5",6
8,Napoli,Gutierrez,d,55.0,55.0,55,55
8,Napoli,Olivera,d,5.5,5.5,"5,5","5,5"
8,Napoli,Beukema,d,55.0,55.0,55,55
8,Napoli,Politano,c,6.0,6.0,6,6
8,Napoli,De Bruyne,c,7.0,10.0,7,10
8,Napoli,Zambo Anguissa,c,7.5,10.5,"7,5","10,5"
8,Napoli,Elmas,c,55.0,55.0,55,55
8,Napoli,McTominay,c,7.0,10.0,7,10
8,Napoli,Gilmour,c,5.5,5.0,"5,5",5
8,Napoli,Neres,c,6.5,7.5,"6,5","7,5"
8,Napoli,Lang,a,55.0,55.0,55,55
8,Napoli,Conte,all,7.0,6.5,7,"6,5"
8,Parma,Suzuki,p,6.0,6.0,6,6
8,Parma,Valenti,d,6.5,6.5,"6,5","6,5"
8,Parma,Circati,d,6.5,6.5,"6,5","6,5"
8,Parma,Delprato,d,6.0,6.0,6,6
8,Parma,Britschgi,d,6.0,6.0,6,6
8,Parma,Hernani,c,6.0,6.0,6,6
8,Parma,Estevez,c,6.0,6.0,6,6
8,Parma,Bernabè,c,6.5,6.5,"6,5","6,5"
8,Parma,Keita M.,c,6.0,6.0,6,6
8,Parma,Ordonez C.,c,5.5,5.5,"5,5","5,5"
8,Parma,Sorensen O.,c,6.0,6.0,6,6
8,Parma,Cutrone,a,6.0,6.0,6,6
8,Parma,Djuric,a,55.0,55.0,55,55
8,Parma,Benedyczak,a,6.0,6.0,6,6
8,Parma,Pellegrino M.,a,6.0,6.0,6,6
8,Parma,Cuesta,all,6.5,6.5,"6,5","6,5"
8,Pisa,Semper,p,6.0,4.0,6,4
8,Pisa,Albiol,d,6.0,6.0,6,6
8,Pisa,Cuadrado,d,7.0,10.0,7,10
8,Pisa,Caracciolo A.,d,6.0,6.0,6,6
8,Pisa,Calabresi,d,6.0,6.0,6,6
8,Pisa,Bonfanti,d,5.5,5.5,"5,5","5,5"
8,Pisa,Canestrelli,d,6.0,6.0,6,6
8,Pisa,Tramoni M.,c,5.0,5.0,5,5
8,Pisa,Aebischer,c,6.0,5.5,6,"5,5"
8,Pisa,Akinsanmiro,c,6.5,7.5,"6,5","7,5"
8,Pisa,Tourè I.,c,6.0,6.0,6,6
8,Pisa,Vural,c,6.0,5.5,6,"5,5"
8,Pisa,Nzola,a,7.0,9.5,7,"9,5"
8,Pisa,Moreo,a,6.0,6.0,6,6
8,Pisa,Meister,a,5.5,5.5,"5,5","5,5"
8,Pisa,Gilardino,all,6.5,6.0,"6,5",6
8,Roma,Svilar,p,6.5,6.5,"6,5","6,5"
8,Roma,Mancini,d,6.5,6.0,"6,5",6
8,Roma,N'Dicka,d,6.0,6.0,6,6
8,Roma,Celik,d,6.5,6.5,"6,5","6,5"
8,Roma,Hermoso,d,6.0,5.5,6,"5,5"
8,Roma,Tsimikas,d,6.0,6.0,6,6
8,Roma,Rensch,d,55.0,55.0,55,55
8,Roma,Wesley,d,6.0,6.0,6,6
8,Roma,Pellegrini Lo.,c,6.5,6.5,"6,5","6,5"
8,Roma,Cristante,c,6.5,6.5,"6,5","6,5"
8,Roma,Bailey,c,6.0,6.0,6,6
8,Roma,Konè M.,c,6.5,6.5,"6,5","6,5"
8,Roma,El Aynaoui,c,6.0,6.0,6,6
8,Roma,Dybala,a,7.0,10.0,7,10
8,Roma,Soulè,a,6.0,6.0,6,6
8,Roma,Dovbyk,a,6.5,6.5,"6,5","6,5"
8,Roma,Gasperini,all,6.0,6.0,6,6
8,Sassuolo,Muric,p,6.5,5.5,"6,5","5,5"
8,Sassuolo,Romagna,d,5.5,5.5,"5,5","5,5"
8,Sassuolo,Walukiewicz,d,5.5,5.5,"5,5","5,5"
8,Sassuolo,Doig,d,6.0,5.5,6,"5,5"
8,Sassuolo,Idzes,d,5.5,5.5,"5,5","5,5"
8,Sassuolo,Candè,d,5.5,5.5,"5,5","5,5"
8,Sassuolo,Matic,c,5.5,5.5,"5,5","5,5"
8,Sassuolo,Vranckx,c,6.0,6.0,6,6
8,Sassuolo,Volpato,c,5.5,5.0,"5,5",5
8,Sassuolo,Thorstvedt,c,5.0,4.5,5,"4,5"
8,Sassuolo,Konè I.,c,5.5,5.5,"5,5","5,5"
8,Sassuolo,Fadera,c,6.0,6.0,6,6
8,Sassuolo,Berardi,a,5.5,5.5,"5,5","5,5"
8,Sassuolo,Pinamonti,a,5.0,5.0,5,5
8,Sassuolo,Laurientè,a,55.0,55.0,55,55
8,Sassuolo,Cheddira,a,55.0,55.0,55,55
8,Sassuolo,Grosso,all,6.0,5.5,6,"5,5"
8,Torino,Paleari,p,7.0,6.0,7,6
8,Torino,Biraghi,d,5.5,5.5,"5,5","5,5"
8,Torino,Lazaro,d,6.5,7.5,"6,5","7,5"
8,Torino,Maripan,d,7.0,10.0,7,10
8,Torino,Ismajli,d,6.0,6.0,6,6
8,Torino,Pedersen,d,6.0,6.0,6,6
8,Torino,Coco,d,6.0,6.0,6,6
8,Torino,Tameze,c,6.0,6.0,6,6
8,Torino,Vlasic,c,5.5,5.0,"5,5",5
8,Torino,Asllani,c,5.0,5.0,5,5
8,Torino,Casadei,c,5.5,5.0,"5,5",5
8,Torino,Gineitis,c,6.0,6.0,6,6
8,Torino,Zapata D.,a,55.0,55.0,55,55
8,Torino,Simeone,a,5.5,5.5,"5,5","5,5"
8,Torino,Ngonge,a,6.5,6.5,"6,5","6,5"
8,Torino,Adams C.,a,5.5,5.5,"5,5","5,5"
8,Torino,Baroni,all,6.5,6.5,"6,5","6,5"
8,Udinese,Okoye,p,5.0,3.0,5,3
8,Udinese,Kabasele,d,6.0,6.0,6,6
8,Udinese,Zanoli,d,6.0,6.0,6,6
8,Udinese,Kamara H.,d,5.5,5.5,"5,5","5,5"
8,Udinese,Bertola,d,6.5,6.5,"6,5","6,5"
8,Udinese,Ehizibue,d,55.0,55.0,55,55
8,Udinese,Goglichidze,d,6.5,6.5,"6,5","6,5"
8,Udinese,Solet,d,6.0,6.0,6,6
8,Udinese,Zaniolo,c,6.5,6.5,"6,5","6,5"
8,Udinese,Karlstrom,c,7.0,10.0,7,10
8,Udinese,Ekkelenkamp,c,5.5,5.5,"5,5","5,5"
8,Udinese,Atta,c,7.5,9.5,"7,5","9,5"
8,Udinese,Piotrowski,c,6.5,6.5,"6,5","6,5"
8,Udinese,Davis K.,a,7.0,9.5,7,"9,5"
8,Udinese,Bayo V.,a,6.5,7.5,"6,5","7,5"
8,Udinese,Buksa,a,7.0,9.5,7,"9,5"
8,Udinese,Runjaic,all,6.5,6.5,"6,5","6,5"
8,Verona,Montipò,p,6.0,4.0,6,4
8,Verona,Bradaric,d,6.0,6.0,6,6
8,Verona,Unai Nunez,d,6.0,6.0,6,6
8,Verona,Valentini N.,d,6.5,6.5,"6,5","6,5"
8,Verona,Nelsson,d,5.5,5.0,"5,5",5
8,Verona,Belghali,d,6.5,6.5,"6,5","6,5"
8,Verona,Cham,d,4.5,4.5,"4,5","4,5"
8,Verona,Bella-Kotchap,d,6.0,6.0,6,6
8,Verona,Gagliardini,c,7.0,9.5,7,"9,5"
8,Verona,Akpa Akpro,c,6.0,5.5,6,"5,5"
8,Verona,Harroui,c,6.0,6.0,6,6
8,Verona,Serdar,c,6.0,6.0,6,6
8,Verona,Bernede,c,6.5,6.5,"6,5","6,5"
8,Verona,Sarr A.,a,6.0,6.0,6,6
8,Verona,Orban G.,a,6.5,9.5,"6,5","9,5"
8,Verona,Giovane,a,7.0,9.0,7,9
8,Verona,Zanetti,all,6.0,6.0,6,6
9,Atalanta,Carnesecchi,p,6.0,5.0,6,5
9,Atalanta,Zappacosta,d,6.5,6.5,"6,5","6,5"
9,Atalanta,Djimsiti,d,6.0,6.0,6,6
9,Atalanta,Bellanova,d,6.0,6.0,6,6
9,Atalanta,Kossounou,d,6.0,6.0,6,6
9,Atalanta,Hien,d,6.0,6.0,6,6
9,Atalanta,Ahanor,d,5.5,5.5,"5,5","5,5"
9,Atalanta,Bernasconi,d,6.5,6.5,"6,5","6,5"
9,Atalanta,De Roon,c,6.0,6.0,6,6
9,Atalanta,Pasalic,c,7.0,8.0,7,8
9,Atalanta,Brescianini,c,6.0,5.5,6,"5,5"
9,Atalanta,Samardzic,c,55.0,55.0,55,55
9,Atalanta,Musah,c,55.0,55.0,55,55
9,Atalanta,Ederson D.S.,c,6.0,6.0,6,6
9,Atalanta,Lookman,a,7.0,10.0,7,10
9,Atalanta,De Ketelaere,a,6.0,6.0,6,6
9,Atalanta,Juric,all,6.0,6.0,6,6
9,Bologna,Skorupski,p,6.0,6.0,6,6
9,Bologna,Lykogiannis,d,6.5,6.0,"6,5",6
9,Bologna,Zortea,d,6.0,6.0,6,6
9,Bologna,Lucumì,d,6.5,6.5,"6,5","6,5"
9,Bologna,Vitik,d,5.5,5.5,"5,5","5,5"
9,Bologna,Bernardeschi,c,6.0,6.0,6,6
9,Bologna,Freuler,c,6.0,6.0,6,6
9,Bologna,Orsolini,c,5.5,5.5,"5,5","5,5"
9,Bologna,Odgaard,c,5.5,5.0,"5,5",5
9,Bologna,Ferguson,c,6.0,6.0,6,6
9,Bologna,Moro N.,c,6.0,6.0,6,6
9,Bologna,Fabbian,c,55.0,55.0,55,55
9,Bologna,Cambiaghi,a,5.5,5.5,"5,5","5,5"
9,Bologna,Castro S.,a,5.5,5.5,"5,5","5,5"
9,Bologna,Dallinga,a,5.5,5.5,"5,5","5,5"
9,Bologna,Dominguez B.,a,5.5,5.5,"5,5","5,5"
9,Bologna,Italiano,all,6.0,6.0,6,6
9,Cagliari,Caprile,p,6.0,3.5,6,"3,5"
9,Cagliari,Zappa,d,6.5,6.5,"6,5","6,5"
9,Cagliari,Obert,d,5.0,4.5,5,"4,5"
9,Cagliari,Palestra,d,6.5,6.5,"6,5","6,5"
9,Cagliari,Idrissi R.,d,5.5,5.0,"5,5",5
9,Cagliari,Zè Pedro,d,5.5,5.5,"5,5","5,5"
9,Cagliari,Mazzitelli,c,55.0,55.0,55,55
9,Cagliari,Gaetano,c,6.0,6.0,6,6
9,Cagliari,Adopo,c,6.0,6.0,6,6
9,Cagliari,Folorunsho,c,5.5,5.0,"5,5",5
9,Cagliari,Prati,c,6.0,6.0,6,6
9,Cagliari,Felici,c,6.5,7.5,"6,5","7,5"
9,Cagliari,Pavoletti,a,6.0,6.0,6,6
9,Cagliari,Esposito Se.,a,7.0,10.0,7,10
9,Cagliari,Luvumbo,a,55.0,55.0,55,55
9,Cagliari,Borrelli,a,5.5,5.5,"5,5","5,5"
9,Cagliari,Pisacane,all,5.5,5.5,"5,5","5,5"
9,Como,Butez,p,5.5,4.5,"5,5","4,5"
9,Como,Diego Carlos,d,6.5,6.5,"6,5","6,5"
9,Como,Vojvoda,d,7.0,10.0,7,10
9,Como,Posch,d,7.0,10.0,7,10
9,Como,Valle,d,6.5,7.5,"6,5","7,5"
9,Como,Ramon,d,6.5,6.5,"6,5","6,5"
9,Como,Kempf,d,55.0,55.0,55,55
9,Como,Smolcic I.,d,55.0,55.0,55,55
9,Como,Caqueret,c,6.0,7.0,6,7
9,Como,Da Cunha,c,6.5,6.5,"6,5","6,5"
9,Como,Paz N.,c,6.0,5.5,6,"5,5"
9,Como,Morata,a,55.0,55.0,55,55
9,Como,Diao,a,5.5,5.5,"5,5","5,5"
9,Como,Douvikas,a,7.0,10.0,7,10
9,Como,Kuhn,a,5.5,5.5,"5,5","5,5"
9,Como,Rodriguez Je.,a,6.5,7.5,"6,5","7,5"
9,Como,Fabregas,all,7.0,7.0,7,7
9,Cremonese,Audero,p,6.5,6.5,"6,5","6,5"
9,Cremonese,Bianchetti,d,7.0,7.0,7,7
9,Cremonese,Terracciano F.,d,6.5,6.5,"6,5","6,5"
9,Cremonese,Baschirotto,d,6.5,6.5,"6,5","6,5"
9,Cremonese,Barbieri,d,6.5,6.0,"6,5",6
9,Cremonese,Faye,d,6.0,6.0,6,6
9,Cremonese,Folino,d,55.0,55.0,55,55
9,Cremonese,Floriani Mussolini,d,6.0,6.0,6,6
9,Cremonese,Vazquez,c,6.0,6.0,6,6
9,Cremonese,Bondo,c,6.5,6.5,"6,5","6,5"
9,Cremonese,Payero,c,6.0,6.0,6,6
9,Cremonese,Sarmiento J.,c,55.0,55.0,55,55
9,Cremonese,Vandeputte,c,7.0,8.0,7,8
9,Cremonese,Bonazzoli,a,8.0,14.0,8,14
9,Cremonese,Vardy,a,6.0,6.0,6,6
9,Cremonese,Nicola,all,7.5,7.5,"7,5","7,5"
9,Fiorentina,De Gea,p,7.5,4.5,"7,5","4,5"
9,Fiorentina,Gosens,d,6.0,6.0,6,6
9,Fiorentina,Marì,d,5.5,5.5,"5,5","5,5"
9,Fiorentina,Viti,d,5.0,4.0,5,4
9,Fiorentina,Dodò,d,5.5,5.5,"5,5","5,5"
9,Fiorentina,Comuzzo,d,5.0,5.0,5,5
9,Fiorentina,Fortini,d,55.0,55.0,55,55
9,Fiorentina,Mandragora,c,5.5,5.5,"5,5","5,5"
9,Fiorentina,Fagioli,c,5.5,5.5,"5,5","5,5"
9,Fiorentina,Sohm,c,6.0,6.0,6,6
9,Fiorentina,Gudmundsson A.,c,5.5,5.5,"5,5","5,5"
9,Fiorentina,Fazzini,c,5.5,5.5,"5,5","5,5"
9,Fiorentina,Ndour,c,5.5,5.5,"5,5","5,5"
9,Fiorentina,Dzeko,a,6.0,6.0,6,6
9,Fiorentina,Kean,a,5.5,5.5,"5,5","5,5"
9,Fiorentina,Pioli,all,5.0,5.0,5,5
9,Genoa,Leali,p,6.0,3.5,6,"3,5"
9,Genoa,Martin,d,6.0,6.0,6,6
9,Genoa,Vasquez,d,6.0,6.0,6,6
9,Genoa,Ostigard,d,6.0,6.0,6,6
9,Genoa,Norton-Cuffy,d,5.5,5.5,"5,5","5,5"
9,Genoa,Malinovskyi,c,5.5,5.5,"5,5","5,5"
9,Genoa,Cornet,c,5.0,5.0,5,5
9,Genoa,Frendrup,c,5.5,5.5,"5,5","5,5"
9,Genoa,Ellertsson,c,5.5,5.5,"5,5","5,5"
9,Genoa,Carboni V.,c,5.5,5.0,"5,5",5
9,Genoa,Masini,c,6.0,6.0,6,6
9,Genoa,Colombo,a,5.5,5.5,"5,5","5,5"
9,Genoa,Ekuban,a,5.0,5.0,5,5
9,Genoa,Vitinha O.,a,5.0,4.5,5,"4,5"
9,Genoa,Ekhator,a,5.0,5.0,5,5
9,Genoa,Vieira P.,all,4.0,4.0,4,4
9,Inter,Sommer,p,6.0,6.0,6,6
9,Inter,Dimarco,d,6.5,6.5,"6,5","6,5"
9,Inter,Bastoni,d,6.5,6.5,"6,5","6,5"
9,Inter,Akanji,d,7.0,7.0,7,7
9,Inter,Dumfries,d,6.0,6.0,6,6
9,Inter,Carlos Augusto,d,55.0,55.0,55,55
9,Inter,Bisseck,d,6.5,6.5,"6,5","6,5"
9,Inter,Zielinski,c,55.0,55.0,55,55
9,Inter,Barella,c,6.5,7.5,"6,5","7,5"
9,Inter,Calhanoglu,c,8.0,14.0,8,14
9,Inter,Frattesi,c,55.0,55.0,55,55
9,Inter,Luis Henrique,c,55.0,55.0,55,55
9,Inter,Sucic P.,c,7.0,10.0,7,10
9,Inter,Martinez L.,a,6.0,7.0,6,7
9,Inter,Bonny,a,6.5,6.5,"6,5","6,5"
9,Inter,Esposito F.P.,a,6.0,5.5,6,"5,5"
9,Inter,Chivu,all,7.0,7.0,7,7
9,Juventus,Di Gregorio,p,6.0,4.5,6,"4,5"
9,Juventus,Rugani,d,55.0,55.0,55,55
9,Juventus,Kalulu,d,6.5,6.5,"6,5","6,5"
9,Juventus,Cambiaso,d,6.5,7.5,"6,5","7,5"
9,Juventus,Gatti,d,7.0,10.0,7,10
9,Juventus,Kelly L.,d,6.0,6.0,6,6
9,Juventus,Locatelli,c,6.0,6.0,6,6
9,Juventus,Kostic,c,6.5,6.5,"6,5","6,5"
9,Juventus,McKennie,c,6.0,6.0,6,6
9,Juventus,Koopmeiners,c,55.0,55.0,55,55
9,Juventus,Vlahovic,a,7.0,10.0,7,10
9,Juventus,David,a,6.0,6.0,6,6
9,Juventus,Openda,a,6.0,6.0,6,6
9,Juventus,Yildiz,a,7.0,10.0,7,10
9,Juventus,Brambilla,all,7.0,7.0,7,7
9,Lazio,Provedel,p,6.5,6.5,"6,5","6,5"
9,Lazio,Romagnoli,d,6.5,6.5,"6,5","6,5"
9,Lazio,Marusic,d,6.0,6.0,6,6
9,Lazio,Lazzari,d,6.0,6.0,6,6
9,Lazio,Pellegrini Lu.,d,5.5,5.5,"5,5","5,5"
9,Lazio,Gila,d,6.0,6.0,6,6
9,Lazio,Provstgaard,d,6.0,6.0,6,6
9,Lazio,Vecino,c,6.0,6.0,6,6
9,Lazio,Cataldi,c,6.0,6.0,6,6
9,Lazio,Zaccagni,c,6.0,6.0,6,6
9,Lazio,Guendouzi,c,6.0,5.5,6,"5,5"
9,Lazio,Basic,c,6.5,6.5,"6,5","6,5"
9,Lazio,Isaksen,c,5.5,5.5,"5,5","5,5"
9,Lazio,Pedro,a,5.5,5.0,"5,5",5
9,Lazio,Dia,a,5.5,5.5,"5,5","5,5"
9,Lazio,Noslin,a,55.0,55.0,55,55
9,Lazio,Sarri,all,5.5,5.5,"5,5","5,5"
9,Lecce,Falcone,p,6.0,5.0,6,5
9,Lecce,Gallo,d,6.0,6.0,6,6
9,Lecce,Gaspar K.,d,6.0,6.0,6,6
9,Lecce,Tiago Gabriel,d,6.0,6.0,6,6
9,Lecce,Veiga D.,d,6.5,6.5,"6,5","6,5"
9,Lecce,Maleh,c,6.0,6.0,6,6
9,Lecce,Coulibaly L.,c,6.0,6.0,6,6
9,Lecce,Berisha M.,c,6.0,6.0,6,6
9,Lecce,Ramadani,c,6.0,5.5,6,"5,5"
9,Lecce,Pierotti,c,5.5,5.5,"5,5","5,5"
9,Lecce,Pierret,c,6.0,6.0,6,6
9,Lecce,Tete Morente,c,5.5,5.5,"5,5","5,5"
9,Lecce,Banda,a,6.5,6.5,"6,5","6,5"
9,Lecce,Camarda,a,5.0,2.0,5,2
9,Lecce,N'Dri,a,5.5,5.0,"5,5",5
9,Lecce,Stulic,a,5.5,5.5,"5,5","5,5"
9,Lecce,Di Francesco,all,5.5,5.5,"5,5","5,5"
9,Milan,Maignan,p,6.5,5.5,"6,5","5,5"
9,Milan,Gabbia,d,6.0,5.5,6,"5,5"
9,Milan,Tomori,d,5.5,5.5,"5,5","5,5"
9,Milan,Pavlovic,d,6.0,6.0,6,6
9,Milan,Bartesaghi,d,6.0,6.0,6,6
9,Milan,Athekame,d,55.0,55.0,55,55
9,Milan,Modric,c,6.0,5.5,6,"5,5"
9,Milan,Loftus-Cheek,c,6.0,6.0,6,6
9,Milan,Fofana Y.,c,6.0,6.0,6,6
9,Milan,Saelemaekers,c,5.5,5.5,"5,5","5,5"
9,Milan,Ricci S.,c,7.0,10.0,7,10
9,Milan,Leao,a,5.5,5.5,"5,5","5,5"
9,Milan,Nkunku,a,5.5,5.5,"5,5","5,5"
9,Milan,Gimenez,a,5.0,4.5,5,"4,5"
9,Milan,Allegri,all,6.0,6.0,6,6
9,Napoli,Milinkovic-Savic V.,p,7.0,10.0,7,10
9,Napoli,Juan Jesus,d,5.0,5.0,5,5
9,Napoli,Spinazzola,d,6.5,6.5,"6,5","6,5"
9,Napoli,Buongiorno,d,6.5,6.5,"6,5","6,5"
9,Napoli,Di Lorenzo,d,6.0,6.0,6,6
9,Napoli,Gutierrez,d,55.0,55.0,55,55
9,Napoli,Olivera,d,6.0,5.5,6,"5,5"
9,Napoli,Politano,c,5.5,5.5,"5,5","5,5"
9,Napoli,Zambo Anguissa,c,7.0,10.0,7,10
9,Napoli,Elmas,c,5.5,5.5,"5,5","5,5"
9,Napoli,McTominay,c,6.0,6.0,6,6
9,Napoli,Gilmour,c,6.5,6.5,"6,5","6,5"
9,Napoli,Neres,c,7.0,8.0,7,8
9,Napoli,Hojlund,a,5.5,5.5,"5,5","5,5"
9,Napoli,Lucca,a,5.5,5.5,"5,5","5,5"
9,Napoli,Lang,a,6.5,6.5,"6,5","6,5"
9,Napoli,Conte,all,7.0,7.0,7,7
9,Parma,Suzuki,p,6.0,4.0,6,4
9,Parma,Valenti,d,6.0,6.0,6,6
9,Parma,Circati,d,7.0,10.0,7,10
9,Parma,Delprato,d,5.5,5.0,"5,5",5
9,Parma,Britschgi,d,6.0,6.0,6,6
9,Parma,Estevez,c,6.0,6.0,6,6
9,Parma,Bernabè,c,5.0,5.0,5,5
9,Parma,Ordonez C.,c,5.5,5.0,"5,5",5
9,Parma,Sorensen O.,c,5.5,5.5,"5,5","5,5"
9,Parma,Begic,c,55.0,55.0,55,55
9,Parma,Cremaschi,c,55.0,55.0,55,55
9,Parma,Cutrone,a,5.5,5.5,"5,5","5,5"
9,Parma,Djuric,a,55.0,55.0,55,55
9,Parma,Almqvist,a,55.0,55.0,55,55
9,Parma,Benedyczak,a,6.5,7.5,"6,5","7,5"
9,Parma,Pellegrino M.,a,6.0,5.5,6,"5,5"
9,Parma,Cuesta,all,5.0,5.0,5,5
9,Pisa,Semper,p,6.5,6.5,"6,5","6,5"
9,Pisa,Cuadrado,d,6.5,6.0,"6,5",6
9,Pisa,Caracciolo A.,d,6.5,6.5,"6,5","6,5"
9,Pisa,Calabresi,d,6.0,6.0,6,6
9,Pisa,Canestrelli,d,6.0,6.0,6,6
9,Pisa,Angori,d,6.5,6.5,"6,5","6,5"
9,Pisa,Denoon,d,5.5,5.0,"5,5",5
9,Pisa,Leris,c,5.5,5.5,"5,5","5,5"
9,Pisa,Tramoni M.,c,5.5,5.5,"5,5","5,5"
9,Pisa,Aebischer,c,6.0,6.0,6,6
9,Pisa,Akinsanmiro,c,6.0,6.0,6,6
9,Pisa,Tourè I.,c,6.0,6.0,6,6
9,Pisa,Marin M.,c,6.0,6.0,6,6
9,Pisa,Nzola,a,6.0,6.0,6,6
9,Pisa,Moreo,a,6.5,6.5,"6,5","6,5"
9,Pisa,Gilardino,all,6.5,6.5,"6,5","6,5"
9,Roma,Svilar,p,7.0,6.0,7,6
9,Roma,Mancini,d,6.5,6.5,"6,5","6,5"
9,Roma,N'Dicka,d,6.0,6.0,6,6
9,Roma,Celik,d,6.5,6.5,"6,5","6,5"
9,Roma,Hermoso,d,7.0,10.0,7,10
9,Roma,Ghilardi,d,55.0,55.0,55,55
9,Roma,Rensch,d,5.5,5.5,"5,5","5,5"
9,Roma,Wesley,d,6.0,6.0,6,6
9,Roma,Cristante,c,6.5,6.5,"6,5","6,5"
9,Roma,Bailey,c,5.5,5.5,"5,5","5,5"
9,Roma,Konè M.,c,7.0,7.0,7,7
9,Roma,El Aynaoui,c,6.0,6.0,6,6
9,Roma,Dybala,a,6.5,7.5,"6,5","7,5"
9,Roma,Soulè,a,6.0,6.0,6,6
9,Roma,Ferguson E.,a,55.0,55.0,55,55
9,Roma,Dovbyk,a,7.0,10.0,7,10
9,Roma,Gasperini,all,7.0,7.0,7,7
9,Sassuolo,Muric,p,6.0,5.0,6,5
9,Sassuolo,Walukiewicz,d,6.0,5.5,6,"5,5"
9,Sassuolo,Coulibaly W.,d,6.0,6.0,6,6
9,Sassuolo,Idzes,d,5.5,5.5,"5,5","5,5"
9,Sassuolo,Candè,d,5.5,5.5,"5,5","5,5"
9,Sassuolo,Matic,c,6.5,6.5,"6,5","6,5"
9,Sassuolo,Vranckx,c,6.0,6.0,6,6
9,Sassuolo,Volpato,c,7.0,8.0,7,8
9,Sassuolo,Thorstvedt,c,6.0,5.5,6,"5,5"
9,Sassuolo,Konè I.,c,6.5,6.5,"6,5","6,5"
9,Sassuolo,Fadera,c,5.5,5.0,"5,5",5
9,Sassuolo,Iannoni,c,55.0,55.0,55,55
9,Sassuolo,Pinamonti,a,7.0,10.0,7,10
9,Sassuolo,Laurientè,a,7.0,10.0,7,10
9,Sassuolo,Cheddira,a,55.0,55.0,55,55
9,Sassuolo,Moro L.,a,6.0,6.0,6,6
9,Sassuolo,Grosso,all,6.5,6.5,"6,5","6,5"
9,Torino,Paleari,p,6.5,6.5,"6,5","6,5"
9,Torino,Lazaro,d,6.0,6.0,6,6
9,Torino,Maripan,d,6.5,6.5,"6,5","6,5"
9,Torino,Ismajli,d,6.0,5.5,6,"5,5"
9,Torino,Pedersen,d,6.0,6.0,6,6
9,Torino,Coco,d,7.0,7.0,7,7
9,Torino,Tameze,c,6.0,5.5,6,"5,5"
9,Torino,Ilic,c,6.0,5.5,6,"5,5"
9,Torino,Vlasic,c,6.0,6.0,6,6
9,Torino,Asllani,c,55.0,55.0,55,55
9,Torino,Casadei,c,6.5,6.5,"6,5","6,5"
9,Torino,Gineitis,c,6.0,6.0,6,6
9,Torino,Zapata D.,a,55.0,55.0,55,55
9,Torino,Simeone,a,5.5,5.5,"5,5","5,5"
9,Torino,Ngonge,a,5.5,5.5,"5,5","5,5"
9,Torino,Adams C.,a,5.5,5.5,"5,5","5,5"
9,Torino,Baroni,all,6.0,6.0,6,6
9,Udinese,Okoye,p,7.0,4.0,7,4
9,Udinese,Kabasele,d,5.5,5.5,"5,5","5,5"
9,Udinese,Zanoli,d,6.0,6.0,6,6
9,Udinese,Kamara H.,d,5.5,5.5,"5,5","5,5"
9,Udinese,Ehizibue,d,6.0,6.0,6,6
9,Udinese,Goglichidze,d,4.0,3.5,4,"3,5"
9,Udinese,Solet,d,6.0,6.0,6,6
9,Udinese,Zaniolo,c,7.0,10.0,7,10
9,Udinese,Lovric,c,5.5,5.0,"5,5",5
9,Udinese,Karlstrom,c,5.5,5.5,"5,5","5,5"
9,Udinese,Atta,c,6.0,6.0,6,6
9,Udinese,Piotrowski,c,6.0,5.5,6,"5,5"
9,Udinese,Miller L.,c,6.0,5.5,6,"5,5"
9,Udinese,Davis K.,a,5.5,5.5,"5,5","5,5"
9,Udinese,Bayo V.,a,5.5,5.5,"5,5","5,5"
9,Udinese,Buksa,a,5.5,5.5,"5,5","5,5"
9,Udinese,Runjaic,all,5.0,5.0,5,5
9,Verona,Montipò,p,6.0,3.0,6,3
9,Verona,Bradaric,d,5.5,5.5,"5,5","5,5"
9,Verona,Frese,d,5.5,5.5,"5,5","5,5"
9,Verona,Valentini N.,d,5.5,5.5,"5,5","5,5"
9,Verona,Nelsson,d,5.0,4.5,5,"4,5"
9,Verona,Belghali,d,6.5,6.0,"6,5",6
9,Verona,Bella-Kotchap,d,5.5,5.5,"5,5","5,5"
9,Verona,Gagliardini,c,5.5,5.0,"5,5",5
9,Verona,Niasse,c,5.5,5.5,"5,5","5,5"
9,Verona,Serdar,c,7.0,10.0,7,10
9,Verona,Bernede,c,5.0,5.0,5,5
9,Verona,Sarr A.,a,5.5,5.5,"5,5","5,5"
9,Verona,Orban G.,a,5.0,4.5,5,"4,5"
9,Verona,Mosquera,a,55.0,55.0,55,55
9,Verona,Giovane,a,6.0,6.0,6,6
9,Verona,Zanetti,all,5.5,5.5,"5,5","5,5"
10,Atalanta,Carnesecchi,p,6.5,5.5,"6,5","5,5"
10,Atalanta,Zappacosta,d,5.5,5.5,"5,5","5,5"
10,Atalanta,Djimsiti,d,6.0,6.0,6,6
10,Atalanta,Bellanova,d,6.0,6.0,6,6
10,Atalanta,Kossounou,d,6.0,6.0,6,6
10,Atalanta,Hien,d,5.5,5.5,"5,5","5,5"
10,Atalanta,Pasalic,c,5.5,5.5,"5,5","5,5"
10,Atalanta,Brescianini,c,55.0,55.0,55,55
10,Atalanta,Samardzic,c,5.5,5.5,"5,5","5,5"
10,Atalanta,Zalewski,c,5.0,5.0,5,5
10,Atalanta,Ederson D.S.,c,5.5,5.0,"5,5",5
10,Atalanta,Scamacca,a,5.5,5.5,"5,5","5,5"
10,Atalanta,Lookman,a,5.5,5.5,"5,5","5,5"
10,Atalanta,Sulemana K.,a,5.0,5.0,5,5
10,Atalanta,De Ketelaere,a,5.5,5.0,"5,5",5
10,Atalanta,Krstovic,a,5.0,4.5,5,"4,5"
10,Atalanta,Juric,all,4.5,4.5,"4,5","4,5"
10,Bologna,Skorupski,p,6.0,5.0,6,5
10,Bologna,Miranda J.,d,7.0,10.0,7,10
10,Bologna,Holm,d,6.5,7.5,"6,5","7,5"
10,Bologna,Lucumì,d,6.0,6.0,6,6
10,Bologna,Heggem,d,6.0,6.0,6,6
10,Bologna,Bernardeschi,c,55.0,55.0,55,55
10,Bologna,Freuler,c,6.0,6.0,6,6
10,Bologna,Orsolini,c,6.0,6.0,6,6
10,Bologna,Odgaard,c,6.0,6.0,6,6
10,Bologna,Pobega,c,6.5,6.5,"6,5","6,5"
10,Bologna,Moro N.,c,6.0,6.0,6,6
10,Bologna,Fabbian,c,6.0,6.0,6,6
10,Bologna,Rowe,c,6.5,6.5,"6,5","6,5"
10,Bologna,Cambiaghi,a,6.5,7.0,"6,5",7
10,Bologna,Castro S.,a,7.5,13.0,"7,5",13
10,Bologna,Dallinga,a,6.0,6.0,6,6
10,Bologna,Italiano,all,7.0,7.0,7,7
10,Cagliari,Caprile,p,6.5,4.5,"6,5","4,5"
10,Cagliari,Luperto,d,5.0,5.0,5,5
10,Cagliari,Mina,d,5.5,5.5,"5,5","5,5"
10,Cagliari,Zappa,d,5.5,5.5,"5,5","5,5"
10,Cagliari,Palestra,d,6.0,6.0,6,6
10,Cagliari,Idrissi R.,d,55.0,55.0,55,55
10,Cagliari,Gaetano,c,5.5,5.0,"5,5",5
10,Cagliari,Adopo,c,5.0,5.0,5,5
10,Cagliari,Folorunsho,c,6.0,6.0,6,6
10,Cagliari,Prati,c,5.0,5.0,5,5
10,Cagliari,Felici,c,6.0,5.5,6,"5,5"
10,Cagliari,Pavoletti,a,55.0,55.0,55,55
10,Cagliari,Esposito Se.,a,5.5,5.5,"5,5","5,5"
10,Cagliari,Luvumbo,a,5.5,5.5,"5,5","5,5"
10,Cagliari,Borrelli,a,5.5,5.5,"5,5","5,5"
10,Cagliari,Kilicsoy,a,6.0,6.0,6,6
10,Cagliari,Pisacane,all,5.5,5.5,"5,5","5,5"
10,Como,Butez,p,6.0,6.0,6,6
10,Como,Diego Carlos,d,6.5,6.5,"6,5","6,5"
10,Como,Posch,d,6.0,6.0,6,6
10,Como,Valle,d,6.0,6.0,6,6
10,Como,Ramon,d,6.5,6.5,"6,5","6,5"
10,Como,Kempf,d,55.0,55.0,55,55
10,Como,Smolcic I.,d,6.5,6.0,"6,5",6
10,Como,Caqueret,c,6.5,6.5,"6,5","6,5"
10,Como,Da Cunha,c,6.0,6.0,6,6
10,Como,Perrone,c,6.0,5.5,6,"5,5"
10,Como,Paz N.,c,5.5,5.5,"5,5","5,5"
10,Como,Morata,a,5.0,2.0,5,2
10,Como,Diao,a,6.5,6.5,"6,5","6,5"
10,Como,Douvikas,a,55.0,55.0,55,55
10,Como,Addai,a,6.0,6.0,6,6
10,Como,Rodriguez Je.,a,55.0,55.0,55,55
10,Como,Fabregas,all,6.0,5.5,6,"5,5"
10,Cremonese,Audero,p,6.5,4.5,"6,5","4,5"
10,Cremonese,Bianchetti,d,5.5,5.0,"5,5",5
10,Cremonese,Terracciano F.,d,5.0,5.0,5,5
10,Cremonese,Baschirotto,d,5.5,5.5,"5,5","5,5"
10,Cremonese,Barbieri,d,6.0,6.0,6,6
10,Cremonese,Faye,d,6.0,6.0,6,6
10,Cremonese,Floriani Mussolini,d,5.5,5.5,"5,5","5,5"
10,Cremonese,Vazquez,c,6.5,6.5,"6,5","6,5"
10,Cremonese,Bondo,c,5.5,5.5,"5,5","5,5"
10,Cremonese,Payero,c,6.0,6.0,6,6
10,Cremonese,Sarmiento J.,c,5.5,5.5,"5,5","5,5"
10,Cremonese,Vandeputte,c,6.0,6.0,6,6
10,Cremonese,Bonazzoli,a,5.5,5.5,"5,5","5,5"
10,Cremonese,Vardy,a,7.0,10.0,7,10
10,Cremonese,Johnsen,a,6.5,7.5,"6,5","7,5"
10,Cremonese,Nicola,all,5.5,5.5,"5,5","5,5"
10,Fiorentina,De Gea,p,6.0,5.0,6,5
10,Fiorentina,Ranieri L.,d,5.0,4.5,5,"4,5"
10,Fiorentina,Pongracic,d,5.5,5.5,"5,5","5,5"
10,Fiorentina,Dodò,d,5.5,5.5,"5,5","5,5"
10,Fiorentina,Comuzzo,d,5.5,5.5,"5,5","5,5"
10,Fiorentina,Fortini,d,5.5,5.5,"5,5","5,5"
10,Fiorentina,Mandragora,c,5.0,5.0,5,5
10,Fiorentina,Nicolussi Caviglia,c,5.0,4.5,5,"4,5"
10,Fiorentina,Fagioli,c,5.0,4.5,5,"4,5"
10,Fiorentina,Sohm,c,5.0,5.0,5,5
10,Fiorentina,Gudmundsson A.,c,5.5,5.5,"5,5","5,5"
10,Fiorentina,Fazzini,c,5.5,5.5,"5,5","5,5"
10,Fiorentina,Ndour,c,4.5,4.5,"4,5","4,5"
10,Fiorentina,Dzeko,a,5.0,5.0,5,5
10,Fiorentina,Kean,a,5.0,4.5,5,"4,5"
10,Fiorentina,Piccoli,a,5.0,5.0,5,5
10,Fiorentina,Pioli,all,4.0,4.0,4,4
10,Genoa,Leali,p,6.0,5.0,6,5
10,Genoa,Martin,d,6.5,7.5,"6,5","7,5"
10,Genoa,Vasquez,d,6.5,6.5,"6,5","6,5"
10,Genoa,Ostigard,d,7.0,10.0,7,10
10,Genoa,Marcandalli,d,6.0,5.5,6,"5,5"
10,Genoa,Norton-Cuffy,d,7.0,7.0,7,7
10,Genoa,Thorsby,c,6.0,6.0,6,6
10,Genoa,Malinovskyi,c,7.0,9.5,7,"9,5"
10,Genoa,Messias,c,6.0,6.0,6,6
10,Genoa,Frendrup,c,6.0,6.0,6,6
10,Genoa,Ellertsson,c,6.0,6.0,6,6
10,Genoa,Gronbaek,c,55.0,55.0,55,55
10,Genoa,Masini,c,6.0,5.5,6,"5,5"
10,Genoa,Colombo,a,5.0,5.0,5,5
10,Genoa,Ekuban,a,6.0,6.0,6,6
10,Genoa,Vitinha O.,a,5.5,5.5,"5,5","5,5"
10,Genoa,Criscito,all,6.0,6.0,6,6
10,Inter,Sommer,p,5.5,4.5,"5,5","4,5"
10,Inter,Dimarco,d,6.0,6.0,6,6
10,Inter,Bastoni,d,5.5,5.5,"5,5","5,5"
10,Inter,Akanji,d,6.0,6.0,6,6
10,Inter,Dumfries,d,6.0,6.0,6,6
10,Inter,Carlos Augusto,d,6.0,6.0,6,6
10,Inter,Bisseck,d,6.0,5.5,6,"5,5"
10,Inter,Zielinski,c,7.0,10.0,7,10
10,Inter,Barella,c,6.5,6.5,"6,5","6,5"
10,Inter,Calhanoglu,c,7.0,8.0,7,8
10,Inter,Frattesi,c,55.0,55.0,55,55
10,Inter,Luis Henrique,c,5.5,5.5,"5,5","5,5"
10,Inter,Sucic P.,c,5.5,5.5,"5,5","5,5"
10,Inter,Martinez L.,a,5.5,5.5,"5,5","5,5"
10,Inter,Bonny,a,5.5,5.5,"5,5","5,5"
10,Inter,Esposito F.P.,a,6.0,6.0,6,6
10,Inter,Chivu,all,6.0,6.0,6,6
10,Juventus,Di Gregorio,p,6.0,5.0,6,5
10,Juventus,Rugani,d,55.0,55.0,55,55
10,Juventus,Kalulu,d,6.5,6.5,"6,5","6,5"
10,Juventus,Cambiaso,d,7.0,10.0,7,10
10,Juventus,Gatti,d,5.0,5.0,5,5
10,Juventus,Joao Mario,d,55.0,55.0,55,55
10,Juventus,Locatelli,c,7.0,7.0,7,7
10,Juventus,Kostic,c,7.0,10.0,7,10
10,Juventus,McKennie,c,6.0,6.0,6,6
10,Juventus,Thuram K.,c,6.0,6.0,6,6
10,Juventus,Koopmeiners,c,6.0,6.0,6,6
10,Juventus,Adzic,c,55.0,55.0,55,55
10,Juventus,Conceicao,c,6.0,6.0,6,6
10,Juventus,Vlahovic,a,6.5,6.5,"6,5","6,5"
10,Juventus,David,a,55.0,55.0,55,55
10,Juventus,Openda,a,6.0,6.0,6,6
10,Juventus,Spalletti,all,7.0,6.5,7,"6,5"
10,Lazio,Provedel,p,6.0,6.0,6,6
10,Lazio,Romagnoli,d,6.0,6.0,6,6
10,Lazio,Marusic,d,6.5,6.5,"6,5","6,5"
10,Lazio,Lazzari,d,6.0,6.0,6,6
10,Lazio,Pellegrini Lu.,d,6.0,6.0,6,6
10,Lazio,Gila,d,6.5,6.5,"6,5","6,5"
10,Lazio,Provstgaard,d,6.0,6.0,6,6
10,Lazio,Vecino,c,6.0,6.0,6,6
10,Lazio,Cataldi,c,6.5,6.5,"6,5","6,5"
10,Lazio,Zaccagni,c,7.0,10.0,7,10
10,Lazio,Guendouzi,c,7.0,7.0,7,7
10,Lazio,Basic,c,5.5,5.5,"5,5","5,5"
10,Lazio,Isaksen,c,7.0,10.0,7,10
10,Lazio,Pedro,a,55.0,55.0,55,55
10,Lazio,Dia,a,5.0,5.0,5,5
10,Lazio,Noslin,a,55.0,55.0,55,55
10,Lazio,Sarri,all,6.5,6.5,"6,5","6,5"
10,Lecce,Falcone,p,7.0,7.0,7,7
10,Lecce,Gallo,d,6.5,6.5,"6,5","6,5"
10,Lecce,Gaspar K.,d,6.5,6.5,"6,5","6,5"
10,Lecce,Tiago Gabriel,d,6.5,6.5,"6,5","6,5"
10,Lecce,Veiga D.,d,6.0,5.5,6,"5,5"
10,Lecce,Maleh,c,6.0,6.0,6,6
10,Lecce,Coulibaly L.,c,6.0,6.0,6,6
10,Lecce,Berisha M.,c,7.0,10.0,7,10
10,Lecce,Ramadani,c,6.5,6.5,"6,5","6,5"
10,Lecce,Kaba,c,55.0,55.0,55,55
10,Lecce,Pierotti,c,6.0,6.0,6,6
10,Lecce,Tete Morente,c,6.5,7.5,"6,5","7,5"
10,Lecce,Banda,a,6.0,6.0,6,6
10,Lecce,Camarda,a,55.0,55.0,55,55
10,Lecce,Stulic,a,6.0,6.0,6,6
10,Lecce,Di Francesco,all,7.0,7.0,7,7
10,Milan,Maignan,p,7.0,10.0,7,10
10,Milan,Gabbia,d,6.5,6.5,"6,5","6,5"
10,Milan,Tomori,d,55.0,55.0,55,55
10,Milan,Pavlovic,d,7.5,10.5,"7,5","10,5"
10,Milan,De Winter,d,5.5,5.5,"5,5","5,5"
10,Milan,Bartesaghi,d,6.0,6.0,6,6
10,Milan,Athekame,d,55.0,55.0,55,55
10,Milan,Modric,c,6.5,6.5,"6,5","6,5"
10,Milan,Loftus-Cheek,c,55.0,55.0,55,55
10,Milan,Fofana Y.,c,5.5,5.0,"5,5",5
10,Milan,Saelemaekers,c,6.5,6.5,"6,5","6,5"
10,Milan,Ricci S.,c,6.0,6.0,6,6
10,Milan,Leao,a,6.5,7.5,"6,5","7,5"
10,Milan,Nkunku,a,5.5,5.5,"5,5","5,5"
10,Milan,Allegri,all,6.5,6.5,"6,5","6,5"
10,Napoli,Milinkovic-Savic V.,p,7.0,10.0,7,10
10,Napoli,Spinazzola,d,5.5,5.5,"5,5","5,5"
10,Napoli,Buongiorno,d,6.0,6.0,6,6
10,Napoli,Di Lorenzo,d,5.5,5.5,"5,5","5,5"
10,Napoli,Rrahmani,d,6.5,6.5,"6,5","6,5"
10,Napoli,Gutierrez,d,6.0,6.0,6,6
10,Napoli,Politano,c,5.5,5.0,"5,5",5
10,Napoli,Zambo Anguissa,c,6.0,5.5,6,"5,5"
10,Napoli,Lobotka,c,55.0,55.0,55,55
10,Napoli,Elmas,c,5.5,5.0,"5,5",5
10,Napoli,McTominay,c,6.5,6.5,"6,5","6,5"
10,Napoli,Gilmour,c,6.0,6.0,6,6
10,Napoli,Neres,c,5.5,5.5,"5,5","5,5"
10,Napoli,Hojlund,a,5.5,5.5,"5,5","5,5"
10,Napoli,Lucca,a,55.0,55.0,55,55
10,Napoli,Lang,a,6.0,6.0,6,6
10,Napoli,Conte,all,6.0,6.0,6,6
10,Parma,Suzuki,p,6.0,3.0,6,3
10,Parma,Valenti,d,6.0,5.5,6,"5,5"
10,Parma,Circati,d,5.5,5.5,"5,5","5,5"
10,Parma,Delprato,d,5.5,5.5,"5,5","5,5"
10,Parma,Ndiaye,d,6.0,6.0,6,6
10,Parma,Britschgi,d,6.0,6.0,6,6
10,Parma,Hernani,c,5.5,5.5,"5,5","5,5"
10,Parma,Estevez,c,5.5,5.5,"5,5","5,5"
10,Parma,Bernabè,c,7.0,10.0,7,10
10,Parma,Keita M.,c,5.5,5.5,"5,5","5,5"
10,Parma,Ordonez C.,c,4.5,3.5,"4,5","3,5"
10,Parma,Sorensen O.,c,6.0,6.0,6,6
10,Parma,Cutrone,a,5.5,5.5,"5,5","5,5"
10,Parma,Djuric,a,5.5,5.0,"5,5",5
10,Parma,Benedyczak,a,6.0,6.0,6,6
10,Parma,Pellegrino M.,a,6.0,6.0,6,6
10,Parma,Cuesta,all,5.5,5.5,"5,5","5,5"
10,Pisa,Semper,p,6.5,4.5,"6,5","4,5"
10,Pisa,Cuadrado,d,55.0,55.0,55,55
10,Pisa,Caracciolo A.,d,6.0,6.0,6,6
10,Pisa,Calabresi,d,6.0,6.0,6,6
10,Pisa,Canestrelli,d,5.0,5.0,5,5
10,Pisa,Angori,d,6.0,6.0,6,6
10,Pisa,Leris,c,6.5,7.5,"6,5","7,5"
10,Pisa,Aebischer,c,6.0,6.0,6,6
10,Pisa,Akinsanmiro,c,6.5,6.5,"6,5","6,5"
10,Pisa,Tourè I.,c,6.0,6.0,6,6
10,Pisa,Hojholt,c,6.0,5.5,6,"5,5"
10,Pisa,Marin M.,c,55.0,55.0,55,55
10,Pisa,Vural,c,6.0,6.0,6,6
10,Pisa,Nzola,a,6.0,6.0,6,6
10,Pisa,Moreo,a,7.5,13.5,"7,5","13,5"
10,Pisa,Meister,a,5.5,5.5,"5,5","5,5"
10,Pisa,Gilardino,all,6.0,6.0,6,6
10,Roma,Svilar,p,7.0,6.0,7,6
10,Roma,Mancini,d,5.5,5.0,"5,5",5
10,Roma,N'Dicka,d,5.5,5.5,"5,5","5,5"
10,Roma,Celik,d,6.0,5.5,6,"5,5"
10,Roma,Hermoso,d,6.5,6.0,"6,5",6
10,Roma,Tsimikas,d,55.0,55.0,55,55
10,Roma,Wesley,d,6.0,5.5,6,"5,5"
10,Roma,Pellegrini Lo.,c,6.0,6.0,6,6
10,Roma,Cristante,c,6.0,6.0,6,6
10,Roma,Bailey,c,5.5,5.5,"5,5","5,5"
10,Roma,Konè M.,c,6.0,6.0,6,6
10,Roma,Baldanzi,c,55.0,55.0,55,55
10,Roma,El Aynaoui,c,6.0,5.5,6,"5,5"
10,Roma,Dybala,a,5.0,2.0,5,2
10,Roma,Soulè,a,6.0,6.0,6,6
10,Roma,Dovbyk,a,5.5,5.5,"5,5","5,5"
10,Roma,Gasperini,all,6.0,6.0,6,6
10,Sassuolo,Muric,p,5.5,3.5,"5,5","3,5"
10,Sassuolo,Walukiewicz,d,5.5,5.5,"5,5","5,5"
10,Sassuolo,Doig,d,5.5,5.5,"5,5","5,5"
10,Sassuolo,Coulibaly W.,d,5.5,5.5,"5,5","5,5"
10,Sassuolo,Idzes,d,6.0,6.0,6,6
10,Sassuolo,Muharemovic,d,5.5,5.0,"5,5",5
10,Sassuolo,Matic,c,6.5,6.5,"6,5","6,5"
10,Sassuolo,Vranckx,c,5.0,5.0,5,5
10,Sassuolo,Thorstvedt,c,6.5,6.5,"6,5","6,5"
10,Sassuolo,Konè I.,c,6.5,6.5,"6,5","6,5"
10,Sassuolo,Fadera,c,6.0,6.0,6,6
10,Sassuolo,Berardi,a,7.0,10.0,7,10
10,Sassuolo,Pinamonti,a,5.5,5.5,"5,5","5,5"
10,Sassuolo,Laurientè,a,6.0,6.0,6,6
10,Sassuolo,Cheddira,a,5.5,5.5,"5,5","5,5"
10,Sassuolo,Moro L.,a,55.0,55.0,55,55
10,Sassuolo,Grosso,all,6.0,6.0,6,6
10,Torino,Paleari,p,6.0,4.0,6,4
10,Torino,Biraghi,d,6.0,6.0,6,6
10,Torino,Lazaro,d,6.0,6.0,6,6
10,Torino,Maripan,d,5.5,5.5,"5,5","5,5"
10,Torino,Ismajli,d,6.0,7.0,6,7
10,Torino,Pedersen,d,6.0,5.5,6,"5,5"
10,Torino,Coco,d,6.0,6.0,6,6
10,Torino,Tameze,c,6.0,6.0,6,6
10,Torino,Ilic,c,6.5,6.5,"6,5","6,5"
10,Torino,Vlasic,c,5.5,5.5,"5,5","5,5"
10,Torino,Casadei,c,5.5,5.0,"5,5",5
10,Torino,Gineitis,c,6.0,6.0,6,6
10,Torino,Zapata D.,a,5.5,5.5,"5,5","5,5"
10,Torino,Simeone,a,6.5,9.5,"6,5","9,5"
10,Torino,Ngonge,a,6.0,6.0,6,6
10,Torino,Adams C.,a,7.0,10.0,7,10
10,Torino,Baroni,all,6.0,5.0,6,5
10,Udinese,Okoye,p,6.0,6.0,6,6
10,Udinese,Kabasele,d,7.0,7.0,7,7
10,Udinese,Zanoli,d,6.5,6.5,"6,5","6,5"
10,Udinese,Kamara H.,d,7.0,7.5,7,"7,5"
10,Udinese,Bertola,d,6.5,6.5,"6,5","6,5"
10,Udinese,Ehizibue,d,6.0,6.0,6,6
10,Udinese,Palma,d,6.5,6.5,"6,5","6,5"
10,Udinese,Solet,d,6.5,6.5,"6,5","6,5"
10,Udinese,Zaniolo,c,7.0,10.0,7,10
10,Udinese,Zarraga,c,55.0,55.0,55,55
10,Udinese,Karlstrom,c,6.5,6.5,"6,5","6,5"
10,Udinese,Ekkelenkamp,c,6.5,6.5,"6,5","6,5"
10,Udinese,Atta,c,7.0,7.0,7,7
10,Udinese,Piotrowski,c,6.0,6.0,6,6
10,Udinese,Bayo V.,a,6.0,6.0,6,6
10,Udinese,Buksa,a,6.5,6.5,"6,5","6,5"
10,Udinese,Runjaic,all,7.5,7.5,"7,5","7,5"
10,Verona,Montipò,p,6.5,4.5,"6,5","4,5"
10,Verona,Bradaric,d,6.0,6.0,6,6
10,Verona,Frese,d,5.5,3.5,"5,5","3,5"
10,Verona,Nelsson,d,6.5,6.5,"6,5","6,5"
10,Verona,Belghali,d,6.5,6.5,"6,5","6,5"
10,Verona,Bella-Kotchap,d,6.5,6.0,"6,5",6
10,Verona,Gagliardini,c,6.0,6.0,6,6
10,Verona,Akpa Akpro,c,6.0,6.0,6,6
10,Verona,Niasse,c,6.0,6.0,6,6
10,Verona,Harroui,c,55.0,55.0,55,55
10,Verona,Bernede,c,6.0,6.0,6,6
10,Verona,Sarr A.,a,55.0,55.0,55,55
10,Verona,Orban G.,a,6.0,6.5,6,"6,5"
10,Verona,Mosquera,a,6.0,6.0,6,6
10,Verona,Giovane,a,7.0,10.0,7,10
10,Verona,Zanetti,all,6.0,5.5,6,"5,5"
11,Atalanta,Carnesecchi,p,5.0,2.0,5,2
11,Atalanta,Zappacosta,d,5.0,5.0,5,5
11,Atalanta,Djimsiti,d,5.0,5.0,5,5
11,Atalanta,Bellanova,d,5.0,5.0,5,5
11,Atalanta,Kossounou,d,5.5,5.5,"5,5","5,5"
11,Atalanta,Hien,d,4.5,4.5,"4,5","4,5"
11,Atalanta,Ahanor,d,5.0,5.0,5,5
11,Atalanta,Pasalic,c,4.5,4.5,"4,5","4,5"
11,Atalanta,Samardzic,c,4.5,4.5,"4,5","4,5"
11,Atalanta,Zalewski,c,55.0,55.0,55,55
11,Atalanta,Ederson D.S.,c,5.5,5.5,"5,5","5,5"
11,Atalanta,Scamacca,a,5.5,5.5,"5,5","5,5"
11,Atalanta,Lookman,a,5.0,5.0,5,5
11,Atalanta,Sulemana K.,a,55.0,55.0,55,55
11,Atalanta,De Ketelaere,a,5.5,5.5,"5,5","5,5"
11,Atalanta,Krstovic,a,5.0,5.0,5,5
11,Atalanta,Juric,all,4.5,4.5,"4,5","4,5"
11,Bologna,Skorupski,p,55.0,55.0,55,55
11,Bologna,Pessina Mas.,p,6.0,6.0,6,6
11,Bologna,Miranda J.,d,6.5,6.5,"6,5","6,5"
11,Bologna,Casale,d,55.0,55.0,55,55
11,Bologna,Holm,d,7.0,8.0,7,8
11,Bologna,Lucumì,d,7.5,10.5,"7,5","10,5"
11,Bologna,Heggem,d,6.5,6.5,"6,5","6,5"
11,Bologna,Bernardeschi,c,6.5,6.5,"6,5","6,5"
11,Bologna,Orsolini,c,6.0,5.5,6,"5,5"
11,Bologna,Odgaard,c,6.0,6.0,6,6
11,Bologna,Pobega,c,6.5,6.5,"6,5","6,5"
11,Bologna,Ferguson,c,6.5,6.5,"6,5","6,5"
11,Bologna,Moro N.,c,55.0,55.0,55,55
11,Bologna,Rowe,c,6.0,6.0,6,6
11,Bologna,Cambiaghi,a,7.0,8.0,7,8
11,Bologna,Dallinga,a,7.0,10.0,7,10
11,Bologna,Italiano,all,7.0,7.0,7,7
11,Cagliari,Caprile,p,7.0,7.0,7,7
11,Cagliari,Luperto,d,6.5,6.5,"6,5","6,5"
11,Cagliari,Mina,d,7.0,7.0,7,7
11,Cagliari,Zappa,d,6.0,6.0,6,6
11,Cagliari,Obert,d,5.5,5.5,"5,5","5,5"
11,Cagliari,Palestra,d,6.5,6.5,"6,5","6,5"
11,Cagliari,Idrissi R.,d,55.0,55.0,55,55
11,Cagliari,Mazzitelli,c,55.0,55.0,55,55
11,Cagliari,Gaetano,c,6.0,6.0,6,6
11,Cagliari,Adopo,c,5.5,5.5,"5,5","5,5"
11,Cagliari,Folorunsho,c,5.5,5.5,"5,5","5,5"
11,Cagliari,Prati,c,6.0,5.5,6,"5,5"
11,Cagliari,Felici,c,5.5,5.5,"5,5","5,5"
11,Cagliari,Esposito Se.,a,5.5,5.5,"5,5","5,5"
11,Cagliari,Luvumbo,a,5.5,5.5,"5,5","5,5"
11,Cagliari,Borrelli,a,5.5,5.5,"5,5","5,5"
11,Cagliari,Pisacane,all,6.5,6.5,"6,5","6,5"
11,Como,Butez,p,6.5,6.5,"6,5","6,5"
11,Como,Diego Carlos,d,6.0,6.0,6,6
11,Como,Vojvoda,d,55.0,55.0,55,55
11,Como,Valle,d,6.5,6.5,"6,5","6,5"
11,Como,Ramon,d,6.5,6.5,"6,5","6,5"
11,Como,Smolcic I.,d,6.0,6.0,6,6
11,Como,Caqueret,c,6.0,6.0,6,6
11,Como,Perrone,c,5.5,5.0,"5,5",5
11,Como,Paz N.,c,6.5,6.5,"6,5","6,5"
11,Como,Baturina,c,5.5,5.5,"5,5","5,5"
11,Como,Morata,a,4.5,4.0,"4,5",4
11,Como,Diao,a,5.0,5.0,5,5
11,Como,Douvikas,a,5.5,5.5,"5,5","5,5"
11,Como,Addai,a,6.0,5.5,6,"5,5"
11,Como,Kuhn,a,6.0,6.0,6,6
11,Como,Rodriguez Je.,a,6.0,6.0,6,6
11,Como,Fabregas,all,6.0,6.0,6,6
11,Cremonese,Audero,p,6.0,5.0,6,5
11,Cremonese,Bianchetti,d,6.0,6.0,6,6
11,Cremonese,Terracciano F.,d,6.0,5.5,6,"5,5"
11,Cremonese,Baschirotto,d,5.5,5.5,"5,5","5,5"
11,Cremonese,Barbieri,d,5.5,5.5,"5,5","5,5"
11,Cremonese,Faye,d,5.0,4.5,5,"4,5"
11,Cremonese,Floriani Mussolini,d,6.0,6.0,6,6
11,Cremonese,Vazquez,c,6.5,6.5,"6,5","6,5"
11,Cremonese,Bondo,c,6.0,6.0,6,6
11,Cremonese,Payero,c,5.5,5.5,"5,5","5,5"
11,Cremonese,Sarmiento J.,c,6.0,6.0,6,6
11,Cremonese,Vandeputte,c,6.5,6.5,"6,5","6,5"
11,Cremonese,Bonazzoli,a,6.0,6.0,6,6
11,Cremonese,Vardy,a,5.5,5.5,"5,5","5,5"
11,Cremonese,Johnsen,a,55.0,55.0,55,55
11,Cremonese,Nicola,all,5.5,5.5,"5,5","5,5"
11,Fiorentina,De Gea,p,6.5,7.5,"6,5","7,5"
11,Fiorentina,Ranieri L.,d,5.0,4.5,5,"4,5"
11,Fiorentina,Marì,d,6.0,6.0,6,6
11,Fiorentina,Parisi,d,6.0,6.0,6,6
11,Fiorentina,Pongracic,d,5.5,5.0,"5,5",5
11,Fiorentina,Viti,d,6.0,6.0,6,6
11,Fiorentina,Dodò,d,5.5,5.0,"5,5",5
11,Fiorentina,Fortini,d,6.5,6.5,"6,5","6,5"
11,Fiorentina,Mandragora,c,5.5,5.5,"5,5","5,5"
11,Fiorentina,Nicolussi Caviglia,c,5.5,5.5,"5,5","5,5"
11,Fiorentina,Sohm,c,6.5,7.5,"6,5","7,5"
11,Fiorentina,Gudmundsson A.,c,7.0,10.0,7,10
11,Fiorentina,Fazzini,c,55.0,55.0,55,55
11,Fiorentina,Ndour,c,6.0,6.0,6,6
11,Fiorentina,Dzeko,a,6.0,6.0,6,6
11,Fiorentina,Piccoli,a,7.0,10.0,7,10
11,Fiorentina,Vanoli,all,6.5,6.0,"6,5",6
11,Genoa,Leali,p,6.5,4.5,"6,5","4,5"
11,Genoa,Martin,d,6.5,7.0,"6,5",7
11,Genoa,Vasquez,d,5.5,5.5,"5,5","5,5"
11,Genoa,Ostigard,d,7.0,10.0,7,10
11,Genoa,Marcandalli,d,5.0,5.0,5,5
11,Genoa,Norton-Cuffy,d,6.0,6.0,6,6
11,Genoa,Thorsby,c,6.0,6.0,6,6
11,Genoa,Frendrup,c,6.0,6.0,6,6
11,Genoa,Ellertsson,c,5.5,5.0,"5,5",5
11,Genoa,Carboni V.,c,6.0,6.0,6,6
11,Genoa,Masini,c,6.0,6.0,6,6
11,Genoa,Colombo,a,5.5,5.5,"5,5","5,5"
11,Genoa,Vitinha O.,a,5.5,5.5,"5,5","5,5"
11,Genoa,Ekhator,a,6.0,6.0,6,6
11,Genoa,De Rossi,all,6.0,6.0,6,6
11,Inter,Sommer,p,6.0,6.0,6,6
11,Inter,Dimarco,d,7.0,8.0,7,8
11,Inter,Acerbi,d,6.0,6.0,6,6
11,Inter,Bastoni,d,6.5,7.5,"6,5","7,5"
11,Inter,Akanji,d,6.0,5.5,6,"5,5"
11,Inter,Dumfries,d,5.5,5.0,"5,5",5
11,Inter,Carlos Augusto,d,6.5,6.5,"6,5","6,5"
11,Inter,Zielinski,c,6.5,6.5,"6,5","6,5"
11,Inter,Barella,c,6.5,6.5,"6,5","6,5"
11,Inter,Calhanoglu,c,6.5,6.5,"6,5","6,5"
11,Inter,Frattesi,c,55.0,55.0,55,55
11,Inter,Sucic P.,c,6.0,5.5,6,"5,5"
11,Inter,Martinez L.,a,7.0,10.0,7,10
11,Inter,Thuram,a,6.0,6.0,6,6
11,Inter,Bonny,a,7.0,10.0,7,10
11,Inter,Esposito F.P.,a,55.0,55.0,55,55
11,Inter,Chivu,all,7.0,7.0,7,7
11,Juventus,Di Gregorio,p,6.5,6.5,"6,5","6,5"
11,Juventus,Rugani,d,6.0,6.0,6,6
11,Juventus,Kalulu,d,6.5,6.5,"6,5","6,5"
11,Juventus,Cambiaso,d,5.5,5.5,"5,5","5,5"
11,Juventus,Gatti,d,6.0,6.0,6,6
11,Juventus,Locatelli,c,6.0,6.0,6,6
11,Juventus,McKennie,c,6.0,6.0,6,6
11,Juventus,Thuram K.,c,6.5,6.5,"6,5","6,5"
11,Juventus,Koopmeiners,c,6.0,6.0,6,6
11,Juventus,Zhegrova,c,6.0,6.0,6,6
11,Juventus,Adzic,c,55.0,55.0,55,55
11,Juventus,Conceicao,c,6.0,6.0,6,6
11,Juventus,Vlahovic,a,5.5,5.5,"5,5","5,5"
11,Juventus,David,a,5.5,5.5,"5,5","5,5"
11,Juventus,Openda,a,55.0,55.0,55,55
11,Juventus,Yildiz,a,6.0,6.0,6,6
11,Juventus,Spalletti,all,6.0,6.0,6,6
11,Lazio,Provedel,p,6.0,4.0,6,4
11,Lazio,Romagnoli,d,5.0,5.0,5,5
11,Lazio,Marusic,d,5.5,5.5,"5,5","5,5"
11,Lazio,Lazzari,d,5.5,5.5,"5,5","5,5"
11,Lazio,Pellegrini Lu.,d,6.0,6.0,6,6
11,Lazio,Gila,d,5.5,5.5,"5,5","5,5"
11,Lazio,Provstgaard,d,6.0,6.0,6,6
11,Lazio,Vecino,c,6.0,6.0,6,6
11,Lazio,Cataldi,c,5.0,5.0,5,5
11,Lazio,Zaccagni,c,6.5,6.0,"6,5",6
11,Lazio,Guendouzi,c,5.5,5.5,"5,5","5,5"
11,Lazio,Basic,c,6.0,6.0,6,6
11,Lazio,Isaksen,c,5.5,5.5,"5,5","5,5"
11,Lazio,Pedro,a,6.0,6.0,6,6
11,Lazio,Dia,a,5.5,5.5,"5,5","5,5"
11,Lazio,Noslin,a,5.5,5.5,"5,5","5,5"
11,Lazio,Sarri,all,5.5,5.0,"5,5",5
11,Lecce,Falcone,p,6.0,6.0,6,6
11,Lecce,Gallo,d,7.0,7.0,7,7
11,Lecce,Gaspar K.,d,6.0,6.0,6,6
11,Lecce,Tiago Gabriel,d,6.5,6.5,"6,5","6,5"
11,Lecce,Veiga D.,d,6.0,6.0,6,6
11,Lecce,Sottil,c,6.5,6.5,"6,5","6,5"
11,Lecce,Coulibaly L.,c,5.5,5.0,"5,5",5
11,Lecce,Berisha M.,c,6.0,6.0,6,6
11,Lecce,Ramadani,c,6.0,6.0,6,6
11,Lecce,Kaba,c,55.0,55.0,55,55
11,Lecce,Pierotti,c,5.5,5.5,"5,5","5,5"
11,Lecce,Tete Morente,c,5.0,5.0,5,5
11,Lecce,Banda,a,6.0,6.0,6,6
11,Lecce,Camarda,a,6.0,6.0,6,6
11,Lecce,Stulic,a,5.5,5.5,"5,5","5,5"
11,Lecce,Di Francesco,all,6.0,6.0,6,6
11,Milan,Maignan,p,6.0,4.0,6,4
11,Milan,Gabbia,d,6.0,6.0,6,6
11,Milan,Pavlovic,d,5.5,5.5,"5,5","5,5"
11,Milan,Estupinan,d,5.0,5.0,5,5
11,Milan,De Winter,d,5.5,5.5,"5,5","5,5"
11,Milan,Bartesaghi,d,6.0,6.0,6,6
11,Milan,Athekame,d,55.0,55.0,55,55
11,Milan,Pulisic,c,5.5,5.5,"5,5","5,5"
11,Milan,Modric,c,6.0,5.5,6,"5,5"
11,Milan,Loftus-Cheek,c,6.0,6.0,6,6
11,Milan,Fofana Y.,c,5.0,5.0,5,5
11,Milan,Saelemaekers,c,7.0,10.0,7,10
11,Milan,Ricci S.,c,5.5,5.5,"5,5","5,5"
11,Milan,Leao,a,7.0,10.0,7,10
11,Milan,Nkunku,a,6.0,7.0,6,7
11,Milan,Allegri,all,6.0,6.0,6,6
11,Napoli,Milinkovic-Savic V.,p,5.5,3.5,"5,5","3,5"
11,Napoli,Juan Jesus,d,55.0,55.0,55,55
11,Napoli,Buongiorno,d,5.5,5.5,"5,5","5,5"
11,Napoli,Di Lorenzo,d,5.0,5.0,5,5
11,Napoli,Rrahmani,d,5.0,5.0,5,5
11,Napoli,Gutierrez,d,5.5,5.5,"5,5","5,5"
11,Napoli,Olivera,d,55.0,55.0,55,55
11,Napoli,Politano,c,5.0,5.0,5,5
11,Napoli,Zambo Anguissa,c,5.5,5.5,"5,5","5,5"
11,Napoli,Lobotka,c,5.5,5.5,"5,5","5,5"
11,Napoli,Elmas,c,5.0,5.0,5,5
11,Napoli,McTominay,c,5.5,5.5,"5,5","5,5"
11,Napoli,Neres,c,5.5,5.0,"5,5",5
11,Napoli,Hojlund,a,5.0,4.5,5,"4,5"
11,Napoli,Lucca,a,55.0,55.0,55,55
11,Napoli,Lang,a,5.5,5.0,"5,5",5
11,Napoli,Conte,all,5.0,5.0,5,5
11,Parma,Suzuki,p,5.5,3.5,"5,5","3,5"
11,Parma,Valenti,d,6.5,6.5,"6,5","6,5"
11,Parma,Valeri,d,6.0,6.0,6,6
11,Parma,Delprato,d,7.5,10.5,"7,5","10,5"
11,Parma,Lovik,d,5.5,5.5,"5,5","5,5"
11,Parma,Ndiaye,d,5.0,5.0,5,5
11,Parma,Troilo,d,6.5,6.5,"6,5","6,5"
11,Parma,Britschgi,d,7.0,9.0,7,9
11,Parma,Hernani,c,55.0,55.0,55,55
11,Parma,Bernabè,c,7.0,10.0,7,10
11,Parma,Keita M.,c,5.5,5.5,"5,5","5,5"
11,Parma,Sorensen O.,c,5.5,5.0,"5,5",5
11,Parma,Cremaschi,c,55.0,55.0,55,55
11,Parma,Cutrone,a,6.0,6.0,6,6
11,Parma,Pellegrino M.,a,6.5,6.5,"6,5","6,5"
11,Parma,Cuesta,all,6.5,6.5,"6,5","6,5"
11,Pisa,Semper,p,6.5,6.5,"6,5","6,5"
11,Pisa,Cuadrado,d,6.0,6.0,6,6
11,Pisa,Caracciolo A.,d,6.5,6.5,"6,5","6,5"
11,Pisa,Calabresi,d,5.5,5.5,"5,5","5,5"
11,Pisa,Canestrelli,d,6.0,6.0,6,6
11,Pisa,Leris,c,6.5,6.5,"6,5","6,5"
11,Pisa,Tramoni M.,c,6.5,7.5,"6,5","7,5"
11,Pisa,Aebischer,c,6.0,5.5,6,"5,5"
11,Pisa,Akinsanmiro,c,6.5,6.5,"6,5","6,5"
11,Pisa,Piccinini G.,c,6.0,5.5,6,"5,5"
11,Pisa,Tourè I.,c,7.0,10.0,7,10
11,Pisa,Marin M.,c,6.0,5.5,6,"5,5"
11,Pisa,Vural,c,6.0,5.5,6,"5,5"
11,Pisa,Nzola,a,6.0,6.0,6,6
11,Pisa,Moreo,a,5.5,5.5,"5,5","5,5"
11,Pisa,Meister,a,55.0,55.0,55,55
11,Pisa,Gilardino,all,6.5,6.5,"6,5","6,5"
11,Roma,Svilar,p,6.5,6.5,"6,5","6,5"
11,Roma,Mancini,d,6.5,7.5,"6,5","7,5"
11,Roma,N'Dicka,d,6.0,6.0,6,6
11,Roma,Celik,d,7.0,10.0,7,10
11,Roma,Hermoso,d,6.5,6.5,"6,5","6,5"
11,Roma,Ghilardi,d,55.0,55.0,55,55
11,Roma,Wesley,d,6.0,6.0,6,6
11,Roma,Ziolkowski,d,55.0,55.0,55,55
11,Roma,Pellegrini Lo.,c,7.0,9.5,7,"9,5"
11,Roma,Cristante,c,6.5,6.0,"6,5",6
11,Roma,El Shaarawy,c,6.0,6.0,6,6
11,Roma,Konè M.,c,6.5,6.5,"6,5","6,5"
11,Roma,Baldanzi,c,6.0,6.0,6,6
11,Roma,El Aynaoui,c,6.0,6.0,6,6
11,Roma,Soulè,a,6.0,6.0,6,6
11,Roma,Dovbyk,a,6.0,6.0,6,6
11,Roma,Gasperini,all,6.5,6.5,"6,5","6,5"
11,Sassuolo,Muric,p,6.5,6.0,"6,5",6
11,Sassuolo,Walukiewicz,d,6.5,6.5,"6,5","6,5"
11,Sassuolo,Doig,d,55.0,55.0,55,55
11,Sassuolo,Idzes,d,7.0,7.0,7,7
11,Sassuolo,Candè,d,6.5,6.0,"6,5",6
11,Sassuolo,Muharemovic,d,6.5,6.5,"6,5","6,5"
11,Sassuolo,Matic,c,7.0,7.0,7,7
11,Sassuolo,Thorstvedt,c,6.5,7.5,"6,5","7,5"
11,Sassuolo,Konè I.,c,7.0,7.0,7,7
11,Sassuolo,Fadera,c,5.5,5.5,"5,5","5,5"
11,Sassuolo,Iannoni,c,55.0,55.0,55,55
11,Sassuolo,Berardi,a,8.5,15.5,"8,5","15,5"
11,Sassuolo,Pierini,a,55.0,55.0,55,55
11,Sassuolo,Pinamonti,a,7.5,10.5,"7,5","10,5"
11,Sassuolo,Laurientè,a,6.0,6.0,6,6
11,Sassuolo,Cheddira,a,55.0,55.0,55,55
11,Sassuolo,Grosso,all,7.5,7.5,"7,5","7,5"
11,Torino,Paleari,p,7.0,7.0,7,7
11,Torino,Lazaro,d,6.0,6.0,6,6
11,Torino,Maripan,d,7.0,7.0,7,7
11,Torino,Ismajli,d,7.0,7.0,7,7
11,Torino,Pedersen,d,6.0,6.0,6,6
11,Torino,Coco,d,6.5,6.5,"6,5","6,5"
11,Torino,Tameze,c,55.0,55.0,55,55
11,Torino,Ilic,c,6.0,6.0,6,6
11,Torino,Vlasic,c,6.0,6.0,6,6
11,Torino,Asllani,c,6.0,5.5,6,"5,5"
11,Torino,Casadei,c,6.0,6.0,6,6
11,Torino,Anjorin,c,55.0,55.0,55,55
11,Torino,Zapata D.,a,55.0,55.0,55,55
11,Torino,Simeone,a,6.0,6.0,6,6
11,Torino,Ngonge,a,6.0,6.0,6,6
11,Torino,Adams C.,a,6.0,6.0,6,6
11,Torino,Baroni,all,6.5,6.5,"6,5","6,5"
11,Udinese,Okoye,p,6.0,4.0,6,4
11,Udinese,Kabasele,d,5.5,5.5,"5,5","5,5"
11,Udinese,Zanoli,d,5.5,5.5,"5,5","5,5"
11,Udinese,Kamara H.,d,5.0,5.0,5,5
11,Udinese,Bertola,d,5.5,5.5,"5,5","5,5"
11,Udinese,Zemura,d,55.0,55.0,55,55
11,Udinese,Palma,d,5.5,5.5,"5,5","5,5"
11,Udinese,Solet,d,5.5,5.5,"5,5","5,5"
11,Udinese,Zaniolo,c,5.0,5.0,5,5
11,Udinese,Karlstrom,c,6.0,5.5,6,"5,5"
11,Udinese,Ekkelenkamp,c,5.5,5.5,"5,5","5,5"
11,Udinese,Atta,c,5.5,5.5,"5,5","5,5"
11,Udinese,Piotrowski,c,6.0,6.0,6,6
11,Udinese,Davis K.,a,6.0,6.0,6,6
11,Udinese,Bayo V.,a,55.0,55.0,55,55
11,Udinese,Buksa,a,5.5,5.5,"5,5","5,5"
11,Udinese,Runjaic,all,5.5,5.5,"5,5","5,5"
11,Verona,Montipò,p,7.0,7.0,7,7
11,Verona,Bradaric,d,6.5,6.0,"6,5",6
11,Verona,Frese,d,6.0,5.5,6,"5,5"
11,Verona,Valentini N.,d,6.5,6.0,"6,5",6
11,Verona,Nelsson,d,6.5,6.5,"6,5","6,5"
11,Verona,Belghali,d,6.5,6.5,"6,5","6,5"
11,Verona,Bella-Kotchap,d,6.0,6.0,6,6
11,Verona,Gagliardini,c,5.5,5.5,"5,5","5,5"
11,Verona,Akpa Akpro,c,6.0,5.5,6,"5,5"
11,Verona,Niasse,c,55.0,55.0,55,55
11,Verona,Harroui,c,5.0,5.0,5,5
11,Verona,Bernede,c,5.5,5.5,"5,5","5,5"
11,Verona,Sarr A.,a,5.5,5.5,"5,5","5,5"
11,Verona,Orban G.,a,6.0,6.0,6,6
11,Verona,Giovane,a,5.5,5.5,"5,5","5,5"
11,Verona,Zanetti,all,6.0,6.0,6,6
12,Atalanta,Carnesecchi,p,5.5,2.5,"5,5","2,5"
12,Atalanta,Zappacosta,d,5.5,5.0,"5,5",5
12,Atalanta,Djimsiti,d,5.0,5.0,5,5
12,Atalanta,Bellanova,d,6.0,7.0,6,7
12,Atalanta,Kossounou,d,6.0,6.0,6,6
12,Atalanta,Hien,d,5.0,5.0,5,5
12,Atalanta,Ahanor,d,4.5,4.5,"4,5","4,5"
12,Atalanta,De Roon,c,5.5,5.0,"5,5",5
12,Atalanta,Pasalic,c,5.0,5.0,5,5
12,Atalanta,Maldini,c,55.0,55.0,55,55
12,Atalanta,Samardzic,c,6.0,6.0,6,6
12,Atalanta,Zalewski,c,6.0,6.0,6,6
12,Atalanta,Ederson D.S.,c,6.0,6.0,6,6
12,Atalanta,Scamacca,a,7.0,10.0,7,10
12,Atalanta,Lookman,a,5.5,5.5,"5,5","5,5"
12,Atalanta,De Ketelaere,a,6.0,6.0,6,6
12,Atalanta,Palladino,all,5.5,5.5,"5,5","5,5"
12,Bologna,Ravaglia F.,p,6.5,6.5,"6,5","6,5"
12,Bologna,De Silvestri,d,6.0,5.5,6,"5,5"
12,Bologna,Zortea,d,6.0,6.0,6,6
12,Bologna,Miranda J.,d,6.5,6.5,"6,5","6,5"
12,Bologna,Casale,d,6.5,6.5,"6,5","6,5"
12,Bologna,Heggem,d,6.5,6.5,"6,5","6,5"
12,Bologna,Bernardeschi,c,6.5,9.5,"6,5","9,5"
12,Bologna,Orsolini,c,6.0,4.0,6,4
12,Bologna,Odgaard,c,55.0,55.0,55,55
12,Bologna,Pobega,c,8.0,14.0,8,14
12,Bologna,Sulemana I.,c,55.0,55.0,55,55
12,Bologna,Moro N.,c,6.0,6.0,6,6
12,Bologna,Fabbian,c,5.5,5.5,"5,5","5,5"
12,Bologna,Castro S.,a,5.5,5.5,"5,5","5,5"
12,Bologna,Dallinga,a,6.0,6.0,6,6
12,Bologna,Dominguez B.,a,5.5,5.5,"5,5","5,5"
12,Bologna,Italiano,all,7.5,7.5,"7,5","7,5"
12,Cagliari,Caprile,p,5.0,2.0,5,2
12,Cagliari,Luperto,d,5.5,5.0,"5,5",5
12,Cagliari,Mina,d,5.5,5.0,"5,5",5
12,Cagliari,Zappa,d,6.0,7.0,6,7
12,Cagliari,Palestra,d,6.5,7.5,"6,5","7,5"
12,Cagliari,Idrissi R.,d,6.0,6.0,6,6
12,Cagliari,Deiola,c,6.5,7.0,"6,5",7
12,Cagliari,Gaetano,c,6.0,6.0,6,6
12,Cagliari,Adopo,c,6.0,6.0,6,6
12,Cagliari,Folorunsho,c,6.0,6.0,6,6
12,Cagliari,Prati,c,5.5,5.0,"5,5",5
12,Cagliari,Felici,c,5.5,5.5,"5,5","5,5"
12,Cagliari,Pavoletti,a,5.5,5.5,"5,5","5,5"
12,Cagliari,Esposito Se.,a,7.0,10.0,7,10
12,Cagliari,Luvumbo,a,5.5,5.5,"5,5","5,5"
12,Cagliari,Borrelli,a,7.5,13.5,"7,5","13,5"
12,Cagliari,Pisacane,all,6.0,6.0,6,6
12,Como,Butez,p,6.0,5.0,6,5
12,Como,Diego Carlos,d,6.5,6.5,"6,5","6,5"
12,Como,Vojvoda,d,6.0,6.0,6,6
12,Como,Posch,d,55.0,55.0,55,55
12,Como,Valle,d,6.5,6.5,"6,5","6,5"
12,Como,Ramon,d,7.0,10.0,7,10
12,Como,Kempf,d,6.0,6.0,6,6
12,Como,Smolcic I.,d,6.0,5.5,6,"5,5"
12,Como,Da Cunha,c,7.0,7.0,7,7
12,Como,Perrone,c,7.5,9.5,"7,5","9,5"
12,Como,Paz N.,c,7.0,10.0,7,10
12,Como,Baturina,c,6.5,9.5,"6,5","9,5"
12,Como,Morata,a,6.0,6.0,6,6
12,Como,Douvikas,a,6.0,6.0,6,6
12,Como,Addai,a,7.5,13.5,"7,5","13,5"
12,Como,Rodriguez Je.,a,7.0,9.0,7,9
12,Como,Fabregas,all,8.0,8.0,8,8
12,Cremonese,Audero,p,5.5,2.5,"5,5","2,5"
12,Cremonese,Bianchetti,d,5.0,5.0,5,5
12,Cremonese,Pezzella Giu.,d,5.0,5.0,5,5
12,Cremonese,Terracciano F.,d,5.0,5.0,5,5
12,Cremonese,Baschirotto,d,5.5,5.5,"5,5","5,5"
12,Cremonese,Barbieri,d,5.5,5.5,"5,5","5,5"
12,Cremonese,Folino,d,6.5,9.5,"6,5","9,5"
12,Cremonese,Floriani Mussolini,d,5.5,5.5,"5,5","5,5"
12,Cremonese,Grassi,c,5.5,5.5,"5,5","5,5"
12,Cremonese,Vazquez,c,6.0,7.0,6,7
12,Cremonese,Bondo,c,5.5,5.0,"5,5",5
12,Cremonese,Payero,c,5.5,5.0,"5,5",5
12,Cremonese,Vandeputte,c,5.5,5.5,"5,5","5,5"
12,Cremonese,Sanabria,a,55.0,55.0,55,55
12,Cremonese,Bonazzoli,a,6.0,6.0,6,6
12,Cremonese,Vardy,a,5.0,5.0,5,5
12,Cremonese,Nicola,all,5.0,5.0,5,5
12,Fiorentina,De Gea,p,6.5,5.5,"6,5","5,5"
12,Fiorentina,Ranieri L.,d,6.0,6.0,6,6
12,Fiorentina,Marì,d,5.0,5.0,5,5
12,Fiorentina,Parisi,d,6.5,6.0,"6,5",6
12,Fiorentina,Pongracic,d,6.0,6.0,6,6
12,Fiorentina,Viti,d,55.0,55.0,55,55
12,Fiorentina,Dodò,d,5.5,5.5,"5,5","5,5"
12,Fiorentina,Fortini,d,6.5,6.5,"6,5","6,5"
12,Fiorentina,Kouadio,d,6.0,6.0,6,6
12,Fiorentina,Mandragora,c,7.0,9.5,7,"9,5"
12,Fiorentina,Fagioli,c,6.0,5.5,6,"5,5"
12,Fiorentina,Sohm,c,5.5,5.5,"5,5","5,5"
12,Fiorentina,Gudmundsson A.,c,6.0,6.0,6,6
12,Fiorentina,Ndour,c,6.0,6.0,6,6
12,Fiorentina,Kean,a,7.0,8.0,7,8
12,Fiorentina,Piccoli,a,5.0,5.0,5,5
12,Fiorentina,Vanoli,all,6.5,6.5,"6,5","6,5"
12,Genoa,Leali,p,6.0,3.0,6,3
12,Genoa,Martin,d,6.5,9.5,"6,5","9,5"
12,Genoa,Vasquez,d,5.5,5.5,"5,5","5,5"
12,Genoa,Ostigard,d,6.5,9.5,"6,5","9,5"
12,Genoa,Marcandalli,d,5.0,5.0,5,5
12,Genoa,Norton-Cuffy,d,4.5,3.5,"4,5","3,5"
12,Genoa,Thorsby,c,6.5,7.5,"6,5","7,5"
12,Genoa,Malinovskyi,c,6.0,6.0,6,6
12,Genoa,Frendrup,c,6.5,6.5,"6,5","6,5"
12,Genoa,Ellertsson,c,55.0,55.0,55,55
12,Genoa,Carboni V.,c,5.5,5.5,"5,5","5,5"
12,Genoa,Gronbaek,c,5.5,5.0,"5,5",5
12,Genoa,Masini,c,55.0,55.0,55,55
12,Genoa,Colombo,a,6.5,7.5,"6,5","7,5"
12,Genoa,Ekuban,a,6.0,6.0,6,6
12,Genoa,Vitinha O.,a,7.0,10.0,7,10
12,Genoa,De Rossi,all,6.0,6.0,6,6
12,Inter,Sommer,p,5.5,4.5,"5,5","4,5"
12,Inter,Dimarco,d,6.5,6.5,"6,5","6,5"
12,Inter,Acerbi,d,6.5,6.5,"6,5","6,5"
12,Inter,Bastoni,d,6.0,6.0,6,6
12,Inter,Akanji,d,5.5,5.5,"5,5","5,5"
12,Inter,Carlos Augusto,d,6.0,6.0,6,6
12,Inter,Zielinski,c,6.0,6.0,6,6
12,Inter,Barella,c,6.0,6.0,6,6
12,Inter,Calhanoglu,c,4.5,1.0,"4,5",1
12,Inter,Diouf,c,55.0,55.0,55,55
12,Inter,Sucic P.,c,6.0,6.0,6,6
12,Inter,Martinez L.,a,6.0,6.0,6,6
12,Inter,Thuram,a,6.5,6.5,"6,5","6,5"
12,Inter,Bonny,a,5.5,5.5,"5,5","5,5"
12,Inter,Esposito F.P.,a,55.0,55.0,55,55
12,Inter,Chivu,all,5.5,5.5,"5,5","5,5"
12,Juventus,Di Gregorio,p,6.0,5.0,6,5
12,Juventus,Kalulu,d,6.0,6.0,6,6
12,Juventus,Cambiaso,d,6.0,6.0,6,6
12,Juventus,Cabal,d,5.5,5.0,"5,5",5
12,Juventus,Kelly L.,d,5.5,5.5,"5,5","5,5"
12,Juventus,Locatelli,c,6.5,6.5,"6,5","6,5"
12,Juventus,Kostic,c,7.0,10.0,7,10
12,Juventus,McKennie,c,6.0,5.5,6,"5,5"
12,Juventus,Thuram K.,c,5.5,5.5,"5,5","5,5"
12,Juventus,Koopmeiners,c,5.5,5.5,"5,5","5,5"
12,Juventus,Miretti,c,5.5,5.0,"5,5",5
12,Juventus,Conceicao,c,6.5,6.5,"6,5","6,5"
12,Juventus,Vlahovic,a,5.5,5.5,"5,5","5,5"
12,Juventus,David,a,55.0,55.0,55,55
12,Juventus,Openda,a,55.0,55.0,55,55
12,Juventus,Yildiz,a,6.0,6.0,6,6
12,Juventus,Spalletti,all,5.5,5.5,"5,5","5,5"
12,Lazio,Provedel,p,6.5,6.5,"6,5","6,5"
12,Lazio,Patric,d,55.0,55.0,55,55
12,Lazio,Romagnoli,d,6.0,6.0,6,6
12,Lazio,Marusic,d,6.5,6.5,"6,5","6,5"
12,Lazio,Lazzari,d,6.0,6.0,6,6
12,Lazio,Pellegrini Lu.,d,6.0,6.0,6,6
12,Lazio,Gila,d,6.0,6.0,6,6
12,Lazio,Vecino,c,6.0,6.0,6,6
12,Lazio,Cataldi,c,6.5,6.5,"6,5","6,5"
12,Lazio,Zaccagni,c,6.5,6.5,"6,5","6,5"
12,Lazio,Guendouzi,c,7.0,9.5,7,"9,5"
12,Lazio,Basic,c,7.0,8.0,7,8
12,Lazio,Isaksen,c,6.5,6.5,"6,5","6,5"
12,Lazio,Pedro,a,55.0,55.0,55,55
12,Lazio,Dia,a,6.0,6.0,6,6
12,Lazio,Noslin,a,6.5,9.5,"6,5","9,5"
12,Lazio,Sarri,all,7.5,7.5,"7,5","7,5"
12,Lecce,Falcone,p,6.5,4.5,"6,5","4,5"
12,Lecce,Gallo,d,5.5,5.5,"5,5","5,5"
12,Lecce,Gaspar K.,d,6.0,6.0,6,6
12,Lecce,Tiago Gabriel,d,5.0,5.0,5,5
12,Lecce,Veiga D.,d,5.5,5.5,"5,5","5,5"
12,Lecce,Sottil,c,5.5,5.5,"5,5","5,5"
12,Lecce,Coulibaly L.,c,5.5,5.5,"5,5","5,5"
12,Lecce,Berisha M.,c,5.5,5.5,"5,5","5,5"
12,Lecce,Ramadani,c,6.0,6.0,6,6
12,Lecce,Kaba,c,6.0,6.0,6,6
12,Lecce,Pierotti,c,6.0,6.0,6,6
12,Lecce,Tete Morente,c,5.5,5.5,"5,5","5,5"
12,Lecce,Banda,a,5.5,5.5,"5,5","5,5"
12,Lecce,Camarda,a,5.0,5.0,5,5
12,Lecce,N'Dri,a,6.0,5.5,6,"5,5"
12,Lecce,Stulic,a,5.5,5.5,"5,5","5,5"
12,Lecce,Di Francesco,all,5.0,5.0,5,5
12,Milan,Maignan,p,8.0,11.0,8,11
12,Milan,Gabbia,d,6.0,6.0,6,6
12,Milan,Tomori,d,6.5,6.5,"6,5","6,5"
12,Milan,Pavlovic,d,6.0,5.5,6,"5,5"
12,Milan,Bartesaghi,d,6.5,6.5,"6,5","6,5"
12,Milan,Rabiot,c,6.5,6.5,"6,5","6,5"
12,Milan,Pulisic,c,7.0,10.0,7,10
12,Milan,Modric,c,6.0,6.0,6,6
12,Milan,Loftus-Cheek,c,55.0,55.0,55,55
12,Milan,Fofana Y.,c,6.5,6.5,"6,5","6,5"
12,Milan,Saelemaekers,c,6.5,6.5,"6,5","6,5"
12,Milan,Ricci S.,c,6.0,6.0,6,6
12,Milan,Leao,a,5.0,4.5,5,"4,5"
12,Milan,Nkunku,a,6.0,6.0,6,6
12,Milan,Allegri,all,6.5,6.5,"6,5","6,5"
12,Napoli,Milinkovic-Savic V.,p,6.0,5.0,6,5
12,Napoli,Juan Jesus,d,6.0,5.5,6,"5,5"
12,Napoli,Buongiorno,d,6.5,6.5,"6,5","6,5"
12,Napoli,Di Lorenzo,d,6.5,7.5,"6,5","7,5"
12,Napoli,Rrahmani,d,6.0,6.0,6,6
12,Napoli,Gutierrez,d,6.0,6.0,6,6
12,Napoli,Mazzocchi,d,6.0,6.0,6,6
12,Napoli,Beukema,d,6.5,6.5,"6,5","6,5"
12,Napoli,Politano,c,6.0,6.0,6,6
12,Napoli,Lobotka,c,6.0,6.0,6,6
12,Napoli,Elmas,c,6.0,6.0,6,6
12,Napoli,McTominay,c,7.0,8.0,7,8
12,Napoli,Neres,c,7.5,13.5,"7,5","13,5"
12,Napoli,Hojlund,a,6.5,7.5,"6,5","7,5"
12,Napoli,Lucca,a,6.0,6.0,6,6
12,Napoli,Lang,a,7.0,10.0,7,10
12,Napoli,Conte,all,7.0,7.0,7,7
12,Parma,Corvi,p,6.5,5.5,"6,5","5,5"
12,Parma,Valenti,d,6.5,6.5,"6,5","6,5"
12,Parma,Valeri,d,6.0,6.0,6,6
12,Parma,Delprato,d,5.5,5.0,"5,5",5
12,Parma,Lovik,d,5.5,5.5,"5,5","5,5"
12,Parma,Troilo,d,6.5,6.5,"6,5","6,5"
12,Parma,Britschgi,d,6.0,5.5,6,"5,5"
12,Parma,Estevez,c,55.0,55.0,55,55
12,Parma,Bernabè,c,6.0,6.0,6,6
12,Parma,Keita M.,c,5.0,5.0,5,5
12,Parma,Sorensen O.,c,6.5,6.5,"6,5","6,5"
12,Parma,Cutrone,a,6.0,6.0,6,6
12,Parma,Benedyczak,a,6.0,6.0,6,6
12,Parma,Pellegrino M.,a,7.5,13.0,"7,5",13
12,Parma,Cuesta,all,6.5,6.5,"6,5","6,5"
12,Pisa,Semper,p,6.5,4.5,"6,5","4,5"
12,Pisa,Albiol,d,6.0,6.0,6,6
12,Pisa,Caracciolo A.,d,5.5,5.5,"5,5","5,5"
12,Pisa,Calabresi,d,6.0,5.5,6,"5,5"
12,Pisa,Canestrelli,d,6.0,6.0,6,6
12,Pisa,Angori,d,6.0,6.0,6,6
12,Pisa,Leris,c,6.5,6.5,"6,5","6,5"
12,Pisa,Tramoni M.,c,5.0,5.0,5,5
12,Pisa,Aebischer,c,5.5,5.5,"5,5","5,5"
12,Pisa,Piccinini G.,c,5.5,5.5,"5,5","5,5"
12,Pisa,Tourè I.,c,6.0,6.0,6,6
12,Pisa,Hojholt,c,5.5,5.5,"5,5","5,5"
12,Pisa,Vural,c,55.0,55.0,55,55
12,Pisa,Nzola,a,7.0,10.0,7,10
12,Pisa,Moreo,a,7.0,7.0,7,7
12,Pisa,Meister,a,7.0,10.0,7,10
12,Pisa,Gilardino,all,6.5,6.0,"6,5",6
12,Roma,Svilar,p,7.0,6.0,7,6
12,Roma,Mancini,d,6.0,6.0,6,6
12,Roma,N'Dicka,d,6.5,6.5,"6,5","6,5"
12,Roma,Celik,d,6.5,6.5,"6,5","6,5"
12,Roma,Tsimikas,d,55.0,55.0,55,55
12,Roma,Wesley,d,7.0,10.0,7,10
12,Roma,Ziolkowski,d,5.5,5.0,"5,5",5
12,Roma,Pellegrini Lo.,c,6.0,6.0,6,6
12,Roma,Cristante,c,6.5,6.5,"6,5","6,5"
12,Roma,El Shaarawy,c,6.5,7.5,"6,5","7,5"
12,Roma,Konè M.,c,6.5,7.5,"6,5","7,5"
12,Roma,Baldanzi,c,6.0,6.0,6,6
12,Roma,Pisilli,c,55.0,55.0,55,55
12,Roma,El Aynaoui,c,6.5,7.0,"6,5",7
12,Roma,Soulè,a,7.0,10.0,7,10
12,Roma,Ferguson E.,a,7.0,10.0,7,10
12,Roma,Gasperini,all,7.5,6.5,"7,5","6,5"
12,Sassuolo,Muric,p,6.0,4.0,6,4
12,Sassuolo,Walukiewicz,d,5.5,5.0,"5,5",5
12,Sassuolo,Doig,d,6.0,6.0,6,6
12,Sassuolo,Coulibaly W.,d,4.5,4.5,"4,5","4,5"
12,Sassuolo,Idzes,d,6.0,6.0,6,6
12,Sassuolo,Candè,d,5.0,5.0,5,5
12,Sassuolo,Muharemovic,d,5.0,5.0,5,5
12,Sassuolo,Matic,c,7.0,10.0,7,10
12,Sassuolo,Volpato,c,6.5,7.5,"6,5","7,5"
12,Sassuolo,Thorstvedt,c,7.0,9.5,7,"9,5"
12,Sassuolo,Lipani,c,6.0,6.0,6,6
12,Sassuolo,Konè I.,c,6.5,6.5,"6,5","6,5"
12,Sassuolo,Fadera,c,5.5,5.5,"5,5","5,5"
12,Sassuolo,Berardi,a,5.5,5.5,"5,5","5,5"
12,Sassuolo,Pinamonti,a,5.0,5.0,5,5
12,Sassuolo,Laurientè,a,6.0,6.0,6,6
12,Sassuolo,Grosso,all,6.0,6.0,6,6
12,Torino,Paleari,p,5.0,0.0,5,0
12,Torino,Masina,d,4.5,4.5,"4,5","4,5"
12,Torino,Lazaro,d,5.0,5.0,5,5
12,Torino,Maripan,d,4.5,4.5,"4,5","4,5"
12,Torino,Nkounkou,d,5.0,5.0,5,5
12,Torino,Pedersen,d,5.0,5.0,5,5
12,Torino,Tameze,c,4.5,4.5,"4,5","4,5"
12,Torino,Vlasic,c,7.0,10.0,7,10
12,Torino,Asllani,c,5.0,5.0,5,5
12,Torino,Casadei,c,5.5,5.5,"5,5","5,5"
12,Torino,Gineitis,c,55.0,55.0,55,55
12,Torino,Anjorin,c,5.0,5.0,5,5
12,Torino,Zapata D.,a,5.0,5.0,5,5
12,Torino,Ngonge,a,5.5,5.5,"5,5","5,5"
12,Torino,Njie,a,5.0,5.0,5,5
12,Torino,Aboukhlal,a,5.5,5.5,"5,5","5,5"
12,Torino,Baroni,all,4.0,4.0,4,4
12,Udinese,Okoye,p,5.5,5.5,"5,5","5,5"
12,Udinese,Kabasele,d,5.5,5.5,"5,5","5,5"
12,Udinese,Zanoli,d,5.5,5.5,"5,5","5,5"
12,Udinese,Kamara H.,d,6.0,6.0,6,6
12,Udinese,Bertola,d,5.0,5.0,5,5
12,Udinese,Ehizibue,d,5.0,5.0,5,5
12,Udinese,Zemura,d,6.0,6.0,6,6
12,Udinese,Solet,d,5.5,5.5,"5,5","5,5"
12,Udinese,Zaniolo,c,5.5,5.5,"5,5","5,5"
12,Udinese,Karlstrom,c,5.0,5.0,5,5
12,Udinese,Ekkelenkamp,c,5.5,5.5,"5,5","5,5"
12,Udinese,Atta,c,6.5,6.5,"6,5","6,5"
12,Udinese,Piotrowski,c,6.0,6.0,6,6
12,Udinese,Davis K.,a,5.5,5.5,"5,5","5,5"
12,Udinese,Bayo V.,a,5.5,5.5,"5,5","5,5"
12,Udinese,Buksa,a,5.5,5.5,"5,5","5,5"
12,Udinese,Runjaic,all,5.5,5.5,"5,5","5,5"
12,Verona,Montipò,p,6.5,4.5,"6,5","4,5"
12,Verona,Bradaric,d,5.5,5.5,"5,5","5,5"
12,Verona,Frese,d,5.5,5.0,"5,5",5
12,Verona,Unai Nunez,d,6.5,6.5,"6,5","6,5"
12,Verona,Nelsson,d,5.5,5.5,"5,5","5,5"
12,Verona,Belghali,d,6.0,6.0,6,6
12,Verona,Bella-Kotchap,d,6.0,6.0,6,6
12,Verona,Gagliardini,c,6.0,5.5,6,"5,5"
12,Verona,Akpa Akpro,c,6.0,6.0,6,6
12,Verona,Harroui,c,55.0,55.0,55,55
12,Verona,Al-Musrati,c,5.5,5.0,"5,5",5
12,Verona,Bernede,c,5.5,5.5,"5,5","5,5"
12,Verona,Sarr A.,a,6.0,6.0,6,6
12,Verona,Orban G.,a,6.0,6.0,6,6
12,Verona,Mosquera,a,6.5,7.5,"6,5","7,5"
12,Verona,Giovane,a,5.5,8.0,"5,5",8
12,Verona,Zanetti,all,5.5,5.5,"5,5","5,5"
13,Atalanta,Carnesecchi,p,7.0,7.0,7,7
13,Atalanta,Zappacosta,d,6.5,6.5,"6,5","6,5"
13,Atalanta,Djimsiti,d,6.0,6.0,6,6
13,Atalanta,Kolasinac,d,55.0,55.0,55,55
13,Atalanta,Bellanova,d,6.0,6.0,6,6
13,Atalanta,Kossounou,d,7.0,10.0,7,10
13,Atalanta,Hien,d,6.5,6.0,"6,5",6
13,Atalanta,De Roon,c,6.5,6.5,"6,5","6,5"
13,Atalanta,Pasalic,c,6.0,6.0,6,6
13,Atalanta,Zalewski,c,6.0,6.0,6,6
13,Atalanta,Ederson D.S.,c,6.0,6.0,6,6
13,Atalanta,Scamacca,a,6.0,6.0,6,6
13,Atalanta,Lookman,a,7.0,10.0,7,10
13,Atalanta,Sulemana K.,a,6.0,6.0,6,6
13,Atalanta,De Ketelaere,a,7.0,8.0,7,8
13,Atalanta,Krstovic,a,6.0,6.0,6,6
13,Atalanta,Palladino,all,7.0,7.0,7,7
13,Bologna,Ravaglia F.,p,6.0,3.0,6,3
13,Bologna,Zortea,d,5.5,5.5,"5,5","5,5"
13,Bologna,Miranda J.,d,5.5,5.5,"5,5","5,5"
13,Bologna,Casale,d,4.5,4.5,"4,5","4,5"
13,Bologna,Holm,d,6.0,6.0,6,6
13,Bologna,Lucumì,d,5.0,5.0,5,5
13,Bologna,Heggem,d,5.5,5.5,"5,5","5,5"
13,Bologna,Bernardeschi,c,6.0,6.0,6,6
13,Bologna,Orsolini,c,6.5,9.5,"6,5","9,5"
13,Bologna,Odgaard,c,5.0,5.0,5,5
13,Bologna,Pobega,c,5.0,5.0,5,5
13,Bologna,Moro N.,c,5.5,5.5,"5,5","5,5"
13,Bologna,Cambiaghi,a,6.0,6.0,6,6
13,Bologna,Castro S.,a,5.5,5.5,"5,5","5,5"
13,Bologna,Dallinga,a,6.0,6.0,6,6
13,Bologna,Dominguez B.,a,5.5,5.5,"5,5","5,5"
13,Bologna,Italiano,all,5.0,5.0,5,5
13,Cagliari,Caprile,p,6.0,4.0,6,4
13,Cagliari,Luperto,d,5.5,5.5,"5,5","5,5"
13,Cagliari,Zappa,d,6.0,6.0,6,6
13,Cagliari,Obert,d,5.5,5.0,"5,5",5
13,Cagliari,Palestra,d,7.0,8.0,7,8
13,Cagliari,Idrissi R.,d,5.5,5.5,"5,5","5,5"
13,Cagliari,Deiola,c,5.5,5.0,"5,5",5
13,Cagliari,Gaetano,c,55.0,55.0,55,55
13,Cagliari,Adopo,c,5.5,5.5,"5,5","5,5"
13,Cagliari,Folorunsho,c,5.5,5.0,"5,5",5
13,Cagliari,Prati,c,6.0,5.5,6,"5,5"
13,Cagliari,Felici,c,6.0,5.5,6,"5,5"
13,Cagliari,Liteta,c,5.5,5.5,"5,5","5,5"
13,Cagliari,Esposito Se.,a,7.0,10.0,7,10
13,Cagliari,Borrelli,a,6.0,6.0,6,6
13,Cagliari,Kilicsoy,a,55.0,55.0,55,55
13,Cagliari,Pisacane,all,5.5,5.5,"5,5","5,5"
13,Como,Butez,p,6.0,6.0,6,6
13,Como,Diego Carlos,d,6.0,6.0,6,6
13,Como,Vojvoda,d,6.0,6.0,6,6
13,Como,Moreno Alb.,d,7.0,10.0,7,10
13,Como,Posch,d,6.0,6.0,6,6
13,Como,Ramon,d,6.0,5.5,6,"5,5"
13,Como,Kempf,d,55.0,55.0,55,55
13,Como,Caqueret,c,6.5,6.0,"6,5",6
13,Como,Da Cunha,c,6.0,6.0,6,6
13,Como,Perrone,c,6.5,6.5,"6,5","6,5"
13,Como,Paz N.,c,7.0,8.0,7,8
13,Como,Baturina,c,6.0,6.0,6,6
13,Como,Douvikas,a,7.0,10.0,7,10
13,Como,Addai,a,5.5,5.5,"5,5","5,5"
13,Como,Kuhn,a,55.0,55.0,55,55
13,Como,Rodriguez Je.,a,5.5,5.5,"5,5","5,5"
13,Como,Fabregas,all,7.0,7.0,7,7
13,Cremonese,Audero,p,6.5,5.5,"6,5","5,5"
13,Cremonese,Bianchetti,d,6.0,7.0,6,7
13,Cremonese,Pezzella Giu.,d,6.0,5.5,6,"5,5"
13,Cremonese,Terracciano F.,d,6.0,5.5,6,"5,5"
13,Cremonese,Baschirotto,d,7.0,7.0,7,7
13,Cremonese,Barbieri,d,7.0,8.0,7,8
13,Cremonese,Folino,d,55.0,55.0,55,55
13,Cremonese,Grassi,c,6.0,6.0,6,6
13,Cremonese,Bondo,c,6.5,6.5,"6,5","6,5"
13,Cremonese,Zerbin,c,6.0,6.0,6,6
13,Cremonese,Payero,c,7.0,10.0,7,10
13,Cremonese,Vandeputte,c,6.5,6.5,"6,5","6,5"
13,Cremonese,Sanabria,a,6.0,6.0,6,6
13,Cremonese,Bonazzoli,a,6.5,7.5,"6,5","7,5"
13,Cremonese,Vardy,a,8.0,14.0,8,14
13,Cremonese,Nicola,all,7.5,7.5,"7,5","7,5"
13,Fiorentina,De Gea,p,6.5,4.5,"6,5","4,5"
13,Fiorentina,Ranieri L.,d,6.0,6.0,6,6
13,Fiorentina,Marì,d,5.5,5.0,"5,5",5
13,Fiorentina,Parisi,d,5.5,5.5,"5,5","5,5"
13,Fiorentina,Pongracic,d,5.0,4.5,5,"4,5"
13,Fiorentina,Dodò,d,5.0,5.0,5,5
13,Fiorentina,Comuzzo,d,6.0,6.0,6,6
13,Fiorentina,Fortini,d,6.0,6.0,6,6
13,Fiorentina,Mandragora,c,5.5,5.0,"5,5",5
13,Fiorentina,Fagioli,c,5.5,5.5,"5,5","5,5"
13,Fiorentina,Sohm,c,5.0,5.0,5,5
13,Fiorentina,Gudmundsson A.,c,5.5,5.5,"5,5","5,5"
13,Fiorentina,Ndour,c,55.0,55.0,55,55
13,Fiorentina,Richardson,c,55.0,55.0,55,55
13,Fiorentina,Kean,a,5.5,5.5,"5,5","5,5"
13,Fiorentina,Piccoli,a,5.5,5.5,"5,5","5,5"
13,Fiorentina,Vanoli,all,5.0,5.0,5,5
13,Genoa,Leali,p,6.5,5.5,"6,5","5,5"
13,Genoa,Sabelli,d,55.0,55.0,55,55
13,Genoa,Martin,d,6.5,6.5,"6,5","6,5"
13,Genoa,Vasquez,d,6.5,6.5,"6,5","6,5"
13,Genoa,Ostigard,d,5.5,5.5,"5,5","5,5"
13,Genoa,Marcandalli,d,6.0,6.0,6,6
13,Genoa,Thorsby,c,7.0,9.5,7,"9,5"
13,Genoa,Malinovskyi,c,6.0,6.0,6,6
13,Genoa,Frendrup,c,6.5,6.5,"6,5","6,5"
13,Genoa,Ellertsson,c,6.5,7.5,"6,5","7,5"
13,Genoa,Carboni V.,c,55.0,55.0,55,55
13,Genoa,Masini,c,6.0,6.0,6,6
13,Genoa,Colombo,a,7.0,10.0,7,10
13,Genoa,Ekuban,a,6.0,6.0,6,6
13,Genoa,Vitinha O.,a,6.5,7.5,"6,5","7,5"
13,Genoa,De Rossi,all,6.5,6.0,"6,5",6
13,Inter,Sommer,p,6.0,6.0,6,6
13,Inter,Dimarco,d,6.0,6.0,6,6
13,Inter,Acerbi,d,6.0,5.5,6,"5,5"
13,Inter,Bastoni,d,6.0,6.0,6,6
13,Inter,Akanji,d,6.5,6.5,"6,5","6,5"
13,Inter,Carlos Augusto,d,55.0,55.0,55,55
13,Inter,Bisseck,d,6.0,6.0,6,6
13,Inter,Zielinski,c,6.5,6.5,"6,5","6,5"
13,Inter,Barella,c,6.5,7.5,"6,5","7,5"
13,Inter,Calhanoglu,c,6.5,6.5,"6,5","6,5"
13,Inter,Luis Henrique,c,5.5,5.5,"5,5","5,5"
13,Inter,Diouf,c,6.5,6.5,"6,5","6,5"
13,Inter,Sucic P.,c,5.5,5.5,"5,5","5,5"
13,Inter,Martinez L.,a,7.5,13.5,"7,5","13,5"
13,Inter,Thuram,a,5.5,5.5,"5,5","5,5"
13,Inter,Esposito F.P.,a,7.0,8.0,7,8
13,Inter,Chivu,all,7.0,7.0,7,7
13,Juventus,Perin,p,6.0,5.0,6,5
13,Juventus,Kalulu,d,6.5,7.5,"6,5","7,5"
13,Juventus,Cambiaso,d,6.0,5.5,6,"5,5"
13,Juventus,Cabal,d,55.0,55.0,55,55
13,Juventus,Kelly L.,d,6.0,6.0,6,6
13,Juventus,Locatelli,c,6.0,6.0,6,6
13,Juventus,Kostic,c,5.0,5.0,5,5
13,Juventus,McKennie,c,6.5,6.5,"6,5","6,5"
13,Juventus,Thuram K.,c,6.5,6.5,"6,5","6,5"
13,Juventus,Koopmeiners,c,6.0,6.0,6,6
13,Juventus,Miretti,c,6.0,6.0,6,6
13,Juventus,Conceicao,c,6.5,6.5,"6,5","6,5"
13,Juventus,Vlahovic,a,6.0,6.0,6,6
13,Juventus,David,a,5.5,5.5,"5,5","5,5"
13,Juventus,Openda,a,55.0,55.0,55,55
13,Juventus,Yildiz,a,7.5,13.5,"7,5","13,5"
13,Juventus,Spalletti,all,6.5,6.5,"6,5","6,5"
13,Lazio,Provedel,p,6.0,5.0,6,5
13,Lazio,Romagnoli,d,6.0,5.5,6,"5,5"
13,Lazio,Marusic,d,6.0,6.0,6,6
13,Lazio,Pellegrini Lu.,d,5.5,5.0,"5,5",5
13,Lazio,Tavares N.,d,55.0,55.0,55,55
13,Lazio,Gila,d,5.5,5.5,"5,5","5,5"
13,Lazio,Vecino,c,6.0,6.0,6,6
13,Lazio,Zaccagni,c,6.0,5.5,6,"5,5"
13,Lazio,Guendouzi,c,6.0,6.0,6,6
13,Lazio,Basic,c,6.0,6.0,6,6
13,Lazio,Isaksen,c,6.0,6.0,6,6
13,Lazio,Dele-Bashiru,c,5.5,5.5,"5,5","5,5"
13,Lazio,Pedro,a,6.0,6.0,6,6
13,Lazio,Dia,a,5.5,5.5,"5,5","5,5"
13,Lazio,Castellanos,a,6.0,6.0,6,6
13,Lazio,Noslin,a,55.0,55.0,55,55
13,Lazio,Sarri,all,5.5,5.5,"5,5","5,5"
13,Lecce,Falcone,p,7.5,9.5,"7,5","9,5"
13,Lecce,Gallo,d,6.5,6.5,"6,5","6,5"
13,Lecce,Gaspar K.,d,6.5,6.5,"6,5","6,5"
13,Lecce,Tiago Gabriel,d,6.0,6.0,6,6
13,Lecce,Veiga D.,d,6.0,6.0,6,6
13,Lecce,Ndaba,d,55.0,55.0,55,55
13,Lecce,Sottil,c,6.0,6.0,6,6
13,Lecce,Coulibaly L.,c,7.0,9.5,7,"9,5"
13,Lecce,Berisha M.,c,7.5,9.5,"7,5","9,5"
13,Lecce,Ramadani,c,5.5,5.0,"5,5",5
13,Lecce,Kaba,c,55.0,55.0,55,55
13,Lecce,Pierotti,c,5.5,5.5,"5,5","5,5"
13,Lecce,Tete Morente,c,4.5,4.5,"4,5","4,5"
13,Lecce,Banda,a,7.0,10.0,7,10
13,Lecce,Stulic,a,5.5,5.5,"5,5","5,5"
13,Lecce,Di Francesco,all,6.5,6.5,"6,5","6,5"
13,Milan,Maignan,p,7.0,7.0,7,7
13,Milan,Gabbia,d,6.5,6.0,"6,5",6
13,Milan,Tomori,d,6.5,7.0,"6,5",7
13,Milan,Pavlovic,d,6.0,6.0,6,6
13,Milan,Bartesaghi,d,6.5,6.5,"6,5","6,5"
13,Milan,Rabiot,c,6.0,6.0,6,6
13,Milan,Modric,c,6.0,6.0,6,6
13,Milan,Loftus-Cheek,c,6.0,6.0,6,6
13,Milan,Fofana Y.,c,6.0,6.0,6,6
13,Milan,Saelemaekers,c,6.5,6.5,"6,5","6,5"
13,Milan,Ricci S.,c,55.0,55.0,55,55
13,Milan,Leao,a,7.0,10.0,7,10
13,Milan,Nkunku,a,5.0,5.0,5,5
13,Milan,Allegri,all,6.5,5.5,"6,5","5,5"
13,Napoli,Milinkovic-Savic V.,p,6.5,6.5,"6,5","6,5"
13,Napoli,Buongiorno,d,6.5,6.5,"6,5","6,5"
13,Napoli,Di Lorenzo,d,6.5,6.5,"6,5","6,5"
13,Napoli,Rrahmani,d,7.0,7.0,7,7
13,Napoli,Olivera,d,6.0,5.5,6,"5,5"
13,Napoli,Beukema,d,6.0,5.5,6,"5,5"
13,Napoli,Politano,c,6.0,6.0,6,6
13,Napoli,Lobotka,c,6.0,5.5,6,"5,5"
13,Napoli,Elmas,c,55.0,55.0,55,55
13,Napoli,McTominay,c,6.5,6.5,"6,5","6,5"
13,Napoli,Neres,c,7.0,10.0,7,10
13,Napoli,Hojlund,a,6.5,7.5,"6,5","7,5"
13,Napoli,Lucca,a,55.0,55.0,55,55
13,Napoli,Lang,a,6.0,6.0,6,6
13,Napoli,Conte,all,7.0,7.0,7,7
13,Parma,Corvi,p,5.0,3.0,5,3
13,Parma,Valenti,d,5.0,5.0,5,5
13,Parma,Valeri,d,6.0,6.0,6,6
13,Parma,Delprato,d,5.5,5.5,"5,5","5,5"
13,Parma,Lovik,d,55.0,55.0,55,55
13,Parma,Troilo,d,4.5,3.5,"4,5","3,5"
13,Parma,Britschgi,d,5.0,5.0,5,5
13,Parma,Hernani,c,5.5,5.5,"5,5","5,5"
13,Parma,Estevez,c,5.0,5.0,5,5
13,Parma,Bernabè,c,5.5,5.5,"5,5","5,5"
13,Parma,Keita M.,c,5.5,5.0,"5,5",5
13,Parma,Ondrejka,c,5.5,5.5,"5,5","5,5"
13,Parma,Sorensen O.,c,6.0,6.0,6,6
13,Parma,Cutrone,a,5.5,5.5,"5,5","5,5"
13,Parma,Benedyczak,a,55.0,55.0,55,55
13,Parma,Pellegrino M.,a,6.0,6.0,6,6
13,Parma,Cuesta,all,5.0,5.0,5,5
13,Pisa,Scuffet,p,6.0,4.0,6,4
13,Pisa,Albiol,d,5.5,5.0,"5,5",5
13,Pisa,Caracciolo A.,d,5.5,5.0,"5,5",5
13,Pisa,Canestrelli,d,5.5,5.5,"5,5","5,5"
13,Pisa,Angori,d,6.0,6.0,6,6
13,Pisa,Leris,c,5.5,5.5,"5,5","5,5"
13,Pisa,Tramoni M.,c,5.5,5.5,"5,5","5,5"
13,Pisa,Aebischer,c,5.0,5.0,5,5
13,Pisa,Piccinini G.,c,6.5,6.5,"6,5","6,5"
13,Pisa,Tourè I.,c,6.0,6.0,6,6
13,Pisa,Marin M.,c,6.0,6.0,6,6
13,Pisa,Lorran,c,55.0,55.0,55,55
13,Pisa,Nzola,a,6.5,6.5,"6,5","6,5"
13,Pisa,Moreo,a,55.0,55.0,55,55
13,Pisa,Meister,a,6.0,6.0,6,6
13,Pisa,Buffon L.,a,55.0,55.0,55,55
13,Pisa,Gilardino,all,5.5,5.5,"5,5","5,5"
13,Roma,Svilar,p,6.5,5.5,"6,5","5,5"
13,Roma,Mancini,d,6.0,6.0,6,6
13,Roma,N'Dicka,d,5.5,5.0,"5,5",5
13,Roma,Celik,d,6.0,6.0,6,6
13,Roma,Hermoso,d,6.0,6.0,6,6
13,Roma,Wesley,d,5.5,5.5,"5,5","5,5"
13,Roma,Pellegrini Lo.,c,6.5,6.5,"6,5","6,5"
13,Roma,Cristante,c,5.0,4.5,5,"4,5"
13,Roma,El Shaarawy,c,55.0,55.0,55,55
13,Roma,Bailey,c,55.0,55.0,55,55
13,Roma,Konè M.,c,5.0,5.0,5,5
13,Roma,Baldanzi,c,6.0,5.5,6,"5,5"
13,Roma,El Aynaoui,c,6.0,6.0,6,6
13,Roma,Dybala,a,6.0,6.0,6,6
13,Roma,Soulè,a,5.0,5.0,5,5
13,Roma,Ferguson E.,a,5.5,5.5,"5,5","5,5"
13,Roma,Gasperini,all,5.0,5.0,5,5
13,Sassuolo,Muric,p,5.5,3.5,"5,5","3,5"
13,Sassuolo,Walukiewicz,d,6.0,6.0,6,6
13,Sassuolo,Doig,d,6.0,6.0,6,6
13,Sassuolo,Idzes,d,5.0,5.0,5,5
13,Sassuolo,Candè,d,55.0,55.0,55,55
13,Sassuolo,Muharemovic,d,5.0,5.0,5,5
13,Sassuolo,Matic,c,6.0,6.0,6,6
13,Sassuolo,Volpato,c,5.5,5.5,"5,5","5,5"
13,Sassuolo,Thorstvedt,c,6.0,6.0,6,6
13,Sassuolo,Konè I.,c,5.0,4.5,5,"4,5"
13,Sassuolo,Fadera,c,5.5,5.5,"5,5","5,5"
13,Sassuolo,Iannoni,c,55.0,55.0,55,55
13,Sassuolo,Berardi,a,6.0,6.0,6,6
13,Sassuolo,Pinamonti,a,5.0,5.0,5,5
13,Sassuolo,Laurientè,a,5.5,5.5,"5,5","5,5"
13,Sassuolo,Moro L.,a,5.5,5.5,"5,5","5,5"
13,Sassuolo,Grosso,all,5.5,5.5,"5,5","5,5"
13,Torino,Israel,p,6.0,4.0,6,4
13,Torino,Masina,d,6.0,6.0,6,6
13,Torino,Lazaro,d,6.0,6.0,6,6
13,Torino,Maripan,d,5.5,5.5,"5,5","5,5"
13,Torino,Nkounkou,d,5.5,5.5,"5,5","5,5"
13,Torino,Pedersen,d,5.5,5.5,"5,5","5,5"
13,Torino,Coco,d,6.0,5.5,6,"5,5"
13,Torino,Tameze,c,5.0,5.0,5,5
13,Torino,Vlasic,c,6.0,7.0,6,7
13,Torino,Asllani,c,4.5,1.5,"4,5","1,5"
13,Torino,Casadei,c,5.5,5.0,"5,5",5
13,Torino,Gineitis,c,5.0,5.0,5,5
13,Torino,Zapata D.,a,6.0,6.0,6,6
13,Torino,Ngonge,a,5.5,5.0,"5,5",5
13,Torino,Adams C.,a,6.5,9.5,"6,5","9,5"
13,Torino,Aboukhlal,a,5.5,5.5,"5,5","5,5"
13,Torino,Baroni,all,5.0,5.0,5,5
13,Udinese,Okoye,p,6.0,6.0,6,6
13,Udinese,Kabasele,d,6.5,6.5,"6,5","6,5"
13,Udinese,Zanoli,d,6.0,6.0,6,6
13,Udinese,Bertola,d,7.0,8.0,7,8
13,Udinese,Ehizibue,d,55.0,55.0,55,55
13,Udinese,Zemura,d,6.0,6.0,6,6
13,Udinese,Solet,d,6.5,6.5,"6,5","6,5"
13,Udinese,Zaniolo,c,7.0,10.0,7,10
13,Udinese,Zarraga,c,55.0,55.0,55,55
13,Udinese,Karlstrom,c,7.0,7.0,7,7
13,Udinese,Ekkelenkamp,c,6.0,6.0,6,6
13,Udinese,Atta,c,6.0,5.5,6,"5,5"
13,Udinese,Piotrowski,c,6.0,6.0,6,6
13,Udinese,Davis K.,a,7.5,10.0,"7,5",10
13,Udinese,Bravo,a,55.0,55.0,55,55
13,Udinese,Buksa,a,6.0,6.0,6,6
13,Udinese,Runjaic,all,7.0,6.0,7,6
13,Verona,Montipò,p,6.0,4.0,6,4
13,Verona,Bradaric,d,6.0,6.0,6,6
13,Verona,Frese,d,5.5,5.5,"5,5","5,5"
13,Verona,Unai Nunez,d,6.0,5.5,6,"5,5"
13,Verona,Valentini N.,d,5.5,5.5,"5,5","5,5"
13,Verona,Oyegoke,d,55.0,55.0,55,55
13,Verona,Nelsson,d,5.5,5.5,"5,5","5,5"
13,Verona,Belghali,d,6.5,9.5,"6,5","9,5"
13,Verona,Gagliardini,c,5.5,5.0,"5,5",5
13,Verona,Niasse,c,5.5,5.5,"5,5","5,5"
13,Verona,Al-Musrati,c,55.0,55.0,55,55
13,Verona,Bernede,c,5.5,5.5,"5,5","5,5"
13,Verona,Sarr A.,a,5.5,5.5,"5,5","5,5"
13,Verona,Orban G.,a,5.5,5.5,"5,5","5,5"
13,Verona,Mosquera,a,6.5,6.0,"6,5",6
13,Verona,Giovane,a,6.0,6.0,6,6
13,Verona,Zanetti,all,5.0,5.0,5,5
14,Atalanta,Carnesecchi,p,6.0,3.0,6,3
14,Atalanta,Zappacosta,d,5.5,5.5,"5,5","5,5"
14,Atalanta,Djimsiti,d,5.0,5.0,5,5
14,Atalanta,Kolasinac,d,5.5,5.5,"5,5","5,5"
14,Atalanta,Bellanova,d,5.5,5.5,"5,5","5,5"
14,Atalanta,Kossounou,d,5.5,5.5,"5,5","5,5"
14,Atalanta,Hien,d,5.0,5.0,5,5
14,Atalanta,De Roon,c,5.0,4.5,5,"4,5"
14,Atalanta,Pasalic,c,6.0,6.0,6,6
14,Atalanta,Samardzic,c,6.0,6.0,6,6
14,Atalanta,Zalewski,c,5.5,5.5,"5,5","5,5"
14,Atalanta,Ederson D.S.,c,5.5,5.5,"5,5","5,5"
14,Atalanta,Scamacca,a,6.5,9.5,"6,5","9,5"
14,Atalanta,Lookman,a,5.0,5.0,5,5
14,Atalanta,De Ketelaere,a,5.5,5.5,"5,5","5,5"
14,Atalanta,Krstovic,a,5.0,5.0,5,5
14,Atalanta,Palladino,all,4.5,4.5,"4,5","4,5"
14,Bologna,Ravaglia F.,p,7.5,6.5,"7,5","6,5"
14,Bologna,De Silvestri,d,6.5,6.5,"6,5","6,5"
14,Bologna,Zortea,d,7.0,7.0,7,7
14,Bologna,Miranda J.,d,6.0,5.5,6,"5,5"
14,Bologna,Casale,d,5.5,5.5,"5,5","5,5"
14,Bologna,Heggem,d,5.5,5.5,"5,5","5,5"
14,Bologna,Bernardeschi,c,5.5,5.5,"5,5","5,5"
14,Bologna,Orsolini,c,6.0,6.0,6,6
14,Bologna,Odgaard,c,6.5,9.5,"6,5","9,5"
14,Bologna,Pobega,c,6.5,6.5,"6,5","6,5"
14,Bologna,Ferguson,c,6.0,6.0,6,6
14,Bologna,Moro N.,c,6.0,5.5,6,"5,5"
14,Bologna,Rowe,c,6.0,6.0,6,6
14,Bologna,Cambiaghi,a,5.5,5.0,"5,5",5
14,Bologna,Castro S.,a,5.5,5.5,"5,5","5,5"
14,Bologna,Dallinga,a,55.0,55.0,55,55
14,Bologna,Italiano,all,6.5,6.5,"6,5","6,5"
14,Cagliari,Caprile,p,6.0,6.0,6,6
14,Cagliari,Luperto,d,6.5,6.5,"6,5","6,5"
14,Cagliari,Zappa,d,6.0,6.0,6,6
14,Cagliari,Di Pardo,d,55.0,55.0,55,55
14,Cagliari,Obert,d,6.5,6.5,"6,5","6,5"
14,Cagliari,Palestra,d,7.0,7.0,7,7
14,Cagliari,Idrissi R.,d,6.0,6.0,6,6
14,Cagliari,Rodriguez Ju.,d,6.5,6.5,"6,5","6,5"
14,Cagliari,Deiola,c,6.5,6.5,"6,5","6,5"
14,Cagliari,Gaetano,c,7.0,9.5,7,"9,5"
14,Cagliari,Adopo,c,6.0,6.0,6,6
14,Cagliari,Folorunsho,c,7.0,6.5,7,"6,5"
14,Cagliari,Prati,c,6.0,6.0,6,6
14,Cagliari,Esposito Se.,a,7.0,8.0,7,8
14,Cagliari,Borrelli,a,6.0,6.0,6,6
14,Cagliari,Kilicsoy,a,55.0,55.0,55,55
14,Cagliari,Pisacane,all,7.0,7.0,7,7
14,Como,Butez,p,6.5,2.5,"6,5","2,5"
14,Como,Diego Carlos,d,5.0,4.5,5,"4,5"
14,Como,Vojvoda,d,5.0,5.0,5,5
14,Como,Posch,d,5.5,5.5,"5,5","5,5"
14,Como,Valle,d,5.0,5.0,5,5
14,Como,Ramon,d,5.5,5.5,"5,5","5,5"
14,Como,Caqueret,c,55.0,55.0,55,55
14,Como,Da Cunha,c,5.0,5.0,5,5
14,Como,Perrone,c,6.0,5.5,6,"5,5"
14,Como,Paz N.,c,5.5,5.5,"5,5","5,5"
14,Como,Morata,a,5.5,5.5,"5,5","5,5"
14,Como,Diao,a,6.0,6.0,6,6
14,Como,Douvikas,a,5.0,5.0,5,5
14,Como,Addai,a,5.5,5.5,"5,5","5,5"
14,Como,Kuhn,a,55.0,55.0,55,55
14,Como,Rodriguez Je.,a,6.0,6.0,6,6
14,Como,Fabregas,all,5.0,5.0,5,5
14,Cremonese,Audero,p,6.0,6.0,6,6
14,Cremonese,Bianchetti,d,6.5,6.0,"6,5",6
14,Cremonese,Terracciano F.,d,6.5,6.5,"6,5","6,5"
14,Cremonese,Baschirotto,d,7.0,7.0,7,7
14,Cremonese,Barbieri,d,6.5,6.5,"6,5","6,5"
14,Cremonese,Folino,d,55.0,55.0,55,55
14,Cremonese,Floriani Mussolini,d,6.5,6.5,"6,5","6,5"
14,Cremonese,Grassi,c,6.0,6.0,6,6
14,Cremonese,Vazquez,c,55.0,55.0,55,55
14,Cremonese,Bondo,c,6.0,6.0,6,6
14,Cremonese,Zerbin,c,6.5,7.5,"6,5","7,5"
14,Cremonese,Payero,c,7.0,7.0,7,7
14,Cremonese,Vandeputte,c,6.5,6.5,"6,5","6,5"
14,Cremonese,Sanabria,a,7.0,10.0,7,10
14,Cremonese,Bonazzoli,a,7.0,10.0,7,10
14,Cremonese,Vardy,a,6.0,6.0,6,6
14,Cremonese,Nicola,all,7.0,7.0,7,7
14,Fiorentina,De Gea,p,4.5,1.5,"4,5","1,5"
14,Fiorentina,Ranieri L.,d,5.5,5.5,"5,5","5,5"
14,Fiorentina,Marì,d,5.0,5.0,5,5
14,Fiorentina,Parisi,d,5.5,5.5,"5,5","5,5"
14,Fiorentina,Viti,d,5.0,4.5,5,"4,5"
14,Fiorentina,Dodò,d,5.0,5.0,5,5
14,Fiorentina,Comuzzo,d,5.5,5.5,"5,5","5,5"
14,Fiorentina,Fortini,d,5.5,5.5,"5,5","5,5"
14,Fiorentina,Mandragora,c,6.0,8.5,6,"8,5"
14,Fiorentina,Fagioli,c,5.5,5.5,"5,5","5,5"
14,Fiorentina,Sohm,c,5.5,5.5,"5,5","5,5"
14,Fiorentina,Gudmundsson A.,c,5.0,5.0,5,5
14,Fiorentina,Ndour,c,5.5,5.0,"5,5",5
14,Fiorentina,Kean,a,5.0,5.0,5,5
14,Fiorentina,Kouamè,a,55.0,55.0,55,55
14,Fiorentina,Piccoli,a,5.5,5.5,"5,5","5,5"
14,Fiorentina,Vanoli,all,4.0,4.0,4,4
14,Genoa,Leali,p,6.0,5.0,6,5
14,Genoa,Martin,d,6.0,6.0,6,6
14,Genoa,Vasquez,d,6.5,6.5,"6,5","6,5"
14,Genoa,Marcandalli,d,6.0,6.0,6,6
14,Genoa,Norton-Cuffy,d,7.0,10.0,7,10
14,Genoa,Otoa,d,6.0,6.0,6,6
14,Genoa,Thorsby,c,6.0,6.0,6,6
14,Genoa,Malinovskyi,c,7.0,10.0,7,10
14,Genoa,Messias,c,6.0,6.0,6,6
14,Genoa,Masini,c,6.5,6.5,"6,5","6,5"
14,Genoa,Colombo,a,6.5,6.5,"6,5","6,5"
14,Genoa,Ekuban,a,6.5,7.5,"6,5","7,5"
14,Genoa,Vitinha O.,a,5.5,5.5,"5,5","5,5"
14,Genoa,Ekhator,a,6.0,6.0,6,6
14,Genoa,De Rossi,all,6.5,6.5,"6,5","6,5"
14,Inter,Sommer,p,6.0,6.0,6,6
14,Inter,Dimarco,d,7.0,9.0,7,9
14,Inter,Acerbi,d,6.5,6.5,"6,5","6,5"
14,Inter,Bastoni,d,6.5,6.5,"6,5","6,5"
14,Inter,Akanji,d,6.0,5.5,6,"5,5"
14,Inter,Carlos Augusto,d,7.0,10.0,7,10
14,Inter,Zielinski,c,6.0,6.0,6,6
14,Inter,Barella,c,7.0,7.0,7,7
14,Inter,Calhanoglu,c,7.0,10.0,7,10
14,Inter,Mkhitaryan,c,6.0,6.0,6,6
14,Inter,Luis Henrique,c,7.0,8.0,7,8
14,Inter,Diouf,c,55.0,55.0,55,55
14,Inter,Sucic P.,c,55.0,55.0,55,55
14,Inter,Martinez L.,a,7.0,10.0,7,10
14,Inter,Thuram,a,7.0,10.0,7,10
14,Inter,Esposito F.P.,a,6.0,6.0,6,6
14,Inter,Chivu,all,7.5,7.5,"7,5","7,5"
14,Juventus,Di Gregorio,p,6.5,4.5,"6,5","4,5"
14,Juventus,Kalulu,d,6.0,5.5,6,"5,5"
14,Juventus,Cambiaso,d,5.5,5.5,"5,5","5,5"
14,Juventus,Cabal,d,5.5,5.5,"5,5","5,5"
14,Juventus,Kelly L.,d,5.0,5.0,5,5
14,Juventus,Locatelli,c,6.0,6.0,6,6
14,Juventus,Kostic,c,5.5,5.5,"5,5","5,5"
14,Juventus,McKennie,c,5.5,6.5,"5,5","6,5"
14,Juventus,Thuram K.,c,6.0,6.0,6,6
14,Juventus,Koopmeiners,c,5.0,5.0,5,5
14,Juventus,Zhegrova,c,55.0,55.0,55,55
14,Juventus,Miretti,c,6.0,6.0,6,6
14,Juventus,Conceicao,c,5.5,5.5,"5,5","5,5"
14,Juventus,David,a,6.0,6.0,6,6
14,Juventus,Openda,a,6.0,6.0,6,6
14,Juventus,Yildiz,a,7.0,10.0,7,10
14,Juventus,Spalletti,all,5.0,5.0,5,5
14,Lazio,Provedel,p,6.5,5.5,"6,5","5,5"
14,Lazio,Patric,d,55.0,55.0,55,55
14,Lazio,Romagnoli,d,6.5,6.5,"6,5","6,5"
14,Lazio,Marusic,d,6.0,6.0,6,6
14,Lazio,Lazzari,d,6.0,5.5,6,"5,5"
14,Lazio,Tavares N.,d,5.0,4.5,5,"4,5"
14,Lazio,Gila,d,5.0,4.0,5,4
14,Lazio,Cataldi,c,6.0,6.0,6,6
14,Lazio,Zaccagni,c,6.5,6.5,"6,5","6,5"
14,Lazio,Guendouzi,c,6.5,6.5,"6,5","6,5"
14,Lazio,Basic,c,6.5,6.5,"6,5","6,5"
14,Lazio,Isaksen,c,7.0,10.0,7,10
14,Lazio,Dele-Bashiru,c,6.0,6.0,6,6
14,Lazio,Cancellieri,a,6.0,6.0,6,6
14,Lazio,Castellanos,a,5.5,5.5,"5,5","5,5"
14,Lazio,Noslin,a,6.0,6.0,6,6
14,Lazio,Sarri,all,6.5,6.5,"6,5","6,5"
14,Lecce,Falcone,p,6.0,4.0,6,4
14,Lecce,Gallo,d,5.5,5.0,"5,5",5
14,Lecce,Gaspar K.,d,5.5,5.5,"5,5","5,5"
14,Lecce,Tiago Gabriel,d,5.5,5.5,"5,5","5,5"
14,Lecce,Veiga D.,d,5.0,5.0,5,5
14,Lecce,Sottil,c,6.0,6.0,6,6
14,Lecce,Coulibaly L.,c,5.5,5.5,"5,5","5,5"
14,Lecce,Berisha M.,c,6.0,6.0,6,6
14,Lecce,Ramadani,c,5.0,5.0,5,5
14,Lecce,Kaba,c,6.0,6.0,6,6
14,Lecce,Pierotti,c,5.5,5.5,"5,5","5,5"
14,Lecce,Sala A.,c,6.0,6.0,6,6
14,Lecce,Banda,a,5.5,5.0,"5,5",5
14,Lecce,Camarda,a,5.5,5.5,"5,5","5,5"
14,Lecce,N'Dri,a,5.5,5.5,"5,5","5,5"
14,Lecce,Stulic,a,5.0,5.0,5,5
14,Lecce,Di Francesco,all,5.5,5.5,"5,5","5,5"
14,Milan,Maignan,p,6.0,3.5,6,"3,5"
14,Milan,Gabbia,d,6.0,6.0,6,6
14,Milan,Tomori,d,5.5,5.5,"5,5","5,5"
14,Milan,Pavlovic,d,5.5,5.5,"5,5","5,5"
14,Milan,Estupinan,d,55.0,55.0,55,55
14,Milan,Bartesaghi,d,6.0,6.0,6,6
14,Milan,Rabiot,c,7.0,10.0,7,10
14,Milan,Pulisic,c,8.0,14.0,8,14
14,Milan,Modric,c,6.5,6.5,"6,5","6,5"
14,Milan,Loftus-Cheek,c,6.0,6.0,6,6
14,Milan,Saelemaekers,c,6.5,7.5,"6,5","7,5"
14,Milan,Ricci S.,c,6.5,7.5,"6,5","7,5"
14,Milan,Leao,a,5.5,5.5,"5,5","5,5"
14,Milan,Nkunku,a,5.5,5.5,"5,5","5,5"
14,Milan,Allegri,all,7.0,7.0,7,7
14,Napoli,Milinkovic-Savic V.,p,6.0,5.0,6,5
14,Napoli,Spinazzola,d,6.0,6.0,6,6
14,Napoli,Buongiorno,d,6.5,6.0,"6,5",6
14,Napoli,Di Lorenzo,d,6.0,6.0,6,6
14,Napoli,Rrahmani,d,6.5,6.5,"6,5","6,5"
14,Napoli,Olivera,d,5.5,5.5,"5,5","5,5"
14,Napoli,Beukema,d,6.0,5.5,6,"5,5"
14,Napoli,Politano,c,55.0,55.0,55,55
14,Napoli,Elmas,c,5.5,5.5,"5,5","5,5"
14,Napoli,McTominay,c,6.5,6.5,"6,5","6,5"
14,Napoli,Neres,c,7.5,8.5,"7,5","8,5"
14,Napoli,Vergara,c,55.0,55.0,55,55
14,Napoli,Hojlund,a,8.0,14.0,8,14
14,Napoli,Lang,a,5.5,5.5,"5,5","5,5"
14,Napoli,Conte,all,6.5,6.5,"6,5","6,5"
14,Parma,Corvi,p,6.0,6.0,6,6
14,Parma,Valenti,d,6.0,6.0,6,6
14,Parma,Valeri,d,6.0,5.5,6,"5,5"
14,Parma,Delprato,d,6.5,6.5,"6,5","6,5"
14,Parma,Lovik,d,55.0,55.0,55,55
14,Parma,Britschgi,d,6.5,6.5,"6,5","6,5"
14,Parma,Estevez,c,6.0,6.0,6,6
14,Parma,Oristanio,c,55.0,55.0,55,55
14,Parma,Bernabè,c,6.0,6.0,6,6
14,Parma,Keita M.,c,6.5,6.5,"6,5","6,5"
14,Parma,Ondrejka,c,6.0,6.0,6,6
14,Parma,Ordonez C.,c,6.0,6.0,6,6
14,Parma,Sorensen O.,c,6.0,6.0,6,6
14,Parma,Benedyczak,a,6.5,9.0,"6,5",9
14,Parma,Pellegrino M.,a,5.5,5.5,"5,5","5,5"
14,Parma,Cuesta,all,6.5,6.5,"6,5","6,5"
14,Pisa,Scuffet,p,6.0,5.0,6,5
14,Pisa,Caracciolo A.,d,5.5,5.5,"5,5","5,5"
14,Pisa,Calabresi,d,6.0,6.0,6,6
14,Pisa,Canestrelli,d,6.0,6.0,6,6
14,Pisa,Angori,d,6.0,6.0,6,6
14,Pisa,Leris,c,5.5,5.5,"5,5","5,5"
14,Pisa,Tramoni M.,c,55.0,55.0,55,55
14,Pisa,Aebischer,c,6.0,5.5,6,"5,5"
14,Pisa,Akinsanmiro,c,6.5,6.5,"6,5","6,5"
14,Pisa,Piccinini G.,c,6.0,6.0,6,6
14,Pisa,Tourè I.,c,6.0,5.5,6,"5,5"
14,Pisa,Marin M.,c,5.5,5.5,"5,5","5,5"
14,Pisa,Lorran,c,6.0,6.0,6,6
14,Pisa,Nzola,a,4.5,3.5,"4,5","3,5"
14,Pisa,Moreo,a,6.0,6.0,6,6
14,Pisa,Meister,a,5.5,5.5,"5,5","5,5"
14,Pisa,Gilardino,all,5.5,5.5,"5,5","5,5"
14,Roma,Svilar,p,7.0,6.0,7,6
14,Roma,Mancini,d,5.0,5.0,5,5
14,Roma,N'Dicka,d,5.5,5.5,"5,5","5,5"
14,Roma,Celik,d,4.5,3.5,"4,5","3,5"
14,Roma,Hermoso,d,5.5,5.0,"5,5",5
14,Roma,Tsimikas,d,5.5,5.5,"5,5","5,5"
14,Roma,Ghilardi,d,4.5,4.5,"4,5","4,5"
14,Roma,Rensch,d,5.5,5.5,"5,5","5,5"
14,Roma,Pellegrini Lo.,c,5.5,5.5,"5,5","5,5"
14,Roma,Cristante,c,5.5,5.5,"5,5","5,5"
14,Roma,Konè M.,c,6.0,6.0,6,6
14,Roma,Baldanzi,c,5.5,5.5,"5,5","5,5"
14,Roma,El Aynaoui,c,5.5,5.5,"5,5","5,5"
14,Roma,Dybala,a,5.5,5.5,"5,5","5,5"
14,Roma,Soulè,a,6.0,6.0,6,6
14,Roma,Ferguson E.,a,5.5,5.5,"5,5","5,5"
14,Roma,Gasperini,all,5.0,5.0,5,5
14,Sassuolo,Muric,p,5.0,3.5,5,"3,5"
14,Sassuolo,Walukiewicz,d,6.0,6.0,6,6
14,Sassuolo,Doig,d,6.5,6.5,"6,5","6,5"
14,Sassuolo,Coulibaly W.,d,6.0,6.0,6,6
14,Sassuolo,Idzes,d,6.5,6.5,"6,5","6,5"
14,Sassuolo,Muharemovic,d,7.5,10.5,"7,5","10,5"
14,Sassuolo,Matic,c,6.0,6.0,6,6
14,Sassuolo,Volpato,c,7.5,11.5,"7,5","11,5"
14,Sassuolo,Thorstvedt,c,6.5,6.0,"6,5",6
14,Sassuolo,Konè I.,c,7.0,10.0,7,10
14,Sassuolo,Fadera,c,6.0,6.0,6,6
14,Sassuolo,Pierini,a,6.0,6.0,6,6
14,Sassuolo,Pinamonti,a,5.5,5.5,"5,5","5,5"
14,Sassuolo,Laurientè,a,6.5,7.5,"6,5","7,5"
14,Sassuolo,Cheddira,a,6.5,6.5,"6,5","6,5"
14,Sassuolo,Grosso,all,7.5,6.5,"7,5","6,5"
14,Torino,Israel,p,6.0,3.0,6,3
14,Torino,Masina,d,55.0,55.0,55,55
14,Torino,Lazaro,d,6.0,5.5,6,"5,5"
14,Torino,Maripan,d,5.5,5.5,"5,5","5,5"
14,Torino,Nkounkou,d,55.0,55.0,55,55
14,Torino,Pedersen,d,5.5,5.5,"5,5","5,5"
14,Torino,Coco,d,5.0,5.0,5,5
14,Torino,Tameze,c,5.5,5.5,"5,5","5,5"
14,Torino,Vlasic,c,7.0,11.0,7,11
14,Torino,Asllani,c,5.0,5.0,5,5
14,Torino,Casadei,c,5.5,5.5,"5,5","5,5"
14,Torino,Anjorin,c,6.0,5.5,6,"5,5"
14,Torino,Zapata D.,a,6.5,9.5,"6,5","9,5"
14,Torino,Ngonge,a,55.0,55.0,55,55
14,Torino,Adams C.,a,6.0,6.0,6,6
14,Torino,Aboukhlal,a,55.0,55.0,55,55
14,Torino,Baroni,all,5.0,5.0,5,5
14,Udinese,Okoye,p,5.5,3.5,"5,5","3,5"
14,Udinese,Kabasele,d,6.0,6.0,6,6
14,Udinese,Zanoli,d,6.0,6.0,6,6
14,Udinese,Bertola,d,5.5,5.5,"5,5","5,5"
14,Udinese,Ehizibue,d,6.0,6.0,6,6
14,Udinese,Zemura,d,55.0,55.0,55,55
14,Udinese,Rui Modesto,d,6.0,7.0,6,7
14,Udinese,Solet,d,5.5,5.5,"5,5","5,5"
14,Udinese,Zaniolo,c,6.0,6.0,6,6
14,Udinese,Lovric,c,55.0,55.0,55,55
14,Udinese,Karlstrom,c,5.5,5.0,"5,5",5
14,Udinese,Ekkelenkamp,c,6.0,6.0,6,6
14,Udinese,Piotrowski,c,7.0,10.0,7,10
14,Udinese,Davis K.,a,6.0,6.0,6,6
14,Udinese,Bravo,a,55.0,55.0,55,55
14,Udinese,Buksa,a,6.0,6.0,6,6
14,Udinese,Runjaic,all,5.5,5.5,"5,5","5,5"
14,Verona,Montipò,p,7.0,6.0,7,6
14,Verona,Frese,d,6.5,6.0,"6,5",6
14,Verona,Unai Nunez,d,6.5,6.5,"6,5","6,5"
14,Verona,Valentini N.,d,55.0,55.0,55,55
14,Verona,Oyegoke,d,55.0,55.0,55,55
14,Verona,Nelsson,d,7.0,6.5,7,"6,5"
14,Verona,Belghali,d,7.0,10.0,7,10
14,Verona,Bella-Kotchap,d,5.5,5.5,"5,5","5,5"
14,Verona,Kastanos,c,55.0,55.0,55,55
14,Verona,Niasse,c,6.5,6.5,"6,5","6,5"
14,Verona,Harroui,c,55.0,55.0,55,55
14,Verona,Al-Musrati,c,6.5,6.5,"6,5","6,5"
14,Verona,Bernede,c,7.5,10.5,"7,5","10,5"
14,Verona,Sarr A.,a,6.0,6.0,6,6
14,Verona,Mosquera,a,7.0,8.0,7,8
14,Verona,Giovane,a,7.5,11.5,"7,5","11,5"
14,Verona,Zanetti,all,8.0,8.0,8,8
15,Atalanta,Carnesecchi,p,6.0,5.0,6,5
15,Atalanta,Zappacosta,d,6.0,6.0,6,6
15,Atalanta,Djimsiti,d,6.0,6.0,6,6
15,Atalanta,Kolasinac,d,6.0,6.0,6,6
15,Atalanta,Kossounou,d,6.5,6.5,"6,5","6,5"
15,Atalanta,Ahanor,d,5.5,5.5,"5,5","5,5"
15,Atalanta,Bernasconi,d,6.0,5.5,6,"5,5"
15,Atalanta,De Roon,c,6.0,6.0,6,6
15,Atalanta,Pasalic,c,55.0,55.0,55,55
15,Atalanta,Samardzic,c,6.5,7.5,"6,5","7,5"
15,Atalanta,Musah,c,6.0,6.0,6,6
15,Atalanta,Zalewski,c,6.0,6.0,6,6
15,Atalanta,Ederson D.S.,c,6.5,6.5,"6,5","6,5"
15,Atalanta,Scamacca,a,7.5,13.5,"7,5","13,5"
15,Atalanta,Lookman,a,5.5,5.5,"5,5","5,5"
15,Atalanta,De Ketelaere,a,6.0,6.0,6,6
15,Atalanta,Palladino,all,6.0,6.0,6,6
15,Bologna,Ravaglia F.,p,6.5,5.5,"6,5","5,5"
15,Bologna,De Silvestri,d,6.0,5.5,6,"5,5"
15,Bologna,Zortea,d,5.5,5.5,"5,5","5,5"
15,Bologna,Miranda J.,d,6.0,5.5,6,"5,5"
15,Bologna,Holm,d,5.5,5.5,"5,5","5,5"
15,Bologna,Lucumì,d,6.5,6.5,"6,5","6,5"
15,Bologna,Heggem,d,4.5,3.5,"4,5","3,5"
15,Bologna,Bernardeschi,c,55.0,55.0,55,55
15,Bologna,Orsolini,c,6.0,6.0,6,6
15,Bologna,Pobega,c,5.0,5.0,5,5
15,Bologna,Ferguson,c,5.5,5.5,"5,5","5,5"
15,Bologna,Sulemana I.,c,5.5,5.0,"5,5",5
15,Bologna,Moro N.,c,6.0,6.0,6,6
15,Bologna,Cambiaghi,a,5.5,5.5,"5,5","5,5"
15,Bologna,Castro S.,a,5.5,5.5,"5,5","5,5"
15,Bologna,Dallinga,a,5.0,5.0,5,5
15,Bologna,Italiano,all,5.0,5.0,5,5
15,Cagliari,Caprile,p,7.0,5.0,7,5
15,Cagliari,Luperto,d,5.0,5.0,5,5
15,Cagliari,Zappa,d,6.0,6.0,6,6
15,Cagliari,Obert,d,6.0,6.0,6,6
15,Cagliari,Palestra,d,6.5,6.5,"6,5","6,5"
15,Cagliari,Idrissi R.,d,6.0,6.0,6,6
15,Cagliari,Rodriguez Ju.,d,5.5,5.0,"5,5",5
15,Cagliari,Deiola,c,5.5,5.5,"5,5","5,5"
15,Cagliari,Gaetano,c,7.0,9.5,7,"9,5"
15,Cagliari,Adopo,c,5.5,5.5,"5,5","5,5"
15,Cagliari,Folorunsho,c,6.0,6.0,6,6
15,Cagliari,Prati,c,6.0,6.0,6,6
15,Cagliari,Pavoletti,a,55.0,55.0,55,55
15,Cagliari,Esposito Se.,a,7.0,8.0,7,8
15,Cagliari,Luvumbo,a,55.0,55.0,55,55
15,Cagliari,Borrelli,a,5.5,5.5,"5,5","5,5"
15,Cagliari,Pisacane,all,6.0,6.0,6,6
15,Como,Butez,p,6.0,5.0,6,5
15,Como,Posch,d,6.0,6.0,6,6
15,Como,Valle,d,5.0,5.0,5,5
15,Como,Ramon,d,6.5,6.0,"6,5",6
15,Como,Kempf,d,6.5,6.5,"6,5","6,5"
15,Como,Van Der Brempt,d,55.0,55.0,55,55
15,Como,Smolcic I.,d,6.0,6.0,6,6
15,Como,Caqueret,c,5.5,5.5,"5,5","5,5"
15,Como,Da Cunha,c,5.0,5.0,5,5
15,Como,Paz N.,c,5.5,5.0,"5,5",5
15,Como,Baturina,c,5.5,5.5,"5,5","5,5"
15,Como,Diao,a,6.0,6.0,6,6
15,Como,Douvikas,a,5.5,5.5,"5,5","5,5"
15,Como,Addai,a,5.5,5.0,"5,5",5
15,Como,Kuhn,a,55.0,55.0,55,55
15,Como,Rodriguez Je.,a,5.5,5.5,"5,5","5,5"
15,Como,Fabregas,all,5.0,4.5,5,"4,5"
15,Cremonese,Audero,p,6.0,5.0,6,5
15,Cremonese,Pezzella Giu.,d,6.0,6.0,6,6
15,Cremonese,Ceccherini,d,5.5,5.5,"5,5","5,5"
15,Cremonese,Terracciano F.,d,6.0,6.0,6,6
15,Cremonese,Baschirotto,d,5.0,5.0,5,5
15,Cremonese,Barbieri,d,5.5,5.0,"5,5",5
15,Cremonese,Floriani Mussolini,d,6.0,6.0,6,6
15,Cremonese,Vazquez,c,5.5,5.5,"5,5","5,5"
15,Cremonese,Bondo,c,5.5,5.5,"5,5","5,5"
15,Cremonese,Zerbin,c,5.5,5.5,"5,5","5,5"
15,Cremonese,Payero,c,6.0,5.5,6,"5,5"
15,Cremonese,Vandeputte,c,6.0,6.0,6,6
15,Cremonese,Sanabria,a,5.5,5.5,"5,5","5,5"
15,Cremonese,Bonazzoli,a,6.0,6.0,6,6
15,Cremonese,Vardy,a,5.5,5.5,"5,5","5,5"
15,Cremonese,Moumbagna,a,5.5,5.5,"5,5","5,5"
15,Cremonese,Nicola,all,5.5,5.5,"5,5","5,5"
15,Fiorentina,De Gea,p,5.5,3.5,"5,5","3,5"
15,Fiorentina,Ranieri L.,d,5.5,5.5,"5,5","5,5"
15,Fiorentina,Parisi,d,6.0,6.0,6,6
15,Fiorentina,Pongracic,d,5.5,5.5,"5,5","5,5"
15,Fiorentina,Viti,d,55.0,55.0,55,55
15,Fiorentina,Dodò,d,5.5,5.5,"5,5","5,5"
15,Fiorentina,Comuzzo,d,5.5,5.5,"5,5","5,5"
15,Fiorentina,Fortini,d,5.0,5.0,5,5
15,Fiorentina,Mandragora,c,6.0,6.0,6,6
15,Fiorentina,Fagioli,c,6.5,6.5,"6,5","6,5"
15,Fiorentina,Sohm,c,5.0,5.0,5,5
15,Fiorentina,Gudmundsson A.,c,5.5,5.0,"5,5",5
15,Fiorentina,Ndour,c,55.0,55.0,55,55
15,Fiorentina,Richardson,c,5.5,5.5,"5,5","5,5"
15,Fiorentina,Dzeko,a,5.5,5.5,"5,5","5,5"
15,Fiorentina,Kean,a,5.5,5.5,"5,5","5,5"
15,Fiorentina,Vanoli,all,5.0,5.0,5,5
15,Genoa,Leali,p,5.0,3.0,5,3
15,Genoa,Martin,d,6.0,7.0,6,7
15,Genoa,Vasquez,d,6.0,6.0,6,6
15,Genoa,Marcandalli,d,5.0,5.0,5,5
15,Genoa,Norton-Cuffy,d,5.5,5.5,"5,5","5,5"
15,Genoa,Otoa,d,5.5,5.5,"5,5","5,5"
15,Genoa,Malinovskyi,c,6.0,6.0,6,6
15,Genoa,Cornet,c,55.0,55.0,55,55
15,Genoa,Frendrup,c,5.5,5.5,"5,5","5,5"
15,Genoa,Ellertsson,c,5.5,5.5,"5,5","5,5"
15,Genoa,Carboni V.,c,55.0,55.0,55,55
15,Genoa,Gronbaek,c,55.0,55.0,55,55
15,Genoa,Colombo,a,5.0,5.0,5,5
15,Genoa,Ekuban,a,6.5,6.5,"6,5","6,5"
15,Genoa,Vitinha O.,a,6.5,9.5,"6,5","9,5"
15,Genoa,Ekhator,a,55.0,55.0,55,55
15,Genoa,De Rossi,all,5.5,5.5,"5,5","5,5"
15,Inter,Sommer,p,6.0,5.0,6,5
15,Inter,De Vrij,d,55.0,55.0,55,55
15,Inter,Bastoni,d,6.5,6.5,"6,5","6,5"
15,Inter,Akanji,d,6.0,5.5,6,"5,5"
15,Inter,Carlos Augusto,d,6.0,6.0,6,6
15,Inter,Bisseck,d,7.0,9.5,7,"9,5"
15,Inter,Zielinski,c,6.5,6.5,"6,5","6,5"
15,Inter,Barella,c,6.0,5.5,6,"5,5"
15,Inter,Mkhitaryan,c,6.0,6.0,6,6
15,Inter,Luis Henrique,c,6.0,6.0,6,6
15,Inter,Diouf,c,55.0,55.0,55,55
15,Inter,Sucic P.,c,6.5,6.5,"6,5","6,5"
15,Inter,Martinez L.,a,7.5,11.5,"7,5","11,5"
15,Inter,Thuram,a,6.0,6.0,6,6
15,Inter,Esposito F.P.,a,6.5,6.5,"6,5","6,5"
15,Inter,Chivu,all,6.5,6.5,"6,5","6,5"
15,Juventus,Di Gregorio,p,6.5,6.5,"6,5","6,5"
15,Juventus,Bremer,d,6.0,6.0,6,6
15,Juventus,Kalulu,d,6.5,6.5,"6,5","6,5"
15,Juventus,Cambiaso,d,6.0,6.0,6,6
15,Juventus,Cabal,d,7.0,10.0,7,10
15,Juventus,Kelly L.,d,7.0,7.0,7,7
15,Juventus,Locatelli,c,7.0,7.0,7,7
15,Juventus,McKennie,c,6.5,6.5,"6,5","6,5"
15,Juventus,Thuram K.,c,6.0,6.0,6,6
15,Juventus,Koopmeiners,c,5.5,5.0,"5,5",5
15,Juventus,Miretti,c,55.0,55.0,55,55
15,Juventus,Conceicao,c,6.0,6.0,6,6
15,Juventus,David,a,5.0,5.0,5,5
15,Juventus,Openda,a,6.5,6.5,"6,5","6,5"
15,Juventus,Yildiz,a,6.5,7.5,"6,5","7,5"
15,Juventus,Spalletti,all,7.0,7.0,7,7
15,Lazio,Provedel,p,7.0,7.0,7,7
15,Lazio,Patric,d,6.0,6.0,6,6
15,Lazio,Romagnoli,d,6.5,6.5,"6,5","6,5"
15,Lazio,Marusic,d,6.0,6.0,6,6
15,Lazio,Pellegrini Lu.,d,6.5,6.5,"6,5","6,5"
15,Lazio,Provstgaard,d,6.0,6.0,6,6
15,Lazio,Vecino,c,55.0,55.0,55,55
15,Lazio,Cataldi,c,7.0,8.0,7,8
15,Lazio,Zaccagni,c,4.5,3.5,"4,5","3,5"
15,Lazio,Guendouzi,c,6.5,6.5,"6,5","6,5"
15,Lazio,Basic,c,5.0,4.0,5,4
15,Lazio,Dele-Bashiru,c,6.0,6.0,6,6
15,Lazio,Cancellieri,a,6.0,5.5,6,"5,5"
15,Lazio,Castellanos,a,5.5,5.5,"5,5","5,5"
15,Lazio,Noslin,a,7.0,10.0,7,10
15,Lazio,Sarri,all,7.0,7.0,7,7
15,Lecce,Falcone,p,6.0,6.0,6,6
15,Lecce,Gallo,d,6.0,6.0,6,6
15,Lecce,Gaspar K.,d,6.5,6.0,"6,5",6
15,Lecce,Tiago Gabriel,d,6.0,6.0,6,6
15,Lecce,Veiga D.,d,6.5,6.5,"6,5","6,5"
15,Lecce,Ndaba,d,6.0,6.0,6,6
15,Lecce,Sottil,c,6.5,6.5,"6,5","6,5"
15,Lecce,Coulibaly L.,c,6.0,6.0,6,6
15,Lecce,Berisha M.,c,55.0,55.0,55,55
15,Lecce,Ramadani,c,6.5,6.5,"6,5","6,5"
15,Lecce,Kaba,c,6.5,6.5,"6,5","6,5"
15,Lecce,Pierotti,c,6.0,6.0,6,6
15,Lecce,Tete Morente,c,6.0,5.5,6,"5,5"
15,Lecce,Banda,a,6.5,7.5,"6,5","7,5"
15,Lecce,Camarda,a,6.0,6.0,6,6
15,Lecce,Stulic,a,7.0,10.0,7,10
15,Lecce,Di Francesco,all,7.0,7.0,7,7
15,Milan,Maignan,p,6.0,4.0,6,4
15,Milan,Gabbia,d,5.5,5.5,"5,5","5,5"
15,Milan,Tomori,d,5.5,5.5,"5,5","5,5"
15,Milan,Pavlovic,d,6.5,6.5,"6,5","6,5"
15,Milan,Estupinan,d,55.0,55.0,55,55
15,Milan,De Winter,d,5.5,5.5,"5,5","5,5"
15,Milan,Bartesaghi,d,7.5,13.5,"7,5","13,5"
15,Milan,Athekame,d,55.0,55.0,55,55
15,Milan,Rabiot,c,5.5,5.5,"5,5","5,5"
15,Milan,Pulisic,c,6.0,6.0,6,6
15,Milan,Modric,c,6.0,6.0,6,6
15,Milan,Loftus-Cheek,c,6.5,7.0,"6,5",7
15,Milan,Saelemaekers,c,5.5,5.5,"5,5","5,5"
15,Milan,Ricci S.,c,6.0,6.0,6,6
15,Milan,Nkunku,a,6.0,7.0,6,7
15,Milan,Allegri,all,5.5,5.5,"5,5","5,5"
15,Napoli,Milinkovic-Savic V.,p,6.5,5.5,"6,5","5,5"
15,Napoli,Spinazzola,d,6.0,6.0,6,6
15,Napoli,Buongiorno,d,6.0,6.0,6,6
15,Napoli,Di Lorenzo,d,5.5,5.5,"5,5","5,5"
15,Napoli,Rrahmani,d,5.0,5.0,5,5
15,Napoli,Gutierrez,d,55.0,55.0,55,55
15,Napoli,Olivera,d,5.5,5.5,"5,5","5,5"
15,Napoli,Beukema,d,6.0,6.0,6,6
15,Napoli,Politano,c,5.5,5.5,"5,5","5,5"
15,Napoli,Lobotka,c,6.0,6.0,6,6
15,Napoli,Elmas,c,5.5,5.5,"5,5","5,5"
15,Napoli,McTominay,c,6.0,6.0,6,6
15,Napoli,Neres,c,5.0,5.0,5,5
15,Napoli,Hojlund,a,5.0,5.0,5,5
15,Napoli,Lucca,a,55.0,55.0,55,55
15,Napoli,Lang,a,6.0,6.0,6,6
15,Napoli,Conte,all,5.0,5.0,5,5
15,Parma,Corvi,p,6.0,5.0,6,5
15,Parma,Valenti,d,5.0,5.0,5,5
15,Parma,Valeri,d,6.0,5.5,6,"5,5"
15,Parma,Delprato,d,6.0,6.0,6,6
15,Parma,Troilo,d,5.5,5.5,"5,5","5,5"
15,Parma,Britschgi,d,5.0,5.0,5,5
15,Parma,Estevez,c,6.0,5.5,6,"5,5"
15,Parma,Oristanio,c,5.5,5.5,"5,5","5,5"
15,Parma,Bernabè,c,6.0,6.0,6,6
15,Parma,Keita M.,c,5.5,5.5,"5,5","5,5"
15,Parma,Ondrejka,c,5.5,5.5,"5,5","5,5"
15,Parma,Cutrone,a,55.0,55.0,55,55
15,Parma,Djuric,a,55.0,55.0,55,55
15,Parma,Benedyczak,a,5.5,5.5,"5,5","5,5"
15,Parma,Pellegrino M.,a,6.0,6.0,6,6
15,Parma,Cuesta,all,5.0,5.0,5,5
15,Pisa,Semper,p,6.0,5.0,6,5
15,Pisa,Albiol,d,5.5,5.5,"5,5","5,5"
15,Pisa,Caracciolo A.,d,5.5,5.5,"5,5","5,5"
15,Pisa,Calabresi,d,5.5,5.0,"5,5",5
15,Pisa,Canestrelli,d,5.0,5.0,5,5
15,Pisa,Angori,d,6.0,6.0,6,6
15,Pisa,Leris,c,6.0,6.0,6,6
15,Pisa,Tramoni M.,c,5.5,5.5,"5,5","5,5"
15,Pisa,Aebischer,c,5.5,5.5,"5,5","5,5"
15,Pisa,Akinsanmiro,c,5.0,5.0,5,5
15,Pisa,Tourè I.,c,5.5,5.5,"5,5","5,5"
15,Pisa,Vural,c,5.0,5.0,5,5
15,Pisa,Lorran,c,5.5,5.5,"5,5","5,5"
15,Pisa,Moreo,a,5.5,5.5,"5,5","5,5"
15,Pisa,Meister,a,5.0,5.0,5,5
15,Pisa,Buffon L.,a,55.0,55.0,55,55
15,Pisa,Gilardino,all,5.0,5.0,5,5
15,Roma,Svilar,p,6.5,6.5,"6,5","6,5"
15,Roma,Mancini,d,6.5,6.0,"6,5",6
15,Roma,N'Dicka,d,7.0,7.0,7,7
15,Roma,Hermoso,d,6.5,6.5,"6,5","6,5"
15,Roma,Rensch,d,6.5,6.5,"6,5","6,5"
15,Roma,Wesley,d,7.5,10.0,"7,5",10
15,Roma,Pellegrini Lo.,c,6.0,6.0,6,6
15,Roma,Cristante,c,6.5,6.5,"6,5","6,5"
15,Roma,El Shaarawy,c,6.0,5.5,6,"5,5"
15,Roma,Bailey,c,55.0,55.0,55,55
15,Roma,Konè M.,c,6.5,6.5,"6,5","6,5"
15,Roma,Soulè,a,6.5,7.5,"6,5","7,5"
15,Roma,Ferguson E.,a,6.5,6.5,"6,5","6,5"
15,Roma,Gasperini,all,7.0,7.0,7,7
15,Sassuolo,Muric,p,6.0,4.0,6,4
15,Sassuolo,Walukiewicz,d,5.0,5.0,5,5
15,Sassuolo,Doig,d,6.0,6.0,6,6
15,Sassuolo,Idzes,d,5.5,5.5,"5,5","5,5"
15,Sassuolo,Candè,d,5.5,5.5,"5,5","5,5"
15,Sassuolo,Muharemovic,d,5.5,5.0,"5,5",5
15,Sassuolo,Matic,c,6.5,6.5,"6,5","6,5"
15,Sassuolo,Volpato,c,6.0,6.0,6,6
15,Sassuolo,Thorstvedt,c,5.5,5.0,"5,5",5
15,Sassuolo,Konè I.,c,7.0,10.0,7,10
15,Sassuolo,Fadera,c,5.5,5.0,"5,5",5
15,Sassuolo,Pinamonti,a,7.0,9.0,7,9
15,Sassuolo,Laurientè,a,7.5,10.5,"7,5","10,5"
15,Sassuolo,Cheddira,a,55.0,55.0,55,55
15,Sassuolo,Moro L.,a,55.0,55.0,55,55
15,Sassuolo,Grosso,all,6.5,6.5,"6,5","6,5"
15,Torino,Paleari,p,6.0,6.0,6,6
15,Torino,Biraghi,d,55.0,55.0,55,55
15,Torino,Lazaro,d,6.0,6.0,6,6
15,Torino,Maripan,d,6.5,6.5,"6,5","6,5"
15,Torino,Ismajli,d,6.5,6.5,"6,5","6,5"
15,Torino,Pedersen,d,6.0,5.5,6,"5,5"
15,Torino,Coco,d,6.5,6.5,"6,5","6,5"
15,Torino,Vlasic,c,7.0,10.0,7,10
15,Torino,Asllani,c,6.0,6.0,6,6
15,Torino,Casadei,c,6.0,6.0,6,6
15,Torino,Ilkhan,c,55.0,55.0,55,55
15,Torino,Gineitis,c,6.5,6.5,"6,5","6,5"
15,Torino,Zapata D.,a,6.5,6.5,"6,5","6,5"
15,Torino,Simeone,a,5.5,5.5,"5,5","5,5"
15,Torino,Ngonge,a,55.0,55.0,55,55
15,Torino,Adams C.,a,6.0,6.0,6,6
15,Torino,Baroni,all,6.5,6.5,"6,5","6,5"
15,Udinese,Okoye,p,6.0,6.0,6,6
15,Udinese,Kabasele,d,7.0,7.0,7,7
15,Udinese,Zanoli,d,6.0,6.0,6,6
15,Udinese,Bertola,d,6.5,6.5,"6,5","6,5"
15,Udinese,Ehizibue,d,55.0,55.0,55,55
15,Udinese,Kristensen T.,d,6.5,6.5,"6,5","6,5"
15,Udinese,Goglichidze,d,55.0,55.0,55,55
15,Udinese,Solet,d,6.5,6.5,"6,5","6,5"
15,Udinese,Zaniolo,c,6.5,6.0,"6,5",6
15,Udinese,Zarraga,c,55.0,55.0,55,55
15,Udinese,Karlstrom,c,6.0,6.0,6,6
15,Udinese,Ekkelenkamp,c,7.5,10.5,"7,5","10,5"
15,Udinese,Piotrowski,c,6.0,6.0,6,6
15,Udinese,Davis K.,a,6.5,7.5,"6,5","7,5"
15,Udinese,Bravo,a,55.0,55.0,55,55
15,Udinese,Buksa,a,55.0,55.0,55,55
15,Udinese,Runjaic,all,7.5,7.5,"7,5","7,5"
15,Verona,Montipò,p,6.5,5.5,"6,5","5,5"
15,Verona,Frese,d,5.5,5.0,"5,5",5
15,Verona,Unai Nunez,d,5.5,3.0,"5,5",3
15,Verona,Valentini N.,d,6.0,6.0,6,6
15,Verona,Nelsson,d,5.5,5.5,"5,5","5,5"
15,Verona,Belghali,d,6.0,5.5,6,"5,5"
15,Verona,Bella-Kotchap,d,7.0,7.0,7,7
15,Verona,Gagliardini,c,6.0,6.0,6,6
15,Verona,Niasse,c,6.0,5.5,6,"5,5"
15,Verona,Serdar,c,6.0,6.0,6,6
15,Verona,Al-Musrati,c,6.5,7.0,"6,5",7
15,Verona,Bernede,c,7.0,8.0,7,8
15,Verona,Sarr A.,a,6.0,6.0,6,6
15,Verona,Orban G.,a,7.5,13.5,"7,5","13,5"
15,Verona,Mosquera,a,5.5,5.5,"5,5","5,5"
15,Verona,Giovane,a,5.5,5.5,"5,5","5,5"
15,Verona,Zanetti,all,7.0,6.0,7,6
16,Atalanta,Carnesecchi,p,6.5,6.5,"6,5","6,5"
16,Atalanta,Zappacosta,d,6.0,6.0,6,6
16,Atalanta,Kolasinac,d,6.5,6.5,"6,5","6,5"
16,Atalanta,Hien,d,7.0,10.0,7,10
16,Atalanta,Bernasconi,d,5.5,5.5,"5,5","5,5"
16,Atalanta,De Roon,c,6.0,6.0,6,6
16,Atalanta,Maldini,c,6.5,6.5,"6,5","6,5"
16,Atalanta,Brescianini,c,55.0,55.0,55,55
16,Atalanta,Samardzic,c,5.0,4.5,5,"4,5"
16,Atalanta,Musah,c,6.0,6.0,6,6
16,Atalanta,Zalewski,c,6.5,7.0,"6,5",7
16,Atalanta,Ederson D.S.,c,6.0,6.0,6,6
16,Atalanta,Scamacca,a,5.5,5.5,"5,5","5,5"
16,Atalanta,Sulemana K.,a,6.0,6.0,6,6
16,Atalanta,De Ketelaere,a,5.0,5.0,5,5
16,Atalanta,Krstovic,a,55.0,55.0,55,55
16,Atalanta,Palladino,all,5.5,5.0,"5,5",5
16,Bologna,Ravaglia F.,p,6.5,4.5,"6,5","4,5"
16,Bologna,Zortea,d,55.0,55.0,55,55
16,Bologna,Miranda J.,d,6.0,6.0,6,6
16,Bologna,Holm,d,5.5,5.5,"5,5","5,5"
16,Bologna,Vitik,d,6.5,6.0,"6,5",6
16,Bologna,Heggem,d,7.0,7.0,7,7
16,Bologna,Freuler,c,6.0,5.0,6,5
16,Bologna,Orsolini,c,7.0,9.5,7,"9,5"
16,Bologna,Odgaard,c,6.5,9.5,"6,5","9,5"
16,Bologna,Pobega,c,6.5,7.5,"6,5","7,5"
16,Bologna,Ferguson,c,55.0,55.0,55,55
16,Bologna,Moro N.,c,5.5,5.5,"5,5","5,5"
16,Bologna,Fabbian,c,55.0,55.0,55,55
16,Bologna,Immobile,a,5.5,5.5,"5,5","5,5"
16,Bologna,Castro S.,a,7.0,10.0,7,10
16,Bologna,Dominguez B.,a,6.5,7.5,"6,5","7,5"
16,Bologna,Italiano,all,7.0,7.0,7,7
16,Cagliari,Caprile,p,6.0,4.0,6,4
16,Cagliari,Mina,d,5.5,5.0,"5,5",5
16,Cagliari,Zappa,d,6.5,7.5,"6,5","7,5"
16,Cagliari,Obert,d,6.0,6.0,6,6
16,Cagliari,Palestra,d,6.0,6.0,6,6
16,Cagliari,Idrissi R.,d,5.5,5.5,"5,5","5,5"
16,Cagliari,Rodriguez Ju.,d,6.0,6.0,6,6
16,Cagliari,Deiola,c,6.0,6.0,6,6
16,Cagliari,Mazzitelli,c,6.0,6.0,6,6
16,Cagliari,Gaetano,c,6.5,7.5,"6,5","7,5"
16,Cagliari,Adopo,c,5.0,4.5,5,"4,5"
16,Cagliari,Folorunsho,c,7.0,10.0,7,10
16,Cagliari,Cavuoti,c,55.0,55.0,55,55
16,Cagliari,Esposito Se.,a,5.5,5.0,"5,5",5
16,Cagliari,Borrelli,a,55.0,55.0,55,55
16,Cagliari,Kilicsoy,a,7.0,10.0,7,10
16,Cagliari,Pisacane,all,6.0,6.0,6,6
16,Como,Butez,p,5.5,2.5,"5,5","2,5"
16,Como,Diego Carlos,d,5.5,5.5,"5,5","5,5"
16,Como,Vojvoda,d,6.0,6.0,6,6
16,Como,Moreno Alb.,d,5.5,5.5,"5,5","5,5"
16,Como,Ramon,d,5.5,5.0,"5,5",5
16,Como,Kempf,d,6.5,9.5,"6,5","9,5"
16,Como,Van Der Brempt,d,5.5,5.5,"5,5","5,5"
16,Como,Sergi Roberto,c,6.0,6.0,6,6
16,Como,Caqueret,c,6.0,6.0,6,6
16,Como,Da Cunha,c,6.0,6.0,6,6
16,Como,Perrone,c,5.5,5.5,"5,5","5,5"
16,Como,Paz N.,c,6.5,6.5,"6,5","6,5"
16,Como,Baturina,c,6.5,7.5,"6,5","7,5"
16,Como,Douvikas,a,5.5,5.5,"5,5","5,5"
16,Como,Kuhn,a,5.5,5.5,"5,5","5,5"
16,Como,Rodriguez Je.,a,6.5,6.5,"6,5","6,5"
16,Como,Fabregas,all,6.0,6.0,6,6
16,Cremonese,Audero,p,6.0,6.0,6,6
16,Cremonese,Pezzella Giu.,d,6.0,5.5,6,"5,5"
16,Cremonese,Ceccherini,d,5.0,4.0,5,4
16,Cremonese,Terracciano F.,d,6.5,6.5,"6,5","6,5"
16,Cremonese,Baschirotto,d,6.5,6.5,"6,5","6,5"
16,Cremonese,Barbieri,d,6.5,6.0,"6,5",6
16,Cremonese,Folino,d,6.0,6.0,6,6
16,Cremonese,Floriani Mussolini,d,55.0,55.0,55,55
16,Cremonese,Grassi,c,6.0,5.5,6,"5,5"
16,Cremonese,Bondo,c,6.5,6.5,"6,5","6,5"
16,Cremonese,Zerbin,c,5.5,5.5,"5,5","5,5"
16,Cremonese,Vandeputte,c,6.5,6.5,"6,5","6,5"
16,Cremonese,Sanabria,a,6.0,6.0,6,6
16,Cremonese,Bonazzoli,a,6.5,6.5,"6,5","6,5"
16,Cremonese,Vardy,a,5.5,5.5,"5,5","5,5"
16,Cremonese,Johnsen,a,5.5,5.5,"5,5","5,5"
16,Cremonese,Nicola,all,6.5,6.5,"6,5","6,5"
16,Fiorentina,De Gea,p,6.0,5.0,6,5
16,Fiorentina,Ranieri L.,d,6.0,5.5,6,"5,5"
16,Fiorentina,Parisi,d,7.5,8.0,"7,5",8
16,Fiorentina,Pongracic,d,6.5,6.5,"6,5","6,5"
16,Fiorentina,Viti,d,55.0,55.0,55,55
16,Fiorentina,Dodò,d,7.0,8.0,7,8
16,Fiorentina,Comuzzo,d,6.5,6.5,"6,5","6,5"
16,Fiorentina,Fortini,d,6.5,6.5,"6,5","6,5"
16,Fiorentina,Mandragora,c,7.0,10.0,7,10
16,Fiorentina,Nicolussi Caviglia,c,55.0,55.0,55,55
16,Fiorentina,Fagioli,c,7.0,9.0,7,9
16,Fiorentina,Gudmundsson A.,c,7.5,10.5,"7,5","10,5"
16,Fiorentina,Ndour,c,7.0,10.0,7,10
16,Fiorentina,Kean,a,7.5,13.5,"7,5","13,5"
16,Fiorentina,Kouamè,a,6.0,6.0,6,6
16,Fiorentina,Piccoli,a,6.0,6.0,6,6
16,Fiorentina,Vanoli,all,7.5,7.5,"7,5","7,5"
16,Genoa,Leali,p,4.5,3.5,"4,5","3,5"
16,Genoa,Sommariva,p,5.0,4.0,5,4
16,Genoa,Martin,d,55.0,55.0,55,55
16,Genoa,Vasquez,d,6.5,6.5,"6,5","6,5"
16,Genoa,Marcandalli,d,6.5,6.5,"6,5","6,5"
16,Genoa,Norton-Cuffy,d,5.0,5.0,5,5
16,Genoa,Otoa,d,6.5,6.5,"6,5","6,5"
16,Genoa,Thorsby,c,6.0,5.5,6,"5,5"
16,Genoa,Malinovskyi,c,6.0,6.0,6,6
16,Genoa,Frendrup,c,7.0,7.0,7,7
16,Genoa,Ellertsson,c,6.5,6.5,"6,5","6,5"
16,Genoa,Masini,c,55.0,55.0,55,55
16,Genoa,Colombo,a,6.0,6.0,6,6
16,Genoa,Ekuban,a,6.5,6.5,"6,5","6,5"
16,Genoa,Vitinha O.,a,6.0,6.0,6,6
16,Genoa,De Rossi,all,6.5,6.5,"6,5","6,5"
16,Inter,Sommer,p,6.5,6.5,"6,5","6,5"
16,Inter,Acerbi,d,6.0,6.0,6,6
16,Inter,Bastoni,d,6.5,6.5,"6,5","6,5"
16,Inter,Akanji,d,6.0,6.0,6,6
16,Inter,Carlos Augusto,d,6.5,6.5,"6,5","6,5"
16,Inter,Zielinski,c,6.0,6.0,6,6
16,Inter,Barella,c,6.0,6.0,6,6
16,Inter,Mkhitaryan,c,6.0,6.0,6,6
16,Inter,Frattesi,c,6.0,6.0,6,6
16,Inter,Luis Henrique,c,6.0,5.5,6,"5,5"
16,Inter,Diouf,c,5.0,5.0,5,5
16,Inter,Sucic P.,c,55.0,55.0,55,55
16,Inter,Martinez L.,a,6.5,6.5,"6,5","6,5"
16,Inter,Thuram,a,5.5,5.0,"5,5",5
16,Inter,Bonny,a,5.5,5.5,"5,5","5,5"
16,Inter,Esposito F.P.,a,7.0,10.0,7,10
16,Inter,Chivu,all,6.5,6.5,"6,5","6,5"
16,Juventus,Di Gregorio,p,6.0,5.0,6,5
16,Juventus,Rugani,d,6.0,6.0,6,6
16,Juventus,Bremer,d,6.5,6.5,"6,5","6,5"
16,Juventus,Kalulu,d,6.0,6.0,6,6
16,Juventus,Cambiaso,d,6.5,7.5,"6,5","7,5"
16,Juventus,Kelly L.,d,6.0,6.0,6,6
16,Juventus,Locatelli,c,6.5,6.5,"6,5","6,5"
16,Juventus,Kostic,c,55.0,55.0,55,55
16,Juventus,McKennie,c,6.5,7.0,"6,5",7
16,Juventus,Thuram K.,c,6.5,6.5,"6,5","6,5"
16,Juventus,Zhegrova,c,6.0,6.0,6,6
16,Juventus,Miretti,c,55.0,55.0,55,55
16,Juventus,Conceicao,c,7.0,9.5,7,"9,5"
16,Juventus,David,a,55.0,55.0,55,55
16,Juventus,Openda,a,7.0,10.0,7,10
16,Juventus,Yildiz,a,7.0,7.0,7,7
16,Juventus,Spalletti,all,6.5,6.5,"6,5","6,5"
16,Lazio,Provedel,p,6.0,6.0,6,6
16,Lazio,Romagnoli,d,6.0,5.5,6,"5,5"
16,Lazio,Marusic,d,6.0,6.0,6,6
16,Lazio,Lazzari,d,55.0,55.0,55,55
16,Lazio,Pellegrini Lu.,d,6.0,6.0,6,6
16,Lazio,Gila,d,6.5,6.0,"6,5",6
16,Lazio,Vecino,c,5.5,5.5,"5,5","5,5"
16,Lazio,Cataldi,c,5.5,5.5,"5,5","5,5"
16,Lazio,Guendouzi,c,6.0,5.5,6,"5,5"
16,Lazio,Belahyane,c,6.0,6.0,6,6
16,Lazio,Pedro,a,5.5,5.0,"5,5",5
16,Lazio,Cancellieri,a,5.5,5.5,"5,5","5,5"
16,Lazio,Castellanos,a,5.0,5.0,5,5
16,Lazio,Noslin,a,5.5,5.5,"5,5","5,5"
16,Lazio,Sarri,all,5.5,5.5,"5,5","5,5"
16,Lecce,Falcone,p,7.0,6.0,7,6
16,Lecce,Gallo,d,6.0,6.0,6,6
16,Lecce,Tiago Gabriel,d,6.0,6.0,6,6
16,Lecce,Veiga D.,d,6.5,6.0,"6,5",6
16,Lecce,Siebert,d,6.5,6.5,"6,5","6,5"
16,Lecce,Sottil,c,6.5,6.5,"6,5","6,5"
16,Lecce,Maleh,c,6.0,6.0,6,6
16,Lecce,Coulibaly L.,c,6.5,6.5,"6,5","6,5"
16,Lecce,Kaba,c,6.0,6.0,6,6
16,Lecce,Pierotti,c,6.0,6.0,6,6
16,Lecce,Tete Morente,c,5.5,5.5,"5,5","5,5"
16,Lecce,Sala A.,c,55.0,55.0,55,55
16,Lecce,Gandelman,c,6.0,6.0,6,6
16,Lecce,N'Dri,a,55.0,55.0,55,55
16,Lecce,Stulic,a,6.0,6.0,6,6
16,Lecce,Di Francesco,all,6.0,6.0,6,6
16,Milan,Maignan,p,8.0,7.0,8,7
16,Milan,Gabbia,d,5.5,5.5,"5,5","5,5"
16,Milan,Tomori,d,5.5,5.5,"5,5","5,5"
16,Milan,De Winter,d,6.0,6.0,6,6
16,Milan,Bartesaghi,d,5.5,5.5,"5,5","5,5"
16,Milan,Athekame,d,55.0,55.0,55,55
16,Milan,Rabiot,c,8.0,14.0,8,14
16,Milan,Modric,c,6.0,6.0,6,6
16,Milan,Loftus-Cheek,c,6.0,6.0,6,6
16,Milan,Fofana Y.,c,5.5,5.5,"5,5","5,5"
16,Milan,Saelemaekers,c,6.0,6.0,6,6
16,Milan,Ricci S.,c,6.0,6.0,6,6
16,Milan,Jashari,c,55.0,55.0,55,55
16,Milan,Fullkrug,a,6.0,6.0,6,6
16,Milan,Leao,a,6.0,7.0,6,7
16,Milan,Nkunku,a,6.5,9.5,"6,5","9,5"
16,Milan,Allegri,all,6.5,6.5,"6,5","6,5"
16,Napoli,Milinkovic-Savic V.,p,6.0,6.0,6,6
16,Napoli,Spinazzola,d,6.0,6.0,6,6
16,Napoli,Buongiorno,d,6.0,6.0,6,6
16,Napoli,Di Lorenzo,d,6.5,6.5,"6,5","6,5"
16,Napoli,Rrahmani,d,6.5,6.5,"6,5","6,5"
16,Napoli,Mazzocchi,d,6.0,6.0,6,6
16,Napoli,Olivera,d,5.5,5.5,"5,5","5,5"
16,Napoli,Politano,c,5.5,5.5,"5,5","5,5"
16,Napoli,Lobotka,c,6.0,6.0,6,6
16,Napoli,Elmas,c,5.5,5.5,"5,5","5,5"
16,Napoli,McTominay,c,6.0,6.0,6,6
16,Napoli,Neres,c,5.5,5.0,"5,5",5
16,Napoli,Vergara,c,55.0,55.0,55,55
16,Napoli,Hojlund,a,5.0,5.0,5,5
16,Napoli,Lucca,a,55.0,55.0,55,55
16,Napoli,Lang,a,5.5,5.5,"5,5","5,5"
16,Napoli,Conte,all,5.0,5.0,5,5
16,Parma,Rinaldi,p,7.0,6.5,7,"6,5"
16,Parma,Valenti,d,7.0,7.0,7,7
16,Parma,Valeri,d,6.0,6.0,6,6
16,Parma,Circati,d,6.5,6.5,"6,5","6,5"
16,Parma,Delprato,d,6.5,6.5,"6,5","6,5"
16,Parma,Troilo,d,6.5,6.0,"6,5",6
16,Parma,Britschgi,d,6.0,5.5,6,"5,5"
16,Parma,Estevez,c,6.5,6.5,"6,5","6,5"
16,Parma,Bernabè,c,6.0,6.0,6,6
16,Parma,Keita M.,c,7.0,7.0,7,7
16,Parma,Ondrejka,c,5.5,5.5,"5,5","5,5"
16,Parma,Ordonez C.,c,6.0,6.0,6,6
16,Parma,Sorensen O.,c,6.0,6.0,6,6
16,Parma,Cutrone,a,5.5,5.5,"5,5","5,5"
16,Parma,Benedyczak,a,55.0,55.0,55,55
16,Parma,Pellegrino M.,a,5.5,5.5,"5,5","5,5"
16,Parma,Cuesta,all,7.0,7.0,7,7
16,Pisa,Semper,p,6.0,4.0,6,4
16,Pisa,Caracciolo A.,d,6.0,6.0,6,6
16,Pisa,Calabresi,d,6.0,5.5,6,"5,5"
16,Pisa,Bonfanti,d,5.0,4.5,5,"4,5"
16,Pisa,Canestrelli,d,5.5,5.5,"5,5","5,5"
16,Pisa,Angori,d,6.5,6.5,"6,5","6,5"
16,Pisa,Leris,c,7.0,8.0,7,8
16,Pisa,Tramoni M.,c,6.5,9.5,"6,5","9,5"
16,Pisa,Aebischer,c,6.0,6.0,6,6
16,Pisa,Piccinini G.,c,5.5,5.5,"5,5","5,5"
16,Pisa,Tourè I.,c,6.0,6.0,6,6
16,Pisa,Hojholt,c,5.0,5.0,5,5
16,Pisa,Vural,c,6.0,6.0,6,6
16,Pisa,Lorran,c,55.0,55.0,55,55
16,Pisa,Moreo,a,7.0,10.0,7,10
16,Pisa,Meister,a,5.5,5.5,"5,5","5,5"
16,Pisa,Gilardino,all,6.0,6.0,6,6
16,Roma,Svilar,p,7.0,5.0,7,5
16,Roma,Mancini,d,5.5,5.5,"5,5","5,5"
16,Roma,Celik,d,6.0,6.0,6,6
16,Roma,Rensch,d,6.5,6.5,"6,5","6,5"
16,Roma,Wesley,d,6.5,6.5,"6,5","6,5"
16,Roma,Ziolkowski,d,6.0,6.0,6,6
16,Roma,Pellegrini Lo.,c,5.5,5.5,"5,5","5,5"
16,Roma,Cristante,c,5.0,4.5,5,"4,5"
16,Roma,El Shaarawy,c,6.0,6.0,6,6
16,Roma,Bailey,c,5.5,5.5,"5,5","5,5"
16,Roma,Konè M.,c,6.0,5.5,6,"5,5"
16,Roma,Baldanzi,c,7.0,10.0,7,10
16,Roma,Dybala,a,5.0,5.0,5,5
16,Roma,Soulè,a,5.5,5.0,"5,5",5
16,Roma,Ferguson E.,a,6.0,6.0,6,6
16,Roma,Gasperini,all,5.5,5.5,"5,5","5,5"
16,Sassuolo,Muric,p,6.5,5.5,"6,5","5,5"
16,Sassuolo,Walukiewicz,d,5.5,5.0,"5,5",5
16,Sassuolo,Doig,d,5.0,5.0,5,5
16,Sassuolo,Idzes,d,5.5,5.0,"5,5",5
16,Sassuolo,Candè,d,55.0,55.0,55,55
16,Sassuolo,Muharemovic,d,6.0,6.0,6,6
16,Sassuolo,Matic,c,5.5,5.0,"5,5",5
16,Sassuolo,Vranckx,c,5.5,5.5,"5,5","5,5"
16,Sassuolo,Volpato,c,6.5,6.5,"6,5","6,5"
16,Sassuolo,Lipani,c,5.5,5.5,"5,5","5,5"
16,Sassuolo,Konè I.,c,6.0,6.0,6,6
16,Sassuolo,Fadera,c,55.0,55.0,55,55
16,Sassuolo,Pierini,a,55.0,55.0,55,55
16,Sassuolo,Laurientè,a,5.5,5.5,"5,5","5,5"
16,Sassuolo,Cheddira,a,5.5,5.5,"5,5","5,5"
16,Sassuolo,Moro L.,a,5.5,5.5,"5,5","5,5"
16,Sassuolo,Grosso,all,5.5,5.5,"5,5","5,5"
16,Torino,Paleari,p,6.0,6.0,6,6
16,Torino,Biraghi,d,55.0,55.0,55,55
16,Torino,Lazaro,d,6.0,6.0,6,6
16,Torino,Maripan,d,7.0,7.0,7,7
16,Torino,Ismajli,d,6.0,6.0,6,6
16,Torino,Pedersen,d,6.5,6.5,"6,5","6,5"
16,Torino,Tameze,c,7.0,7.0,7,7
16,Torino,Ilic,c,6.0,5.5,6,"5,5"
16,Torino,Vlasic,c,7.0,10.0,7,10
16,Torino,Asllani,c,6.0,6.0,6,6
16,Torino,Casadei,c,55.0,55.0,55,55
16,Torino,Gineitis,c,6.0,6.0,6,6
16,Torino,Zapata D.,a,5.0,5.0,5,5
16,Torino,Simeone,a,6.5,6.5,"6,5","6,5"
16,Torino,Ngonge,a,55.0,55.0,55,55
16,Torino,Adams C.,a,6.0,6.0,6,6
16,Torino,Baroni,all,7.0,7.0,7,7
16,Udinese,Okoye,p,4.5,3.5,"4,5","3,5"
16,Udinese,Sava,p,5.0,0.0,5,0
16,Udinese,Kabasele,d,5.5,5.5,"5,5","5,5"
16,Udinese,Zanoli,d,5.5,5.0,"5,5",5
16,Udinese,Kamara H.,d,6.0,6.0,6,6
16,Udinese,Bertola,d,5.0,5.0,5,5
16,Udinese,Kristensen T.,d,4.5,4.5,"4,5","4,5"
16,Udinese,Solet,d,6.0,9.0,6,9
16,Udinese,Zaniolo,c,6.0,6.0,6,6
16,Udinese,Lovric,c,5.0,5.0,5,5
16,Udinese,Karlstrom,c,5.5,5.5,"5,5","5,5"
16,Udinese,Ekkelenkamp,c,5.0,5.0,5,5
16,Udinese,Piotrowski,c,5.0,5.0,5,5
16,Udinese,Davis K.,a,5.0,5.0,5,5
16,Udinese,Buksa,a,5.5,5.5,"5,5","5,5"
16,Udinese,Gueye,a,5.5,5.5,"5,5","5,5"
16,Udinese,Runjaic,all,4.5,4.5,"4,5","4,5"
16,Verona,Montipò,p,6.0,3.0,6,3
16,Verona,Bradaric,d,6.0,6.0,6,6
16,Verona,Unai Nunez,d,5.0,4.5,5,"4,5"
16,Verona,Valentini N.,d,5.0,5.0,5,5
16,Verona,Slotsager,d,6.0,6.0,6,6
16,Verona,Nelsson,d,5.5,5.5,"5,5","5,5"
16,Verona,Cham,d,55.0,55.0,55,55
16,Verona,Gagliardini,c,6.5,6.5,"6,5","6,5"
16,Verona,Niasse,c,5.5,5.5,"5,5","5,5"
16,Verona,Serdar,c,5.5,5.5,"5,5","5,5"
16,Verona,Al-Musrati,c,5.0,5.0,5,5
16,Verona,Bernede,c,6.5,7.5,"6,5","7,5"
16,Verona,Sarr A.,a,6.0,6.0,6,6
16,Verona,Orban G.,a,7.0,10.0,7,10
16,Verona,Mosquera,a,55.0,55.0,55,55
16,Verona,Giovane,a,5.5,5.5,"5,5","5,5"
16,Verona,Zanetti,all,5.5,5.5,"5,5","5,5"
17,Atalanta,Carnesecchi,p,6.5,5.5,"6,5","5,5"
17,Atalanta,Zappacosta,d,5.5,5.5,"5,5","5,5"
17,Atalanta,Djimsiti,d,4.0,4.0,4,4
17,Atalanta,Kolasinac,d,7.0,6.5,7,"6,5"
17,Atalanta,Hien,d,6.0,6.0,6,6
17,Atalanta,Bernasconi,d,6.0,6.0,6,6
17,Atalanta,De Roon,c,6.0,6.0,6,6
17,Atalanta,Pasalic,c,5.5,5.5,"5,5","5,5"
17,Atalanta,Samardzic,c,5.0,5.0,5,5
17,Atalanta,Musah,c,5.5,5.5,"5,5","5,5"
17,Atalanta,Zalewski,c,6.5,6.5,"6,5","6,5"
17,Atalanta,Ederson D.S.,c,6.5,6.5,"6,5","6,5"
17,Atalanta,Scamacca,a,5.5,5.5,"5,5","5,5"
17,Atalanta,Sulemana K.,a,5.5,5.0,"5,5",5
17,Atalanta,De Ketelaere,a,6.0,6.0,6,6
17,Atalanta,Palladino,all,5.5,5.5,"5,5","5,5"
17,Bologna,Ravaglia F.,p,5.5,4.0,"5,5",4
17,Bologna,Zortea,d,6.5,7.5,"6,5","7,5"
17,Bologna,Miranda J.,d,6.0,6.0,6,6
17,Bologna,Holm,d,55.0,55.0,55,55
17,Bologna,Lucumì,d,5.0,5.0,5,5
17,Bologna,Vitik,d,6.0,6.0,6,6
17,Bologna,Orsolini,c,5.5,5.5,"5,5","5,5"
17,Bologna,Odgaard,c,55.0,55.0,55,55
17,Bologna,Pobega,c,6.0,6.0,6,6
17,Bologna,Moro N.,c,6.0,6.0,6,6
17,Bologna,Fabbian,c,7.0,10.0,7,10
17,Bologna,Rowe,c,6.0,6.0,6,6
17,Bologna,Immobile,a,5.5,5.5,"5,5","5,5"
17,Bologna,Castro S.,a,5.5,5.5,"5,5","5,5"
17,Bologna,Dallinga,a,5.5,5.5,"5,5","5,5"
17,Bologna,Dominguez B.,a,5.5,5.0,"5,5",5
17,Bologna,Italiano,all,5.5,5.5,"5,5","5,5"
17,Cagliari,Caprile,p,6.5,5.5,"6,5","5,5"
17,Cagliari,Luperto,d,6.5,6.5,"6,5","6,5"
17,Cagliari,Zappa,d,6.0,6.0,6,6
17,Cagliari,Obert,d,55.0,55.0,55,55
17,Cagliari,Palestra,d,7.0,7.0,7,7
17,Cagliari,Idrissi R.,d,6.5,6.5,"6,5","6,5"
17,Cagliari,Deiola,c,6.5,6.5,"6,5","6,5"
17,Cagliari,Mazzitelli,c,6.5,7.5,"6,5","7,5"
17,Cagliari,Gaetano,c,6.0,6.0,6,6
17,Cagliari,Adopo,c,6.0,6.0,6,6
17,Cagliari,Prati,c,7.0,10.0,7,10
17,Cagliari,Cavuoti,c,6.0,6.0,6,6
17,Cagliari,Esposito Se.,a,5.5,5.5,"5,5","5,5"
17,Cagliari,Borrelli,a,6.0,6.0,6,6
17,Cagliari,Kilicsoy,a,7.5,10.5,"7,5","10,5"
17,Cagliari,Pisacane,all,7.0,6.5,7,"6,5"
17,Como,Butez,p,6.5,6.0,"6,5",6
17,Como,Diego Carlos,d,6.5,6.0,"6,5",6
17,Como,Vojvoda,d,7.0,8.0,7,8
17,Como,Moreno Alb.,d,6.5,6.5,"6,5","6,5"
17,Como,Ramon,d,7.0,10.0,7,10
17,Como,Kempf,d,55.0,55.0,55,55
17,Como,Van Der Brempt,d,7.0,7.0,7,7
17,Como,Smolcic I.,d,5.5,5.0,"5,5",5
17,Como,Da Cunha,c,6.5,6.5,"6,5","6,5"
17,Como,Perrone,c,6.5,6.0,"6,5",6
17,Como,Paz N.,c,7.5,11.5,"7,5","11,5"
17,Como,Baturina,c,55.0,55.0,55,55
17,Como,Le Borgne,c,55.0,55.0,55,55
17,Como,Douvikas,a,7.0,10.0,7,10
17,Como,Kuhn,a,55.0,55.0,55,55
17,Como,Rodriguez Je.,a,6.5,6.5,"6,5","6,5"
17,Como,Fabregas,all,7.0,7.0,7,7
17,Cremonese,Audero,p,6.5,4.5,"6,5","4,5"
17,Cremonese,Bianchetti,d,5.0,5.0,5,5
17,Cremonese,Pezzella Giu.,d,5.5,5.5,"5,5","5,5"
17,Cremonese,Terracciano F.,d,5.5,5.5,"5,5","5,5"
17,Cremonese,Baschirotto,d,5.0,5.0,5,5
17,Cremonese,Barbieri,d,5.5,5.0,"5,5",5
17,Cremonese,Floriani Mussolini,d,55.0,55.0,55,55
17,Cremonese,Grassi,c,5.5,5.5,"5,5","5,5"
17,Cremonese,Bondo,c,6.0,6.0,6,6
17,Cremonese,Zerbin,c,5.5,5.5,"5,5","5,5"
17,Cremonese,Payero,c,6.0,6.0,6,6
17,Cremonese,Sanabria,a,5.5,5.5,"5,5","5,5"
17,Cremonese,Bonazzoli,a,6.0,5.5,6,"5,5"
17,Cremonese,Vardy,a,5.5,5.5,"5,5","5,5"
17,Cremonese,Johnsen,a,6.0,6.0,6,6
17,Cremonese,Moumbagna,a,6.0,6.0,6,6
17,Cremonese,Nicola,all,5.5,5.5,"5,5","5,5"
17,Fiorentina,De Gea,p,6.0,5.0,6,5
17,Fiorentina,Gosens,d,6.0,6.0,6,6
17,Fiorentina,Parisi,d,6.0,6.0,6,6
17,Fiorentina,Pongracic,d,6.0,5.5,6,"5,5"
17,Fiorentina,Viti,d,5.5,5.5,"5,5","5,5"
17,Fiorentina,Dodò,d,5.5,5.5,"5,5","5,5"
17,Fiorentina,Comuzzo,d,6.0,6.0,6,6
17,Fiorentina,Fortini,d,5.5,5.5,"5,5","5,5"
17,Fiorentina,Kouadio,d,55.0,55.0,55,55
17,Fiorentina,Mandragora,c,5.5,5.0,"5,5",5
17,Fiorentina,Fagioli,c,6.0,6.0,6,6
17,Fiorentina,Sohm,c,5.5,5.5,"5,5","5,5"
17,Fiorentina,Gudmundsson A.,c,6.0,6.0,6,6
17,Fiorentina,Ndour,c,5.5,5.5,"5,5","5,5"
17,Fiorentina,Kean,a,5.0,5.0,5,5
17,Fiorentina,Piccoli,a,5.0,5.0,5,5
17,Fiorentina,Vanoli,all,5.5,5.5,"5,5","5,5"
17,Genoa,Sommariva,p,6.5,3.5,"6,5","3,5"
17,Genoa,Martin,d,5.5,5.5,"5,5","5,5"
17,Genoa,Vasquez,d,5.0,5.0,5,5
17,Genoa,Ostigard,d,5.0,5.0,5,5
17,Genoa,Marcandalli,d,6.0,6.0,6,6
17,Genoa,Norton-Cuffy,d,5.5,5.5,"5,5","5,5"
17,Genoa,Otoa,d,5.0,5.0,5,5
17,Genoa,Malinovskyi,c,5.0,5.0,5,5
17,Genoa,Frendrup,c,5.5,5.0,"5,5",5
17,Genoa,Ellertsson,c,5.5,5.5,"5,5","5,5"
17,Genoa,Fini,c,5.5,5.5,"5,5","5,5"
17,Genoa,Masini,c,55.0,55.0,55,55
17,Genoa,Colombo,a,6.0,6.0,6,6
17,Genoa,Ekuban,a,5.0,5.0,5,5
17,Genoa,Vitinha O.,a,5.5,5.5,"5,5","5,5"
17,Genoa,Ekhator,a,6.5,9.5,"6,5","9,5"
17,Genoa,De Rossi,all,5.0,5.0,5,5
17,Inter,Sommer,p,6.0,6.0,6,6
17,Inter,Dimarco,d,6.5,6.5,"6,5","6,5"
17,Inter,Bastoni,d,6.0,5.5,6,"5,5"
17,Inter,Akanji,d,7.0,7.0,7,7
17,Inter,Carlos Augusto,d,6.0,6.0,6,6
17,Inter,Bisseck,d,6.5,6.5,"6,5","6,5"
17,Inter,Zielinski,c,6.5,6.5,"6,5","6,5"
17,Inter,Barella,c,5.5,5.5,"5,5","5,5"
17,Inter,Calhanoglu,c,6.5,6.5,"6,5","6,5"
17,Inter,Mkhitaryan,c,6.0,6.0,6,6
17,Inter,Frattesi,c,55.0,55.0,55,55
17,Inter,Luis Henrique,c,5.5,5.5,"5,5","5,5"
17,Inter,Diouf,c,55.0,55.0,55,55
17,Inter,Martinez L.,a,7.0,10.0,7,10
17,Inter,Thuram,a,5.5,5.5,"5,5","5,5"
17,Inter,Esposito F.P.,a,6.5,7.5,"6,5","7,5"
17,Inter,Chivu,all,6.5,6.5,"6,5","6,5"
17,Juventus,Di Gregorio,p,6.0,6.0,6,6
17,Juventus,Bremer,d,6.0,6.0,6,6
17,Juventus,Kalulu,d,7.0,10.0,7,10
17,Juventus,Cambiaso,d,6.0,6.0,6,6
17,Juventus,Kelly L.,d,6.5,6.5,"6,5","6,5"
17,Juventus,Joao Mario,d,55.0,55.0,55,55
17,Juventus,Locatelli,c,6.5,6.0,"6,5",6
17,Juventus,Kostic,c,55.0,55.0,55,55
17,Juventus,McKennie,c,6.5,6.5,"6,5","6,5"
17,Juventus,Thuram K.,c,5.5,5.5,"5,5","5,5"
17,Juventus,Koopmeiners,c,5.5,5.5,"5,5","5,5"
17,Juventus,Zhegrova,c,6.5,6.5,"6,5","6,5"
17,Juventus,Miretti,c,6.5,6.5,"6,5","6,5"
17,Juventus,David,a,6.0,6.0,6,6
17,Juventus,Openda,a,5.0,5.0,5,5
17,Juventus,Yildiz,a,6.5,9.5,"6,5","9,5"
17,Juventus,Spalletti,all,6.5,6.5,"6,5","6,5"
17,Lazio,Provedel,p,6.0,5.0,6,5
17,Lazio,Romagnoli,d,6.5,6.5,"6,5","6,5"
17,Lazio,Marusic,d,6.0,6.0,6,6
17,Lazio,Lazzari,d,55.0,55.0,55,55
17,Lazio,Pellegrini Lu.,d,6.0,5.5,6,"5,5"
17,Lazio,Gila,d,5.5,5.5,"5,5","5,5"
17,Lazio,Provstgaard,d,55.0,55.0,55,55
17,Lazio,Vecino,c,6.5,6.0,"6,5",6
17,Lazio,Cataldi,c,6.5,6.0,"6,5",6
17,Lazio,Zaccagni,c,5.5,5.5,"5,5","5,5"
17,Lazio,Belahyane,c,6.0,6.0,6,6
17,Lazio,Isaksen,c,55.0,55.0,55,55
17,Lazio,Cancellieri,a,6.5,6.0,"6,5",6
17,Lazio,Castellanos,a,6.0,6.0,6,6
17,Lazio,Noslin,a,6.0,6.0,6,6
17,Lazio,Sarri,all,6.0,6.0,6,6
17,Lecce,Falcone,p,5.5,2.5,"5,5","2,5"
17,Lecce,Gallo,d,5.5,5.5,"5,5","5,5"
17,Lecce,Tiago Gabriel,d,5.5,5.5,"5,5","5,5"
17,Lecce,Veiga D.,d,5.0,5.0,5,5
17,Lecce,Siebert,d,5.0,5.0,5,5
17,Lecce,Sottil,c,6.0,5.5,6,"5,5"
17,Lecce,Maleh,c,6.0,6.0,6,6
17,Lecce,Helgason,c,55.0,55.0,55,55
17,Lecce,Ramadani,c,5.0,4.5,5,"4,5"
17,Lecce,Kaba,c,5.0,5.0,5,5
17,Lecce,Pierotti,c,5.5,5.5,"5,5","5,5"
17,Lecce,Sala A.,c,55.0,55.0,55,55
17,Lecce,Gorter,c,55.0,55.0,55,55
17,Lecce,Camarda,a,5.5,5.5,"5,5","5,5"
17,Lecce,N'Dri,a,5.5,5.5,"5,5","5,5"
17,Lecce,Stulic,a,5.5,5.5,"5,5","5,5"
17,Lecce,Di Francesco,all,5.0,4.0,5,4
17,Milan,Maignan,p,6.0,6.0,6,6
17,Milan,Tomori,d,6.5,6.5,"6,5","6,5"
17,Milan,Pavlovic,d,6.5,6.5,"6,5","6,5"
17,Milan,De Winter,d,6.0,6.0,6,6
17,Milan,Bartesaghi,d,6.5,6.5,"6,5","6,5"
17,Milan,Athekame,d,55.0,55.0,55,55
17,Milan,Odogu,d,55.0,55.0,55,55
17,Milan,Rabiot,c,7.0,8.0,7,8
17,Milan,Pulisic,c,7.0,10.0,7,10
17,Milan,Modric,c,7.0,7.0,7,7
17,Milan,Loftus-Cheek,c,6.5,6.5,"6,5","6,5"
17,Milan,Fofana Y.,c,6.0,6.0,6,6
17,Milan,Saelemaekers,c,6.0,6.0,6,6
17,Milan,Ricci S.,c,55.0,55.0,55,55
17,Milan,Jashari,c,6.0,6.0,6,6
17,Milan,Nkunku,a,7.5,13.5,"7,5","13,5"
17,Milan,Allegri,all,7.0,7.0,7,7
17,Napoli,Milinkovic-Savic V.,p,6.0,6.0,6,6
17,Napoli,Juan Jesus,d,6.0,5.5,6,"5,5"
17,Napoli,Spinazzola,d,7.0,7.0,7,7
17,Napoli,Buongiorno,d,6.0,6.0,6,6
17,Napoli,Di Lorenzo,d,6.5,6.5,"6,5","6,5"
17,Napoli,Rrahmani,d,6.0,6.0,6,6
17,Napoli,Gutierrez,d,6.0,6.0,6,6
17,Napoli,Mazzocchi,d,55.0,55.0,55,55
17,Napoli,Politano,c,6.5,6.5,"6,5","6,5"
17,Napoli,Lobotka,c,6.5,6.5,"6,5","6,5"
17,Napoli,Elmas,c,5.5,5.5,"5,5","5,5"
17,Napoli,McTominay,c,6.5,6.0,"6,5",6
17,Napoli,Neres,c,6.0,6.0,6,6
17,Napoli,Hojlund,a,8.0,14.0,8,14
17,Napoli,Lucca,a,55.0,55.0,55,55
17,Napoli,Lang,a,6.0,6.0,6,6
17,Napoli,Conte,all,7.0,7.0,7,7
17,Parma,Corvi,p,7.0,6.5,7,"6,5"
17,Parma,Valenti,d,6.5,6.5,"6,5","6,5"
17,Parma,Valeri,d,6.0,6.0,6,6
17,Parma,Circati,d,6.5,6.0,"6,5",6
17,Parma,Britschgi,d,6.5,6.5,"6,5","6,5"
17,Parma,Estevez,c,6.0,6.0,6,6
17,Parma,Oristanio,c,6.0,6.0,6,6
17,Parma,Bernabè,c,6.5,6.5,"6,5","6,5"
17,Parma,Keita M.,c,6.5,6.5,"6,5","6,5"
17,Parma,Ondrejka,c,5.5,5.5,"5,5","5,5"
17,Parma,Ordonez C.,c,55.0,55.0,55,55
17,Parma,Sorensen O.,c,7.0,10.0,7,10
17,Parma,Cremaschi,c,55.0,55.0,55,55
17,Parma,Djuric,a,55.0,55.0,55,55
17,Parma,Benedyczak,a,5.5,5.5,"5,5","5,5"
17,Parma,Pellegrino M.,a,6.5,6.5,"6,5","6,5"
17,Parma,Cuesta,all,6.5,6.5,"6,5","6,5"
17,Pisa,Semper,p,6.0,4.0,6,4
17,Pisa,Caracciolo A.,d,6.5,6.0,"6,5",6
17,Pisa,Calabresi,d,5.5,5.5,"5,5","5,5"
17,Pisa,Bonfanti,d,5.5,5.5,"5,5","5,5"
17,Pisa,Canestrelli,d,6.0,6.0,6,6
17,Pisa,Angori,d,6.0,5.5,6,"5,5"
17,Pisa,Leris,c,6.5,6.5,"6,5","6,5"
17,Pisa,Tramoni M.,c,5.5,5.0,"5,5",5
17,Pisa,Aebischer,c,6.0,6.0,6,6
17,Pisa,Tourè I.,c,5.5,5.5,"5,5","5,5"
17,Pisa,Hojholt,c,6.0,6.0,6,6
17,Pisa,Marin M.,c,55.0,55.0,55,55
17,Pisa,Vural,c,5.5,5.0,"5,5",5
17,Pisa,Lorran,c,55.0,55.0,55,55
17,Pisa,Moreo,a,5.5,5.5,"5,5","5,5"
17,Pisa,Buffon L.,a,55.0,55.0,55,55
17,Pisa,Gilardino,all,6.0,6.0,6,6
17,Roma,Svilar,p,6.0,5.0,6,5
17,Roma,Mancini,d,6.5,6.5,"6,5","6,5"
17,Roma,Celik,d,6.0,6.0,6,6
17,Roma,Hermoso,d,6.5,6.5,"6,5","6,5"
17,Roma,Ghilardi,d,6.0,6.0,6,6
17,Roma,Rensch,d,55.0,55.0,55,55
17,Roma,Wesley,d,6.0,6.0,6,6
17,Roma,Ziolkowski,d,6.5,6.5,"6,5","6,5"
17,Roma,Cristante,c,6.5,6.5,"6,5","6,5"
17,Roma,El Shaarawy,c,6.0,6.0,6,6
17,Roma,Konè M.,c,7.5,10.5,"7,5","10,5"
17,Roma,Pisilli,c,6.0,6.0,6,6
17,Roma,Dybala,a,6.5,6.5,"6,5","6,5"
17,Roma,Soulè,a,7.5,10.5,"7,5","10,5"
17,Roma,Ferguson E.,a,7.0,11.0,7,11
17,Roma,Dovbyk,a,55.0,55.0,55,55
17,Roma,Gasperini,all,7.0,7.0,7,7
17,Sassuolo,Muric,p,6.0,5.0,6,5
17,Sassuolo,Walukiewicz,d,5.5,5.5,"5,5","5,5"
17,Sassuolo,Doig,d,6.0,6.0,6,6
17,Sassuolo,Idzes,d,6.5,6.5,"6,5","6,5"
17,Sassuolo,Candè,d,6.0,5.5,6,"5,5"
17,Sassuolo,Muharemovic,d,7.0,10.0,7,10
17,Sassuolo,Matic,c,6.5,6.5,"6,5","6,5"
17,Sassuolo,Volpato,c,6.0,6.0,6,6
17,Sassuolo,Thorstvedt,c,5.5,5.5,"5,5","5,5"
17,Sassuolo,Konè I.,c,6.0,6.0,6,6
17,Sassuolo,Fadera,c,5.0,4.5,5,"4,5"
17,Sassuolo,Pinamonti,a,5.5,5.5,"5,5","5,5"
17,Sassuolo,Laurientè,a,6.0,6.5,6,"6,5"
17,Sassuolo,Cheddira,a,55.0,55.0,55,55
17,Sassuolo,Grosso,all,6.5,6.5,"6,5","6,5"
17,Torino,Paleari,p,6.0,4.0,6,4
17,Torino,Lazaro,d,5.5,5.5,"5,5","5,5"
17,Torino,Maripan,d,5.5,5.5,"5,5","5,5"
17,Torino,Ismajli,d,5.0,5.0,5,5
17,Torino,Nkounkou,d,5.5,5.0,"5,5",5
17,Torino,Pedersen,d,5.5,5.5,"5,5","5,5"
17,Torino,Tameze,c,5.5,5.5,"5,5","5,5"
17,Torino,Vlasic,c,7.0,9.5,7,"9,5"
17,Torino,Asllani,c,5.5,5.5,"5,5","5,5"
17,Torino,Ilkhan,c,55.0,55.0,55,55
17,Torino,Gineitis,c,6.0,6.0,6,6
17,Torino,Zapata D.,a,5.5,5.5,"5,5","5,5"
17,Torino,Simeone,a,5.5,5.5,"5,5","5,5"
17,Torino,Ngonge,a,6.0,6.0,6,6
17,Torino,Adams C.,a,6.5,7.5,"6,5","7,5"
17,Torino,Aboukhlal,a,55.0,55.0,55,55
17,Torino,Baroni,all,5.0,5.0,5,5
17,Udinese,Padelli,p,6.5,5.5,"6,5","5,5"
17,Udinese,Kabasele,d,6.0,5.5,6,"5,5"
17,Udinese,Zanoli,d,6.0,6.0,6,6
17,Udinese,Kamara H.,d,6.0,6.0,6,6
17,Udinese,Bertola,d,5.5,5.5,"5,5","5,5"
17,Udinese,Kristensen T.,d,5.5,5.5,"5,5","5,5"
17,Udinese,Palma,d,55.0,55.0,55,55
17,Udinese,Solet,d,5.5,3.5,"5,5","3,5"
17,Udinese,Zaniolo,c,6.5,6.0,"6,5",6
17,Udinese,Karlstrom,c,6.0,5.5,6,"5,5"
17,Udinese,Ekkelenkamp,c,6.0,6.0,6,6
17,Udinese,Piotrowski,c,6.0,6.0,6,6
17,Udinese,Miller L.,c,55.0,55.0,55,55
17,Udinese,Davis K.,a,7.0,10.0,7,10
17,Udinese,Buksa,a,55.0,55.0,55,55
17,Udinese,Runjaic,all,6.0,6.0,6,6
17,Verona,Montipò,p,6.0,3.0,6,3
17,Verona,Bradaric,d,5.5,5.5,"5,5","5,5"
17,Verona,Unai Nunez,d,5.5,5.5,"5,5","5,5"
17,Verona,Valentini N.,d,5.5,5.5,"5,5","5,5"
17,Verona,Oyegoke,d,5.0,5.0,5,5
17,Verona,Nelsson,d,4.5,4.5,"4,5","4,5"
17,Verona,Bella-Kotchap,d,5.0,5.0,5,5
17,Verona,Niasse,c,6.0,6.0,6,6
17,Verona,Harroui,c,55.0,55.0,55,55
17,Verona,Serdar,c,6.0,6.0,6,6
17,Verona,Al-Musrati,c,5.0,4.5,5,"4,5"
17,Verona,Bernede,c,5.5,5.5,"5,5","5,5"
17,Verona,Sarr A.,a,5.5,5.5,"5,5","5,5"
17,Verona,Orban G.,a,5.5,5.5,"5,5","5,5"
17,Verona,Mosquera,a,5.5,5.5,"5,5","5,5"
17,Verona,Giovane,a,6.0,6.0,6,6
17,Verona,Zanetti,all,5.0,5.0,5,5
18,Atalanta,Carnesecchi,p,6.5,6.5,"6,5","6,5"
18,Atalanta,Zappacosta,d,6.0,6.0,6,6
18,Atalanta,Djimsiti,d,7.0,7.0,7,7
18,Atalanta,Kolasinac,d,6.0,6.0,6,6
18,Atalanta,Scalvini,d,7.0,10.0,7,10
18,Atalanta,Hien,d,6.0,6.0,6,6
18,Atalanta,Ahanor,d,6.5,6.5,"6,5","6,5"
18,Atalanta,Bernasconi,d,6.5,6.5,"6,5","6,5"
18,Atalanta,De Roon,c,6.5,6.0,"6,5",6
18,Atalanta,Maldini,c,6.0,6.0,6,6
18,Atalanta,Musah,c,6.0,6.0,6,6
18,Atalanta,Zalewski,c,6.0,7.0,6,7
18,Atalanta,Ederson D.S.,c,6.0,6.0,6,6
18,Atalanta,Scamacca,a,6.0,6.0,6,6
18,Atalanta,De Ketelaere,a,6.0,6.0,6,6
18,Atalanta,Krstovic,a,6.0,6.0,6,6
18,Atalanta,Palladino,all,6.5,6.0,"6,5",6
18,Bologna,Ravaglia F.,p,7.0,4.0,7,4
18,Bologna,Lykogiannis,d,6.0,6.5,6,"6,5"
18,Bologna,Zortea,d,5.5,5.5,"5,5","5,5"
18,Bologna,Holm,d,5.5,5.5,"5,5","5,5"
18,Bologna,Lucumì,d,5.0,5.0,5,5
18,Bologna,Vitik,d,5.5,5.0,"5,5",5
18,Bologna,Heggem,d,5.5,5.5,"5,5","5,5"
18,Bologna,Freuler,c,55.0,55.0,55,55
18,Bologna,Orsolini,c,6.0,6.0,6,6
18,Bologna,Odgaard,c,5.5,5.5,"5,5","5,5"
18,Bologna,Pobega,c,5.0,5.0,5,5
18,Bologna,Ferguson,c,5.5,5.5,"5,5","5,5"
18,Bologna,Moro N.,c,6.0,6.0,6,6
18,Bologna,Rowe,c,5.0,4.5,5,"4,5"
18,Bologna,Cambiaghi,a,5.0,5.0,5,5
18,Bologna,Castro S.,a,6.5,9.5,"6,5","9,5"
18,Bologna,Italiano,all,5.0,5.0,5,5
18,Cagliari,Caprile,p,6.0,5.0,6,5
18,Cagliari,Luperto,d,5.5,5.5,"5,5","5,5"
18,Cagliari,Zappa,d,5.5,5.5,"5,5","5,5"
18,Cagliari,Obert,d,6.0,6.0,6,6
18,Cagliari,Palestra,d,6.0,5.5,6,"5,5"
18,Cagliari,Idrissi R.,d,6.0,5.5,6,"5,5"
18,Cagliari,Rodriguez Ju.,d,6.0,6.0,6,6
18,Cagliari,Mazzitelli,c,5.5,5.5,"5,5","5,5"
18,Cagliari,Gaetano,c,6.0,6.0,6,6
18,Cagliari,Adopo,c,5.5,5.5,"5,5","5,5"
18,Cagliari,Prati,c,5.5,5.5,"5,5","5,5"
18,Cagliari,Cavuoti,c,55.0,55.0,55,55
18,Cagliari,Pavoletti,a,55.0,55.0,55,55
18,Cagliari,Esposito Se.,a,6.0,6.0,6,6
18,Cagliari,Borrelli,a,5.5,5.5,"5,5","5,5"
18,Cagliari,Kilicsoy,a,5.5,5.5,"5,5","5,5"
18,Cagliari,Pisacane,all,6.0,6.0,6,6
18,Como,Butez,p,6.0,6.0,6,6
18,Como,Vojvoda,d,6.0,6.0,6,6
18,Como,Moreno Alb.,d,6.0,6.0,6,6
18,Como,Posch,d,55.0,55.0,55,55
18,Como,Valle,d,55.0,55.0,55,55
18,Como,Ramon,d,6.5,6.5,"6,5","6,5"
18,Como,Kempf,d,6.0,6.0,6,6
18,Como,Van Der Brempt,d,6.0,6.0,6,6
18,Como,Smolcic I.,d,55.0,55.0,55,55
18,Como,Caqueret,c,6.0,6.0,6,6
18,Como,Da Cunha,c,7.0,10.0,7,10
18,Como,Perrone,c,6.5,6.5,"6,5","6,5"
18,Como,Paz N.,c,6.0,6.0,6,6
18,Como,Douvikas,a,6.0,6.0,6,6
18,Como,Kuhn,a,55.0,55.0,55,55
18,Como,Rodriguez Je.,a,6.5,6.0,"6,5",6
18,Como,Fabregas,all,6.5,6.5,"6,5","6,5"
18,Cremonese,Audero,p,6.5,5.5,"6,5","5,5"
18,Cremonese,Pezzella Giu.,d,5.5,5.5,"5,5","5,5"
18,Cremonese,Terracciano F.,d,6.5,6.5,"6,5","6,5"
18,Cremonese,Baschirotto,d,6.0,6.0,6,6
18,Cremonese,Barbieri,d,6.0,6.0,6,6
18,Cremonese,Folino,d,5.5,5.5,"5,5","5,5"
18,Cremonese,Grassi,c,6.0,6.0,6,6
18,Cremonese,Vazquez,c,6.0,6.0,6,6
18,Cremonese,Bondo,c,5.5,5.0,"5,5",5
18,Cremonese,Zerbin,c,6.0,6.0,6,6
18,Cremonese,Payero,c,6.0,5.5,6,"5,5"
18,Cremonese,Vandeputte,c,5.5,5.5,"5,5","5,5"
18,Cremonese,Sanabria,a,6.0,6.0,6,6
18,Cremonese,Bonazzoli,a,5.5,5.5,"5,5","5,5"
18,Cremonese,Vardy,a,5.5,5.5,"5,5","5,5"
18,Cremonese,Moumbagna,a,5.5,5.5,"5,5","5,5"
18,Cremonese,Nicola,all,5.5,5.5,"5,5","5,5"
18,Fiorentina,De Gea,p,6.5,6.5,"6,5","6,5"
18,Fiorentina,Gosens,d,6.0,6.0,6,6
18,Fiorentina,Ranieri L.,d,5.5,5.5,"5,5","5,5"
18,Fiorentina,Parisi,d,6.0,6.0,6,6
18,Fiorentina,Pongracic,d,6.0,6.0,6,6
18,Fiorentina,Dodò,d,6.0,5.5,6,"5,5"
18,Fiorentina,Comuzzo,d,6.5,6.5,"6,5","6,5"
18,Fiorentina,Fortini,d,6.0,6.0,6,6
18,Fiorentina,Mandragora,c,6.0,6.0,6,6
18,Fiorentina,Nicolussi Caviglia,c,55.0,55.0,55,55
18,Fiorentina,Fagioli,c,6.5,6.5,"6,5","6,5"
18,Fiorentina,Gudmundsson A.,c,6.0,6.0,6,6
18,Fiorentina,Ndour,c,5.5,5.5,"5,5","5,5"
18,Fiorentina,Kean,a,7.0,10.0,7,10
18,Fiorentina,Piccoli,a,5.5,5.5,"5,5","5,5"
18,Fiorentina,Solomon,a,6.0,6.0,6,6
18,Fiorentina,Vanoli,all,6.5,6.5,"6,5","6,5"
18,Genoa,Leali,p,5.0,4.0,5,4
18,Genoa,Martin,d,6.0,6.0,6,6
18,Genoa,Vasquez,d,5.5,5.5,"5,5","5,5"
18,Genoa,Ostigard,d,6.5,6.5,"6,5","6,5"
18,Genoa,Marcandalli,d,55.0,55.0,55,55
18,Genoa,Norton-Cuffy,d,6.0,6.0,6,6
18,Genoa,Otoa,d,6.0,6.0,6,6
18,Genoa,Thorsby,c,6.5,6.5,"6,5","6,5"
18,Genoa,Malinovskyi,c,6.0,5.5,6,"5,5"
18,Genoa,Frendrup,c,6.0,6.0,6,6
18,Genoa,Ellertsson,c,6.0,6.0,6,6
18,Genoa,Colombo,a,7.0,10.0,7,10
18,Genoa,Ekuban,a,6.0,6.0,6,6
18,Genoa,Vitinha O.,a,6.0,6.0,6,6
18,Genoa,Ekhator,a,5.5,5.5,"5,5","5,5"
18,Genoa,De Rossi,all,6.0,6.0,6,6
18,Inter,Sommer,p,6.0,5.0,6,5
18,Inter,Dimarco,d,6.5,7.5,"6,5","7,5"
18,Inter,Bastoni,d,6.0,5.5,6,"5,5"
18,Inter,Akanji,d,6.5,6.5,"6,5","6,5"
18,Inter,Carlos Augusto,d,6.0,6.0,6,6
18,Inter,Bisseck,d,6.0,6.0,6,6
18,Inter,Zielinski,c,7.0,10.0,7,10
18,Inter,Barella,c,6.0,5.5,6,"5,5"
18,Inter,Calhanoglu,c,6.5,7.0,"6,5",7
18,Inter,Mkhitaryan,c,6.0,6.0,6,6
18,Inter,Luis Henrique,c,6.0,6.0,6,6
18,Inter,Sucic P.,c,6.0,6.0,6,6
18,Inter,Martinez L.,a,7.0,11.0,7,11
18,Inter,Thuram,a,7.0,10.0,7,10
18,Inter,Esposito F.P.,a,6.0,6.0,6,6
18,Inter,Lavelli,a,55.0,55.0,55,55
18,Inter,Chivu,all,7.0,7.0,7,7
18,Juventus,Di Gregorio,p,6.0,5.0,6,5
18,Juventus,Bremer,d,5.5,5.5,"5,5","5,5"
18,Juventus,Kalulu,d,5.5,5.5,"5,5","5,5"
18,Juventus,Cambiaso,d,5.0,5.0,5,5
18,Juventus,Kelly L.,d,6.0,6.0,6,6
18,Juventus,Locatelli,c,6.5,6.5,"6,5","6,5"
18,Juventus,Kostic,c,6.0,6.0,6,6
18,Juventus,McKennie,c,7.0,10.0,7,10
18,Juventus,Thuram K.,c,6.0,6.0,6,6
18,Juventus,Koopmeiners,c,5.5,5.5,"5,5","5,5"
18,Juventus,Zhegrova,c,6.0,6.0,6,6
18,Juventus,Adzic,c,55.0,55.0,55,55
18,Juventus,Conceicao,c,5.5,5.5,"5,5","5,5"
18,Juventus,David,a,4.5,1.5,"4,5","1,5"
18,Juventus,Openda,a,5.0,5.0,5,5
18,Juventus,Yildiz,a,7.0,7.0,7,7
18,Juventus,Spalletti,all,5.5,5.5,"5,5","5,5"
18,Lazio,Provedel,p,6.0,4.0,6,4
18,Lazio,Romagnoli,d,6.0,6.0,6,6
18,Lazio,Marusic,d,4.0,3.0,4,3
18,Lazio,Lazzari,d,5.5,5.5,"5,5","5,5"
18,Lazio,Pellegrini Lu.,d,5.0,5.0,5,5
18,Lazio,Gila,d,5.5,5.5,"5,5","5,5"
18,Lazio,Cataldi,c,5.0,4.5,5,"4,5"
18,Lazio,Zaccagni,c,5.5,5.0,"5,5",5
18,Lazio,Guendouzi,c,6.0,6.0,6,6
18,Lazio,Basic,c,5.5,5.5,"5,5","5,5"
18,Lazio,Belahyane,c,6.0,6.0,6,6
18,Lazio,Isaksen,c,5.5,5.5,"5,5","5,5"
18,Lazio,Pedro,a,55.0,55.0,55,55
18,Lazio,Cancellieri,a,5.5,5.5,"5,5","5,5"
18,Lazio,Noslin,a,4.5,3.5,"4,5","3,5"
18,Lazio,Sarri,all,5.5,5.5,"5,5","5,5"
18,Lecce,Falcone,p,8.0,9.5,8,"9,5"
18,Lecce,Gallo,d,6.0,6.0,6,6
18,Lecce,Gaspar K.,d,7.0,7.0,7,7
18,Lecce,Tiago Gabriel,d,5.5,5.5,"5,5","5,5"
18,Lecce,Veiga D.,d,5.5,5.0,"5,5",5
18,Lecce,Perez M.,d,5.0,5.0,5,5
18,Lecce,Ndaba,d,6.0,6.0,6,6
18,Lecce,Maleh,c,5.5,5.0,"5,5",5
18,Lecce,Helgason,c,55.0,55.0,55,55
18,Lecce,Ramadani,c,5.5,5.5,"5,5","5,5"
18,Lecce,Kaba,c,5.0,5.0,5,5
18,Lecce,Pierotti,c,5.5,5.5,"5,5","5,5"
18,Lecce,Banda,a,7.0,10.0,7,10
18,Lecce,Camarda,a,5.0,5.0,5,5
18,Lecce,Stulic,a,6.0,6.0,6,6
18,Lecce,Di Francesco,all,6.0,6.0,6,6
18,Milan,Maignan,p,6.0,6.0,6,6
18,Milan,Gabbia,d,55.0,55.0,55,55
18,Milan,Tomori,d,6.0,6.0,6,6
18,Milan,Estupinan,d,5.5,5.5,"5,5","5,5"
18,Milan,De Winter,d,6.5,6.5,"6,5","6,5"
18,Milan,Bartesaghi,d,6.5,6.5,"6,5","6,5"
18,Milan,Rabiot,c,6.5,7.5,"6,5","7,5"
18,Milan,Pulisic,c,55.0,55.0,55,55
18,Milan,Modric,c,7.0,7.0,7,7
18,Milan,Loftus-Cheek,c,6.0,6.0,6,6
18,Milan,Fofana Y.,c,6.0,6.0,6,6
18,Milan,Saelemaekers,c,6.0,5.5,6,"5,5"
18,Milan,Ricci S.,c,6.0,6.0,6,6
18,Milan,Fullkrug,a,6.0,6.0,6,6
18,Milan,Leao,a,7.0,10.0,7,10
18,Milan,Allegri,all,6.5,6.5,"6,5","6,5"
18,Napoli,Milinkovic-Savic V.,p,6.0,6.0,6,6
18,Napoli,Juan Jesus,d,6.5,6.5,"6,5","6,5"
18,Napoli,Spinazzola,d,7.0,10.0,7,10
18,Napoli,Buongiorno,d,55.0,55.0,55,55
18,Napoli,Di Lorenzo,d,6.5,6.5,"6,5","6,5"
18,Napoli,Rrahmani,d,7.5,10.0,"7,5",10
18,Napoli,Gutierrez,d,55.0,55.0,55,55
18,Napoli,Mazzocchi,d,5.0,4.0,5,4
18,Napoli,Politano,c,7.5,9.5,"7,5","9,5"
18,Napoli,Lobotka,c,7.0,7.0,7,7
18,Napoli,Elmas,c,5.5,5.5,"5,5","5,5"
18,Napoli,McTominay,c,6.5,6.5,"6,5","6,5"
18,Napoli,Neres,c,6.5,6.5,"6,5","6,5"
18,Napoli,Hojlund,a,6.0,6.0,6,6
18,Napoli,Lang,a,55.0,55.0,55,55
18,Napoli,Ambrosino,a,55.0,55.0,55,55
18,Napoli,Conte,all,7.0,7.0,7,7
18,Parma,Corvi,p,5.5,4.5,"5,5","4,5"
18,Parma,Valenti,d,5.0,5.0,5,5
18,Parma,Valeri,d,6.0,6.0,6,6
18,Parma,Circati,d,6.0,5.5,6,"5,5"
18,Parma,Delprato,d,6.0,6.0,6,6
18,Parma,Britschgi,d,6.0,6.0,6,6
18,Parma,Estevez,c,6.0,6.0,6,6
18,Parma,Oristanio,c,6.0,6.0,6,6
18,Parma,Bernabè,c,6.5,6.5,"6,5","6,5"
18,Parma,Keita M.,c,7.0,7.0,7,7
18,Parma,Ondrejka,c,6.0,6.0,6,6
18,Parma,Sorensen O.,c,5.5,5.5,"5,5","5,5"
18,Parma,Almqvist,a,6.0,6.0,6,6
18,Parma,Pellegrino M.,a,7.0,10.0,7,10
18,Parma,Cuesta,all,6.0,6.0,6,6
18,Pisa,Semper,p,6.5,5.5,"6,5","5,5"
18,Pisa,Albiol,d,5.5,5.5,"5,5","5,5"
18,Pisa,Caracciolo A.,d,6.0,6.0,6,6
18,Pisa,Calabresi,d,5.5,5.0,"5,5",5
18,Pisa,Bonfanti,d,5.5,5.5,"5,5","5,5"
18,Pisa,Canestrelli,d,6.0,5.5,6,"5,5"
18,Pisa,Angori,d,6.5,6.5,"6,5","6,5"
18,Pisa,Leris,c,7.0,9.5,7,"9,5"
18,Pisa,Aebischer,c,6.0,6.0,6,6
18,Pisa,Piccinini G.,c,5.5,5.5,"5,5","5,5"
18,Pisa,Tourè I.,c,6.0,6.0,6,6
18,Pisa,Hojholt,c,5.5,5.5,"5,5","5,5"
18,Pisa,Marin M.,c,6.0,6.0,6,6
18,Pisa,Nzola,a,6.0,6.0,6,6
18,Pisa,Moreo,a,5.5,5.5,"5,5","5,5"
18,Pisa,Meister,a,5.5,5.5,"5,5","5,5"
18,Pisa,Gilardino,all,6.0,6.0,6,6
18,Roma,Svilar,p,5.0,4.0,5,4
18,Roma,Mancini,d,6.0,5.5,6,"5,5"
18,Roma,Celik,d,5.5,5.5,"5,5","5,5"
18,Roma,Hermoso,d,5.5,5.0,"5,5",5
18,Roma,Tsimikas,d,6.0,6.0,6,6
18,Roma,Rensch,d,5.5,5.5,"5,5","5,5"
18,Roma,Wesley,d,6.0,6.0,6,6
18,Roma,Ziolkowski,d,5.5,5.5,"5,5","5,5"
18,Roma,Cristante,c,5.5,5.5,"5,5","5,5"
18,Roma,El Shaarawy,c,5.5,5.5,"5,5","5,5"
18,Roma,Konè M.,c,5.5,5.5,"5,5","5,5"
18,Roma,Pisilli,c,55.0,55.0,55,55
18,Roma,Dybala,a,5.0,5.0,5,5
18,Roma,Soulè,a,5.5,5.5,"5,5","5,5"
18,Roma,Ferguson E.,a,5.0,5.0,5,5
18,Roma,Dovbyk,a,5.5,5.5,"5,5","5,5"
18,Roma,Gasperini,all,5.5,5.5,"5,5","5,5"
18,Sassuolo,Muric,p,6.0,5.0,6,5
18,Sassuolo,Walukiewicz,d,6.5,7.0,"6,5",7
18,Sassuolo,Doig,d,6.5,6.5,"6,5","6,5"
18,Sassuolo,Idzes,d,5.5,5.5,"5,5","5,5"
18,Sassuolo,Candè,d,55.0,55.0,55,55
18,Sassuolo,Muharemovic,d,6.0,6.0,6,6
18,Sassuolo,Matic,c,5.5,5.0,"5,5",5
18,Sassuolo,Thorstvedt,c,7.0,10.0,7,10
18,Sassuolo,Lipani,c,6.0,6.0,6,6
18,Sassuolo,Konè I.,c,6.0,6.0,6,6
18,Sassuolo,Fadera,c,5.5,5.5,"5,5","5,5"
18,Sassuolo,Pierini,a,55.0,55.0,55,55
18,Sassuolo,Pinamonti,a,5.0,5.0,5,5
18,Sassuolo,Laurientè,a,6.0,6.0,6,6
18,Sassuolo,Cheddira,a,6.0,6.0,6,6
18,Sassuolo,Moro L.,a,55.0,55.0,55,55
18,Sassuolo,Grosso,all,6.0,6.0,6,6
18,Torino,Paleari,p,6.0,5.5,6,"5,5"
18,Torino,Lazaro,d,6.5,6.5,"6,5","6,5"
18,Torino,Maripan,d,7.5,7.5,"7,5","7,5"
18,Torino,Ismajli,d,7.0,8.0,7,8
18,Torino,Coco,d,7.0,7.0,7,7
18,Torino,Dembelè A.,d,55.0,55.0,55,55
18,Torino,Tameze,c,6.5,6.5,"6,5","6,5"
18,Torino,Vlasic,c,6.5,6.5,"6,5","6,5"
18,Torino,Casadei,c,7.0,10.0,7,10
18,Torino,Ilkhan,c,6.0,6.0,6,6
18,Torino,Gineitis,c,6.0,6.0,6,6
18,Torino,Zapata D.,a,6.0,6.0,6,6
18,Torino,Simeone,a,7.0,10.0,7,10
18,Torino,Adams C.,a,6.0,6.0,6,6
18,Torino,Njie,a,7.0,11.0,7,11
18,Torino,Aboukhlal,a,6.0,5.5,6,"5,5"
18,Torino,Baroni,all,7.0,7.0,7,7
18,Udinese,Padelli,p,6.0,5.0,6,5
18,Udinese,Kabasele,d,5.5,5.0,"5,5",5
18,Udinese,Zanoli,d,6.0,6.0,6,6
18,Udinese,Kamara H.,d,5.5,5.0,"5,5",5
18,Udinese,Bertola,d,5.0,5.0,5,5
18,Udinese,Ehizibue,d,6.0,5.5,6,"5,5"
18,Udinese,Kristensen T.,d,6.5,6.5,"6,5","6,5"
18,Udinese,Solet,d,6.0,6.0,6,6
18,Udinese,Zaniolo,c,6.0,6.0,6,6
18,Udinese,Karlstrom,c,6.0,6.0,6,6
18,Udinese,Ekkelenkamp,c,5.5,5.5,"5,5","5,5"
18,Udinese,Piotrowski,c,5.0,5.0,5,5
18,Udinese,Miller L.,c,6.0,6.0,6,6
18,Udinese,Davis K.,a,5.5,5.5,"5,5","5,5"
18,Udinese,Bravo,a,55.0,55.0,55,55
18,Udinese,Gueye,a,55.0,55.0,55,55
18,Udinese,Runjaic,all,5.5,5.5,"5,5","5,5"
18,Verona,Montipò,p,6.0,3.0,6,3
18,Verona,Frese,d,5.0,5.0,5,5
18,Verona,Unai Nunez,d,5.0,5.0,5,5
18,Verona,Oyegoke,d,5.0,5.0,5,5
18,Verona,Nelsson,d,5.0,5.0,5,5
18,Verona,Bella-Kotchap,d,5.5,5.5,"5,5","5,5"
18,Verona,Gagliardini,c,5.5,5.5,"5,5","5,5"
18,Verona,Kastanos,c,6.0,6.0,6,6
18,Verona,Harroui,c,5.5,5.5,"5,5","5,5"
18,Verona,Serdar,c,6.0,6.0,6,6
18,Verona,Al-Musrati,c,6.5,6.5,"6,5","6,5"
18,Verona,Bernede,c,5.0,5.0,5,5
18,Verona,Sarr A.,a,5.5,5.5,"5,5","5,5"
18,Verona,Orban G.,a,6.0,6.0,6,6
18,Verona,Mosquera,a,5.0,5.0,5,5
18,Verona,Giovane,a,6.0,6.0,6,6
18,Verona,Zanetti,all,5.0,5.0,5,5
19,Atalanta,Carnesecchi,p,6.5,6.5,"6,5","6,5"
19,Atalanta,Zappacosta,d,6.0,6.0,6,6
19,Atalanta,Djimsiti,d,7.0,7.0,7,7
19,Atalanta,Scalvini,d,6.5,6.5,"6,5","6,5"
19,Atalanta,Hien,d,6.0,6.0,6,6
19,Atalanta,Ahanor,d,6.5,6.5,"6,5","6,5"
19,Atalanta,Bernasconi,d,6.5,6.5,"6,5","6,5"
19,Atalanta,De Roon,c,6.5,7.5,"6,5","7,5"
19,Atalanta,Brescianini,c,55.0,55.0,55,55
19,Atalanta,Samardzic,c,55.0,55.0,55,55
19,Atalanta,Musah,c,6.0,6.0,6,6
19,Atalanta,Zalewski,c,6.5,6.5,"6,5","6,5"
19,Atalanta,Ederson D.S.,c,6.5,6.5,"6,5","6,5"
19,Atalanta,Sulemana K.,a,55.0,55.0,55,55
19,Atalanta,De Ketelaere,a,7.5,8.5,"7,5","8,5"
19,Atalanta,Krstovic,a,7.5,13.5,"7,5","13,5"
19,Atalanta,Palladino,all,7.5,7.0,"7,5",7
19,Bologna,Ravaglia F.,p,6.0,4.0,6,4
19,Bologna,Zortea,d,5.5,5.5,"5,5","5,5"
19,Bologna,Miranda J.,d,6.0,6.0,6,6
19,Bologna,Vitik,d,5.0,5.0,5,5
19,Bologna,Heggem,d,5.0,5.0,5,5
19,Bologna,Freuler,c,5.5,5.5,"5,5","5,5"
19,Bologna,Orsolini,c,5.0,5.0,5,5
19,Bologna,Ferguson,c,5.5,5.5,"5,5","5,5"
19,Bologna,Moro N.,c,6.0,6.0,6,6
19,Bologna,Fabbian,c,5.5,5.5,"5,5","5,5"
19,Bologna,Rowe,c,6.0,6.0,6,6
19,Bologna,Immobile,a,5.5,5.5,"5,5","5,5"
19,Bologna,Cambiaghi,a,6.0,6.0,6,6
19,Bologna,Castro S.,a,5.5,5.5,"5,5","5,5"
19,Bologna,Dallinga,a,4.5,4.5,"4,5","4,5"
19,Bologna,Dominguez B.,a,55.0,55.0,55,55
19,Bologna,Italiano,all,5.0,5.0,5,5
19,Cagliari,Caprile,p,5.5,3.5,"5,5","3,5"
19,Cagliari,Luperto,d,5.0,4.5,5,"4,5"
19,Cagliari,Mina,d,4.5,4.5,"4,5","4,5"
19,Cagliari,Zappa,d,5.5,5.5,"5,5","5,5"
19,Cagliari,Obert,d,6.0,6.0,6,6
19,Cagliari,Palestra,d,6.5,6.5,"6,5","6,5"
19,Cagliari,Rodriguez Ju.,d,4.5,4.5,"4,5","4,5"
19,Cagliari,Mazzitelli,c,6.5,7.5,"6,5","7,5"
19,Cagliari,Gaetano,c,5.5,5.5,"5,5","5,5"
19,Cagliari,Adopo,c,6.5,9.5,"6,5","9,5"
19,Cagliari,Prati,c,5.5,5.5,"5,5","5,5"
19,Cagliari,Esposito Se.,a,6.0,6.0,6,6
19,Cagliari,Luvumbo,a,6.0,6.0,6,6
19,Cagliari,Borrelli,a,6.5,7.0,"6,5",7
19,Cagliari,Kilicsoy,a,6.5,6.5,"6,5","6,5"
19,Cagliari,Trepy,a,7.5,10.5,"7,5","10,5"
19,Cagliari,Pisacane,all,6.0,6.0,6,6
19,Como,Butez,p,7.0,10.0,7,10
19,Como,Vojvoda,d,6.5,6.5,"6,5","6,5"
19,Como,Posch,d,55.0,55.0,55,55
19,Como,Valle,d,6.0,6.0,6,6
19,Como,Ramon,d,6.5,6.0,"6,5",6
19,Como,Kempf,d,6.0,6.0,6,6
19,Como,Smolcic I.,d,6.5,6.5,"6,5","6,5"
19,Como,Sergi Roberto,c,55.0,55.0,55,55
19,Como,Caqueret,c,6.0,7.0,6,7
19,Como,Da Cunha,c,5.5,5.0,"5,5",5
19,Como,Perrone,c,7.0,10.0,7,10
19,Como,Paz N.,c,6.0,6.0,6,6
19,Como,Baturina,c,55.0,55.0,55,55
19,Como,Douvikas,a,7.5,13.5,"7,5","13,5"
19,Como,Kuhn,a,6.0,6.0,6,6
19,Como,Rodriguez Je.,a,6.5,7.5,"6,5","7,5"
19,Como,Fabregas,all,6.5,6.5,"6,5","6,5"
19,Cremonese,Audero,p,7.0,5.0,7,5
19,Cremonese,Bianchetti,d,5.5,5.5,"5,5","5,5"
19,Cremonese,Pezzella Giu.,d,6.0,6.0,6,6
19,Cremonese,Terracciano F.,d,6.0,6.0,6,6
19,Cremonese,Baschirotto,d,5.5,5.5,"5,5","5,5"
19,Cremonese,Barbieri,d,5.5,5.5,"5,5","5,5"
19,Cremonese,Floriani Mussolini,d,5.0,5.0,5,5
19,Cremonese,Grassi,c,55.0,55.0,55,55
19,Cremonese,Bondo,c,6.0,5.5,6,"5,5"
19,Cremonese,Zerbin,c,6.0,6.0,6,6
19,Cremonese,Payero,c,5.5,5.5,"5,5","5,5"
19,Cremonese,Vandeputte,c,5.5,5.5,"5,5","5,5"
19,Cremonese,Sanabria,a,55.0,55.0,55,55
19,Cremonese,Bonazzoli,a,7.0,7.5,7,"7,5"
19,Cremonese,Vardy,a,7.5,10.5,"7,5","10,5"
19,Cremonese,Johnsen,a,7.0,10.0,7,10
19,Cremonese,Nicola,all,6.0,6.0,6,6
19,Fiorentina,De Gea,p,7.0,5.0,7,5
19,Fiorentina,Gosens,d,7.0,9.5,7,"9,5"
19,Fiorentina,Ranieri L.,d,6.0,6.0,6,6
19,Fiorentina,Marì,d,55.0,55.0,55,55
19,Fiorentina,Parisi,d,6.5,6.0,"6,5",6
19,Fiorentina,Pongracic,d,5.0,4.5,5,"4,5"
19,Fiorentina,Dodò,d,6.0,6.0,6,6
19,Fiorentina,Comuzzo,d,4.0,4.0,4,4
19,Fiorentina,Mandragora,c,6.5,6.5,"6,5","6,5"
19,Fiorentina,Nicolussi Caviglia,c,55.0,55.0,55,55
19,Fiorentina,Fagioli,c,7.5,8.0,"7,5",8
19,Fiorentina,Gudmundsson A.,c,7.0,10.0,7,10
19,Fiorentina,Ndour,c,5.5,5.5,"5,5","5,5"
19,Fiorentina,Kean,a,5.5,5.5,"5,5","5,5"
19,Fiorentina,Piccoli,a,6.0,6.0,6,6
19,Fiorentina,Solomon,a,6.0,6.0,6,6
19,Fiorentina,Vanoli,all,6.0,6.0,6,6
19,Genoa,Leali,p,7.0,5.5,7,"5,5"
19,Genoa,Martin,d,6.0,6.0,6,6
19,Genoa,Vasquez,d,6.5,6.5,"6,5","6,5"
19,Genoa,Ostigard,d,6.5,6.5,"6,5","6,5"
19,Genoa,Marcandalli,d,6.5,6.5,"6,5","6,5"
19,Genoa,Norton-Cuffy,d,6.0,6.0,6,6
19,Genoa,Otoa,d,55.0,55.0,55,55
19,Genoa,Thorsby,c,6.0,6.0,6,6
19,Genoa,Malinovskyi,c,6.5,7.5,"6,5","7,5"
19,Genoa,Frendrup,c,6.0,6.0,6,6
19,Genoa,Ellertsson,c,6.0,6.0,6,6
19,Genoa,Masini,c,6.0,6.0,6,6
19,Genoa,Stanciu,c,4.5,1.5,"4,5","1,5"
19,Genoa,Colombo,a,7.0,10.0,7,10
19,Genoa,Vitinha O.,a,6.5,6.5,"6,5","6,5"
19,Genoa,Ekhator,a,6.5,6.5,"6,5","6,5"
19,Genoa,De Rossi,all,6.5,6.5,"6,5","6,5"
19,Inter,Sommer,p,6.0,6.0,6,6
19,Inter,Dimarco,d,7.5,10.5,"7,5","10,5"
19,Inter,Acerbi,d,55.0,55.0,55,55
19,Inter,Akanji,d,7.0,7.0,7,7
19,Inter,Carlos Augusto,d,6.5,6.0,"6,5",6
19,Inter,Bisseck,d,7.0,7.0,7,7
19,Inter,Zielinski,c,6.0,6.0,6,6
19,Inter,Barella,c,6.5,7.5,"6,5","7,5"
19,Inter,Calhanoglu,c,6.5,6.0,"6,5",6
19,Inter,Mkhitaryan,c,6.0,6.0,6,6
19,Inter,Luis Henrique,c,6.0,6.0,6,6
19,Inter,Sucic P.,c,5.5,5.5,"5,5","5,5"
19,Inter,Martinez L.,a,5.5,5.5,"5,5","5,5"
19,Inter,Thuram,a,7.0,9.5,7,"9,5"
19,Inter,Bonny,a,55.0,55.0,55,55
19,Inter,Esposito F.P.,a,6.5,6.5,"6,5","6,5"
19,Inter,Chivu,all,7.0,7.0,7,7
19,Juventus,Di Gregorio,p,6.0,6.0,6,6
19,Juventus,Bremer,d,6.5,6.5,"6,5","6,5"
19,Juventus,Kalulu,d,6.5,6.5,"6,5","6,5"
19,Juventus,Cambiaso,d,6.5,6.5,"6,5","6,5"
19,Juventus,Cabal,d,55.0,55.0,55,55
19,Juventus,Joao Mario,d,55.0,55.0,55,55
19,Juventus,Locatelli,c,7.0,7.0,7,7
19,Juventus,McKennie,c,6.5,6.5,"6,5","6,5"
19,Juventus,Thuram K.,c,6.5,6.5,"6,5","6,5"
19,Juventus,Koopmeiners,c,6.0,6.0,6,6
19,Juventus,Zhegrova,c,55.0,55.0,55,55
19,Juventus,Miretti,c,7.0,10.0,7,10
19,Juventus,Adzic,c,55.0,55.0,55,55
19,Juventus,David,a,7.5,11.5,"7,5","11,5"
19,Juventus,Openda,a,55.0,55.0,55,55
19,Juventus,Yildiz,a,6.5,6.5,"6,5","6,5"
19,Juventus,Spalletti,all,7.0,7.0,7,7
19,Lazio,Provedel,p,6.0,4.0,6,4
19,Lazio,Hysaj,d,55.0,55.0,55,55
19,Lazio,Romagnoli,d,6.5,6.5,"6,5","6,5"
19,Lazio,Lazzari,d,5.5,5.5,"5,5","5,5"
19,Lazio,Pellegrini Lu.,d,6.0,5.5,6,"5,5"
19,Lazio,Gila,d,6.0,6.0,6,6
19,Lazio,Vecino,c,6.5,7.5,"6,5","7,5"
19,Lazio,Cataldi,c,7.0,10.0,7,10
19,Lazio,Zaccagni,c,6.0,5.5,6,"5,5"
19,Lazio,Guendouzi,c,5.5,5.5,"5,5","5,5"
19,Lazio,Basic,c,6.5,6.5,"6,5","6,5"
19,Lazio,Isaksen,c,5.5,5.5,"5,5","5,5"
19,Lazio,Pedro,a,7.0,10.0,7,10
19,Lazio,Cancellieri,a,6.0,5.5,6,"5,5"
19,Lazio,Sarri,all,6.0,6.0,6,6
19,Lecce,Falcone,p,6.0,4.0,6,4
19,Lecce,Gallo,d,5.5,5.5,"5,5","5,5"
19,Lecce,Gaspar K.,d,5.0,4.5,5,"4,5"
19,Lecce,Tiago Gabriel,d,5.5,5.5,"5,5","5,5"
19,Lecce,Veiga D.,d,5.5,5.5,"5,5","5,5"
19,Lecce,Sottil,c,5.5,5.5,"5,5","5,5"
19,Lecce,Maleh,c,5.5,5.0,"5,5",5
19,Lecce,Helgason,c,5.5,5.5,"5,5","5,5"
19,Lecce,Ramadani,c,5.5,5.5,"5,5","5,5"
19,Lecce,Kaba,c,5.5,5.5,"5,5","5,5"
19,Lecce,Pierotti,c,5.0,5.0,5,5
19,Lecce,Gorter,c,5.5,5.5,"5,5","5,5"
19,Lecce,Banda,a,5.5,5.0,"5,5",5
19,Lecce,Camarda,a,5.5,5.5,"5,5","5,5"
19,Lecce,N'Dri,a,6.0,6.0,6,6
19,Lecce,Stulic,a,5.5,5.5,"5,5","5,5"
19,Lecce,Di Francesco,all,5.5,5.5,"5,5","5,5"
19,Milan,Maignan,p,6.0,4.5,6,"4,5"
19,Milan,Gabbia,d,5.0,4.5,5,"4,5"
19,Milan,Tomori,d,6.0,5.5,6,"5,5"
19,Milan,Pavlovic,d,6.0,5.5,6,"5,5"
19,Milan,Bartesaghi,d,5.0,5.0,5,5
19,Milan,Athekame,d,6.0,6.0,6,6
19,Milan,Rabiot,c,6.5,6.5,"6,5","6,5"
19,Milan,Pulisic,c,6.0,6.0,6,6
19,Milan,Modric,c,6.0,6.0,6,6
19,Milan,Loftus-Cheek,c,6.0,6.0,6,6
19,Milan,Fofana Y.,c,5.0,5.0,5,5
19,Milan,Saelemaekers,c,6.0,6.0,6,6
19,Milan,Fullkrug,a,5.5,5.5,"5,5","5,5"
19,Milan,Leao,a,7.0,10.0,7,10
19,Milan,Allegri,all,5.5,5.5,"5,5","5,5"
19,Napoli,Milinkovic-Savic V.,p,6.0,4.0,6,4
19,Napoli,Spinazzola,d,6.0,6.0,6,6
19,Napoli,Buongiorno,d,5.0,5.0,5,5
19,Napoli,Di Lorenzo,d,6.5,9.5,"6,5","9,5"
19,Napoli,Rrahmani,d,6.0,6.0,6,6
19,Napoli,Gutierrez,d,5.5,5.5,"5,5","5,5"
19,Napoli,Marianucci,d,6.5,7.5,"6,5","7,5"
19,Napoli,Politano,c,5.5,5.5,"5,5","5,5"
19,Napoli,Lobotka,c,6.0,6.0,6,6
19,Napoli,Elmas,c,5.5,5.5,"5,5","5,5"
19,Napoli,McTominay,c,6.5,9.5,"6,5","9,5"
19,Napoli,Hojlund,a,5.5,5.5,"5,5","5,5"
19,Napoli,Lucca,a,5.5,5.5,"5,5","5,5"
19,Napoli,Lang,a,6.5,7.5,"6,5","7,5"
19,Napoli,Conte,all,5.5,5.5,"5,5","5,5"
19,Parma,Corvi,p,6.0,4.0,6,4
19,Parma,Valeri,d,6.0,6.0,6,6
19,Parma,Circati,d,5.0,5.0,5,5
19,Parma,Delprato,d,5.0,5.0,5,5
19,Parma,Britschgi,d,5.5,5.5,"5,5","5,5"
19,Parma,Estevez,c,5.5,5.5,"5,5","5,5"
19,Parma,Oristanio,c,5.0,5.0,5,5
19,Parma,Bernabè,c,5.5,5.5,"5,5","5,5"
19,Parma,Keita M.,c,6.0,6.0,6,6
19,Parma,Ondrejka,c,6.5,6.5,"6,5","6,5"
19,Parma,Ordonez C.,c,6.0,6.0,6,6
19,Parma,Sorensen O.,c,5.5,5.5,"5,5","5,5"
19,Parma,Cremaschi,c,55.0,55.0,55,55
19,Parma,Cutrone,a,5.5,5.5,"5,5","5,5"
19,Parma,Almqvist,a,5.5,5.5,"5,5","5,5"
19,Parma,Pellegrino M.,a,5.5,5.5,"5,5","5,5"
19,Parma,Cuesta,all,5.5,5.5,"5,5","5,5"
19,Pisa,Semper,p,6.0,3.0,6,3
19,Pisa,Caracciolo A.,d,5.5,5.5,"5,5","5,5"
19,Pisa,Canestrelli,d,5.5,5.5,"5,5","5,5"
19,Pisa,Coppola F.,d,4.5,4.0,"4,5",4
19,Pisa,Esteves T.,d,55.0,55.0,55,55
19,Pisa,Angori,d,6.0,6.0,6,6
19,Pisa,Leris,c,6.5,6.5,"6,5","6,5"
19,Pisa,Tramoni M.,c,6.5,6.5,"6,5","6,5"
19,Pisa,Aebischer,c,6.0,5.5,6,"5,5"
19,Pisa,Piccinini G.,c,5.5,5.5,"5,5","5,5"
19,Pisa,Tourè I.,c,5.5,5.5,"5,5","5,5"
19,Pisa,Hojholt,c,55.0,55.0,55,55
19,Pisa,Marin M.,c,6.0,6.0,6,6
19,Pisa,Lorran,c,55.0,55.0,55,55
19,Pisa,Nzola,a,4.5,1.5,"4,5","1,5"
19,Pisa,Moreo,a,5.5,5.5,"5,5","5,5"
19,Pisa,Gilardino,all,5.0,5.0,5,5
19,Roma,Svilar,p,6.0,6.0,6,6
19,Roma,Celik,d,6.5,6.5,"6,5","6,5"
19,Roma,Tsimikas,d,6.0,6.0,6,6
19,Roma,Ghilardi,d,6.5,6.5,"6,5","6,5"
19,Roma,Wesley,d,6.0,6.0,6,6
19,Roma,Ziolkowski,d,7.0,7.0,7,7
19,Roma,Cristante,c,6.5,6.0,"6,5",6
19,Roma,El Shaarawy,c,6.0,6.0,6,6
19,Roma,Konè M.,c,6.0,6.0,6,6
19,Roma,Pisilli,c,6.5,7.5,"6,5","7,5"
19,Roma,Romano,c,55.0,55.0,55,55
19,Roma,Dybala,a,6.5,7.5,"6,5","7,5"
19,Roma,Soulè,a,55.0,55.0,55,55
19,Roma,Ferguson E.,a,7.0,10.0,7,10
19,Roma,Dovbyk,a,7.0,10.0,7,10
19,Roma,Gasperini,all,7.0,7.0,7,7
19,Sassuolo,Muric,p,6.5,3.5,"6,5","3,5"
19,Sassuolo,Walukiewicz,d,5.5,5.5,"5,5","5,5"
19,Sassuolo,Doig,d,5.0,5.0,5,5
19,Sassuolo,Idzes,d,5.0,5.0,5,5
19,Sassuolo,Odenthal,d,55.0,55.0,55,55
19,Sassuolo,Muharemovic,d,4.5,2.5,"4,5","2,5"
19,Sassuolo,Matic,c,6.0,6.0,6,6
19,Sassuolo,Vranckx,c,55.0,55.0,55,55
19,Sassuolo,Thorstvedt,c,6.0,6.0,6,6
19,Sassuolo,Lipani,c,55.0,55.0,55,55
19,Sassuolo,Konè I.,c,5.0,5.0,5,5
19,Sassuolo,Fadera,c,5.5,5.5,"5,5","5,5"
19,Sassuolo,Iannoni,c,5.5,5.5,"5,5","5,5"
19,Sassuolo,Pierini,a,55.0,55.0,55,55
19,Sassuolo,Pinamonti,a,5.0,5.0,5,5
19,Sassuolo,Laurientè,a,5.0,5.0,5,5
19,Sassuolo,Grosso,all,5.0,5.0,5,5
19,Torino,Paleari,p,5.5,3.5,"5,5","3,5"
19,Torino,Lazaro,d,6.0,7.0,6,7
19,Torino,Maripan,d,5.0,5.0,5,5
19,Torino,Ismajli,d,5.5,5.5,"5,5","5,5"
19,Torino,Coco,d,6.5,6.0,"6,5",6
19,Torino,Tameze,c,55.0,55.0,55,55
19,Torino,Vlasic,c,5.0,5.0,5,5
19,Torino,Casadei,c,6.5,9.0,"6,5",9
19,Torino,Ilkhan,c,5.5,5.5,"5,5","5,5"
19,Torino,Anjorin,c,6.0,6.0,6,6
19,Torino,Zapata D.,a,6.0,6.0,6,6
19,Torino,Simeone,a,5.0,5.0,5,5
19,Torino,Ngonge,a,6.0,6.0,6,6
19,Torino,Adams C.,a,5.5,5.5,"5,5","5,5"
19,Torino,Njie,a,5.5,5.5,"5,5","5,5"
19,Torino,Aboukhlal,a,5.5,5.5,"5,5","5,5"
19,Torino,Baroni,all,5.0,5.0,5,5
19,Udinese,Okoye,p,6.5,5.5,"6,5","5,5"
19,Udinese,Kabasele,d,6.5,6.5,"6,5","6,5"
19,Udinese,Zanoli,d,7.0,8.0,7,8
19,Udinese,Kamara H.,d,6.0,6.0,6,6
19,Udinese,Bertola,d,55.0,55.0,55,55
19,Udinese,Ehizibue,d,5.5,5.5,"5,5","5,5"
19,Udinese,Kristensen T.,d,5.5,5.0,"5,5",5
19,Udinese,Solet,d,6.0,6.0,6,6
19,Udinese,Zaniolo,c,7.0,10.0,7,10
19,Udinese,Zarraga,c,55.0,55.0,55,55
19,Udinese,Karlstrom,c,5.5,5.5,"5,5","5,5"
19,Udinese,Ekkelenkamp,c,7.5,10.5,"7,5","10,5"
19,Udinese,Atta,c,6.5,6.5,"6,5","6,5"
19,Udinese,Piotrowski,c,6.0,6.0,6,6
19,Udinese,Miller L.,c,6.5,6.5,"6,5","6,5"
19,Udinese,Davis K.,a,7.0,8.0,7,8
19,Udinese,Runjaic,all,7.0,7.0,7,7
19,Verona,Montipò,p,5.0,3.0,5,3
19,Verona,Bradaric,d,6.0,5.5,6,"5,5"
19,Verona,Frese,d,7.0,10.0,7,10
19,Verona,Unai Nunez,d,6.5,6.5,"6,5","6,5"
19,Verona,Valentini N.,d,5.5,5.5,"5,5","5,5"
19,Verona,Nelsson,d,55.0,55.0,55,55
19,Verona,Bella-Kotchap,d,5.5,5.0,"5,5",5
19,Verona,Gagliardini,c,6.5,6.5,"6,5","6,5"
19,Verona,Niasse,c,6.5,7.5,"6,5","7,5"
19,Verona,Serdar,c,55.0,55.0,55,55
19,Verona,Bernede,c,6.5,6.5,"6,5","6,5"
19,Verona,Sarr A.,a,5.5,5.5,"5,5","5,5"
19,Verona,Orban G.,a,7.0,9.5,7,"9,5"
19,Verona,Mosquera,a,55.0,55.0,55,55
19,Verona,Giovane,a,5.5,5.5,"5,5","5,5"
19,Verona,Zanetti,all,6.5,6.5,"6,5","6,5"
20,Atalanta,Carnesecchi,p,7.0,7.0,7,7
20,Atalanta,Zappacosta,d,6.0,6.0,6,6
20,Atalanta,Djimsiti,d,6.0,6.0,6,6
20,Atalanta,Scalvini,d,6.5,6.5,"6,5","6,5"
20,Atalanta,Hien,d,6.0,6.0,6,6
20,Atalanta,Ahanor,d,6.0,6.0,6,6
20,Atalanta,Bernasconi,d,6.5,7.5,"6,5","7,5"
20,Atalanta,De Roon,c,6.0,6.0,6,6
20,Atalanta,Pasalic,c,7.0,10.0,7,10
20,Atalanta,Samardzic,c,55.0,55.0,55,55
20,Atalanta,Musah,c,6.0,5.5,6,"5,5"
20,Atalanta,Zalewski,c,6.5,6.5,"6,5","6,5"
20,Atalanta,Ederson D.S.,c,6.5,6.5,"6,5","6,5"
20,Atalanta,Scamacca,a,6.5,7.5,"6,5","7,5"
20,Atalanta,De Ketelaere,a,7.5,10.5,"7,5","10,5"
20,Atalanta,Krstovic,a,6.0,6.0,6,6
20,Atalanta,Palladino,all,6.5,6.5,"6,5","6,5"
20,Bologna,Ravaglia F.,p,6.0,5.0,6,5
20,Bologna,Zortea,d,5.5,5.0,"5,5",5
20,Bologna,Miranda J.,d,6.5,6.5,"6,5","6,5"
20,Bologna,Casale,d,6.5,6.5,"6,5","6,5"
20,Bologna,Lucumì,d,5.5,5.5,"5,5","5,5"
20,Bologna,Vitik,d,6.5,6.5,"6,5","6,5"
20,Bologna,Heggem,d,6.5,6.5,"6,5","6,5"
20,Bologna,Freuler,c,6.5,6.0,"6,5",6
20,Bologna,Pobega,c,5.5,5.5,"5,5","5,5"
20,Bologna,Ferguson,c,6.0,5.5,6,"5,5"
20,Bologna,Sulemana I.,c,5.5,5.5,"5,5","5,5"
20,Bologna,Fabbian,c,6.0,6.0,6,6
20,Bologna,Rowe,c,5.5,5.5,"5,5","5,5"
20,Bologna,Immobile,a,5.5,5.5,"5,5","5,5"
20,Bologna,Cambiaghi,a,6.0,8.0,6,8
20,Bologna,Castro S.,a,6.5,6.5,"6,5","6,5"
20,Bologna,Italiano,all,6.5,6.5,"6,5","6,5"
20,Cagliari,Caprile,p,5.5,2.5,"5,5","2,5"
20,Cagliari,Luperto,d,5.0,4.5,5,"4,5"
20,Cagliari,Zappa,d,5.5,5.5,"5,5","5,5"
20,Cagliari,Obert,d,5.0,4.5,5,"4,5"
20,Cagliari,Palestra,d,5.5,5.5,"5,5","5,5"
20,Cagliari,Idrissi R.,d,5.0,5.0,5,5
20,Cagliari,Rodriguez Ju.,d,5.0,4.5,5,"4,5"
20,Cagliari,Mazzitelli,c,6.0,5.5,6,"5,5"
20,Cagliari,Gaetano,c,5.5,5.5,"5,5","5,5"
20,Cagliari,Adopo,c,5.0,4.5,5,"4,5"
20,Cagliari,Prati,c,5.5,5.5,"5,5","5,5"
20,Cagliari,Esposito Se.,a,6.5,6.5,"6,5","6,5"
20,Cagliari,Luvumbo,a,5.0,5.0,5,5
20,Cagliari,Borrelli,a,5.5,5.5,"5,5","5,5"
20,Cagliari,Kilicsoy,a,5.0,5.0,5,5
20,Cagliari,Pisacane,all,5.0,5.0,5,5
20,Como,Butez,p,6.0,5.0,6,5
20,Como,Diego Carlos,d,5.5,5.5,"5,5","5,5"
20,Como,Vojvoda,d,5.0,5.0,5,5
20,Como,Moreno Alb.,d,6.0,6.0,6,6
20,Como,Posch,d,6.0,6.0,6,6
20,Como,Kempf,d,6.0,6.0,6,6
20,Como,Van Der Brempt,d,5.5,5.0,"5,5",5
20,Como,Caqueret,c,5.5,5.5,"5,5","5,5"
20,Como,Da Cunha,c,5.5,5.0,"5,5",5
20,Como,Perrone,c,6.5,6.5,"6,5","6,5"
20,Como,Paz N.,c,6.5,6.0,"6,5",6
20,Como,Baturina,c,7.0,10.0,7,10
20,Como,Douvikas,a,5.5,5.5,"5,5","5,5"
20,Como,Kuhn,a,6.0,6.0,6,6
20,Como,Rodriguez Je.,a,7.0,7.0,7,7
20,Como,Fabregas,all,6.5,6.5,"6,5","6,5"
20,Cremonese,Audero,p,6.5,4.5,"6,5","4,5"
20,Cremonese,Bianchetti,d,4.5,4.5,"4,5","4,5"
20,Cremonese,Pezzella Giu.,d,5.0,4.5,5,"4,5"
20,Cremonese,Terracciano F.,d,4.0,2.0,4,2
20,Cremonese,Baschirotto,d,4.0,4.0,4,4
20,Cremonese,Floriani Mussolini,d,5.0,5.0,5,5
20,Cremonese,Grassi,c,5.5,5.5,"5,5","5,5"
20,Cremonese,Vazquez,c,5.5,5.5,"5,5","5,5"
20,Cremonese,Bondo,c,5.0,5.0,5,5
20,Cremonese,Zerbin,c,4.5,4.5,"4,5","4,5"
20,Cremonese,Vandeputte,c,6.0,6.0,6,6
20,Cremonese,Sanabria,a,6.0,6.0,6,6
20,Cremonese,Bonazzoli,a,5.5,5.5,"5,5","5,5"
20,Cremonese,Vardy,a,5.0,5.0,5,5
20,Cremonese,Johnsen,a,5.0,5.0,5,5
20,Cremonese,Nicola,all,4.5,3.5,"4,5","3,5"
20,Fiorentina,De Gea,p,6.5,5.5,"6,5","5,5"
20,Fiorentina,Gosens,d,6.5,6.5,"6,5","6,5"
20,Fiorentina,Ranieri L.,d,55.0,55.0,55,55
20,Fiorentina,Parisi,d,6.0,6.0,6,6
20,Fiorentina,Pongracic,d,6.0,6.0,6,6
20,Fiorentina,Dodò,d,6.5,6.5,"6,5","6,5"
20,Fiorentina,Comuzzo,d,6.5,9.5,"6,5","9,5"
20,Fiorentina,Fortini,d,55.0,55.0,55,55
20,Fiorentina,Mandragora,c,6.0,6.0,6,6
20,Fiorentina,Fagioli,c,6.0,5.5,6,"5,5"
20,Fiorentina,Brescianini,c,5.5,5.5,"5,5","5,5"
20,Fiorentina,Sohm,c,55.0,55.0,55,55
20,Fiorentina,Gudmundsson A.,c,6.5,7.5,"6,5","7,5"
20,Fiorentina,Ndour,c,6.0,6.0,6,6
20,Fiorentina,Kean,a,5.5,5.0,"5,5",5
20,Fiorentina,Solomon,a,55.0,55.0,55,55
20,Fiorentina,Vanoli,all,6.5,5.5,"6,5","5,5"
20,Genoa,Leali,p,7.0,7.0,7,7
20,Genoa,Sabelli,d,55.0,55.0,55,55
20,Genoa,Martin,d,7.0,8.0,7,8
20,Genoa,Vasquez,d,6.5,6.5,"6,5","6,5"
20,Genoa,Ostigard,d,7.5,10.5,"7,5","10,5"
20,Genoa,Marcandalli,d,6.5,6.5,"6,5","6,5"
20,Genoa,Norton-Cuffy,d,6.0,6.0,6,6
20,Genoa,Thorsby,c,6.0,6.0,6,6
20,Genoa,Malinovskyi,c,6.5,7.5,"6,5","7,5"
20,Genoa,Messias,c,55.0,55.0,55,55
20,Genoa,Frendrup,c,7.0,9.5,7,"9,5"
20,Genoa,Ellertsson,c,6.5,6.5,"6,5","6,5"
20,Genoa,Masini,c,6.5,6.0,"6,5",6
20,Genoa,Colombo,a,7.0,10.0,7,10
20,Genoa,Vitinha O.,a,6.5,6.5,"6,5","6,5"
20,Genoa,Ekhator,a,6.0,6.0,6,6
20,Genoa,De Rossi,all,7.5,7.5,"7,5","7,5"
20,Inter,Sommer,p,6.0,4.0,6,4
20,Inter,Dimarco,d,7.0,10.0,7,10
20,Inter,Bastoni,d,6.0,6.0,6,6
20,Inter,Akanji,d,5.5,5.5,"5,5","5,5"
20,Inter,Carlos Augusto,d,55.0,55.0,55,55
20,Inter,Bisseck,d,5.5,5.5,"5,5","5,5"
20,Inter,Zielinski,c,6.5,6.5,"6,5","6,5"
20,Inter,Barella,c,5.5,5.5,"5,5","5,5"
20,Inter,Calhanoglu,c,6.5,9.5,"6,5","9,5"
20,Inter,Mkhitaryan,c,6.5,6.5,"6,5","6,5"
20,Inter,Luis Henrique,c,5.5,5.5,"5,5","5,5"
20,Inter,Sucic P.,c,55.0,55.0,55,55
20,Inter,Martinez L.,a,5.5,5.5,"5,5","5,5"
20,Inter,Thuram,a,6.5,7.5,"6,5","7,5"
20,Inter,Bonny,a,55.0,55.0,55,55
20,Inter,Esposito F.P.,a,55.0,55.0,55,55
20,Inter,Chivu,all,6.5,6.5,"6,5","6,5"
20,Juventus,Di Gregorio,p,6.5,6.5,"6,5","6,5"
20,Juventus,Bremer,d,7.0,10.0,7,10
20,Juventus,Kalulu,d,6.5,7.5,"6,5","7,5"
20,Juventus,Cambiaso,d,6.0,6.0,6,6
20,Juventus,Cabal,d,6.0,6.0,6,6
20,Juventus,Kelly L.,d,6.5,6.5,"6,5","6,5"
20,Juventus,Locatelli,c,6.5,6.5,"6,5","6,5"
20,Juventus,McKennie,c,7.5,10.5,"7,5","10,5"
20,Juventus,Thuram K.,c,7.0,8.0,7,8
20,Juventus,Koopmeiners,c,6.0,6.0,6,6
20,Juventus,Zhegrova,c,6.0,6.0,6,6
20,Juventus,Miretti,c,7.0,7.0,7,7
20,Juventus,Adzic,c,6.0,6.0,6,6
20,Juventus,David,a,7.0,10.0,7,10
20,Juventus,Openda,a,55.0,55.0,55,55
20,Juventus,Yildiz,a,7.0,7.0,7,7
20,Juventus,Spalletti,all,8.0,8.0,8,8
20,Lazio,Provedel,p,6.5,6.5,"6,5","6,5"
20,Lazio,Romagnoli,d,6.0,6.0,6,6
20,Lazio,Marusic,d,6.0,6.0,6,6
20,Lazio,Lazzari,d,7.0,7.0,7,7
20,Lazio,Pellegrini Lu.,d,5.5,5.5,"5,5","5,5"
20,Lazio,Gila,d,6.5,6.5,"6,5","6,5"
20,Lazio,Vecino,c,5.5,5.5,"5,5","5,5"
20,Lazio,Cataldi,c,6.0,6.0,6,6
20,Lazio,Rovella,c,5.5,5.5,"5,5","5,5"
20,Lazio,Belahyane,c,55.0,55.0,55,55
20,Lazio,Isaksen,c,6.0,6.0,6,6
20,Lazio,Taylor K.,c,6.0,6.0,6,6
20,Lazio,Pedro,a,6.0,6.0,6,6
20,Lazio,Cancellieri,a,6.5,6.0,"6,5",6
20,Lazio,Noslin,a,5.0,5.0,5,5
20,Lazio,Ratkov,a,5.5,5.5,"5,5","5,5"
20,Lazio,Sarri,all,7.0,7.0,7,7
20,Lecce,Falcone,p,6.0,4.0,6,4
20,Lecce,Gallo,d,6.0,6.0,6,6
20,Lecce,Gaspar K.,d,5.0,4.0,5,4
20,Lecce,Tiago Gabriel,d,5.0,3.0,5,3
20,Lecce,Veiga D.,d,6.0,6.0,6,6
20,Lecce,Ndaba,d,5.5,5.5,"5,5","5,5"
20,Lecce,Sottil,c,5.5,5.5,"5,5","5,5"
20,Lecce,Maleh,c,6.0,6.0,6,6
20,Lecce,Coulibaly L.,c,5.5,5.5,"5,5","5,5"
20,Lecce,Ramadani,c,6.0,5.5,6,"5,5"
20,Lecce,Kaba,c,6.0,5.5,6,"5,5"
20,Lecce,Pierotti,c,5.5,5.0,"5,5",5
20,Lecce,Gandelman,c,5.5,5.5,"5,5","5,5"
20,Lecce,Banda,a,5.5,5.5,"5,5","5,5"
20,Lecce,N'Dri,a,6.0,6.0,6,6
20,Lecce,Stulic,a,7.0,10.0,7,10
20,Lecce,Di Francesco,all,5.5,5.5,"5,5","5,5"
20,Milan,Maignan,p,6.5,5.5,"6,5","5,5"
20,Milan,Gabbia,d,6.0,6.0,6,6
20,Milan,Pavlovic,d,6.0,6.0,6,6
20,Milan,Estupinan,d,5.0,4.5,5,"4,5"
20,Milan,De Winter,d,5.5,5.5,"5,5","5,5"
20,Milan,Bartesaghi,d,5.0,5.0,5,5
20,Milan,Rabiot,c,5.5,5.0,"5,5",5
20,Milan,Pulisic,c,6.0,6.0,6,6
20,Milan,Loftus-Cheek,c,5.5,5.5,"5,5","5,5"
20,Milan,Fofana Y.,c,6.5,7.0,"6,5",7
20,Milan,Saelemaekers,c,6.5,6.5,"6,5","6,5"
20,Milan,Ricci S.,c,6.0,6.0,6,6
20,Milan,Jashari,c,5.5,5.5,"5,5","5,5"
20,Milan,Fullkrug,a,6.0,6.0,6,6
20,Milan,Leao,a,5.5,5.5,"5,5","5,5"
20,Milan,Nkunku,a,7.0,10.0,7,10
20,Milan,Allegri,all,5.5,5.5,"5,5","5,5"
20,Napoli,Milinkovic-Savic V.,p,6.0,4.0,6,4
20,Napoli,Juan Jesus,d,5.5,5.0,"5,5",5
20,Napoli,Spinazzola,d,6.5,6.5,"6,5","6,5"
20,Napoli,Di Lorenzo,d,6.5,6.5,"6,5","6,5"
20,Napoli,Rrahmani,d,6.0,5.5,6,"5,5"
20,Napoli,Mazzocchi,d,55.0,55.0,55,55
20,Napoli,Beukema,d,5.0,5.0,5,5
20,Napoli,Politano,c,6.0,6.0,6,6
20,Napoli,Lobotka,c,6.0,6.0,6,6
20,Napoli,Elmas,c,6.5,7.5,"6,5","7,5"
20,Napoli,McTominay,c,7.5,13.5,"7,5","13,5"
20,Napoli,Hojlund,a,6.5,6.5,"6,5","6,5"
20,Napoli,Lang,a,6.5,7.5,"6,5","7,5"
20,Napoli,Conte,all,6.0,5.0,6,5
20,Parma,Corvi,p,6.0,5.0,6,5
20,Parma,Valenti,d,5.5,5.5,"5,5","5,5"
20,Parma,Valeri,d,6.0,6.0,6,6
20,Parma,Circati,d,6.5,6.5,"6,5","6,5"
20,Parma,Delprato,d,6.0,5.5,6,"5,5"
20,Parma,Britschgi,d,55.0,55.0,55,55
20,Parma,Estevez,c,6.0,6.0,6,6
20,Parma,Oristanio,c,6.0,6.0,6,6
20,Parma,Bernabè,c,7.5,8.5,"7,5","8,5"
20,Parma,Keita M.,c,5.5,5.5,"5,5","5,5"
20,Parma,Ondrejka,c,6.0,6.0,6,6
20,Parma,Ordonez C.,c,55.0,55.0,55,55
20,Parma,Sorensen O.,c,5.5,5.5,"5,5","5,5"
20,Parma,Benedyczak,a,55.0,55.0,55,55
20,Parma,Pellegrino M.,a,7.0,10.0,7,10
20,Parma,Cuesta,all,6.5,6.5,"6,5","6,5"
20,Pisa,Scuffet,p,6.0,4.0,6,4
20,Pisa,Caracciolo A.,d,5.5,5.0,"5,5",5
20,Pisa,Calabresi,d,6.0,6.0,6,6
20,Pisa,Canestrelli,d,5.5,5.5,"5,5","5,5"
20,Pisa,Coppola F.,d,55.0,55.0,55,55
20,Pisa,Angori,d,6.5,6.5,"6,5","6,5"
20,Pisa,Leris,c,5.0,5.0,5,5
20,Pisa,Tramoni M.,c,7.5,10.5,"7,5","10,5"
20,Pisa,Aebischer,c,5.5,5.5,"5,5","5,5"
20,Pisa,Piccinini G.,c,6.5,6.5,"6,5","6,5"
20,Pisa,Tourè I.,c,6.0,6.0,6,6
20,Pisa,Hojholt,c,55.0,55.0,55,55
20,Pisa,Marin M.,c,5.5,5.0,"5,5",5
20,Pisa,Moreo,a,6.0,5.5,6,"5,5"
20,Pisa,Meister,a,7.0,10.0,7,10
20,Pisa,Gilardino,all,6.5,6.5,"6,5","6,5"
20,Roma,Svilar,p,6.5,6.5,"6,5","6,5"
20,Roma,Mancini,d,6.5,6.5,"6,5","6,5"
20,Roma,Celik,d,6.5,6.5,"6,5","6,5"
20,Roma,Hermoso,d,6.0,5.5,6,"5,5"
20,Roma,Tsimikas,d,5.0,5.0,5,5
20,Roma,Ghilardi,d,6.0,6.0,6,6
20,Roma,Rensch,d,55.0,55.0,55,55
20,Roma,Wesley,d,6.5,6.5,"6,5","6,5"
20,Roma,Ziolkowski,d,55.0,55.0,55,55
20,Roma,El Shaarawy,c,7.0,8.0,7,8
20,Roma,Konè M.,c,7.0,9.5,7,"9,5"
20,Roma,Pisilli,c,6.5,6.5,"6,5","6,5"
20,Roma,Romano,c,55.0,55.0,55,55
20,Roma,Dybala,a,6.5,6.5,"6,5","6,5"
20,Roma,Soulè,a,7.5,11.5,"7,5","11,5"
20,Roma,Ferguson E.,a,5.5,5.5,"5,5","5,5"
20,Roma,Gasperini,all,7.0,6.5,7,"6,5"
20,Sassuolo,Muric,p,6.0,3.5,6,"3,5"
20,Sassuolo,Walukiewicz,d,5.5,5.5,"5,5","5,5"
20,Sassuolo,Doig,d,5.5,5.5,"5,5","5,5"
20,Sassuolo,Idzes,d,6.0,6.0,6,6
20,Sassuolo,Muharemovic,d,6.0,6.0,6,6
20,Sassuolo,Matic,c,6.0,5.5,6,"5,5"
20,Sassuolo,Vranckx,c,5.5,5.5,"5,5","5,5"
20,Sassuolo,Lipani,c,6.0,6.0,6,6
20,Sassuolo,Konè I.,c,6.5,6.5,"6,5","6,5"
20,Sassuolo,Fadera,c,6.5,6.5,"6,5","6,5"
20,Sassuolo,Iannoni,c,55.0,55.0,55,55
20,Sassuolo,Pierini,a,55.0,55.0,55,55
20,Sassuolo,Pinamonti,a,5.5,5.5,"5,5","5,5"
20,Sassuolo,Laurientè,a,6.0,6.0,6,6
20,Sassuolo,Cheddira,a,5.5,5.5,"5,5","5,5"
20,Sassuolo,Moro L.,a,55.0,55.0,55,55
20,Sassuolo,Grosso,all,5.5,5.5,"5,5","5,5"
20,Torino,Paleari,p,6.5,4.5,"6,5","4,5"
20,Torino,Biraghi,d,5.0,5.0,5,5
20,Torino,Lazaro,d,5.5,5.5,"5,5","5,5"
20,Torino,Maripan,d,6.5,6.5,"6,5","6,5"
20,Torino,Ismajli,d,6.0,6.0,6,6
20,Torino,Coco,d,5.5,5.5,"5,5","5,5"
20,Torino,Tameze,c,5.0,4.5,5,"4,5"
20,Torino,Vlasic,c,5.5,5.5,"5,5","5,5"
20,Torino,Ilkhan,c,6.5,6.0,"6,5",6
20,Torino,Gineitis,c,6.0,6.0,6,6
20,Torino,Zapata D.,a,5.0,5.0,5,5
20,Torino,Simeone,a,5.5,5.5,"5,5","5,5"
20,Torino,Ngonge,a,5.5,5.5,"5,5","5,5"
20,Torino,Adams C.,a,6.0,6.0,6,6
20,Torino,Njie,a,55.0,55.0,55,55
20,Torino,Aboukhlal,a,5.5,5.5,"5,5","5,5"
20,Torino,Baroni,all,5.5,5.5,"5,5","5,5"
20,Udinese,Okoye,p,6.0,4.0,6,4
20,Udinese,Kabasele,d,6.5,9.5,"6,5","9,5"
20,Udinese,Zanoli,d,6.5,6.5,"6,5","6,5"
20,Udinese,Kamara H.,d,5.5,5.5,"5,5","5,5"
20,Udinese,Bertola,d,6.0,6.0,6,6
20,Udinese,Palma,d,5.5,5.5,"5,5","5,5"
20,Udinese,Solet,d,6.0,6.0,6,6
20,Udinese,Zaniolo,c,6.5,7.0,"6,5",7
20,Udinese,Karlstrom,c,6.5,6.5,"6,5","6,5"
20,Udinese,Ekkelenkamp,c,6.5,6.5,"6,5","6,5"
20,Udinese,Atta,c,6.5,6.5,"6,5","6,5"
20,Udinese,Piotrowski,c,5.5,5.5,"5,5","5,5"
20,Udinese,Miller L.,c,5.5,5.5,"5,5","5,5"
20,Udinese,Davis K.,a,6.5,9.5,"6,5","9,5"
20,Udinese,Bravo,a,5.5,5.5,"5,5","5,5"
20,Udinese,Gueye,a,5.5,5.5,"5,5","5,5"
20,Udinese,Runjaic,all,5.5,5.5,"5,5","5,5"
20,Verona,Montipò,p,6.0,5.0,6,5
20,Verona,Bradaric,d,5.5,5.5,"5,5","5,5"
20,Verona,Frese,d,6.5,6.5,"6,5","6,5"
20,Verona,Unai Nunez,d,6.0,6.0,6,6
20,Verona,Valentini N.,d,6.0,5.5,6,"5,5"
20,Verona,Nelsson,d,5.5,3.5,"5,5","3,5"
20,Verona,Bella-Kotchap,d,7.0,6.5,7,"6,5"
20,Verona,Gagliardini,c,5.5,5.5,"5,5","5,5"
20,Verona,Niasse,c,5.5,5.5,"5,5","5,5"
20,Verona,Serdar,c,5.5,5.5,"5,5","5,5"
20,Verona,Al-Musrati,c,55.0,55.0,55,55
20,Verona,Bernede,c,5.5,5.5,"5,5","5,5"
20,Verona,Sarr A.,a,6.0,6.0,6,6
20,Verona,Orban G.,a,5.5,5.5,"5,5","5,5"
20,Verona,Mosquera,a,5.5,5.5,"5,5","5,5"
20,Verona,Giovane,a,6.0,6.0,6,6
20,Verona,Zanetti,all,5.0,5.0,5,5
21,Atalanta,Carnesecchi,p,7.0,6.0,7,6
21,Atalanta,Zappacosta,d,6.0,6.0,6,6
21,Atalanta,Scalvini,d,6.0,5.5,6,"5,5"
21,Atalanta,Hien,d,6.0,6.0,6,6
21,Atalanta,Ahanor,d,5.5,5.5,"5,5","5,5"
21,Atalanta,Bernasconi,d,5.5,5.5,"5,5","5,5"
21,Atalanta,De Roon,c,5.5,5.5,"5,5","5,5"
21,Atalanta,Pasalic,c,5.5,5.0,"5,5",5
21,Atalanta,Musah,c,5.5,5.5,"5,5","5,5"
21,Atalanta,Zalewski,c,6.0,6.0,6,6
21,Atalanta,Ederson D.S.,c,6.5,6.5,"6,5","6,5"
21,Atalanta,Scamacca,a,5.0,5.0,5,5
21,Atalanta,Raspadori,a,5.5,5.5,"5,5","5,5"
21,Atalanta,Sulemana K.,a,6.0,6.0,6,6
21,Atalanta,De Ketelaere,a,5.5,5.5,"5,5","5,5"
21,Atalanta,Krstovic,a,7.0,10.0,7,10
21,Atalanta,Palladino,all,5.5,5.5,"5,5","5,5"
21,Bologna,Ravaglia F.,p,6.0,4.0,6,4
21,Bologna,Zortea,d,6.0,6.0,6,6
21,Bologna,Miranda J.,d,5.5,5.0,"5,5",5
21,Bologna,Casale,d,5.5,5.5,"5,5","5,5"
21,Bologna,Holm,d,5.5,5.0,"5,5",5
21,Bologna,Heggem,d,5.0,5.0,5,5
21,Bologna,Freuler,c,5.5,5.5,"5,5","5,5"
21,Bologna,Orsolini,c,5.5,5.5,"5,5","5,5"
21,Bologna,Odgaard,c,5.0,5.0,5,5
21,Bologna,Pobega,c,5.5,5.5,"5,5","5,5"
21,Bologna,Ferguson,c,6.0,5.5,6,"5,5"
21,Bologna,Moro N.,c,5.5,5.5,"5,5","5,5"
21,Bologna,Fabbian,c,6.5,9.5,"6,5","9,5"
21,Bologna,Rowe,c,7.0,8.0,7,8
21,Bologna,Cambiaghi,a,5.5,5.5,"5,5","5,5"
21,Bologna,Castro S.,a,5.5,5.5,"5,5","5,5"
21,Bologna,Italiano,all,5.5,5.5,"5,5","5,5"
21,Cagliari,Caprile,p,7.0,7.0,7,7
21,Cagliari,Luperto,d,6.5,6.5,"6,5","6,5"
21,Cagliari,Mina,d,7.0,7.0,7,7
21,Cagliari,Obert,d,6.0,6.0,6,6
21,Cagliari,Palestra,d,6.5,6.5,"6,5","6,5"
21,Cagliari,Idrissi R.,d,6.0,6.0,6,6
21,Cagliari,Zè Pedro,d,6.5,6.5,"6,5","6,5"
21,Cagliari,Mazzitelli,c,7.5,10.5,"7,5","10,5"
21,Cagliari,Gaetano,c,6.5,7.5,"6,5","7,5"
21,Cagliari,Adopo,c,6.0,6.0,6,6
21,Cagliari,Esposito Se.,a,5.5,5.5,"5,5","5,5"
21,Cagliari,Borrelli,a,6.0,6.0,6,6
21,Cagliari,Kilicsoy,a,6.0,6.0,6,6
21,Cagliari,Pisacane,all,7.0,7.0,7,7
21,Como,Butez,p,6.5,6.5,"6,5","6,5"
21,Como,Diego Carlos,d,6.5,6.5,"6,5","6,5"
21,Como,Vojvoda,d,6.0,6.0,6,6
21,Como,Posch,d,6.0,5.5,6,"5,5"
21,Como,Valle,d,7.0,7.5,7,"7,5"
21,Como,Ramon,d,7.0,7.0,7,7
21,Como,Smolcic I.,d,6.0,5.5,6,"5,5"
21,Como,Sergi Roberto,c,6.0,6.0,6,6
21,Como,Caqueret,c,6.5,6.5,"6,5","6,5"
21,Como,Da Cunha,c,6.5,6.5,"6,5","6,5"
21,Como,Perrone,c,6.5,6.5,"6,5","6,5"
21,Como,Paz N.,c,7.5,10.5,"7,5","10,5"
21,Como,Baturina,c,8.0,12.0,8,12
21,Como,Douvikas,a,55.0,55.0,55,55
21,Como,Kuhn,a,55.0,55.0,55,55
21,Como,Rodriguez Je.,a,6.0,6.0,6,6
21,Como,Fabregas,all,8.0,8.0,8,8
21,Cremonese,Audero,p,6.5,6.5,"6,5","6,5"
21,Cremonese,Bianchetti,d,6.0,6.0,6,6
21,Cremonese,Ceccherini,d,6.0,6.0,6,6
21,Cremonese,Terracciano F.,d,6.0,6.0,6,6
21,Cremonese,Baschirotto,d,6.5,6.5,"6,5","6,5"
21,Cremonese,Barbieri,d,6.5,6.5,"6,5","6,5"
21,Cremonese,Folino,d,6.0,6.0,6,6
21,Cremonese,Floriani Mussolini,d,55.0,55.0,55,55
21,Cremonese,Grassi,c,6.0,6.0,6,6
21,Cremonese,Bondo,c,6.5,6.5,"6,5","6,5"
21,Cremonese,Zerbin,c,55.0,55.0,55,55
21,Cremonese,Collocolo,c,55.0,55.0,55,55
21,Cremonese,Vandeputte,c,6.0,5.5,6,"5,5"
21,Cremonese,Bonazzoli,a,5.0,4.5,5,"4,5"
21,Cremonese,Vardy,a,5.5,5.0,"5,5",5
21,Cremonese,Moumbagna,a,5.5,5.5,"5,5","5,5"
21,Cremonese,Nicola,all,6.0,6.0,6,6
21,Fiorentina,De Gea,p,6.0,5.0,6,5
21,Fiorentina,Gosens,d,6.0,6.0,6,6
21,Fiorentina,Ranieri L.,d,55.0,55.0,55,55
21,Fiorentina,Parisi,d,6.5,6.5,"6,5","6,5"
21,Fiorentina,Pongracic,d,6.5,6.5,"6,5","6,5"
21,Fiorentina,Dodò,d,7.0,7.0,7,7
21,Fiorentina,Comuzzo,d,6.0,6.0,6,6
21,Fiorentina,Fortini,d,6.5,6.5,"6,5","6,5"
21,Fiorentina,Mandragora,c,7.0,10.0,7,10
21,Fiorentina,Fagioli,c,6.5,6.5,"6,5","6,5"
21,Fiorentina,Brescianini,c,5.5,5.5,"5,5","5,5"
21,Fiorentina,Sohm,c,6.0,6.0,6,6
21,Fiorentina,Gudmundsson A.,c,6.5,7.5,"6,5","7,5"
21,Fiorentina,Ndour,c,6.0,6.0,6,6
21,Fiorentina,Piccoli,a,7.0,10.0,7,10
21,Fiorentina,Solomon,a,5.5,5.5,"5,5","5,5"
21,Fiorentina,Vanoli,all,6.5,6.5,"6,5","6,5"
21,Genoa,Leali,p,6.0,6.0,6,6
21,Genoa,Sabelli,d,6.0,6.0,6,6
21,Genoa,Martin,d,6.0,6.0,6,6
21,Genoa,Vasquez,d,6.5,6.5,"6,5","6,5"
21,Genoa,Ostigard,d,6.5,6.0,"6,5",6
21,Genoa,Marcandalli,d,6.5,6.5,"6,5","6,5"
21,Genoa,Malinovskyi,c,5.5,5.5,"5,5","5,5"
21,Genoa,Messias,c,5.5,5.5,"5,5","5,5"
21,Genoa,Frendrup,c,6.5,6.5,"6,5","6,5"
21,Genoa,Ellertsson,c,6.0,6.0,6,6
21,Genoa,Masini,c,55.0,55.0,55,55
21,Genoa,Colombo,a,6.0,6.0,6,6
21,Genoa,Vitinha O.,a,5.5,5.0,"5,5",5
21,Genoa,Ekhator,a,6.0,6.0,6,6
21,Genoa,Nuredini,a,55.0,55.0,55,55
21,Genoa,De Rossi,all,6.0,6.0,6,6
21,Inter,Sommer,p,6.0,6.0,6,6
21,Inter,Dimarco,d,6.5,6.5,"6,5","6,5"
21,Inter,De Vrij,d,55.0,55.0,55,55
21,Inter,Acerbi,d,55.0,55.0,55,55
21,Inter,Akanji,d,6.5,6.5,"6,5","6,5"
21,Inter,Carlos Augusto,d,6.0,5.5,6,"5,5"
21,Inter,Bisseck,d,6.0,6.0,6,6
21,Inter,Zielinski,c,6.5,6.5,"6,5","6,5"
21,Inter,Barella,c,5.5,5.5,"5,5","5,5"
21,Inter,Mkhitaryan,c,6.0,6.0,6,6
21,Inter,Frattesi,c,55.0,55.0,55,55
21,Inter,Luis Henrique,c,6.0,6.0,6,6
21,Inter,Sucic P.,c,55.0,55.0,55,55
21,Inter,Martinez L.,a,7.0,10.0,7,10
21,Inter,Bonny,a,6.0,6.0,6,6
21,Inter,Esposito F.P.,a,6.5,7.5,"6,5","7,5"
21,Inter,Chivu,all,7.0,7.0,7,7
21,Juventus,Perin,p,6.0,5.0,6,5
21,Juventus,Bremer,d,6.0,6.0,6,6
21,Juventus,Kalulu,d,5.5,5.5,"5,5","5,5"
21,Juventus,Cambiaso,d,5.5,5.5,"5,5","5,5"
21,Juventus,Kelly L.,d,6.0,6.0,6,6
21,Juventus,Locatelli,c,6.0,6.0,6,6
21,Juventus,McKennie,c,5.0,5.0,5,5
21,Juventus,Thuram K.,c,55.0,55.0,55,55
21,Juventus,Koopmeiners,c,5.5,5.5,"5,5","5,5"
21,Juventus,Zhegrova,c,5.5,5.5,"5,5","5,5"
21,Juventus,Miretti,c,5.5,5.5,"5,5","5,5"
21,Juventus,Adzic,c,55.0,55.0,55,55
21,Juventus,Conceicao,c,55.0,55.0,55,55
21,Juventus,David,a,5.0,5.0,5,5
21,Juventus,Openda,a,5.5,5.5,"5,5","5,5"
21,Juventus,Yildiz,a,6.5,6.0,"6,5",6
21,Juventus,Spalletti,all,5.5,5.5,"5,5","5,5"
21,Lazio,Provedel,p,7.0,7.0,7,7
21,Lazio,Romagnoli,d,5.0,4.5,5,"4,5"
21,Lazio,Marusic,d,4.5,4.5,"4,5","4,5"
21,Lazio,Lazzari,d,5.5,5.5,"5,5","5,5"
21,Lazio,Pellegrini Lu.,d,5.0,4.5,5,"4,5"
21,Lazio,Gila,d,5.0,5.0,5,5
21,Lazio,Cataldi,c,5.5,5.0,"5,5",5
21,Lazio,Zaccagni,c,5.0,4.5,5,"4,5"
21,Lazio,Rovella,c,5.5,5.0,"5,5",5
21,Lazio,Belahyane,c,5.5,5.5,"5,5","5,5"
21,Lazio,Isaksen,c,5.5,5.5,"5,5","5,5"
21,Lazio,Dele-Bashiru,c,55.0,55.0,55,55
21,Lazio,Taylor K.,c,4.5,4.5,"4,5","4,5"
21,Lazio,Cancellieri,a,5.0,5.0,5,5
21,Lazio,Noslin,a,5.5,5.5,"5,5","5,5"
21,Lazio,Ratkov,a,5.0,5.0,5,5
21,Lazio,Sarri,all,4.5,4.5,"4,5","4,5"
21,Lecce,Falcone,p,7.0,6.0,7,6
21,Lecce,Gallo,d,6.0,6.0,6,6
21,Lecce,Tiago Gabriel,d,6.5,6.5,"6,5","6,5"
21,Lecce,Ndaba,d,6.0,6.0,6,6
21,Lecce,Siebert,d,6.0,6.0,6,6
21,Lecce,Sottil,c,6.0,6.0,6,6
21,Lecce,Maleh,c,55.0,55.0,55,55
21,Lecce,Coulibaly L.,c,6.5,6.5,"6,5","6,5"
21,Lecce,Ramadani,c,6.0,5.5,6,"5,5"
21,Lecce,Pierotti,c,6.5,6.5,"6,5","6,5"
21,Lecce,Tete Morente,c,5.5,5.5,"5,5","5,5"
21,Lecce,Gandelman,c,6.0,6.0,6,6
21,Lecce,Banda,a,5.5,5.5,"5,5","5,5"
21,Lecce,N'Dri,a,55.0,55.0,55,55
21,Lecce,Stulic,a,5.5,5.5,"5,5","5,5"
21,Lecce,Di Francesco,all,5.5,5.5,"5,5","5,5"
21,Milan,Maignan,p,6.0,6.0,6,6
21,Milan,Gabbia,d,6.5,6.5,"6,5","6,5"
21,Milan,Tomori,d,6.0,6.0,6,6
21,Milan,Estupinan,d,6.0,6.0,6,6
21,Milan,De Winter,d,6.0,5.5,6,"5,5"
21,Milan,Athekame,d,55.0,55.0,55,55
21,Milan,Rabiot,c,6.5,6.5,"6,5","6,5"
21,Milan,Pulisic,c,5.5,5.5,"5,5","5,5"
21,Milan,Modric,c,55.0,55.0,55,55
21,Milan,Loftus-Cheek,c,5.5,5.5,"5,5","5,5"
21,Milan,Saelemaekers,c,7.0,8.0,7,8
21,Milan,Ricci S.,c,6.0,6.0,6,6
21,Milan,Jashari,c,6.5,6.5,"6,5","6,5"
21,Milan,Fullkrug,a,7.0,10.0,7,10
21,Milan,Leao,a,6.0,6.0,6,6
21,Milan,Nkunku,a,55.0,55.0,55,55
21,Milan,Allegri,all,6.5,6.5,"6,5","6,5"
21,Napoli,Milinkovic-Savic V.,p,6.5,6.5,"6,5","6,5"
21,Napoli,Juan Jesus,d,6.5,6.5,"6,5","6,5"
21,Napoli,Spinazzola,d,6.5,6.5,"6,5","6,5"
21,Napoli,Buongiorno,d,6.0,6.0,6,6
21,Napoli,Di Lorenzo,d,6.5,6.5,"6,5","6,5"
21,Napoli,Rrahmani,d,6.5,6.5,"6,5","6,5"
21,Napoli,Mazzocchi,d,6.0,6.0,6,6
21,Napoli,Beukema,d,6.0,6.0,6,6
21,Napoli,Politano,c,5.5,5.5,"5,5","5,5"
21,Napoli,Lobotka,c,7.0,10.0,7,10
21,Napoli,Elmas,c,6.5,6.5,"6,5","6,5"
21,Napoli,McTominay,c,6.0,6.0,6,6
21,Napoli,Vergara,c,6.0,6.0,6,6
21,Napoli,Hojlund,a,5.5,5.5,"5,5","5,5"
21,Napoli,Lang,a,5.5,5.5,"5,5","5,5"
21,Napoli,Conte,all,6.5,6.5,"6,5","6,5"
21,Parma,Corvi,p,7.0,7.0,7,7
21,Parma,Valenti,d,6.5,6.0,"6,5",6
21,Parma,Valeri,d,6.5,6.5,"6,5","6,5"
21,Parma,Circati,d,6.5,6.0,"6,5",6
21,Parma,Delprato,d,6.0,6.0,6,6
21,Parma,Britschgi,d,6.0,6.0,6,6
21,Parma,Estevez,c,5.5,5.5,"5,5","5,5"
21,Parma,Oristanio,c,5.5,5.5,"5,5","5,5"
21,Parma,Bernabè,c,6.0,6.0,6,6
21,Parma,Keita M.,c,6.5,6.5,"6,5","6,5"
21,Parma,Ondrejka,c,5.0,4.5,5,"4,5"
21,Parma,Sorensen O.,c,55.0,55.0,55,55
21,Parma,Cremaschi,c,55.0,55.0,55,55
21,Parma,Djuric,a,55.0,55.0,55,55
21,Parma,Pellegrino M.,a,5.5,5.5,"5,5","5,5"
21,Parma,Cuesta,all,6.5,6.5,"6,5","6,5"
21,Pisa,Scuffet,p,7.0,6.0,7,6
21,Pisa,Calabresi,d,6.5,6.5,"6,5","6,5"
21,Pisa,Canestrelli,d,6.0,6.0,6,6
21,Pisa,Coppola F.,d,6.0,5.5,6,"5,5"
21,Pisa,Angori,d,5.5,5.5,"5,5","5,5"
21,Pisa,Bozhinov,d,55.0,55.0,55,55
21,Pisa,Leris,c,6.5,7.5,"6,5","7,5"
21,Pisa,Tramoni M.,c,6.0,6.0,6,6
21,Pisa,Aebischer,c,6.5,6.5,"6,5","6,5"
21,Pisa,Piccinini G.,c,6.5,6.5,"6,5","6,5"
21,Pisa,Tourè I.,c,6.5,6.5,"6,5","6,5"
21,Pisa,Marin M.,c,6.5,6.5,"6,5","6,5"
21,Pisa,Moreo,a,6.5,6.5,"6,5","6,5"
21,Pisa,Meister,a,5.5,5.5,"5,5","5,5"
21,Pisa,Durosinmi,a,7.0,10.0,7,10
21,Pisa,Gilardino,all,7.0,7.0,7,7
21,Roma,Svilar,p,6.0,6.0,6,6
21,Roma,Mancini,d,7.0,6.5,7,"6,5"
21,Roma,N'Dicka,d,7.0,7.0,7,7
21,Roma,Hermoso,d,6.0,6.0,6,6
21,Roma,Tsimikas,d,6.0,6.0,6,6
21,Roma,Ghilardi,d,6.0,6.0,6,6
21,Roma,Rensch,d,6.0,7.0,6,7
21,Roma,Wesley,d,6.5,6.5,"6,5","6,5"
21,Roma,Pellegrini Lo.,c,5.5,5.5,"5,5","5,5"
21,Roma,Cristante,c,6.5,6.5,"6,5","6,5"
21,Roma,Konè M.,c,6.5,6.5,"6,5","6,5"
21,Roma,Pisilli,c,6.0,6.0,6,6
21,Roma,Dybala,a,7.5,11.5,"7,5","11,5"
21,Roma,Malen,a,7.5,10.5,"7,5","10,5"
21,Roma,Soulè,a,6.0,6.0,6,6
21,Roma,Vaz,a,5.5,5.5,"5,5","5,5"
21,Roma,Gasperini,all,6.5,6.5,"6,5","6,5"
21,Sassuolo,Muric,p,6.0,5.0,6,5
21,Sassuolo,Walukiewicz,d,5.0,5.0,5,5
21,Sassuolo,Doig,d,6.0,6.0,6,6
21,Sassuolo,Coulibaly W.,d,55.0,55.0,55,55
21,Sassuolo,Idzes,d,6.0,6.0,6,6
21,Sassuolo,Muharemovic,d,6.0,6.0,6,6
21,Sassuolo,Matic,c,5.5,5.5,"5,5","5,5"
21,Sassuolo,Vranckx,c,5.5,5.0,"5,5",5
21,Sassuolo,Lipani,c,6.0,6.0,6,6
21,Sassuolo,Fadera,c,5.0,5.0,5,5
21,Sassuolo,Iannoni,c,5.5,5.0,"5,5",5
21,Sassuolo,Pinamonti,a,5.5,5.5,"5,5","5,5"
21,Sassuolo,Laurientè,a,6.5,6.5,"6,5","6,5"
21,Sassuolo,Cheddira,a,55.0,55.0,55,55
21,Sassuolo,Moro L.,a,55.0,55.0,55,55
21,Sassuolo,Skjellerup,a,55.0,55.0,55,55
21,Sassuolo,Grosso,all,6.0,6.0,6,6
21,Torino,Paleari,p,6.0,4.0,6,4
21,Torino,Lazaro,d,5.0,5.0,5,5
21,Torino,Ismajli,d,5.0,4.5,5,"4,5"
21,Torino,Pedersen,d,6.0,6.0,6,6
21,Torino,Coco,d,5.0,5.0,5,5
21,Torino,Tameze,c,5.0,5.0,5,5
21,Torino,Vlasic,c,5.0,4.5,5,"4,5"
21,Torino,Casadei,c,5.5,5.5,"5,5","5,5"
21,Torino,Ilkhan,c,5.5,5.5,"5,5","5,5"
21,Torino,Gineitis,c,5.5,5.5,"5,5","5,5"
21,Torino,Anjorin,c,6.0,6.0,6,6
21,Torino,Ngonge,a,6.0,6.0,6,6
21,Torino,Adams C.,a,5.5,5.5,"5,5","5,5"
21,Torino,Njie,a,5.5,5.5,"5,5","5,5"
21,Torino,Aboukhlal,a,6.0,6.0,6,6
21,Torino,Baroni,all,5.5,5.5,"5,5","5,5"
21,Udinese,Okoye,p,6.5,5.5,"6,5","5,5"
21,Udinese,Kabasele,d,5.5,5.5,"5,5","5,5"
21,Udinese,Zanoli,d,6.0,6.0,6,6
21,Udinese,Kamara H.,d,5.5,5.5,"5,5","5,5"
21,Udinese,Bertola,d,6.0,6.0,6,6
21,Udinese,Ehizibue,d,5.5,5.5,"5,5","5,5"
21,Udinese,Kristensen T.,d,5.0,5.0,5,5
21,Udinese,Solet,d,6.0,6.0,6,6
21,Udinese,Karlstrom,c,6.0,6.0,6,6
21,Udinese,Ekkelenkamp,c,5.5,5.5,"5,5","5,5"
21,Udinese,Atta,c,5.5,5.5,"5,5","5,5"
21,Udinese,Piotrowski,c,6.0,6.0,6,6
21,Udinese,Miller L.,c,5.5,5.5,"5,5","5,5"
21,Udinese,Davis K.,a,5.5,5.5,"5,5","5,5"
21,Udinese,Bayo V.,a,55.0,55.0,55,55
21,Udinese,Gueye,a,5.5,5.5,"5,5","5,5"
21,Udinese,Runjaic,all,6.0,6.0,6,6
21,Verona,Perilli,p,6.0,6.0,6,6
21,Verona,Lirola,d,6.0,6.0,6,6
21,Verona,Bradaric,d,5.5,5.5,"5,5","5,5"
21,Verona,Ebosse,d,6.0,6.0,6,6
21,Verona,Oyegoke,d,55.0,55.0,55,55
21,Verona,Slotsager,d,6.5,6.5,"6,5","6,5"
21,Verona,Nelsson,d,6.5,6.5,"6,5","6,5"
21,Verona,Gagliardini,c,6.5,6.5,"6,5","6,5"
21,Verona,Harroui,c,6.0,6.0,6,6
21,Verona,Serdar,c,6.0,6.0,6,6
21,Verona,Bernede,c,5.5,5.5,"5,5","5,5"
21,Verona,Sarr A.,a,5.5,5.5,"5,5","5,5"
21,Verona,Orban G.,a,5.5,5.5,"5,5","5,5"
21,Verona,Giovane,a,6.5,6.5,"6,5","6,5"
21,Verona,Zanetti,all,6.0,6.0,6,6
22,Atalanta,Carnesecchi,p,7.0,7.0,7,7
22,Atalanta,Zappacosta,d,6.0,6.0,6,6
22,Atalanta,Djimsiti,d,6.0,6.0,6,6
22,Atalanta,Scalvini,d,6.5,6.5,"6,5","6,5"
22,Atalanta,Hien,d,6.0,6.0,6,6
22,Atalanta,Ahanor,d,6.5,6.5,"6,5","6,5"
22,Atalanta,Bernasconi,d,6.5,6.5,"6,5","6,5"
22,Atalanta,De Roon,c,7.0,10.0,7,10
22,Atalanta,Pasalic,c,6.0,6.0,6,6
22,Atalanta,Zalewski,c,6.5,6.5,"6,5","6,5"
22,Atalanta,Ederson D.S.,c,6.0,6.0,6,6
22,Atalanta,Scamacca,a,7.0,9.5,7,"9,5"
22,Atalanta,Raspadori,a,7.0,10.0,7,10
22,Atalanta,Lookman,a,55.0,55.0,55,55
22,Atalanta,De Ketelaere,a,7.5,8.5,"7,5","8,5"
22,Atalanta,Krstovic,a,7.5,11.5,"7,5","11,5"
22,Atalanta,Palladino,all,7.0,7.0,7,7
22,Bologna,Skorupski,p,5.0,4.0,5,4
22,Bologna,Ravaglia F.,p,5.5,2.0,"5,5",2
22,Bologna,Lykogiannis,d,5.5,5.5,"5,5","5,5"
22,Bologna,Zortea,d,6.0,6.0,6,6
22,Bologna,Casale,d,5.5,5.5,"5,5","5,5"
22,Bologna,Vitik,d,5.5,5.5,"5,5","5,5"
22,Bologna,Heggem,d,5.0,5.0,5,5
22,Bologna,Freuler,c,6.0,6.0,6,6
22,Bologna,Odgaard,c,6.0,6.0,6,6
22,Bologna,Sohm,c,6.0,6.0,6,6
22,Bologna,Ferguson,c,7.0,10.0,7,10
22,Bologna,Rowe,c,6.5,6.5,"6,5","6,5"
22,Bologna,Immobile,a,5.5,5.0,"5,5",5
22,Bologna,Dallinga,a,5.5,5.5,"5,5","5,5"
22,Bologna,Dominguez B.,a,6.5,7.5,"6,5","7,5"
22,Bologna,Italiano,all,4.5,4.5,"4,5","4,5"
22,Cagliari,Caprile,p,7.0,5.5,7,"5,5"
22,Cagliari,Luperto,d,6.5,6.5,"6,5","6,5"
22,Cagliari,Mina,d,7.0,6.5,7,"6,5"
22,Cagliari,Zappa,d,55.0,55.0,55,55
22,Cagliari,Obert,d,6.5,6.5,"6,5","6,5"
22,Cagliari,Palestra,d,7.5,11.5,"7,5","11,5"
22,Cagliari,Idrissi R.,d,55.0,55.0,55,55
22,Cagliari,Zè Pedro,d,6.0,5.5,6,"5,5"
22,Cagliari,Mazzitelli,c,6.0,6.0,6,6
22,Cagliari,Gaetano,c,6.0,6.0,6,6
22,Cagliari,Adopo,c,6.5,6.5,"6,5","6,5"
22,Cagliari,Sulemana I.,c,6.0,6.0,6,6
22,Cagliari,Prati,c,55.0,55.0,55,55
22,Cagliari,Esposito Se.,a,7.0,8.0,7,8
22,Cagliari,Borrelli,a,6.0,6.0,6,6
22,Cagliari,Kilicsoy,a,7.0,10.0,7,10
22,Cagliari,Pisacane,all,7.0,7.0,7,7
22,Como,Butez,p,6.0,6.0,6,6
22,Como,Vojvoda,d,6.5,6.5,"6,5","6,5"
22,Como,Moreno Alb.,d,6.0,6.0,6,6
22,Como,Valle,d,6.5,6.5,"6,5","6,5"
22,Como,Ramon,d,6.5,6.5,"6,5","6,5"
22,Como,Kempf,d,7.0,7.0,7,7
22,Como,Smolcic I.,d,6.0,6.0,6,6
22,Como,Sergi Roberto,c,6.0,6.0,6,6
22,Como,Caqueret,c,7.5,10.5,"7,5","10,5"
22,Como,Da Cunha,c,7.5,11.5,"7,5","11,5"
22,Como,Perrone,c,6.5,6.5,"6,5","6,5"
22,Como,Paz N.,c,6.0,6.0,6,6
22,Como,Baturina,c,8.0,12.0,8,12
22,Como,Douvikas,a,8.0,14.0,8,14
22,Como,Kuhn,a,7.0,10.0,7,10
22,Como,Rodriguez Je.,a,6.0,6.0,6,6
22,Como,Fabregas,all,7.5,7.5,"7,5","7,5"
22,Cremonese,Audero,p,5.5,4.5,"5,5","4,5"
22,Cremonese,Bianchetti,d,5.5,5.5,"5,5","5,5"
22,Cremonese,Pezzella Giu.,d,6.0,5.5,6,"5,5"
22,Cremonese,Terracciano F.,d,5.5,5.5,"5,5","5,5"
22,Cremonese,Baschirotto,d,6.0,6.0,6,6
22,Cremonese,Barbieri,d,6.0,5.5,6,"5,5"
22,Cremonese,Faye,d,55.0,55.0,55,55
22,Cremonese,Folino,d,55.0,55.0,55,55
22,Cremonese,Floriani Mussolini,d,6.0,6.0,6,6
22,Cremonese,Grassi,c,6.0,6.0,6,6
22,Cremonese,Zerbin,c,5.5,5.5,"5,5","5,5"
22,Cremonese,Collocolo,c,5.5,5.5,"5,5","5,5"
22,Cremonese,Vandeputte,c,6.0,6.0,6,6
22,Cremonese,Bonazzoli,a,5.0,5.0,5,5
22,Cremonese,Vardy,a,5.5,5.5,"5,5","5,5"
22,Cremonese,Johnsen,a,6.0,6.0,6,6
22,Cremonese,Nicola,all,5.5,5.5,"5,5","5,5"
22,Fiorentina,De Gea,p,6.0,4.0,6,4
22,Fiorentina,Gosens,d,5.0,5.0,5,5
22,Fiorentina,Pongracic,d,5.0,4.5,5,"4,5"
22,Fiorentina,Dodò,d,6.5,7.5,"6,5","7,5"
22,Fiorentina,Comuzzo,d,5.0,4.5,5,"4,5"
22,Fiorentina,Fortini,d,55.0,55.0,55,55
22,Fiorentina,Mandragora,c,6.0,6.0,6,6
22,Fiorentina,Fagioli,c,5.5,5.5,"5,5","5,5"
22,Fiorentina,Brescianini,c,7.0,10.0,7,10
22,Fiorentina,Harrison,c,5.5,5.5,"5,5","5,5"
22,Fiorentina,Gudmundsson A.,c,6.0,6.0,6,6
22,Fiorentina,Fabbian,c,5.0,5.0,5,5
22,Fiorentina,Ndour,c,5.5,5.5,"5,5","5,5"
22,Fiorentina,Piccoli,a,5.0,5.0,5,5
22,Fiorentina,Solomon,a,6.0,6.0,6,6
22,Fiorentina,Vanoli,all,5.0,5.0,5,5
22,Genoa,Bijlow,p,6.0,4.0,6,4
22,Genoa,Martin,d,6.0,6.0,6,6
22,Genoa,Vasquez,d,6.0,6.0,6,6
22,Genoa,Marcandalli,d,6.5,7.0,"6,5",7
22,Genoa,Norton-Cuffy,d,6.5,6.5,"6,5","6,5"
22,Genoa,Otoa,d,5.0,3.0,5,3
22,Genoa,Zatterstrom,d,55.0,55.0,55,55
22,Genoa,Malinovskyi,c,7.0,9.5,7,"9,5"
22,Genoa,Cornet,c,6.0,6.0,6,6
22,Genoa,Messias,c,7.5,10.5,"7,5","10,5"
22,Genoa,Frendrup,c,6.0,6.0,6,6
22,Genoa,Ellertsson,c,6.0,6.0,6,6
22,Genoa,Colombo,a,6.0,6.0,6,6
22,Genoa,Ekuban,a,7.5,10.5,"7,5","10,5"
22,Genoa,Vitinha O.,a,6.0,6.0,6,6
22,Genoa,Ekhator,a,5.0,5.0,5,5
22,Genoa,De Rossi,all,8.0,8.0,8,8
22,Inter,Sommer,p,4.5,2.5,"4,5","2,5"
22,Inter,Dimarco,d,8.0,12.0,8,12
22,Inter,De Vrij,d,6.0,6.0,6,6
22,Inter,Bastoni,d,6.5,7.5,"6,5","7,5"
22,Inter,Akanji,d,55.0,55.0,55,55
22,Inter,Carlos Augusto,d,6.0,6.0,6,6
22,Inter,Bisseck,d,6.5,7.5,"6,5","7,5"
22,Inter,Zielinski,c,7.5,10.5,"7,5","10,5"
22,Inter,Barella,c,6.0,5.5,6,"5,5"
22,Inter,Mkhitaryan,c,7.0,10.0,7,10
22,Inter,Luis Henrique,c,5.0,5.0,5,5
22,Inter,Sucic P.,c,6.0,6.0,6,6
22,Inter,Martinez L.,a,7.0,9.5,7,"9,5"
22,Inter,Thuram,a,6.5,7.5,"6,5","7,5"
22,Inter,Bonny,a,7.0,10.0,7,10
22,Inter,Esposito F.P.,a,7.0,10.0,7,10
22,Inter,Chivu,all,7.0,7.0,7,7
22,Juventus,Di Gregorio,p,6.0,6.0,6,6
22,Juventus,Bremer,d,7.0,7.0,7,7
22,Juventus,Kalulu,d,6.5,6.5,"6,5","6,5"
22,Juventus,Cambiaso,d,6.0,6.0,6,6
22,Juventus,Gatti,d,55.0,55.0,55,55
22,Juventus,Cabal,d,6.0,6.0,6,6
22,Juventus,Kelly L.,d,6.5,6.5,"6,5","6,5"
22,Juventus,Locatelli,c,7.0,8.0,7,8
22,Juventus,Kostic,c,7.0,10.0,7,10
22,Juventus,McKennie,c,6.0,6.0,6,6
22,Juventus,Thuram K.,c,7.0,7.0,7,7
22,Juventus,Koopmeiners,c,55.0,55.0,55,55
22,Juventus,Miretti,c,6.5,7.5,"6,5","7,5"
22,Juventus,Conceicao,c,6.0,6.0,6,6
22,Juventus,David,a,7.0,10.0,7,10
22,Juventus,Yildiz,a,7.0,9.5,7,"9,5"
22,Juventus,Spalletti,all,7.0,7.0,7,7
22,Lazio,Provedel,p,6.5,6.5,"6,5","6,5"
22,Lazio,Romagnoli,d,6.5,6.5,"6,5","6,5"
22,Lazio,Marusic,d,6.0,6.0,6,6
22,Lazio,Lazzari,d,6.0,6.0,6,6
22,Lazio,Pellegrini Lu.,d,6.0,6.0,6,6
22,Lazio,Gila,d,6.5,6.5,"6,5","6,5"
22,Lazio,Provstgaard,d,6.0,5.5,6,"5,5"
22,Lazio,Vecino,c,5.5,5.5,"5,5","5,5"
22,Lazio,Zaccagni,c,5.5,5.5,"5,5","5,5"
22,Lazio,Basic,c,5.5,5.5,"5,5","5,5"
22,Lazio,Isaksen,c,55.0,55.0,55,55
22,Lazio,Dele-Bashiru,c,6.0,6.0,6,6
22,Lazio,Taylor K.,c,6.0,6.0,6,6
22,Lazio,Cancellieri,a,5.0,5.0,5,5
22,Lazio,Dia,a,5.0,5.0,5,5
22,Lazio,Ratkov,a,6.0,6.0,6,6
22,Lazio,Sarri,all,6.0,6.0,6,6
22,Lecce,Falcone,p,6.5,6.5,"6,5","6,5"
22,Lecce,Gallo,d,6.0,6.0,6,6
22,Lecce,Tiago Gabriel,d,6.5,6.0,"6,5",6
22,Lecce,Veiga D.,d,6.0,5.5,6,"5,5"
22,Lecce,Siebert,d,6.0,6.0,6,6
22,Lecce,Sottil,c,6.5,6.5,"6,5","6,5"
22,Lecce,Coulibaly L.,c,6.0,6.0,6,6
22,Lecce,Ramadani,c,6.5,6.5,"6,5","6,5"
22,Lecce,Pierotti,c,6.0,6.0,6,6
22,Lecce,Tete Morente,c,55.0,55.0,55,55
22,Lecce,Gandelman,c,6.0,6.0,6,6
22,Lecce,Banda,a,6.0,6.0,6,6
22,Lecce,Cheddira,a,6.0,6.0,6,6
22,Lecce,Stulic,a,5.5,5.5,"5,5","5,5"
22,Lecce,Di Francesco,all,6.0,6.0,6,6
22,Milan,Maignan,p,7.0,5.5,7,"5,5"
22,Milan,Gabbia,d,6.0,6.0,6,6
22,Milan,Tomori,d,6.5,6.5,"6,5","6,5"
22,Milan,De Winter,d,7.0,10.0,7,10
22,Milan,Bartesaghi,d,5.5,5.5,"5,5","5,5"
22,Milan,Athekame,d,6.0,5.5,6,"5,5"
22,Milan,Rabiot,c,6.5,6.0,"6,5",6
22,Milan,Pulisic,c,5.5,5.5,"5,5","5,5"
22,Milan,Modric,c,7.0,7.5,7,"7,5"
22,Milan,Loftus-Cheek,c,55.0,55.0,55,55
22,Milan,Saelemaekers,c,5.5,5.5,"5,5","5,5"
22,Milan,Ricci S.,c,6.5,6.5,"6,5","6,5"
22,Milan,Fullkrug,a,6.0,6.0,6,6
22,Milan,Leao,a,5.0,5.0,5,5
22,Milan,Nkunku,a,5.5,5.5,"5,5","5,5"
22,Milan,Allegri,all,6.0,6.0,6,6
22,Napoli,Meret,p,6.0,3.0,6,3
22,Napoli,Juan Jesus,d,4.5,4.0,"4,5",4
22,Napoli,Spinazzola,d,5.0,5.0,5,5
22,Napoli,Buongiorno,d,6.0,6.0,6,6
22,Napoli,Di Lorenzo,d,5.5,5.5,"5,5","5,5"
22,Napoli,Gutierrez,d,6.0,6.0,6,6
22,Napoli,Beukema,d,6.0,6.0,6,6
22,Napoli,Lobotka,c,5.5,5.5,"5,5","5,5"
22,Napoli,Elmas,c,5.0,5.0,5,5
22,Napoli,McTominay,c,5.0,5.0,5,5
22,Napoli,Vergara,c,6.5,6.0,"6,5",6
22,Napoli,Lukaku,a,55.0,55.0,55,55
22,Napoli,Hojlund,a,5.0,5.0,5,5
22,Napoli,Giovane,a,5.5,5.5,"5,5","5,5"
22,Napoli,Conte,all,4.5,4.5,"4,5","4,5"
22,Parma,Corvi,p,5.5,1.5,"5,5","1,5"
22,Parma,Valenti,d,5.0,5.0,5,5
22,Parma,Valeri,d,5.5,5.5,"5,5","5,5"
22,Parma,Circati,d,5.0,5.0,5,5
22,Parma,Delprato,d,5.0,5.0,5,5
22,Parma,Troilo,d,5.0,5.0,5,5
22,Parma,Britschgi,d,5.0,5.0,5,5
22,Parma,Estevez,c,5.5,5.5,"5,5","5,5"
22,Parma,Oristanio,c,6.0,6.0,6,6
22,Parma,Bernabè,c,6.0,6.0,6,6
22,Parma,Keita M.,c,5.5,5.5,"5,5","5,5"
22,Parma,Ondrejka,c,5.5,5.5,"5,5","5,5"
22,Parma,Ordonez C.,c,55.0,55.0,55,55
22,Parma,Sorensen O.,c,5.5,5.5,"5,5","5,5"
22,Parma,Benedyczak,a,6.0,6.0,6,6
22,Parma,Pellegrino M.,a,5.0,5.0,5,5
22,Parma,Cuesta,all,5.5,5.5,"5,5","5,5"
22,Pisa,Scuffet,p,6.0,0.0,6,0
22,Pisa,Calabresi,d,5.0,4.5,5,"4,5"
22,Pisa,Canestrelli,d,5.0,5.0,5,5
22,Pisa,Coppola F.,d,4.5,4.5,"4,5","4,5"
22,Pisa,Angori,d,5.5,5.5,"5,5","5,5"
22,Pisa,Leris,c,5.5,5.5,"5,5","5,5"
22,Pisa,Tramoni M.,c,6.0,7.0,6,7
22,Pisa,Aebischer,c,5.5,5.5,"5,5","5,5"
22,Pisa,Akinsanmiro,c,5.0,4.5,5,"4,5"
22,Pisa,Piccinini G.,c,5.5,5.5,"5,5","5,5"
22,Pisa,Tourè I.,c,5.0,5.0,5,5
22,Pisa,Marin M.,c,6.0,5.5,6,"5,5"
22,Pisa,Lorran,c,5.5,5.5,"5,5","5,5"
22,Pisa,Moreo,a,7.5,13.5,"7,5","13,5"
22,Pisa,Meister,a,6.0,6.0,6,6
22,Pisa,Durosinmi,a,5.5,5.5,"5,5","5,5"
22,Pisa,Gilardino,all,5.5,5.0,"5,5",5
22,Roma,Svilar,p,6.0,5.0,6,5
22,Roma,Mancini,d,6.5,6.5,"6,5","6,5"
22,Roma,N'Dicka,d,5.5,5.5,"5,5","5,5"
22,Roma,Celik,d,7.0,7.0,7,7
22,Roma,Ghilardi,d,6.5,6.5,"6,5","6,5"
22,Roma,Wesley,d,5.5,5.5,"5,5","5,5"
22,Roma,Pellegrini Lo.,c,7.0,10.0,7,10
22,Roma,Cristante,c,6.0,6.0,6,6
22,Roma,Konè M.,c,6.0,6.0,6,6
22,Roma,Pisilli,c,6.0,6.0,6,6
22,Roma,Venturino,c,55.0,55.0,55,55
22,Roma,Dybala,a,6.0,6.0,6,6
22,Roma,Malen,a,5.5,5.5,"5,5","5,5"
22,Roma,Soulè,a,5.5,5.5,"5,5","5,5"
22,Roma,Vaz,a,6.0,6.0,6,6
22,Roma,Gasperini,all,6.0,6.0,6,6
22,Sassuolo,Muric,p,6.5,6.5,"6,5","6,5"
22,Sassuolo,Walukiewicz,d,6.0,6.0,6,6
22,Sassuolo,Doig,d,6.0,6.0,6,6
22,Sassuolo,Idzes,d,6.0,6.0,6,6
22,Sassuolo,Muharemovic,d,6.5,6.5,"6,5","6,5"
22,Sassuolo,Matic,c,6.0,6.0,6,6
22,Sassuolo,Thorstvedt,c,6.0,6.0,6,6
22,Sassuolo,Lipani,c,6.0,6.0,6,6
22,Sassuolo,Konè I.,c,6.5,6.5,"6,5","6,5"
22,Sassuolo,Fadera,c,7.0,10.0,7,10
22,Sassuolo,Iannoni,c,55.0,55.0,55,55
22,Sassuolo,Berardi,a,6.0,6.0,6,6
22,Sassuolo,Pierini,a,6.0,6.0,6,6
22,Sassuolo,Pinamonti,a,6.0,6.0,6,6
22,Sassuolo,Laurientè,a,6.5,6.0,"6,5",6
22,Sassuolo,Moro L.,a,5.5,5.5,"5,5","5,5"
22,Sassuolo,Grosso,all,6.5,6.5,"6,5","6,5"
22,Torino,Paleari,p,6.0,0.0,6,0
22,Torino,Lazaro,d,4.5,4.5,"4,5","4,5"
22,Torino,Maripan,d,4.5,4.5,"4,5","4,5"
22,Torino,Ismajli,d,5.0,5.0,5,5
22,Torino,Pedersen,d,4.5,4.0,"4,5",4
22,Torino,Coco,d,4.0,4.0,4,4
22,Torino,Obrador,d,5.0,5.0,5,5
22,Torino,Tameze,c,4.5,4.5,"4,5","4,5"
22,Torino,Vlasic,c,4.5,4.5,"4,5","4,5"
22,Torino,Casadei,c,4.5,4.5,"4,5","4,5"
22,Torino,Ilkhan,c,5.0,5.0,5,5
22,Torino,Anjorin,c,5.0,5.0,5,5
22,Torino,Zapata D.,a,5.0,5.0,5,5
22,Torino,Ngonge,a,5.0,5.0,5,5
22,Torino,Adams C.,a,5.0,5.0,5,5
22,Torino,Baroni,all,4.0,4.0,4,4
22,Udinese,Okoye,p,6.0,5.0,6,5
22,Udinese,Zanoli,d,7.0,10.0,7,10
22,Udinese,Bertola,d,6.0,6.0,6,6
22,Udinese,Ehizibue,d,55.0,55.0,55,55
22,Udinese,Zemura,d,6.5,6.5,"6,5","6,5"
22,Udinese,Kristensen T.,d,5.5,5.5,"5,5","5,5"
22,Udinese,Goglichidze,d,55.0,55.0,55,55
22,Udinese,Solet,d,6.5,6.5,"6,5","6,5"
22,Udinese,Lovric,c,55.0,55.0,55,55
22,Udinese,Zarraga,c,55.0,55.0,55,55
22,Udinese,Karlstrom,c,6.5,6.5,"6,5","6,5"
22,Udinese,Ekkelenkamp,c,6.0,6.0,6,6
22,Udinese,Atta,c,7.5,11.5,"7,5","11,5"
22,Udinese,Miller L.,c,5.5,5.5,"5,5","5,5"
22,Udinese,Davis K.,a,7.5,10.5,"7,5","10,5"
22,Udinese,Gueye,a,55.0,55.0,55,55
22,Udinese,Runjaic,all,7.0,7.0,7,7
22,Verona,Perilli,p,6.5,3.5,"6,5","3,5"
22,Verona,Lirola,d,5.5,5.0,"5,5",5
22,Verona,Bradaric,d,5.0,5.0,5,5
22,Verona,Ebosse,d,5.5,5.5,"5,5","5,5"
22,Verona,Oyegoke,d,55.0,55.0,55,55
22,Verona,Slotsager,d,5.0,5.0,5,5
22,Verona,Nelsson,d,5.0,5.0,5,5
22,Verona,Gagliardini,c,6.5,6.0,"6,5",6
22,Verona,Kastanos,c,55.0,55.0,55,55
22,Verona,Niasse,c,6.0,6.0,6,6
22,Verona,Harroui,c,6.0,6.0,6,6
22,Verona,Serdar,c,5.5,5.5,"5,5","5,5"
22,Verona,Bernede,c,5.5,5.5,"5,5","5,5"
22,Verona,Sarr A.,a,6.5,6.5,"6,5","6,5"
22,Verona,Orban G.,a,7.0,10.0,7,10
22,Verona,Isaac,a,6.0,6.0,6,6
22,Verona,Zanetti,all,5.0,5.0,5,5
23,Atalanta,Carnesecchi,p,8.5,11.5,"8,5","11,5"
23,Atalanta,Zappacosta,d,6.0,6.0,6,6
23,Atalanta,Djimsiti,d,6.5,6.5,"6,5","6,5"
23,Atalanta,Bellanova,d,6.0,5.5,6,"5,5"
23,Atalanta,Scalvini,d,6.0,6.0,6,6
23,Atalanta,Kossounou,d,55.0,55.0,55,55
23,Atalanta,Ahanor,d,4.0,3.0,4,3
23,Atalanta,Bernasconi,d,6.0,6.0,6,6
23,Atalanta,De Roon,c,6.0,5.5,6,"5,5"
23,Atalanta,Zalewski,c,5.5,5.5,"5,5","5,5"
23,Atalanta,Ederson D.S.,c,7.0,7.0,7,7
23,Atalanta,Scamacca,a,55.0,55.0,55,55
23,Atalanta,Sulemana K.,a,6.0,6.0,6,6
23,Atalanta,De Ketelaere,a,6.0,6.0,6,6
23,Atalanta,Krstovic,a,6.0,5.5,6,"5,5"
23,Atalanta,Palladino,all,6.5,6.5,"6,5","6,5"
23,Bologna,Ravaglia F.,p,6.0,2.5,6,"2,5"
23,Bologna,Lykogiannis,d,55.0,55.0,55,55
23,Bologna,Zortea,d,5.5,5.5,"5,5","5,5"
23,Bologna,Miranda J.,d,4.0,4.0,4,4
23,Bologna,Casale,d,5.0,5.0,5,5
23,Bologna,Heggem,d,4.5,4.5,"4,5","4,5"
23,Bologna,Bernardeschi,c,5.5,5.5,"5,5","5,5"
23,Bologna,Freuler,c,5.5,5.0,"5,5",5
23,Bologna,Orsolini,c,5.5,5.5,"5,5","5,5"
23,Bologna,Odgaard,c,5.0,5.0,5,5
23,Bologna,Ferguson,c,5.5,5.0,"5,5",5
23,Bologna,Moro N.,c,5.5,5.5,"5,5","5,5"
23,Bologna,Rowe,c,5.5,5.5,"5,5","5,5"
23,Bologna,Cambiaghi,a,55.0,55.0,55,55
23,Bologna,Castro S.,a,5.5,5.5,"5,5","5,5"
23,Bologna,Dallinga,a,5.5,5.5,"5,5","5,5"
23,Bologna,Italiano,all,5.0,5.0,5,5
23,Cagliari,Caprile,p,6.0,6.0,6,6
23,Cagliari,Luperto,d,6.5,6.5,"6,5","6,5"
23,Cagliari,Mina,d,6.5,6.5,"6,5","6,5"
23,Cagliari,Zappa,d,6.5,7.5,"6,5","7,5"
23,Cagliari,Obert,d,6.5,7.5,"6,5","7,5"
23,Cagliari,Palestra,d,7.0,7.0,7,7
23,Cagliari,Idrissi R.,d,6.5,9.5,"6,5","9,5"
23,Cagliari,Zè Pedro,d,6.5,6.5,"6,5","6,5"
23,Cagliari,Mazzitelli,c,7.0,10.0,7,10
23,Cagliari,Gaetano,c,6.5,6.5,"6,5","6,5"
23,Cagliari,Adopo,c,6.5,6.5,"6,5","6,5"
23,Cagliari,Sulemana I.,c,6.5,9.5,"6,5","9,5"
23,Cagliari,Pavoletti,a,55.0,55.0,55,55
23,Cagliari,Esposito Se.,a,7.0,8.0,7,8
23,Cagliari,Borrelli,a,6.5,6.5,"6,5","6,5"
23,Cagliari,Kilicsoy,a,7.5,10.5,"7,5","10,5"
23,Cagliari,Pisacane,all,7.0,7.0,7,7
23,Como,Butez,p,6.0,5.5,6,"5,5"
23,Como,Vojvoda,d,6.0,6.0,6,6
23,Como,Valle,d,6.5,6.5,"6,5","6,5"
23,Como,Ramon,d,6.5,6.5,"6,5","6,5"
23,Como,Kempf,d,6.0,6.0,6,6
23,Como,Smolcic I.,d,6.0,6.0,6,6
23,Como,Sergi Roberto,c,55.0,55.0,55,55
23,Como,Da Cunha,c,6.5,6.0,"6,5",6
23,Como,Perrone,c,6.0,5.5,6,"5,5"
23,Como,Paz N.,c,4.5,1.5,"4,5","1,5"
23,Como,Baturina,c,6.0,6.0,6,6
23,Como,Morata,a,5.5,5.5,"5,5","5,5"
23,Como,Douvikas,a,5.5,5.5,"5,5","5,5"
23,Como,Addai,a,5.5,5.0,"5,5",5
23,Como,Kuhn,a,55.0,55.0,55,55
23,Como,Rodriguez Je.,a,5.5,5.5,"5,5","5,5"
23,Como,Fabregas,all,5.5,5.5,"5,5","5,5"
23,Cremonese,Audero,p,5.0,3.0,5,3
23,Cremonese,Pezzella Giu.,d,5.5,5.5,"5,5","5,5"
23,Cremonese,Ceccherini,d,5.5,5.0,"5,5",5
23,Cremonese,Terracciano F.,d,6.0,6.0,6,6
23,Cremonese,Baschirotto,d,5.5,5.0,"5,5",5
23,Cremonese,Faye,d,6.0,6.0,6,6
23,Cremonese,Folino,d,6.0,6.0,6,6
23,Cremonese,Floriani Mussolini,d,6.0,6.0,6,6
23,Cremonese,Grassi,c,5.5,5.5,"5,5","5,5"
23,Cremonese,Maleh,c,5.5,5.5,"5,5","5,5"
23,Cremonese,Zerbin,c,5.5,5.5,"5,5","5,5"
23,Cremonese,Bonazzoli,a,5.5,5.5,"5,5","5,5"
23,Cremonese,Vardy,a,5.5,5.0,"5,5",5
23,Cremonese,Djuric,a,6.0,6.0,6,6
23,Cremonese,Johnsen,a,55.0,55.0,55,55
23,Cremonese,Nicola,all,5.5,5.5,"5,5","5,5"
23,Fiorentina,De Gea,p,6.0,4.0,6,4
23,Fiorentina,Gosens,d,5.5,5.5,"5,5","5,5"
23,Fiorentina,Ranieri L.,d,6.0,6.0,6,6
23,Fiorentina,Parisi,d,6.0,6.0,6,6
23,Fiorentina,Pongracic,d,5.5,5.5,"5,5","5,5"
23,Fiorentina,Dodò,d,6.5,6.5,"6,5","6,5"
23,Fiorentina,Comuzzo,d,6.0,6.0,6,6
23,Fiorentina,Mandragora,c,6.0,6.0,6,6
23,Fiorentina,Fagioli,c,5.5,5.5,"5,5","5,5"
23,Fiorentina,Brescianini,c,5.5,5.5,"5,5","5,5"
23,Fiorentina,Gudmundsson A.,c,6.0,6.0,6,6
23,Fiorentina,Fazzini,c,55.0,55.0,55,55
23,Fiorentina,Fabbian,c,5.5,5.0,"5,5",5
23,Fiorentina,Kean,a,6.0,6.0,6,6
23,Fiorentina,Piccoli,a,6.5,6.5,"6,5","6,5"
23,Fiorentina,Solomon,a,6.5,9.5,"6,5","9,5"
23,Fiorentina,Vanoli,all,5.5,5.5,"5,5","5,5"
23,Genoa,Bijlow,p,6.0,3.0,6,3
23,Genoa,Martin,d,4.5,4.5,"4,5","4,5"
23,Genoa,Vasquez,d,6.5,6.5,"6,5","6,5"
23,Genoa,Ostigard,d,5.0,4.5,5,"4,5"
23,Genoa,Marcandalli,d,5.5,5.5,"5,5","5,5"
23,Genoa,Norton-Cuffy,d,5.5,5.0,"5,5",5
23,Genoa,Malinovskyi,c,7.5,10.0,"7,5",10
23,Genoa,Cornet,c,55.0,55.0,55,55
23,Genoa,Messias,c,6.0,6.0,6,6
23,Genoa,Frendrup,c,6.5,6.5,"6,5","6,5"
23,Genoa,Ellertsson,c,5.5,5.5,"5,5","5,5"
23,Genoa,Masini,c,55.0,55.0,55,55
23,Genoa,Colombo,a,5.5,5.5,"5,5","5,5"
23,Genoa,Ekuban,a,55.0,55.0,55,55
23,Genoa,Vitinha O.,a,7.0,10.0,7,10
23,Genoa,De Rossi,all,6.0,6.0,6,6
23,Inter,Sommer,p,6.5,6.5,"6,5","6,5"
23,Inter,Dimarco,d,7.0,8.0,7,8
23,Inter,Bastoni,d,6.5,6.5,"6,5","6,5"
23,Inter,Darmian,d,6.0,6.0,6,6
23,Inter,Akanji,d,6.0,6.0,6,6
23,Inter,Bisseck,d,6.0,6.0,6,6
23,Inter,Zielinski,c,7.0,10.0,7,10
23,Inter,Mkhitaryan,c,6.0,6.0,6,6
23,Inter,Frattesi,c,6.0,6.0,6,6
23,Inter,Luis Henrique,c,6.5,7.5,"6,5","7,5"
23,Inter,Diouf,c,55.0,55.0,55,55
23,Inter,Sucic P.,c,6.5,6.5,"6,5","6,5"
23,Inter,Martinez L.,a,7.0,10.0,7,10
23,Inter,Thuram,a,6.0,6.0,6,6
23,Inter,Bonny,a,6.0,6.0,6,6
23,Inter,Esposito F.P.,a,6.0,6.0,6,6
23,Inter,Chivu,all,6.5,6.5,"6,5","6,5"
23,Juventus,Di Gregorio,p,6.5,5.5,"6,5","5,5"
23,Juventus,Bremer,d,8.0,13.5,8,"13,5"
23,Juventus,Kalulu,d,6.5,7.5,"6,5","7,5"
23,Juventus,Cambiaso,d,5.0,3.0,5,3
23,Juventus,Gatti,d,6.0,6.0,6,6
23,Juventus,Cabal,d,55.0,55.0,55,55
23,Juventus,Kelly L.,d,6.5,6.5,"6,5","6,5"
23,Juventus,Locatelli,c,6.5,6.5,"6,5","6,5"
23,Juventus,Kostic,c,6.0,6.0,6,6
23,Juventus,McKennie,c,7.5,10.0,"7,5",10
23,Juventus,Thuram K.,c,6.5,6.5,"6,5","6,5"
23,Juventus,Miretti,c,6.0,6.0,6,6
23,Juventus,Conceicao,c,6.5,7.0,"6,5",7
23,Juventus,David,a,7.0,10.0,7,10
23,Juventus,Openda,a,55.0,55.0,55,55
23,Juventus,Yildiz,a,6.0,6.0,6,6
23,Juventus,Spalletti,all,7.5,7.5,"7,5","7,5"
23,Lazio,Provedel,p,6.5,4.0,"6,5",4
23,Lazio,Marusic,d,6.0,6.0,6,6
23,Lazio,Pellegrini Lu.,d,6.5,6.0,"6,5",6
23,Lazio,Tavares N.,d,6.5,6.5,"6,5","6,5"
23,Lazio,Gila,d,6.0,6.0,6,6
23,Lazio,Provstgaard,d,6.5,6.5,"6,5","6,5"
23,Lazio,Cataldi,c,7.0,10.0,7,10
23,Lazio,Maldini,c,5.5,5.5,"5,5","5,5"
23,Lazio,Basic,c,6.0,6.0,6,6
23,Lazio,Isaksen,c,7.0,8.0,7,8
23,Lazio,Dele-Bashiru,c,55.0,55.0,55,55
23,Lazio,Taylor K.,c,6.5,9.5,"6,5","9,5"
23,Lazio,Pedro,a,7.0,10.0,7,10
23,Lazio,Cancellieri,a,6.0,6.0,6,6
23,Lazio,Noslin,a,55.0,55.0,55,55
23,Lazio,Ratkov,a,6.0,6.0,6,6
23,Lazio,Sarri,all,7.0,7.0,7,7
23,Lecce,Falcone,p,7.5,6.5,"7,5","6,5"
23,Lecce,Gallo,d,6.0,6.0,6,6
23,Lecce,Gaspar K.,d,6.0,6.0,6,6
23,Lecce,Tiago Gabriel,d,6.0,5.5,6,"5,5"
23,Lecce,Veiga D.,d,5.5,5.5,"5,5","5,5"
23,Lecce,Siebert,d,5.5,5.5,"5,5","5,5"
23,Lecce,Sottil,c,6.0,6.0,6,6
23,Lecce,Coulibaly L.,c,6.0,6.0,6,6
23,Lecce,Ramadani,c,6.0,5.5,6,"5,5"
23,Lecce,Pierotti,c,5.0,5.0,5,5
23,Lecce,Sala A.,c,55.0,55.0,55,55
23,Lecce,Gandelman,c,6.0,6.0,6,6
23,Lecce,Ngom,c,55.0,55.0,55,55
23,Lecce,Banda,a,6.0,6.0,6,6
23,Lecce,Cheddira,a,5.0,5.0,5,5
23,Lecce,N'Dri,a,55.0,55.0,55,55
23,Lecce,Di Francesco,all,5.5,5.5,"5,5","5,5"
23,Milan,Maignan,p,6.0,6.0,6,6
23,Milan,Gabbia,d,6.0,6.0,6,6
23,Milan,Tomori,d,6.0,6.0,6,6
23,Milan,Pavlovic,d,6.5,6.5,"6,5","6,5"
23,Milan,Estupinan,d,55.0,55.0,55,55
23,Milan,De Winter,d,6.5,6.5,"6,5","6,5"
23,Milan,Bartesaghi,d,6.5,6.5,"6,5","6,5"
23,Milan,Athekame,d,6.5,6.5,"6,5","6,5"
23,Milan,Rabiot,c,7.5,11.5,"7,5","11,5"
23,Milan,Modric,c,6.5,6.5,"6,5","6,5"
23,Milan,Loftus-Cheek,c,7.0,10.0,7,10
23,Milan,Fofana Y.,c,6.5,6.5,"6,5","6,5"
23,Milan,Ricci S.,c,6.0,6.0,6,6
23,Milan,Jashari,c,6.0,6.0,6,6
23,Milan,Fullkrug,a,6.0,6.0,6,6
23,Milan,Nkunku,a,7.0,10.0,7,10
23,Milan,Allegri,all,7.5,7.5,"7,5","7,5"
23,Napoli,Meret,p,7.0,7.0,7,7
23,Napoli,Juan Jesus,d,6.0,6.0,6,6
23,Napoli,Spinazzola,d,6.0,6.0,6,6
23,Napoli,Buongiorno,d,6.0,5.5,6,"5,5"
23,Napoli,Di Lorenzo,d,6.0,6.0,6,6
23,Napoli,Gutierrez,d,7.0,10.0,7,10
23,Napoli,Olivera,d,5.5,5.5,"5,5","5,5"
23,Napoli,Lobotka,c,6.0,6.0,6,6
23,Napoli,Elmas,c,6.5,6.5,"6,5","6,5"
23,Napoli,McTominay,c,6.5,6.5,"6,5","6,5"
23,Napoli,Vergara,c,7.0,10.0,7,10
23,Napoli,Lukaku,a,55.0,55.0,55,55
23,Napoli,Hojlund,a,6.0,6.0,6,6
23,Napoli,Giovane,a,55.0,55.0,55,55
23,Napoli,Conte,all,6.5,6.5,"6,5","6,5"
23,Parma,Corvi,p,5.5,1.5,"5,5","1,5"
23,Parma,Valeri,d,5.5,5.5,"5,5","5,5"
23,Parma,Circati,d,5.5,5.0,"5,5",5
23,Parma,Delprato,d,5.5,5.5,"5,5","5,5"
23,Parma,Troilo,d,5.0,5.0,5,5
23,Parma,Britschgi,d,5.5,5.5,"5,5","5,5"
23,Parma,Nicolussi Caviglia,c,5.5,5.5,"5,5","5,5"
23,Parma,Estevez,c,55.0,55.0,55,55
23,Parma,Oristanio,c,5.0,5.0,5,5
23,Parma,Bernabè,c,5.5,5.5,"5,5","5,5"
23,Parma,Keita M.,c,6.0,6.0,6,6
23,Parma,Ondrejka,c,5.0,5.0,5,5
23,Parma,Sorensen O.,c,5.5,5.5,"5,5","5,5"
23,Parma,Pellegrino M.,a,5.0,5.0,5,5
23,Parma,Elphege,a,55.0,55.0,55,55
23,Parma,Cuesta,all,5.0,5.0,5,5
23,Pisa,Scuffet,p,6.5,3.5,"6,5","3,5"
23,Pisa,Caracciolo A.,d,5.0,3.0,5,3
23,Pisa,Canestrelli,d,6.0,6.0,6,6
23,Pisa,Angori,d,5.5,5.5,"5,5","5,5"
23,Pisa,Bozhinov,d,5.0,4.5,5,"4,5"
23,Pisa,Leris,c,6.0,6.0,6,6
23,Pisa,Tramoni M.,c,5.0,4.5,5,"4,5"
23,Pisa,Stengs,c,55.0,55.0,55,55
23,Pisa,Aebischer,c,7.0,10.0,7,10
23,Pisa,Tourè I.,c,5.0,4.5,5,"4,5"
23,Pisa,Marin M.,c,5.5,5.5,"5,5","5,5"
23,Pisa,Loyola,c,5.5,5.5,"5,5","5,5"
23,Pisa,Moreo,a,5.5,5.5,"5,5","5,5"
23,Pisa,Meister,a,5.5,5.5,"5,5","5,5"
23,Pisa,Durosinmi,a,6.5,7.5,"6,5","7,5"
23,Pisa,Stojilkovic,a,5.5,5.5,"5,5","5,5"
23,Pisa,Gilardino,all,5.5,5.5,"5,5","5,5"
23,Roma,Svilar,p,6.0,5.0,6,5
23,Roma,Mancini,d,6.5,6.0,"6,5",6
23,Roma,N'Dicka,d,6.0,5.5,6,"5,5"
23,Roma,Celik,d,6.0,6.0,6,6
23,Roma,Hermoso,d,6.0,6.0,6,6
23,Roma,Tsimikas,d,55.0,55.0,55,55
23,Roma,Ghilardi,d,6.0,6.0,6,6
23,Roma,Wesley,d,5.0,5.0,5,5
23,Roma,Pellegrini Lo.,c,5.5,5.0,"5,5",5
23,Roma,Cristante,c,6.0,6.0,6,6
23,Roma,Pisilli,c,55.0,55.0,55,55
23,Roma,El Aynaoui,c,6.0,5.5,6,"5,5"
23,Roma,Venturino,c,5.5,5.5,"5,5","5,5"
23,Roma,Malen,a,5.0,5.0,5,5
23,Roma,Soulè,a,5.5,5.5,"5,5","5,5"
23,Roma,Vaz,a,55.0,55.0,55,55
23,Roma,Gasperini,all,5.5,5.5,"5,5","5,5"
23,Sassuolo,Muric,p,5.5,4.5,"5,5","4,5"
23,Sassuolo,Walukiewicz,d,6.0,6.0,6,6
23,Sassuolo,Doig,d,6.5,6.5,"6,5","6,5"
23,Sassuolo,Idzes,d,6.5,6.5,"6,5","6,5"
23,Sassuolo,Muharemovic,d,6.5,6.5,"6,5","6,5"
23,Sassuolo,Matic,c,7.0,8.0,7,8
23,Sassuolo,Volpato,c,55.0,55.0,55,55
23,Sassuolo,Thorstvedt,c,6.5,6.0,"6,5",6
23,Sassuolo,Lipani,c,6.0,6.0,6,6
23,Sassuolo,Konè I.,c,7.0,9.5,7,"9,5"
23,Sassuolo,Fadera,c,6.0,6.0,6,6
23,Sassuolo,Berardi,a,7.5,10.5,"7,5","10,5"
23,Sassuolo,Pinamonti,a,6.0,6.0,6,6
23,Sassuolo,Laurientè,a,6.0,6.0,6,6
23,Sassuolo,Moro L.,a,6.0,5.5,6,"5,5"
23,Sassuolo,Grosso,all,7.0,7.0,7,7
23,Torino,Paleari,p,6.5,6.5,"6,5","6,5"
23,Torino,Lazaro,d,6.0,6.0,6,6
23,Torino,Maripan,d,6.0,6.0,6,6
23,Torino,Pedersen,d,6.0,6.0,6,6
23,Torino,Coco,d,6.5,6.5,"6,5","6,5"
23,Torino,Marianucci,d,6.0,6.0,6,6
23,Torino,Obrador,d,6.5,6.5,"6,5","6,5"
23,Torino,Vlasic,c,7.0,7.5,7,"7,5"
23,Torino,Casadei,c,6.5,6.5,"6,5","6,5"
23,Torino,Ilkhan,c,6.0,6.0,6,6
23,Torino,Prati,c,6.0,5.5,6,"5,5"
23,Torino,Anjorin,c,6.0,6.0,6,6
23,Torino,Zapata D.,a,6.0,6.0,6,6
23,Torino,Adams C.,a,7.0,10.0,7,10
23,Torino,Njie,a,55.0,55.0,55,55
23,Torino,Kulenovic,a,55.0,55.0,55,55
23,Torino,Baroni,all,6.5,6.5,"6,5","6,5"
23,Udinese,Okoye,p,6.5,6.5,"6,5","6,5"
23,Udinese,Kabasele,d,55.0,55.0,55,55
23,Udinese,Bertola,d,6.0,6.0,6,6
23,Udinese,Ehizibue,d,6.0,6.0,6,6
23,Udinese,Zemura,d,6.5,6.0,"6,5",6
23,Udinese,Kristensen T.,d,6.5,6.0,"6,5",6
23,Udinese,Solet,d,7.0,7.0,7,7
23,Udinese,Zaniolo,c,55.0,55.0,55,55
23,Udinese,Zarraga,c,55.0,55.0,55,55
23,Udinese,Karlstrom,c,6.0,6.0,6,6
23,Udinese,Ekkelenkamp,c,7.0,10.0,7,10
23,Udinese,Atta,c,6.5,6.5,"6,5","6,5"
23,Udinese,Miller L.,c,6.0,5.5,6,"5,5"
23,Udinese,Davis K.,a,6.0,5.5,6,"5,5"
23,Udinese,Bayo V.,a,55.0,55.0,55,55
23,Udinese,Gueye,a,5.5,5.0,"5,5",5
23,Udinese,Runjaic,all,7.0,7.0,7,7
23,Verona,Perilli,p,6.0,2.0,6,2
23,Verona,Lirola,d,5.5,5.5,"5,5","5,5"
23,Verona,Frese,d,4.5,4.5,"4,5","4,5"
23,Verona,Valentini N.,d,4.5,4.5,"4,5","4,5"
23,Verona,Slotsager,d,5.0,5.0,5,5
23,Verona,Nelsson,d,5.0,5.0,5,5
23,Verona,Gagliardini,c,6.0,6.0,6,6
23,Verona,Niasse,c,55.0,55.0,55,55
23,Verona,Harroui,c,5.5,5.5,"5,5","5,5"
23,Verona,Lovric,c,5.5,5.5,"5,5","5,5"
23,Verona,Serdar,c,5.5,5.5,"5,5","5,5"
23,Verona,Al-Musrati,c,5.0,5.0,5,5
23,Verona,Bernede,c,5.5,5.5,"5,5","5,5"
23,Verona,Sarr A.,a,5.0,4.0,5,4
23,Verona,Orban G.,a,5.0,5.0,5,5
23,Verona,Mosquera,a,6.0,6.0,6,6
23,Verona,Zanetti,all,5.0,5.0,5,5
24,Atalanta,Carnesecchi,p,6.0,5.0,6,5
24,Atalanta,Zappacosta,d,7.0,10.0,7,10
24,Atalanta,Djimsiti,d,6.0,6.0,6,6
24,Atalanta,Kolasinac,d,6.0,5.5,6,"5,5"
24,Atalanta,Bellanova,d,6.0,6.0,6,6
24,Atalanta,Scalvini,d,6.5,6.5,"6,5","6,5"
24,Atalanta,Kossounou,d,5.5,5.0,"5,5",5
24,Atalanta,Bernasconi,d,6.0,6.0,6,6
24,Atalanta,Pasalic,c,6.5,7.5,"6,5","7,5"
24,Atalanta,Samardzic,c,6.5,6.5,"6,5","6,5"
24,Atalanta,Musah,c,55.0,55.0,55,55
24,Atalanta,Zalewski,c,6.5,6.5,"6,5","6,5"
24,Atalanta,Ederson D.S.,c,6.5,6.5,"6,5","6,5"
24,Atalanta,Raspadori,a,7.0,8.0,7,8
24,Atalanta,Sulemana K.,a,6.0,6.0,6,6
24,Atalanta,Krstovic,a,7.0,10.0,7,10
24,Atalanta,Palladino,all,6.5,6.5,"6,5","6,5"
24,Bologna,Skorupski,p,6.0,5.0,6,5
24,Bologna,Lykogiannis,d,5.0,5.0,5,5
24,Bologna,Zortea,d,6.0,6.0,6,6
24,Bologna,Miranda J.,d,6.5,6.5,"6,5","6,5"
24,Bologna,Lucumì,d,5.0,4.5,5,"4,5"
24,Bologna,Joao Mario,d,6.0,6.0,6,6
24,Bologna,Heggem,d,6.0,6.0,6,6
24,Bologna,Bernardeschi,c,6.0,6.0,6,6
24,Bologna,Freuler,c,6.5,6.5,"6,5","6,5"
24,Bologna,Orsolini,c,6.5,6.5,"6,5","6,5"
24,Bologna,Pobega,c,4.0,3.0,4,3
24,Bologna,Ferguson,c,5.5,5.5,"5,5","5,5"
24,Bologna,Rowe,c,6.5,6.5,"6,5","6,5"
24,Bologna,Cambiaghi,a,55.0,55.0,55,55
24,Bologna,Castro S.,a,6.0,6.0,6,6
24,Bologna,Dallinga,a,5.5,5.5,"5,5","5,5"
24,Bologna,Italiano,all,5.0,5.0,5,5
24,Cagliari,Caprile,p,6.0,4.0,6,4
24,Cagliari,Zappa,d,55.0,55.0,55,55
24,Cagliari,Obert,d,6.0,6.0,6,6
24,Cagliari,Dossena,d,5.0,4.5,5,"4,5"
24,Cagliari,Palestra,d,6.0,5.5,6,"5,5"
24,Cagliari,Idrissi R.,d,5.5,5.0,"5,5",5
24,Cagliari,Rodriguez Ju.,d,6.0,6.0,6,6
24,Cagliari,Zè Pedro,d,5.0,5.0,5,5
24,Cagliari,Mazzitelli,c,5.5,5.5,"5,5","5,5"
24,Cagliari,Gaetano,c,5.5,5.0,"5,5",5
24,Cagliari,Adopo,c,5.5,5.5,"5,5","5,5"
24,Cagliari,Sulemana I.,c,6.0,6.0,6,6
24,Cagliari,Pavoletti,a,5.5,5.5,"5,5","5,5"
24,Cagliari,Esposito Se.,a,5.5,5.5,"5,5","5,5"
24,Cagliari,Kilicsoy,a,5.0,5.0,5,5
24,Cagliari,Trepy,a,55.0,55.0,55,55
24,Cagliari,Pisacane,all,5.0,5.0,5,5
24,Como,Butez,p,6.0,4.5,6,"4,5"
24,Como,Diego Carlos,d,6.0,6.0,6,6
24,Como,Vojvoda,d,6.0,6.0,6,6
24,Como,Valle,d,6.0,6.0,6,6
24,Como,Ramon,d,5.5,5.5,"5,5","5,5"
24,Como,Kempf,d,6.0,6.0,6,6
24,Como,Van Der Brempt,d,5.5,5.5,"5,5","5,5"
24,Como,Smolcic I.,d,55.0,55.0,55,55
24,Como,Sergi Roberto,c,5.5,5.0,"5,5",5
24,Como,Caqueret,c,6.0,6.0,6,6
24,Como,Da Cunha,c,55.0,55.0,55,55
24,Como,Perrone,c,6.0,6.0,6,6
24,Como,Paz N.,c,7.0,9.5,7,"9,5"
24,Como,Baturina,c,6.5,6.5,"6,5","6,5"
24,Como,Douvikas,a,6.0,6.0,6,6
24,Como,Rodriguez Je.,a,55.0,55.0,55,55
24,Como,Fabregas,all,6.0,6.0,6,6
24,Cremonese,Audero,p,5.5,3.5,"5,5","3,5"
24,Cremonese,Luperto,d,6.0,7.0,6,7
24,Cremonese,Pezzella Giu.,d,5.5,5.5,"5,5","5,5"
24,Cremonese,Ceccherini,d,5.5,5.5,"5,5","5,5"
24,Cremonese,Terracciano F.,d,5.5,5.5,"5,5","5,5"
24,Cremonese,Baschirotto,d,6.0,6.0,6,6
24,Cremonese,Barbieri,d,6.0,6.0,6,6
24,Cremonese,Grassi,c,6.0,6.0,6,6
24,Cremonese,Thorsby,c,6.5,9.5,"6,5","9,5"
24,Cremonese,Maleh,c,5.0,5.0,5,5
24,Cremonese,Zerbin,c,55.0,55.0,55,55
24,Cremonese,Payero,c,6.0,6.0,6,6
24,Cremonese,Sanabria,a,5.5,5.5,"5,5","5,5"
24,Cremonese,Bonazzoli,a,5.5,5.5,"5,5","5,5"
24,Cremonese,Vardy,a,6.0,6.0,6,6
24,Cremonese,Djuric,a,6.0,6.0,6,6
24,Cremonese,Nicola,all,5.5,5.5,"5,5","5,5"
24,Fiorentina,De Gea,p,6.5,4.5,"6,5","4,5"
24,Fiorentina,Ranieri L.,d,55.0,55.0,55,55
24,Fiorentina,Parisi,d,6.0,6.0,6,6
24,Fiorentina,Pongracic,d,6.0,6.0,6,6
24,Fiorentina,Dodò,d,5.5,5.0,"5,5",5
24,Fiorentina,Comuzzo,d,5.5,5.0,"5,5",5
24,Fiorentina,Mandragora,c,6.5,7.5,"6,5","7,5"
24,Fiorentina,Fagioli,c,7.0,7.0,7,7
24,Fiorentina,Brescianini,c,5.5,5.5,"5,5","5,5"
24,Fiorentina,Harrison,c,6.5,7.5,"6,5","7,5"
24,Fiorentina,Gudmundsson A.,c,6.0,6.0,6,6
24,Fiorentina,Fabbian,c,6.0,6.0,6,6
24,Fiorentina,Ndour,c,6.0,6.0,6,6
24,Fiorentina,Kean,a,6.5,9.5,"6,5","9,5"
24,Fiorentina,Piccoli,a,55.0,55.0,55,55
24,Fiorentina,Solomon,a,7.0,10.0,7,10
24,Fiorentina,Vanoli,all,6.0,5.5,6,"5,5"
24,Genoa,Bijlow,p,5.5,2.5,"5,5","2,5"
24,Genoa,Martin,d,5.5,5.5,"5,5","5,5"
24,Genoa,Vasquez,d,5.5,5.0,"5,5",5
24,Genoa,Ostigard,d,5.5,5.5,"5,5","5,5"
24,Genoa,Marcandalli,d,6.0,5.5,6,"5,5"
24,Genoa,Norton-Cuffy,d,6.0,6.0,6,6
24,Genoa,Malinovskyi,c,6.5,9.5,"6,5","9,5"
24,Genoa,Cornet,c,5.0,5.0,5,5
24,Genoa,Messias,c,6.0,6.0,6,6
24,Genoa,Frendrup,c,5.5,5.5,"5,5","5,5"
24,Genoa,Ellertsson,c,6.0,6.0,6,6
24,Genoa,Masini,c,6.0,6.0,6,6
24,Genoa,Colombo,a,7.0,10.0,7,10
24,Genoa,Ekuban,a,6.0,6.0,6,6
24,Genoa,Vitinha O.,a,6.5,6.5,"6,5","6,5"
24,Genoa,De Rossi,all,5.0,5.0,5,5
24,Inter,Sommer,p,6.0,6.0,6,6
24,Inter,Dimarco,d,8.5,11.0,"8,5",11
24,Inter,Bastoni,d,6.5,6.5,"6,5","6,5"
24,Inter,Darmian,d,6.0,6.0,6,6
24,Inter,Akanji,d,7.5,10.5,"7,5","10,5"
24,Inter,Bisseck,d,7.5,10.5,"7,5","10,5"
24,Inter,Zielinski,c,6.5,6.5,"6,5","6,5"
24,Inter,Mkhitaryan,c,6.5,6.5,"6,5","6,5"
24,Inter,Frattesi,c,6.0,6.0,6,6
24,Inter,Luis Henrique,c,7.0,10.0,7,10
24,Inter,Diouf,c,6.0,6.0,6,6
24,Inter,Sucic P.,c,6.5,6.5,"6,5","6,5"
24,Inter,Martinez L.,a,7.0,10.0,7,10
24,Inter,Thuram,a,7.0,10.0,7,10
24,Inter,Bonny,a,55.0,55.0,55,55
24,Inter,Esposito F.P.,a,55.0,55.0,55,55
24,Inter,Chivu,all,7.0,7.0,7,7
24,Juventus,Di Gregorio,p,5.5,3.5,"5,5","3,5"
24,Juventus,Bremer,d,5.5,5.5,"5,5","5,5"
24,Juventus,Kalulu,d,7.0,10.0,7,10
24,Juventus,Cambiaso,d,5.0,6.0,5,6
24,Juventus,Cabal,d,5.5,5.5,"5,5","5,5"
24,Juventus,Kelly L.,d,6.0,6.0,6,6
24,Juventus,Locatelli,c,5.5,5.5,"5,5","5,5"
24,Juventus,McKennie,c,7.0,10.0,7,10
24,Juventus,Thuram K.,c,5.5,5.5,"5,5","5,5"
24,Juventus,Koopmeiners,c,5.5,5.5,"5,5","5,5"
24,Juventus,Zhegrova,c,5.5,5.5,"5,5","5,5"
24,Juventus,Miretti,c,55.0,55.0,55,55
24,Juventus,Boga,a,6.5,7.5,"6,5","7,5"
24,Juventus,David,a,5.0,5.0,5,5
24,Juventus,Openda,a,55.0,55.0,55,55
24,Juventus,Yildiz,a,6.0,6.0,6,6
24,Juventus,Spalletti,all,6.0,6.0,6,6
24,Lazio,Provedel,p,7.0,5.0,7,5
24,Lazio,Patric,d,55.0,55.0,55,55
24,Lazio,Romagnoli,d,5.5,5.0,"5,5",5
24,Lazio,Marusic,d,6.5,6.5,"6,5","6,5"
24,Lazio,Tavares N.,d,6.5,6.5,"6,5","6,5"
24,Lazio,Gila,d,6.5,6.5,"6,5","6,5"
24,Lazio,Provstgaard,d,6.0,6.0,6,6
24,Lazio,Cataldi,c,6.5,7.5,"6,5","7,5"
24,Lazio,Maldini,c,6.5,7.5,"6,5","7,5"
24,Lazio,Basic,c,5.5,5.5,"5,5","5,5"
24,Lazio,Isaksen,c,7.0,10.0,7,10
24,Lazio,Dele-Bashiru,c,5.5,5.5,"5,5","5,5"
24,Lazio,Taylor K.,c,6.5,6.0,"6,5",6
24,Lazio,Pedro,a,7.0,10.0,7,10
24,Lazio,Cancellieri,a,5.5,5.5,"5,5","5,5"
24,Lazio,Noslin,a,5.0,5.0,5,5
24,Lazio,Sarri,all,6.5,6.5,"6,5","6,5"
24,Lecce,Falcone,p,6.0,5.0,6,5
24,Lecce,Gallo,d,6.0,6.0,6,6
24,Lecce,Gaspar K.,d,5.0,5.0,5,5
24,Lecce,Tiago Gabriel,d,6.5,6.5,"6,5","6,5"
24,Lecce,Veiga D.,d,6.0,6.0,6,6
24,Lecce,Siebert,d,55.0,55.0,55,55
24,Lecce,Sottil,c,6.0,6.0,6,6
24,Lecce,Coulibaly L.,c,6.0,6.0,6,6
24,Lecce,Ramadani,c,6.0,6.0,6,6
24,Lecce,Pierotti,c,5.5,5.5,"5,5","5,5"
24,Lecce,Gandelman,c,7.0,10.0,7,10
24,Lecce,Banda,a,7.0,9.5,7,"9,5"
24,Lecce,Cheddira,a,5.5,5.5,"5,5","5,5"
24,Lecce,N'Dri,a,5.5,5.5,"5,5","5,5"
24,Lecce,Stulic,a,6.0,6.0,6,6
24,Lecce,Di Francesco,all,7.0,7.0,7,7
24,Milan,Maignan,p,4.5,3.5,"4,5","3,5"
24,Milan,Gabbia,d,6.0,6.0,6,6
24,Milan,Tomori,d,6.0,6.0,6,6
24,Milan,Pavlovic,d,6.0,6.0,6,6
24,Milan,De Winter,d,6.0,6.0,6,6
24,Milan,Bartesaghi,d,6.0,6.0,6,6
24,Milan,Athekame,d,5.5,5.5,"5,5","5,5"
24,Milan,Pulisic,c,55.0,55.0,55,55
24,Milan,Modric,c,6.5,6.5,"6,5","6,5"
24,Milan,Fofana Y.,c,6.0,6.0,6,6
24,Milan,Saelemaekers,c,6.5,6.0,"6,5",6
24,Milan,Ricci S.,c,5.5,5.5,"5,5","5,5"
24,Milan,Jashari,c,6.5,7.5,"6,5","7,5"
24,Milan,Fullkrug,a,6.0,6.0,6,6
24,Milan,Leao,a,7.0,9.5,7,"9,5"
24,Milan,Nkunku,a,5.5,5.5,"5,5","5,5"
24,Milan,Allegri,all,6.0,5.0,6,5
24,Napoli,Meret,p,5.5,3.0,"5,5",3
24,Napoli,Juan Jesus,d,5.0,4.0,5,4
24,Napoli,Spinazzola,d,6.0,6.0,6,6
24,Napoli,Buongiorno,d,4.0,4.0,4,4
24,Napoli,Rrahmani,d,6.5,6.5,"6,5","6,5"
24,Napoli,Gutierrez,d,5.5,5.5,"5,5","5,5"
24,Napoli,Olivera,d,55.0,55.0,55,55
24,Napoli,Beukema,d,6.0,6.0,6,6
24,Napoli,Lobotka,c,6.5,6.5,"6,5","6,5"
24,Napoli,Elmas,c,6.5,6.5,"6,5","6,5"
24,Napoli,McTominay,c,7.5,10.5,"7,5","10,5"
24,Napoli,Vergara,c,6.5,6.5,"6,5","6,5"
24,Napoli,Hojlund,a,7.5,13.5,"7,5","13,5"
24,Napoli,Giovane,a,5.5,5.5,"5,5","5,5"
24,Napoli,Conte,all,7.0,7.0,7,7
24,Parma,Corvi,p,7.5,7.5,"7,5","7,5"
24,Parma,Valeri,d,6.0,6.0,6,6
24,Parma,Carboni F.,d,55.0,55.0,55,55
24,Parma,Circati,d,6.5,6.5,"6,5","6,5"
24,Parma,Delprato,d,6.0,6.0,6,6
24,Parma,Troilo,d,4.5,3.5,"4,5","3,5"
24,Parma,Britschgi,d,6.0,5.5,6,"5,5"
24,Parma,Nicolussi Caviglia,c,6.5,7.5,"6,5","7,5"
24,Parma,Strefezza,c,6.0,6.0,6,6
24,Parma,Oristanio,c,5.5,5.5,"5,5","5,5"
24,Parma,Bernabè,c,6.0,6.0,6,6
24,Parma,Keita M.,c,6.5,6.5,"6,5","6,5"
24,Parma,Ordonez C.,c,7.0,10.0,7,10
24,Parma,Sorensen O.,c,6.0,6.0,6,6
24,Parma,Pellegrino M.,a,5.5,5.5,"5,5","5,5"
24,Parma,Cuesta,all,7.0,7.0,7,7
24,Pisa,Scuffet,p,6.0,6.0,6,6
24,Pisa,Caracciolo A.,d,7.0,7.0,7,7
24,Pisa,Calabresi,d,6.0,6.0,6,6
24,Pisa,Canestrelli,d,6.0,6.0,6,6
24,Pisa,Angori,d,6.5,6.5,"6,5","6,5"
24,Pisa,Bozhinov,d,5.5,5.5,"5,5","5,5"
24,Pisa,Leris,c,5.5,5.5,"5,5","5,5"
24,Pisa,Aebischer,c,5.5,5.5,"5,5","5,5"
24,Pisa,Tourè I.,c,6.5,6.5,"6,5","6,5"
24,Pisa,Marin M.,c,6.0,5.5,6,"5,5"
24,Pisa,Loyola,c,6.5,6.5,"6,5","6,5"
24,Pisa,Moreo,a,6.0,5.5,6,"5,5"
24,Pisa,Meister,a,5.0,5.0,5,5
24,Pisa,Durosinmi,a,5.5,5.5,"5,5","5,5"
24,Pisa,Stojilkovic,a,5.0,5.0,5,5
24,Pisa,Hiljemark,all,5.5,5.5,"5,5","5,5"
24,Roma,Svilar,p,6.0,6.0,6,6
24,Roma,Mancini,d,6.5,7.0,"6,5",7
24,Roma,N'Dicka,d,6.5,6.5,"6,5","6,5"
24,Roma,Celik,d,7.0,8.0,7,8
24,Roma,Ghilardi,d,6.5,6.5,"6,5","6,5"
24,Roma,Wesley,d,6.5,6.5,"6,5","6,5"
24,Roma,Pellegrini Lo.,c,6.0,6.0,6,6
24,Roma,Cristante,c,6.5,6.5,"6,5","6,5"
24,Roma,Pisilli,c,6.5,6.5,"6,5","6,5"
24,Roma,El Aynaoui,c,55.0,55.0,55,55
24,Roma,Zaragoza,c,6.0,5.5,6,"5,5"
24,Roma,Venturino,c,55.0,55.0,55,55
24,Roma,Malen,a,7.5,13.5,"7,5","13,5"
24,Roma,Soulè,a,6.0,6.0,6,6
24,Roma,Arena A.,a,55.0,55.0,55,55
24,Roma,Gasperini,all,6.5,6.5,"6,5","6,5"
24,Sassuolo,Muric,p,4.0,-1.0,4,-1
24,Sassuolo,Walukiewicz,d,4.5,4.5,"4,5","4,5"
24,Sassuolo,Doig,d,5.5,5.5,"5,5","5,5"
24,Sassuolo,Garcia U.,d,5.5,5.5,"5,5","5,5"
24,Sassuolo,Coulibaly W.,d,5.0,5.0,5,5
24,Sassuolo,Idzes,d,5.0,5.0,5,5
24,Sassuolo,Muharemovic,d,4.0,4.0,4,4
24,Sassuolo,Matic,c,4.5,3.5,"4,5","3,5"
24,Sassuolo,Thorstvedt,c,5.0,5.0,5,5
24,Sassuolo,Lipani,c,5.5,5.5,"5,5","5,5"
24,Sassuolo,Konè I.,c,5.0,5.0,5,5
24,Sassuolo,Berardi,a,5.5,5.5,"5,5","5,5"
24,Sassuolo,Pinamonti,a,5.0,5.0,5,5
24,Sassuolo,Nzola,a,5.5,5.5,"5,5","5,5"
24,Sassuolo,Laurientè,a,6.5,6.5,"6,5","6,5"
24,Sassuolo,Grosso,all,4.5,4.5,"4,5","4,5"
24,Torino,Paleari,p,6.5,4.5,"6,5","4,5"
24,Torino,Lazaro,d,5.5,5.0,"5,5",5
24,Torino,Maripan,d,6.0,8.5,6,"8,5"
24,Torino,Pedersen,d,5.5,5.5,"5,5","5,5"
24,Torino,Coco,d,5.0,5.0,5,5
24,Torino,Marianucci,d,5.5,5.0,"5,5",5
24,Torino,Obrador,d,6.0,6.0,6,6
24,Torino,Casadei,c,7.0,10.0,7,10
24,Torino,Ilkhan,c,6.5,7.5,"6,5","7,5"
24,Torino,Gineitis,c,6.0,6.5,6,"6,5"
24,Torino,Anjorin,c,6.0,6.0,6,6
24,Torino,Zapata D.,a,55.0,55.0,55,55
24,Torino,Simeone,a,5.5,5.5,"5,5","5,5"
24,Torino,Adams C.,a,5.0,5.0,5,5
24,Torino,Aboukhlal,a,6.5,6.0,"6,5",6
24,Torino,Kulenovic,a,5.5,5.5,"5,5","5,5"
24,Torino,Baroni,all,6.0,5.5,6,"5,5"
24,Udinese,Okoye,p,6.0,4.0,6,4
24,Udinese,Kabasele,d,55.0,55.0,55,55
24,Udinese,Bertola,d,5.5,5.0,"5,5",5
24,Udinese,Ehizibue,d,5.5,5.5,"5,5","5,5"
24,Udinese,Zemura,d,6.0,6.0,6,6
24,Udinese,Kristensen T.,d,6.0,6.0,6,6
24,Udinese,Solet,d,6.5,9.5,"6,5","9,5"
24,Udinese,Zaniolo,c,6.0,6.0,6,6
24,Udinese,Zarraga,c,55.0,55.0,55,55
24,Udinese,Karlstrom,c,5.0,5.0,5,5
24,Udinese,Ekkelenkamp,c,5.5,5.5,"5,5","5,5"
24,Udinese,Atta,c,6.5,6.5,"6,5","6,5"
24,Udinese,Miller L.,c,6.0,6.0,6,6
24,Udinese,Bayo V.,a,5.5,5.5,"5,5","5,5"
24,Udinese,Buksa,a,55.0,55.0,55,55
24,Udinese,Gueye,a,5.5,5.0,"5,5",5
24,Udinese,Runjaic,all,5.5,5.5,"5,5","5,5"
24,Verona,Montipò,p,6.5,6.5,"6,5","6,5"
24,Verona,Lirola,d,5.5,5.5,"5,5","5,5"
24,Verona,Bradaric,d,5.5,5.5,"5,5","5,5"
24,Verona,Frese,d,5.5,5.5,"5,5","5,5"
24,Verona,Slotsager,d,6.0,6.0,6,6
24,Verona,Nelsson,d,6.5,6.5,"6,5","6,5"
24,Verona,Edmundsson,d,7.0,7.0,7,7
24,Verona,Niasse,c,5.0,5.0,5,5
24,Verona,Harroui,c,55.0,55.0,55,55
24,Verona,Lovric,c,6.0,6.0,6,6
24,Verona,Serdar,c,5.5,5.0,"5,5",5
24,Verona,Al-Musrati,c,6.5,6.5,"6,5","6,5"
24,Verona,Bernede,c,6.0,6.0,6,6
24,Verona,Orban G.,a,6.0,6.0,6,6
24,Verona,Mosquera,a,55.0,55.0,55,55
24,Verona,Bowie,a,5.0,5.0,5,5
24,Verona,Sammarco,all,5.5,5.5,"5,5","5,5"
25,Atalanta,Carnesecchi,p,6.5,6.5,"6,5","6,5"
25,Atalanta,Zappacosta,d,6.5,6.5,"6,5","6,5"
25,Atalanta,Djimsiti,d,6.0,5.5,6,"5,5"
25,Atalanta,Kolasinac,d,6.5,6.5,"6,5","6,5"
25,Atalanta,Bellanova,d,55.0,55.0,55,55
25,Atalanta,Scalvini,d,5.5,5.0,"5,5",5
25,Atalanta,Kossounou,d,6.5,6.5,"6,5","6,5"
25,Atalanta,Ahanor,d,5.0,4.5,5,"4,5"
25,Atalanta,Bernasconi,d,6.5,7.0,"6,5",7
25,Atalanta,De Roon,c,5.5,5.5,"5,5","5,5"
25,Atalanta,Samardzic,c,6.0,6.0,6,6
25,Atalanta,Zalewski,c,7.0,10.0,7,10
25,Atalanta,Ederson D.S.,c,7.0,10.0,7,10
25,Atalanta,Raspadori,a,6.0,6.0,6,6
25,Atalanta,Sulemana K.,a,6.0,6.0,6,6
25,Atalanta,Krstovic,a,6.0,6.0,6,6
25,Atalanta,Palladino,all,6.5,6.5,"6,5","6,5"
25,Bologna,Skorupski,p,6.0,5.0,6,5
25,Bologna,Zortea,d,6.0,6.0,6,6
25,Bologna,Miranda J.,d,5.5,5.5,"5,5","5,5"
25,Bologna,Lucumì,d,6.0,6.0,6,6
25,Bologna,Vitik,d,6.0,6.0,6,6
25,Bologna,Joao Mario,d,6.0,6.0,6,6
25,Bologna,Bernardeschi,c,6.5,7.5,"6,5","7,5"
25,Bologna,Freuler,c,6.5,6.5,"6,5","6,5"
25,Bologna,Orsolini,c,55.0,55.0,55,55
25,Bologna,Odgaard,c,55.0,55.0,55,55
25,Bologna,Sohm,c,5.5,5.0,"5,5",5
25,Bologna,Ferguson,c,55.0,55.0,55,55
25,Bologna,Moro N.,c,6.5,9.5,"6,5","9,5"
25,Bologna,Rowe,c,7.0,8.0,7,8
25,Bologna,Castro S.,a,7.0,10.0,7,10
25,Bologna,Dominguez B.,a,6.0,6.0,6,6
25,Bologna,Italiano,all,6.5,6.5,"6,5","6,5"
25,Cagliari,Caprile,p,4.5,2.5,"4,5","2,5"
25,Cagliari,Mina,d,5.5,5.5,"5,5","5,5"
25,Cagliari,Zappa,d,6.0,6.0,6,6
25,Cagliari,Obert,d,6.0,6.0,6,6
25,Cagliari,Palestra,d,5.5,5.5,"5,5","5,5"
25,Cagliari,Idrissi R.,d,4.5,4.5,"4,5","4,5"
25,Cagliari,Zè Pedro,d,6.0,6.0,6,6
25,Cagliari,Mazzitelli,c,5.5,5.5,"5,5","5,5"
25,Cagliari,Adopo,c,5.5,5.5,"5,5","5,5"
25,Cagliari,Sulemana I.,c,5.0,5.0,5,5
25,Cagliari,Pavoletti,a,5.5,5.5,"5,5","5,5"
25,Cagliari,Esposito Se.,a,5.5,5.5,"5,5","5,5"
25,Cagliari,Kilicsoy,a,5.5,5.5,"5,5","5,5"
25,Cagliari,Trepy,a,5.5,5.5,"5,5","5,5"
25,Cagliari,Pisacane,all,5.0,5.0,5,5
25,Como,Butez,p,6.0,4.0,6,4
25,Como,Vojvoda,d,5.5,5.5,"5,5","5,5"
25,Como,Moreno Alb.,d,5.5,5.5,"5,5","5,5"
25,Como,Valle,d,6.0,6.0,6,6
25,Como,Ramon,d,5.5,5.5,"5,5","5,5"
25,Como,Kempf,d,5.0,4.5,5,"4,5"
25,Como,Caqueret,c,6.0,6.0,6,6
25,Como,Da Cunha,c,5.5,5.5,"5,5","5,5"
25,Como,Perrone,c,5.0,5.0,5,5
25,Como,Paz N.,c,5.0,5.0,5,5
25,Como,Baturina,c,5.5,5.5,"5,5","5,5"
25,Como,Morata,a,5.0,4.0,5,4
25,Como,Douvikas,a,5.5,5.5,"5,5","5,5"
25,Como,Addai,a,5.5,5.5,"5,5","5,5"
25,Como,Kuhn,a,6.0,6.0,6,6
25,Como,Rodriguez Je.,a,6.5,6.0,"6,5",6
25,Como,Fabregas,all,5.5,5.5,"5,5","5,5"
25,Cremonese,Audero,p,7.0,7.0,7,7
25,Cremonese,Luperto,d,6.5,6.5,"6,5","6,5"
25,Cremonese,Pezzella Giu.,d,6.0,5.5,6,"5,5"
25,Cremonese,Terracciano F.,d,6.5,6.0,"6,5",6
25,Cremonese,Baschirotto,d,7.0,7.0,7,7
25,Cremonese,Barbieri,d,6.0,6.0,6,6
25,Cremonese,Floriani Mussolini,d,55.0,55.0,55,55
25,Cremonese,Grassi,c,6.0,6.0,6,6
25,Cremonese,Thorsby,c,6.5,6.5,"6,5","6,5"
25,Cremonese,Maleh,c,6.0,6.0,6,6
25,Cremonese,Zerbin,c,6.0,6.0,6,6
25,Cremonese,Payero,c,5.5,5.5,"5,5","5,5"
25,Cremonese,Sanabria,a,5.5,5.5,"5,5","5,5"
25,Cremonese,Bonazzoli,a,6.0,6.0,6,6
25,Cremonese,Vardy,a,5.5,5.5,"5,5","5,5"
25,Cremonese,Djuric,a,6.5,6.5,"6,5","6,5"
25,Cremonese,Nicola,all,6.0,6.0,6,6
25,Fiorentina,De Gea,p,6.0,5.0,6,5
25,Fiorentina,Ranieri L.,d,6.0,5.5,6,"5,5"
25,Fiorentina,Parisi,d,6.0,4.0,6,4
25,Fiorentina,Pongracic,d,6.5,6.5,"6,5","6,5"
25,Fiorentina,Dodò,d,6.5,6.5,"6,5","6,5"
25,Fiorentina,Mandragora,c,6.5,6.0,"6,5",6
25,Fiorentina,Fagioli,c,7.0,10.0,7,10
25,Fiorentina,Brescianini,c,6.0,6.0,6,6
25,Fiorentina,Harrison,c,6.0,6.0,6,6
25,Fiorentina,Ndour,c,55.0,55.0,55,55
25,Fiorentina,Kean,a,7.0,10.0,7,10
25,Fiorentina,Piccoli,a,55.0,55.0,55,55
25,Fiorentina,Solomon,a,6.5,6.5,"6,5","6,5"
25,Fiorentina,Vanoli,all,7.0,6.0,7,6
25,Genoa,Bijlow,p,6.5,6.5,"6,5","6,5"
25,Genoa,Martin,d,5.5,5.5,"5,5","5,5"
25,Genoa,Vasquez,d,6.5,6.5,"6,5","6,5"
25,Genoa,Ostigard,d,6.5,6.5,"6,5","6,5"
25,Genoa,Marcandalli,d,6.0,6.0,6,6
25,Genoa,Norton-Cuffy,d,6.5,6.5,"6,5","6,5"
25,Genoa,Malinovskyi,c,6.0,6.0,6,6
25,Genoa,Messias,c,6.0,6.0,6,6
25,Genoa,Frendrup,c,6.0,6.0,6,6
25,Genoa,Baldanzi,c,6.0,6.0,6,6
25,Genoa,Ellertsson,c,6.0,6.0,6,6
25,Genoa,Amorim,c,55.0,55.0,55,55
25,Genoa,Colombo,a,5.5,5.5,"5,5","5,5"
25,Genoa,Ekuban,a,5.5,5.5,"5,5","5,5"
25,Genoa,Vitinha O.,a,6.0,6.0,6,6
25,Genoa,Ekhator,a,6.0,6.0,6,6
25,Genoa,De Rossi,all,6.0,6.0,6,6
25,Inter,Sommer,p,6.0,4.0,6,4
25,Inter,Dimarco,d,6.5,7.5,"6,5","7,5"
25,Inter,Bastoni,d,6.0,5.5,6,"5,5"
25,Inter,Akanji,d,6.0,6.0,6,6
25,Inter,Carlos Augusto,d,6.0,6.0,6,6
25,Inter,Bisseck,d,6.0,7.0,6,7
25,Inter,Zielinski,c,7.0,9.5,7,"9,5"
25,Inter,Barella,c,6.0,5.5,6,"5,5"
25,Inter,Calhanoglu,c,6.5,6.0,"6,5",6
25,Inter,Luis Henrique,c,5.5,5.5,"5,5","5,5"
25,Inter,Diouf,c,6.5,6.5,"6,5","6,5"
25,Inter,Sucic P.,c,6.5,6.5,"6,5","6,5"
25,Inter,Martinez L.,a,5.5,5.5,"5,5","5,5"
25,Inter,Thuram,a,6.0,6.0,6,6
25,Inter,Bonny,a,55.0,55.0,55,55
25,Inter,Esposito F.P.,a,7.0,10.0,7,10
25,Inter,Chivu,all,6.5,6.0,"6,5",6
25,Juventus,Di Gregorio,p,5.5,2.5,"5,5","2,5"
25,Juventus,Bremer,d,7.0,7.0,7,7
25,Juventus,Kalulu,d,5.0,4.0,5,4
25,Juventus,Cambiaso,d,6.5,7.5,"6,5","7,5"
25,Juventus,Holm,d,6.0,6.0,6,6
25,Juventus,Cabal,d,5.5,5.5,"5,5","5,5"
25,Juventus,Kelly L.,d,6.5,6.5,"6,5","6,5"
25,Juventus,Locatelli,c,6.5,9.5,"6,5","9,5"
25,Juventus,McKennie,c,7.0,9.0,7,9
25,Juventus,Koopmeiners,c,6.0,6.0,6,6
25,Juventus,Miretti,c,5.5,5.5,"5,5","5,5"
25,Juventus,Conceicao,c,6.0,6.0,6,6
25,Juventus,Boga,a,6.0,6.0,6,6
25,Juventus,David,a,5.5,5.5,"5,5","5,5"
25,Juventus,Openda,a,55.0,55.0,55,55
25,Juventus,Yildiz,a,6.0,6.0,6,6
25,Juventus,Spalletti,all,6.0,6.0,6,6
25,Lazio,Provedel,p,5.5,3.5,"5,5","3,5"
25,Lazio,Patric,d,5.5,5.5,"5,5","5,5"
25,Lazio,Marusic,d,5.5,5.5,"5,5","5,5"
25,Lazio,Tavares N.,d,5.5,5.5,"5,5","5,5"
25,Lazio,Gila,d,5.5,5.5,"5,5","5,5"
25,Lazio,Provstgaard,d,6.0,6.0,6,6
25,Lazio,Cataldi,c,5.0,5.0,5,5
25,Lazio,Rovella,c,6.0,6.0,6,6
25,Lazio,Maldini,c,5.5,5.5,"5,5","5,5"
25,Lazio,Isaksen,c,5.0,5.0,5,5
25,Lazio,Dele-Bashiru,c,5.0,5.0,5,5
25,Lazio,Taylor K.,c,6.0,5.5,6,"5,5"
25,Lazio,Cancellieri,a,55.0,55.0,55,55
25,Lazio,Dia,a,55.0,55.0,55,55
25,Lazio,Noslin,a,5.5,5.5,"5,5","5,5"
25,Lazio,Ratkov,a,6.0,6.0,6,6
25,Lazio,Sarri,all,5.0,5.0,5,5
25,Lecce,Falcone,p,6.0,6.0,6,6
25,Lecce,Gallo,d,6.0,6.0,6,6
25,Lecce,Gaspar K.,d,6.5,6.5,"6,5","6,5"
25,Lecce,Tiago Gabriel,d,7.0,7.0,7,7
25,Lecce,Veiga D.,d,6.5,6.5,"6,5","6,5"
25,Lecce,Ndaba,d,55.0,55.0,55,55
25,Lecce,Siebert,d,55.0,55.0,55,55
25,Lecce,Sottil,c,6.5,7.5,"6,5","7,5"
25,Lecce,Coulibaly L.,c,7.0,8.0,7,8
25,Lecce,Ramadani,c,7.0,10.0,7,10
25,Lecce,Pierotti,c,6.5,6.5,"6,5","6,5"
25,Lecce,Gandelman,c,7.0,10.0,7,10
25,Lecce,Fofana Sa.,c,55.0,55.0,55,55
25,Lecce,Ngom,c,55.0,55.0,55,55
25,Lecce,Cheddira,a,6.0,6.0,6,6
25,Lecce,Stulic,a,55.0,55.0,55,55
25,Lecce,Di Francesco,all,7.0,7.0,7,7
25,Milan,Maignan,p,6.5,5.5,"6,5","5,5"
25,Milan,Gabbia,d,5.5,5.5,"5,5","5,5"
25,Milan,Tomori,d,6.5,6.5,"6,5","6,5"
25,Milan,Pavlovic,d,6.5,6.5,"6,5","6,5"
25,Milan,De Winter,d,55.0,55.0,55,55
25,Milan,Bartesaghi,d,6.5,6.0,"6,5",6
25,Milan,Athekame,d,6.5,7.5,"6,5","7,5"
25,Milan,Rabiot,c,5.0,4.0,5,4
25,Milan,Pulisic,c,55.0,55.0,55,55
25,Milan,Modric,c,7.0,10.0,7,10
25,Milan,Loftus-Cheek,c,7.0,10.0,7,10
25,Milan,Fofana Y.,c,5.5,5.5,"5,5","5,5"
25,Milan,Ricci S.,c,6.5,7.5,"6,5","7,5"
25,Milan,Fullkrug,a,4.5,1.5,"4,5","1,5"
25,Milan,Leao,a,5.5,5.5,"5,5","5,5"
25,Milan,Nkunku,a,5.5,5.5,"5,5","5,5"
25,Milan,Allegri,all,6.5,6.5,"6,5","6,5"
25,Napoli,Milinkovic-Savic V.,p,6.0,4.0,6,4
25,Napoli,Spinazzola,d,6.5,9.5,"6,5","9,5"
25,Napoli,Buongiorno,d,5.5,5.5,"5,5","5,5"
25,Napoli,Rrahmani,d,5.0,4.5,5,"4,5"
25,Napoli,Gutierrez,d,5.0,5.0,5,5
25,Napoli,Mazzocchi,d,55.0,55.0,55,55
25,Napoli,Olivera,d,6.0,6.0,6,6
25,Napoli,Beukema,d,6.5,6.5,"6,5","6,5"
25,Napoli,Politano,c,5.5,5.5,"5,5","5,5"
25,Napoli,Lobotka,c,6.0,6.0,6,6
25,Napoli,Elmas,c,6.5,7.5,"6,5","7,5"
25,Napoli,Gilmour,c,55.0,55.0,55,55
25,Napoli,Vergara,c,5.5,5.5,"5,5","5,5"
25,Napoli,Santos A.,c,7.5,10.5,"7,5","10,5"
25,Napoli,Hojlund,a,6.0,6.0,6,6
25,Napoli,Giovane,a,6.5,7.5,"6,5","7,5"
25,Napoli,Conte,all,6.0,6.0,6,6
25,Parma,Corvi,p,6.0,5.0,6,5
25,Parma,Valenti,d,6.0,5.5,6,"5,5"
25,Parma,Valeri,d,6.5,6.5,"6,5","6,5"
25,Parma,Circati,d,5.0,4.5,5,"4,5"
25,Parma,Delprato,d,6.0,6.0,6,6
25,Parma,Britschgi,d,5.5,5.5,"5,5","5,5"
25,Parma,Nicolussi Caviglia,c,6.5,7.5,"6,5","7,5"
25,Parma,Strefezza,c,6.5,6.5,"6,5","6,5"
25,Parma,Oristanio,c,5.5,5.5,"5,5","5,5"
25,Parma,Bernabè,c,7.0,10.0,7,10
25,Parma,Keita M.,c,6.5,7.5,"6,5","7,5"
25,Parma,Ondrejka,c,6.0,6.0,6,6
25,Parma,Ordonez C.,c,55.0,55.0,55,55
25,Parma,Sorensen O.,c,6.0,6.0,6,6
25,Parma,Pellegrino M.,a,6.5,9.5,"6,5","9,5"
25,Parma,Cuesta,all,7.0,7.0,7,7
25,Pisa,Nicolas,p,6.0,4.0,6,4
25,Pisa,Caracciolo A.,d,6.5,6.5,"6,5","6,5"
25,Pisa,Canestrelli,d,6.0,6.0,6,6
25,Pisa,Angori,d,5.5,5.5,"5,5","5,5"
25,Pisa,Bozhinov,d,5.5,5.5,"5,5","5,5"
25,Pisa,Leris,c,55.0,55.0,55,55
25,Pisa,Tramoni M.,c,5.0,5.0,5,5
25,Pisa,Aebischer,c,5.5,5.5,"5,5","5,5"
25,Pisa,Iling Junior,c,6.5,6.5,"6,5","6,5"
25,Pisa,Akinsanmiro,c,5.5,5.5,"5,5","5,5"
25,Pisa,Piccinini G.,c,55.0,55.0,55,55
25,Pisa,Tourè I.,c,5.5,5.0,"5,5",5
25,Pisa,Loyola,c,6.5,9.5,"6,5","9,5"
25,Pisa,Moreo,a,6.0,6.0,6,6
25,Pisa,Durosinmi,a,55.0,55.0,55,55
25,Pisa,Stojilkovic,a,6.0,6.0,6,6
25,Pisa,Hiljemark,all,5.5,5.5,"5,5","5,5"
25,Roma,Svilar,p,6.0,4.0,6,4
25,Roma,Mancini,d,6.0,5.5,6,"5,5"
25,Roma,N'Dicka,d,7.0,7.0,7,7
25,Roma,Celik,d,6.0,6.0,6,6
25,Roma,Tsimikas,d,6.0,6.0,6,6
25,Roma,Ghilardi,d,6.5,6.5,"6,5","6,5"
25,Roma,Wesley,d,6.5,6.5,"6,5","6,5"
25,Roma,Pellegrini Lo.,c,5.5,5.5,"5,5","5,5"
25,Roma,Cristante,c,6.0,6.0,6,6
25,Roma,Pisilli,c,5.5,5.5,"5,5","5,5"
25,Roma,El Aynaoui,c,6.0,6.0,6,6
25,Roma,Zaragoza,c,6.0,7.0,6,7
25,Roma,Venturino,c,5.5,5.5,"5,5","5,5"
25,Roma,Malen,a,8.0,14.0,8,14
25,Roma,Soulè,a,5.0,5.0,5,5
25,Roma,Vaz,a,5.5,5.5,"5,5","5,5"
25,Roma,Gasperini,all,6.0,6.0,6,6
25,Sassuolo,Muric,p,5.5,4.5,"5,5","4,5"
25,Sassuolo,Walukiewicz,d,6.0,6.0,6,6
25,Sassuolo,Doig,d,6.0,6.0,6,6
25,Sassuolo,Garcia U.,d,7.0,8.0,7,8
25,Sassuolo,Coulibaly W.,d,6.0,5.5,6,"5,5"
25,Sassuolo,Idzes,d,6.0,6.0,6,6
25,Sassuolo,Muharemovic,d,5.5,5.0,"5,5",5
25,Sassuolo,Volpato,c,55.0,55.0,55,55
25,Sassuolo,Thorstvedt,c,6.0,6.0,6,6
25,Sassuolo,Lipani,c,6.0,6.0,6,6
25,Sassuolo,Konè I.,c,6.5,6.5,"6,5","6,5"
25,Sassuolo,Fadera,c,55.0,55.0,55,55
25,Sassuolo,Berardi,a,6.0,6.0,6,6
25,Sassuolo,Pinamonti,a,7.5,11.5,"7,5","11,5"
25,Sassuolo,Nzola,a,6.5,6.5,"6,5","6,5"
25,Sassuolo,Laurientè,a,7.0,10.0,7,10
25,Sassuolo,Grosso,all,7.0,7.0,7,7
25,Torino,Paleari,p,6.5,4.5,"6,5","4,5"
25,Torino,Lazaro,d,5.5,5.5,"5,5","5,5"
25,Torino,Maripan,d,5.5,5.0,"5,5",5
25,Torino,Pedersen,d,5.5,5.5,"5,5","5,5"
25,Torino,Coco,d,5.5,5.5,"5,5","5,5"
25,Torino,Marianucci,d,5.5,5.5,"5,5","5,5"
25,Torino,Vlasic,c,6.0,8.5,6,"8,5"
25,Torino,Casadei,c,6.0,6.0,6,6
25,Torino,Ilkhan,c,6.0,6.0,6,6
25,Torino,Gineitis,c,6.0,5.5,6,"5,5"
25,Torino,Prati,c,6.0,6.0,6,6
25,Torino,Zapata D.,a,6.5,6.5,"6,5","6,5"
25,Torino,Simeone,a,5.0,5.0,5,5
25,Torino,Adams C.,a,5.5,5.5,"5,5","5,5"
25,Torino,Njie,a,55.0,55.0,55,55
25,Torino,Aboukhlal,a,5.5,5.5,"5,5","5,5"
25,Torino,Baroni,all,5.5,5.5,"5,5","5,5"
25,Udinese,Okoye,p,6.0,4.0,6,4
25,Udinese,Bertola,d,5.5,5.5,"5,5","5,5"
25,Udinese,Zemura,d,5.5,5.0,"5,5",5
25,Udinese,Kristensen T.,d,5.5,5.5,"5,5","5,5"
25,Udinese,Solet,d,6.5,9.5,"6,5","9,5"
25,Udinese,Arizala,d,55.0,55.0,55,55
25,Udinese,Zaniolo,c,6.5,6.5,"6,5","6,5"
25,Udinese,Zarraga,c,5.5,5.5,"5,5","5,5"
25,Udinese,Karlstrom,c,6.0,6.0,6,6
25,Udinese,Ekkelenkamp,c,6.0,5.5,6,"5,5"
25,Udinese,Atta,c,6.0,5.5,6,"5,5"
25,Udinese,Piotrowski,c,55.0,55.0,55,55
25,Udinese,Miller L.,c,5.5,5.5,"5,5","5,5"
25,Udinese,Bayo V.,a,5.5,5.5,"5,5","5,5"
25,Udinese,Buksa,a,5.5,5.5,"5,5","5,5"
25,Udinese,Gueye,a,55.0,55.0,55,55
25,Udinese,Runjaic,all,5.5,5.5,"5,5","5,5"
25,Verona,Montipò,p,6.0,4.0,6,4
25,Verona,Bradaric,d,5.5,5.5,"5,5","5,5"
25,Verona,Slotsager,d,55.0,55.0,55,55
25,Verona,Nelsson,d,5.5,5.5,"5,5","5,5"
25,Verona,Belghali,d,5.5,5.5,"5,5","5,5"
25,Verona,Bella-Kotchap,d,6.0,6.0,6,6
25,Verona,Edmundsson,d,6.5,6.5,"6,5","6,5"
25,Verona,Akpa Akpro,c,6.0,5.5,6,"5,5"
25,Verona,Niasse,c,5.5,5.5,"5,5","5,5"
25,Verona,Harroui,c,6.5,9.5,"6,5","9,5"
25,Verona,Serdar,c,55.0,55.0,55,55
25,Verona,Al-Musrati,c,5.5,5.5,"5,5","5,5"
25,Verona,Sarr A.,a,5.5,5.5,"5,5","5,5"
25,Verona,Orban G.,a,4.0,3.0,4,3
25,Verona,Bowie,a,6.5,6.5,"6,5","6,5"
25,Verona,Sammarco,all,5.5,5.5,"5,5","5,5"
26,Atalanta,Carnesecchi,p,6.0,5.0,6,5
26,Atalanta,Zappacosta,d,6.0,6.0,6,6
26,Atalanta,Djimsiti,d,6.0,6.0,6,6
26,Atalanta,Kolasinac,d,6.5,6.5,"6,5","6,5"
26,Atalanta,Bellanova,d,5.5,5.5,"5,5","5,5"
26,Atalanta,Scalvini,d,6.0,6.0,6,6
26,Atalanta,Hien,d,5.5,5.5,"5,5","5,5"
26,Atalanta,Ahanor,d,55.0,55.0,55,55
26,Atalanta,Bernasconi,d,6.5,7.5,"6,5","7,5"
26,Atalanta,De Roon,c,6.0,6.0,6,6
26,Atalanta,Pasalic,c,7.0,10.0,7,10
26,Atalanta,Samardzic,c,7.0,10.0,7,10
26,Atalanta,Zalewski,c,7.0,7.5,7,"7,5"
26,Atalanta,Scamacca,a,6.5,6.5,"6,5","6,5"
26,Atalanta,Sulemana K.,a,6.0,6.0,6,6
26,Atalanta,Krstovic,a,6.0,6.0,6,6
26,Atalanta,Palladino,all,7.0,7.0,7,7
26,Bologna,Skorupski,p,6.0,6.0,6,6
26,Bologna,Zortea,d,55.0,55.0,55,55
26,Bologna,Miranda J.,d,6.0,5.5,6,"5,5"
26,Bologna,Lucumì,d,6.5,6.5,"6,5","6,5"
26,Bologna,Vitik,d,6.0,6.0,6,6
26,Bologna,Joao Mario,d,6.0,6.0,6,6
26,Bologna,Bernardeschi,c,7.0,10.0,7,10
26,Bologna,Freuler,c,6.0,6.0,6,6
26,Bologna,Orsolini,c,5.5,5.5,"5,5","5,5"
26,Bologna,Pobega,c,6.0,6.0,6,6
26,Bologna,Sohm,c,5.5,5.5,"5,5","5,5"
26,Bologna,Moro N.,c,6.0,6.0,6,6
26,Bologna,Rowe,c,6.0,6.0,6,6
26,Bologna,Cambiaghi,a,6.0,6.0,6,6
26,Bologna,Castro S.,a,6.5,6.5,"6,5","6,5"
26,Bologna,Dallinga,a,55.0,55.0,55,55
26,Bologna,Italiano,all,6.0,6.0,6,6
26,Cagliari,Caprile,p,6.5,6.5,"6,5","6,5"
26,Cagliari,Mina,d,5.0,4.0,5,4
26,Cagliari,Zappa,d,55.0,55.0,55,55
26,Cagliari,Obert,d,6.5,6.5,"6,5","6,5"
26,Cagliari,Dossena,d,6.0,6.0,6,6
26,Cagliari,Palestra,d,6.5,6.5,"6,5","6,5"
26,Cagliari,Idrissi R.,d,6.0,6.0,6,6
26,Cagliari,Zè Pedro,d,6.5,6.0,"6,5",6
26,Cagliari,Mazzitelli,c,5.5,5.5,"5,5","5,5"
26,Cagliari,Adopo,c,5.5,5.5,"5,5","5,5"
26,Cagliari,Sulemana I.,c,6.0,6.0,6,6
26,Cagliari,Esposito Se.,a,6.0,6.0,6,6
26,Cagliari,Kilicsoy,a,6.0,6.0,6,6
26,Cagliari,Trepy,a,6.0,6.0,6,6
26,Cagliari,Pisacane,all,6.5,6.5,"6,5","6,5"
26,Como,Butez,p,6.0,6.0,6,6
26,Como,Diego Carlos,d,6.0,6.0,6,6
26,Como,Vojvoda,d,7.0,10.0,7,10
26,Como,Moreno Alb.,d,55.0,55.0,55,55
26,Como,Valle,d,6.0,6.0,6,6
26,Como,Ramon,d,6.5,6.5,"6,5","6,5"
26,Como,Kempf,d,6.5,6.5,"6,5","6,5"
26,Como,Van Der Brempt,d,6.0,6.0,6,6
26,Como,Smolcic I.,d,6.0,6.0,6,6
26,Como,Sergi Roberto,c,6.0,6.0,6,6
26,Como,Caqueret,c,7.0,10.0,7,10
26,Como,Da Cunha,c,6.5,7.5,"6,5","7,5"
26,Como,Perrone,c,7.0,7.0,7,7
26,Como,Baturina,c,6.0,6.0,6,6
26,Como,Morata,a,55.0,55.0,55,55
26,Como,Douvikas,a,6.5,7.5,"6,5","7,5"
26,Como,Fabregas,all,7.0,7.0,7,7
26,Cremonese,Audero,p,6.0,3.0,6,3
26,Cremonese,Luperto,d,5.5,5.5,"5,5","5,5"
26,Cremonese,Pezzella Giu.,d,6.0,6.0,6,6
26,Cremonese,Terracciano F.,d,6.0,6.0,6,6
26,Cremonese,Faye,d,5.5,5.5,"5,5","5,5"
26,Cremonese,Folino,d,5.0,5.0,5,5
26,Cremonese,Thorsby,c,5.5,5.0,"5,5",5
26,Cremonese,Maleh,c,5.0,5.0,5,5
26,Cremonese,Bondo,c,5.5,5.5,"5,5","5,5"
26,Cremonese,Zerbin,c,6.0,6.0,6,6
26,Cremonese,Payero,c,6.0,6.0,6,6
26,Cremonese,Sanabria,a,5.0,5.0,5,5
26,Cremonese,Bonazzoli,a,5.5,5.5,"5,5","5,5"
26,Cremonese,Vardy,a,5.0,5.0,5,5
26,Cremonese,Djuric,a,6.0,6.0,6,6
26,Cremonese,Nicola,all,5.0,5.0,5,5
26,Fiorentina,De Gea,p,6.0,6.0,6,6
26,Fiorentina,Ranieri L.,d,6.5,6.5,"6,5","6,5"
26,Fiorentina,Parisi,d,6.0,6.0,6,6
26,Fiorentina,Pongracic,d,6.0,6.0,6,6
26,Fiorentina,Dodò,d,6.5,6.0,"6,5",6
26,Fiorentina,Comuzzo,d,55.0,55.0,55,55
26,Fiorentina,Fagioli,c,6.0,6.0,6,6
26,Fiorentina,Brescianini,c,6.0,6.0,6,6
26,Fiorentina,Harrison,c,6.0,6.0,6,6
26,Fiorentina,Fazzini,c,5.5,5.0,"5,5",5
26,Fiorentina,Fabbian,c,55.0,55.0,55,55
26,Fiorentina,Ndour,c,6.5,6.5,"6,5","6,5"
26,Fiorentina,Kean,a,7.0,10.0,7,10
26,Fiorentina,Piccoli,a,55.0,55.0,55,55
26,Fiorentina,Solomon,a,6.0,6.0,6,6
26,Fiorentina,Vanoli,all,6.5,6.5,"6,5","6,5"
26,Genoa,Bijlow,p,6.0,6.0,6,6
26,Genoa,Sabelli,d,6.0,6.0,6,6
26,Genoa,Vasquez,d,6.5,6.5,"6,5","6,5"
26,Genoa,Ostigard,d,6.5,6.5,"6,5","6,5"
26,Genoa,Marcandalli,d,6.0,6.0,6,6
26,Genoa,Norton-Cuffy,d,7.0,10.0,7,10
26,Genoa,Malinovskyi,c,6.5,6.5,"6,5","6,5"
26,Genoa,Messias,c,7.0,10.0,7,10
26,Genoa,Frendrup,c,6.0,6.0,6,6
26,Genoa,Baldanzi,c,7.0,7.0,7,7
26,Genoa,Ellertsson,c,6.0,6.0,6,6
26,Genoa,Onana J.,c,55.0,55.0,55,55
26,Genoa,Amorim,c,6.0,6.0,6,6
26,Genoa,Colombo,a,6.5,6.5,"6,5","6,5"
26,Genoa,Ekuban,a,7.0,10.0,7,10
26,Genoa,Ekhator,a,6.0,6.0,6,6
26,Genoa,De Rossi,all,7.0,7.0,7,7
26,Inter,Sommer,p,6.0,6.0,6,6
26,Inter,Dimarco,d,7.0,8.0,7,8
26,Inter,De Vrij,d,6.0,5.5,6,"5,5"
26,Inter,Bastoni,d,6.0,5.5,6,"5,5"
26,Inter,Akanji,d,7.0,10.0,7,10
26,Inter,Carlos Augusto,d,55.0,55.0,55,55
26,Inter,Bisseck,d,6.0,6.0,6,6
26,Inter,Zielinski,c,6.5,6.5,"6,5","6,5"
26,Inter,Mkhitaryan,c,7.0,10.0,7,10
26,Inter,Frattesi,c,5.5,5.5,"5,5","5,5"
26,Inter,Luis Henrique,c,6.0,6.0,6,6
26,Inter,Diouf,c,6.0,6.0,6,6
26,Inter,Sucic P.,c,5.5,5.5,"5,5","5,5"
26,Inter,Thuram,a,5.5,5.5,"5,5","5,5"
26,Inter,Bonny,a,6.0,6.0,6,6
26,Inter,Esposito F.P.,a,6.0,6.0,6,6
26,Inter,Chivu,all,7.0,7.0,7,7
26,Juventus,Di Gregorio,p,4.5,2.5,"4,5","2,5"
26,Juventus,Cambiaso,d,5.5,5.5,"5,5","5,5"
26,Juventus,Gatti,d,6.0,6.0,6,6
26,Juventus,Kelly L.,d,5.5,5.5,"5,5","5,5"
26,Juventus,Locatelli,c,6.0,5.5,6,"5,5"
26,Juventus,Kostic,c,55.0,55.0,55,55
26,Juventus,McKennie,c,5.0,5.0,5,5
26,Juventus,Thuram K.,c,5.5,5.5,"5,5","5,5"
26,Juventus,Koopmeiners,c,5.0,5.0,5,5
26,Juventus,Miretti,c,5.5,5.5,"5,5","5,5"
26,Juventus,Adzic,c,55.0,55.0,55,55
26,Juventus,Conceicao,c,6.0,6.0,6,6
26,Juventus,Boga,a,5.5,5.5,"5,5","5,5"
26,Juventus,David,a,5.5,5.5,"5,5","5,5"
26,Juventus,Openda,a,5.0,5.0,5,5
26,Juventus,Yildiz,a,6.0,6.0,6,6
26,Juventus,Spalletti,all,4.5,4.5,"4,5","4,5"
26,Lazio,Provedel,p,6.0,6.0,6,6
26,Lazio,Romagnoli,d,6.5,6.5,"6,5","6,5"
26,Lazio,Marusic,d,6.5,6.5,"6,5","6,5"
26,Lazio,Pellegrini Lu.,d,5.5,5.0,"5,5",5
26,Lazio,Tavares N.,d,6.0,6.0,6,6
26,Lazio,Provstgaard,d,6.0,5.5,6,"5,5"
26,Lazio,Cataldi,c,6.5,6.5,"6,5","6,5"
26,Lazio,Zaccagni,c,5.5,5.5,"5,5","5,5"
26,Lazio,Rovella,c,6.0,6.0,6,6
26,Lazio,Maldini,c,5.5,5.5,"5,5","5,5"
26,Lazio,Belahyane,c,6.0,6.0,6,6
26,Lazio,Isaksen,c,5.5,5.5,"5,5","5,5"
26,Lazio,Taylor K.,c,6.0,6.0,6,6
26,Lazio,Cancellieri,a,5.5,5.5,"5,5","5,5"
26,Lazio,Noslin,a,6.5,6.5,"6,5","6,5"
26,Lazio,Ratkov,a,6.0,6.0,6,6
26,Lazio,Sarri,all,6.0,6.0,6,6
26,Lecce,Falcone,p,7.0,5.0,7,5
26,Lecce,Gallo,d,5.5,5.5,"5,5","5,5"
26,Lecce,Gaspar K.,d,55.0,55.0,55,55
26,Lecce,Tiago Gabriel,d,6.5,6.0,"6,5",6
26,Lecce,Veiga D.,d,6.0,6.0,6,6
26,Lecce,Siebert,d,6.0,6.0,6,6
26,Lecce,Sottil,c,5.5,5.5,"5,5","5,5"
26,Lecce,Coulibaly L.,c,6.0,6.0,6,6
26,Lecce,Ramadani,c,5.5,5.5,"5,5","5,5"
26,Lecce,Pierotti,c,5.5,5.5,"5,5","5,5"
26,Lecce,Gandelman,c,5.5,5.5,"5,5","5,5"
26,Lecce,Ngom,c,5.5,5.5,"5,5","5,5"
26,Lecce,Banda,a,5.5,5.5,"5,5","5,5"
26,Lecce,Cheddira,a,5.0,5.0,5,5
26,Lecce,N'Dri,a,55.0,55.0,55,55
26,Lecce,Stulic,a,55.0,55.0,55,55
26,Lecce,Di Francesco,all,6.0,6.0,6,6
26,Milan,Maignan,p,6.0,5.0,6,5
26,Milan,Tomori,d,6.0,6.0,6,6
26,Milan,Pavlovic,d,5.5,5.5,"5,5","5,5"
26,Milan,Estupinan,d,5.5,5.5,"5,5","5,5"
26,Milan,De Winter,d,5.5,5.5,"5,5","5,5"
26,Milan,Bartesaghi,d,5.5,5.5,"5,5","5,5"
26,Milan,Athekame,d,55.0,55.0,55,55
26,Milan,Rabiot,c,6.5,6.5,"6,5","6,5"
26,Milan,Pulisic,c,6.0,6.0,6,6
26,Milan,Modric,c,6.0,6.0,6,6
26,Milan,Loftus-Cheek,c,55.0,55.0,55,55
26,Milan,Saelemaekers,c,5.5,5.0,"5,5",5
26,Milan,Jashari,c,5.5,5.5,"5,5","5,5"
26,Milan,Fullkrug,a,5.5,5.5,"5,5","5,5"
26,Milan,Leao,a,5.5,5.0,"5,5",5
26,Milan,Nkunku,a,55.0,55.0,55,55
26,Milan,Allegri,all,5.5,5.5,"5,5","5,5"
26,Napoli,Milinkovic-Savic V.,p,6.5,4.5,"6,5","4,5"
26,Napoli,Juan Jesus,d,6.5,6.0,"6,5",6
26,Napoli,Spinazzola,d,5.5,5.5,"5,5","5,5"
26,Napoli,Buongiorno,d,5.5,5.5,"5,5","5,5"
26,Napoli,Gutierrez,d,6.5,7.5,"6,5","7,5"
26,Napoli,Mazzocchi,d,6.0,6.0,6,6
26,Napoli,Olivera,d,5.0,5.0,5,5
26,Napoli,Beukema,d,6.5,9.5,"6,5","9,5"
26,Napoli,Politano,c,5.5,5.5,"5,5","5,5"
26,Napoli,Lobotka,c,6.0,6.0,6,6
26,Napoli,Elmas,c,5.5,5.5,"5,5","5,5"
26,Napoli,Vergara,c,6.0,6.0,6,6
26,Napoli,Santos A.,c,5.5,5.5,"5,5","5,5"
26,Napoli,Lukaku,a,55.0,55.0,55,55
26,Napoli,Hojlund,a,6.0,6.0,6,6
26,Napoli,Giovane,a,5.5,5.5,"5,5","5,5"
26,Napoli,Conte,all,5.0,5.0,5,5
26,Parma,Corvi,p,6.5,6.5,"6,5","6,5"
26,Parma,Valenti,d,7.0,7.0,7,7
26,Parma,Valeri,d,6.5,7.5,"6,5","7,5"
26,Parma,Delprato,d,6.5,6.5,"6,5","6,5"
26,Parma,Troilo,d,7.5,10.0,"7,5",10
26,Parma,Britschgi,d,6.0,6.0,6,6
26,Parma,Nicolussi Caviglia,c,6.0,6.0,6,6
26,Parma,Strefezza,c,6.5,6.5,"6,5","6,5"
26,Parma,Estevez,c,55.0,55.0,55,55
26,Parma,Bernabè,c,6.0,6.0,6,6
26,Parma,Keita M.,c,7.0,7.0,7,7
26,Parma,Ondrejka,c,6.0,6.0,6,6
26,Parma,Ordonez C.,c,5.5,5.5,"5,5","5,5"
26,Parma,Sorensen O.,c,6.0,6.0,6,6
26,Parma,Pellegrino M.,a,6.0,6.0,6,6
26,Parma,Cuesta,all,7.0,7.0,7,7
26,Pisa,Nicolas,p,6.5,5.5,"6,5","5,5"
26,Pisa,Cuadrado,d,6.0,5.5,6,"5,5"
26,Pisa,Caracciolo A.,d,5.5,5.0,"5,5",5
26,Pisa,Canestrelli,d,4.5,4.5,"4,5","4,5"
26,Pisa,Angori,d,6.0,6.0,6,6
26,Pisa,Bozhinov,d,5.5,5.5,"5,5","5,5"
26,Pisa,Aebischer,c,5.5,5.5,"5,5","5,5"
26,Pisa,Iling Junior,c,5.5,5.5,"5,5","5,5"
26,Pisa,Piccinini G.,c,55.0,55.0,55,55
26,Pisa,Tourè I.,c,5.5,5.5,"5,5","5,5"
26,Pisa,Marin M.,c,6.0,5.5,6,"5,5"
26,Pisa,Loyola,c,5.5,5.5,"5,5","5,5"
26,Pisa,Moreo,a,6.0,6.0,6,6
26,Pisa,Meister,a,5.5,5.5,"5,5","5,5"
26,Pisa,Durosinmi,a,5.5,5.5,"5,5","5,5"
26,Pisa,Stojilkovic,a,5.5,5.5,"5,5","5,5"
26,Pisa,Hiljemark,all,5.5,5.5,"5,5","5,5"
26,Roma,Svilar,p,6.5,6.5,"6,5","6,5"
26,Roma,Mancini,d,6.5,6.5,"6,5","6,5"
26,Roma,N'Dicka,d,7.0,10.0,7,10
26,Roma,Celik,d,6.5,6.5,"6,5","6,5"
26,Roma,Ghilardi,d,6.0,6.0,6,6
26,Roma,Wesley,d,5.5,5.5,"5,5","5,5"
26,Roma,Ziolkowski,d,55.0,55.0,55,55
26,Roma,Pellegrini Lo.,c,6.0,7.0,6,7
26,Roma,Cristante,c,7.5,11.5,"7,5","11,5"
26,Roma,Konè M.,c,6.0,6.0,6,6
26,Roma,Pisilli,c,7.0,10.0,7,10
26,Roma,El Aynaoui,c,6.0,5.5,6,"5,5"
26,Roma,Zaragoza,c,5.5,5.5,"5,5","5,5"
26,Roma,Venturino,c,6.5,6.5,"6,5","6,5"
26,Roma,Malen,a,7.0,7.0,7,7
26,Roma,Gasperini,all,7.0,7.0,7,7
26,Sassuolo,Muric,p,6.0,6.0,6,6
26,Sassuolo,Romagna,d,6.0,6.0,6,6
26,Sassuolo,Walukiewicz,d,6.5,6.0,"6,5",6
26,Sassuolo,Garcia U.,d,6.5,6.5,"6,5","6,5"
26,Sassuolo,Coulibaly W.,d,5.0,4.5,5,"4,5"
26,Sassuolo,Idzes,d,6.5,6.5,"6,5","6,5"
26,Sassuolo,Pedro Felipe,d,55.0,55.0,55,55
26,Sassuolo,Thorstvedt,c,6.0,6.0,6,6
26,Sassuolo,Lipani,c,6.0,6.0,6,6
26,Sassuolo,Konè I.,c,6.5,6.5,"6,5","6,5"
26,Sassuolo,Fadera,c,6.0,6.0,6,6
26,Sassuolo,Iannoni,c,6.0,6.0,6,6
26,Sassuolo,Berardi,a,7.0,10.0,7,10
26,Sassuolo,Pinamonti,a,7.0,10.0,7,10
26,Sassuolo,Nzola,a,6.0,6.0,6,6
26,Sassuolo,Laurientè,a,7.5,9.5,"7,5","9,5"
26,Sassuolo,Grosso,all,7.0,7.0,7,7
26,Torino,Paleari,p,5.0,2.0,5,2
26,Torino,Lazaro,d,5.0,5.0,5,5
26,Torino,Maripan,d,5.0,5.0,5,5
26,Torino,Ismajli,d,6.0,6.0,6,6
26,Torino,Ebosse,d,5.0,5.0,5,5
26,Torino,Pedersen,d,5.0,5.0,5,5
26,Torino,Coco,d,5.5,5.5,"5,5","5,5"
26,Torino,Obrador,d,5.5,5.5,"5,5","5,5"
26,Torino,Vlasic,c,6.0,6.0,6,6
26,Torino,Ilkhan,c,4.5,3.5,"4,5","3,5"
26,Torino,Gineitis,c,5.5,5.5,"5,5","5,5"
26,Torino,Prati,c,5.5,5.5,"5,5","5,5"
26,Torino,Zapata D.,a,5.5,5.5,"5,5","5,5"
26,Torino,Simeone,a,5.5,5.0,"5,5",5
26,Torino,Njie,a,5.5,5.5,"5,5","5,5"
26,Torino,Kulenovic,a,5.5,5.5,"5,5","5,5"
26,Torino,Baroni,all,5.0,5.0,5,5
26,Udinese,Okoye,p,6.0,5.0,6,5
26,Udinese,Kabasele,d,5.5,5.5,"5,5","5,5"
26,Udinese,Bertola,d,6.0,6.0,6,6
26,Udinese,Ehizibue,d,6.0,6.0,6,6
26,Udinese,Zemura,d,6.5,6.5,"6,5","6,5"
26,Udinese,Kristensen T.,d,6.0,6.0,6,6
26,Udinese,Solet,d,55.0,55.0,55,55
26,Udinese,Zaniolo,c,5.5,5.5,"5,5","5,5"
26,Udinese,Zarraga,c,55.0,55.0,55,55
26,Udinese,Karlstrom,c,5.0,5.0,5,5
26,Udinese,Ekkelenkamp,c,6.0,6.0,6,6
26,Udinese,Atta,c,6.0,6.0,6,6
26,Udinese,Piotrowski,c,5.5,5.5,"5,5","5,5"
26,Udinese,Buksa,a,5.5,5.0,"5,5",5
26,Udinese,Gueye,a,55.0,55.0,55,55
26,Udinese,Runjaic,all,6.0,6.0,6,6
26,Verona,Montipò,p,6.5,6.5,"6,5","6,5"
26,Verona,Bradaric,d,6.0,6.0,6,6
26,Verona,Frese,d,5.5,5.5,"5,5","5,5"
26,Verona,Oyegoke,d,6.0,6.0,6,6
26,Verona,Nelsson,d,5.0,5.0,5,5
26,Verona,Bella-Kotchap,d,5.0,5.0,5,5
26,Verona,Edmundsson,d,5.0,4.5,5,"4,5"
26,Verona,Niasse,c,4.5,4.5,"4,5","4,5"
26,Verona,Harroui,c,5.5,5.5,"5,5","5,5"
26,Verona,Suslov,c,55.0,55.0,55,55
26,Verona,Al-Musrati,c,4.5,3.5,"4,5","3,5"
26,Verona,Sarr A.,a,5.0,5.0,5,5
26,Verona,Mosquera,a,6.0,6.0,6,6
26,Verona,Bowie,a,5.0,5.0,5,5
26,Verona,Vermesan,a,55.0,55.0,55,55
26,Verona,Sammarco,all,5.0,5.0,5,5
27,Atalanta,Carnesecchi,p,6.5,4.5,"6,5","4,5"
27,Atalanta,Zappacosta,d,6.5,7.5,"6,5","7,5"
27,Atalanta,Djimsiti,d,6.0,6.0,6,6
27,Atalanta,Kolasinac,d,5.0,5.0,5,5
27,Atalanta,Bellanova,d,6.0,6.0,6,6
27,Atalanta,Scalvini,d,5.5,5.5,"5,5","5,5"
27,Atalanta,Hien,d,6.0,6.0,6,6
27,Atalanta,Bernasconi,d,6.0,5.5,6,"5,5"
27,Atalanta,De Roon,c,5.0,5.0,5,5
27,Atalanta,Pasalic,c,5.0,5.0,5,5
27,Atalanta,Samardzic,c,5.0,5.0,5,5
27,Atalanta,Musah,c,6.5,9.5,"6,5","9,5"
27,Atalanta,Zalewski,c,5.5,5.0,"5,5",5
27,Atalanta,Scamacca,a,5.5,5.5,"5,5","5,5"
27,Atalanta,Sulemana K.,a,5.0,5.0,5,5
27,Atalanta,Krstovic,a,6.0,6.0,6,6
27,Atalanta,Palladino,all,5.5,5.0,"5,5",5
27,Bologna,Skorupski,p,7.0,7.0,7,7
27,Bologna,De Silvestri,d,6.0,6.0,6,6
27,Bologna,Zortea,d,6.0,6.0,6,6
27,Bologna,Casale,d,6.0,6.0,6,6
27,Bologna,Lucumì,d,6.0,5.5,6,"5,5"
27,Bologna,Vitik,d,6.0,6.0,6,6
27,Bologna,Joao Mario,d,5.5,5.5,"5,5","5,5"
27,Bologna,Bernardeschi,c,5.5,5.5,"5,5","5,5"
27,Bologna,Freuler,c,6.0,6.5,6,"6,5"
27,Bologna,Orsolini,c,5.5,5.5,"5,5","5,5"
27,Bologna,Odgaard,c,7.0,10.0,7,10
27,Bologna,Sohm,c,5.5,5.5,"5,5","5,5"
27,Bologna,Moro N.,c,6.0,6.0,6,6
27,Bologna,Rowe,c,6.0,6.0,6,6
27,Bologna,Cambiaghi,a,5.5,5.5,"5,5","5,5"
27,Bologna,Castro S.,a,6.0,6.0,6,6
27,Bologna,Italiano,all,6.0,6.0,6,6
27,Cagliari,Caprile,p,7.0,6.0,7,6
27,Cagliari,Obert,d,6.0,5.5,6,"5,5"
27,Cagliari,Dossena,d,6.5,6.0,"6,5",6
27,Cagliari,Palestra,d,6.5,6.5,"6,5","6,5"
27,Cagliari,Idrissi R.,d,55.0,55.0,55,55
27,Cagliari,Rodriguez Ju.,d,5.5,5.0,"5,5",5
27,Cagliari,Zè Pedro,d,6.0,6.0,6,6
27,Cagliari,Adopo,c,6.5,6.5,"6,5","6,5"
27,Cagliari,Sulemana I.,c,6.0,5.5,6,"5,5"
27,Cagliari,Folorunsho,c,7.5,10.5,"7,5","10,5"
27,Cagliari,Liteta,c,6.0,6.0,6,6
27,Cagliari,Pavoletti,a,55.0,55.0,55,55
27,Cagliari,Esposito Se.,a,6.5,6.5,"6,5","6,5"
27,Cagliari,Kilicsoy,a,5.5,5.5,"5,5","5,5"
27,Cagliari,Pisacane,all,6.0,6.0,6,6
27,Como,Butez,p,6.0,5.0,6,5
27,Como,Diego Carlos,d,6.0,6.0,6,6
27,Como,Vojvoda,d,6.0,6.0,6,6
27,Como,Moreno Alb.,d,6.5,6.5,"6,5","6,5"
27,Como,Ramon,d,6.5,6.5,"6,5","6,5"
27,Como,Kempf,d,6.5,9.5,"6,5","9,5"
27,Como,Van Der Brempt,d,6.5,6.5,"6,5","6,5"
27,Como,Sergi Roberto,c,6.0,6.0,6,6
27,Como,Caqueret,c,6.5,6.5,"6,5","6,5"
27,Como,Da Cunha,c,7.0,8.0,7,8
27,Como,Perrone,c,7.0,8.0,7,8
27,Como,Paz N.,c,6.0,6.0,6,6
27,Como,Morata,a,5.5,5.5,"5,5","5,5"
27,Como,Diao,a,55.0,55.0,55,55
27,Como,Douvikas,a,7.0,10.0,7,10
27,Como,Rodriguez Je.,a,7.5,11.5,"7,5","11,5"
27,Como,Fabregas,all,7.0,7.0,7,7
27,Cremonese,Audero,p,7.0,5.0,7,5
27,Cremonese,Luperto,d,5.5,5.5,"5,5","5,5"
27,Cremonese,Bianchetti,d,6.0,6.0,6,6
27,Cremonese,Pezzella Giu.,d,5.5,5.5,"5,5","5,5"
27,Cremonese,Terracciano F.,d,5.5,5.0,"5,5",5
27,Cremonese,Barbieri,d,5.5,5.5,"5,5","5,5"
27,Cremonese,Folino,d,6.0,6.0,6,6
27,Cremonese,Grassi,c,55.0,55.0,55,55
27,Cremonese,Thorsby,c,6.0,6.0,6,6
27,Cremonese,Maleh,c,6.0,5.5,6,"5,5"
27,Cremonese,Zerbin,c,6.0,6.0,6,6
27,Cremonese,Vandeputte,c,6.5,6.5,"6,5","6,5"
27,Cremonese,Bonazzoli,a,6.0,6.0,6,6
27,Cremonese,Vardy,a,6.0,6.0,6,6
27,Cremonese,Djuric,a,5.5,5.5,"5,5","5,5"
27,Cremonese,Nicola,all,5.5,5.5,"5,5","5,5"
27,Fiorentina,De Gea,p,6.0,3.0,6,3
27,Fiorentina,Rugani,d,4.0,3.5,4,"3,5"
27,Fiorentina,Ranieri L.,d,5.5,5.0,"5,5",5
27,Fiorentina,Parisi,d,5.0,4.5,5,"4,5"
27,Fiorentina,Pongracic,d,6.0,5.5,6,"5,5"
27,Fiorentina,Comuzzo,d,6.0,6.0,6,6
27,Fiorentina,Mandragora,c,5.5,5.5,"5,5","5,5"
27,Fiorentina,Fagioli,c,5.5,5.5,"5,5","5,5"
27,Fiorentina,Brescianini,c,6.0,6.0,6,6
27,Fiorentina,Harrison,c,5.0,5.0,5,5
27,Fiorentina,Gudmundsson A.,c,5.0,5.0,5,5
27,Fiorentina,Fazzini,c,55.0,55.0,55,55
27,Fiorentina,Fabbian,c,5.5,5.5,"5,5","5,5"
27,Fiorentina,Ndour,c,5.5,5.5,"5,5","5,5"
27,Fiorentina,Kean,a,5.5,5.5,"5,5","5,5"
27,Fiorentina,Piccoli,a,5.5,5.5,"5,5","5,5"
27,Fiorentina,Vanoli,all,5.0,5.0,5,5
27,Genoa,Bijlow,p,7.0,5.0,7,5
27,Genoa,Sabelli,d,55.0,55.0,55,55
27,Genoa,Martin,d,5.5,5.5,"5,5","5,5"
27,Genoa,Vasquez,d,6.0,6.0,6,6
27,Genoa,Ostigard,d,6.0,6.0,6,6
27,Genoa,Marcandalli,d,5.5,5.5,"5,5","5,5"
27,Genoa,Malinovskyi,c,5.0,4.5,5,"4,5"
27,Genoa,Messias,c,6.0,6.0,6,6
27,Genoa,Frendrup,c,6.0,6.0,6,6
27,Genoa,Baldanzi,c,5.5,5.5,"5,5","5,5"
27,Genoa,Ellertsson,c,5.5,5.5,"5,5","5,5"
27,Genoa,Amorim,c,5.0,5.0,5,5
27,Genoa,Colombo,a,6.0,6.0,6,6
27,Genoa,Ekuban,a,6.0,6.0,6,6
27,Genoa,Vitinha O.,a,5.5,5.5,"5,5","5,5"
27,Genoa,Ekhator,a,5.5,5.5,"5,5","5,5"
27,Genoa,De Rossi,all,5.5,5.5,"5,5","5,5"
27,Inter,Sommer,p,6.0,6.0,6,6
27,Inter,Dimarco,d,7.0,10.0,7,10
27,Inter,De Vrij,d,6.5,6.5,"6,5","6,5"
27,Inter,Akanji,d,6.0,6.0,6,6
27,Inter,Carlos Augusto,d,6.5,6.5,"6,5","6,5"
27,Inter,Bisseck,d,6.0,6.0,6,6
27,Inter,Zielinski,c,6.0,6.0,6,6
27,Inter,Barella,c,6.0,6.0,6,6
27,Inter,Calhanoglu,c,7.0,9.5,7,"9,5"
27,Inter,Mkhitaryan,c,7.0,7.5,7,"7,5"
27,Inter,Frattesi,c,6.0,6.0,6,6
27,Inter,Luis Henrique,c,6.5,6.5,"6,5","6,5"
27,Inter,Diouf,c,6.0,6.0,6,6
27,Inter,Thuram,a,5.5,5.5,"5,5","5,5"
27,Inter,Bonny,a,6.5,6.5,"6,5","6,5"
27,Inter,Esposito F.P.,a,6.0,6.0,6,6
27,Inter,Chivu,all,6.5,6.5,"6,5","6,5"
27,Juventus,Perin,p,5.5,2.5,"5,5","2,5"
27,Juventus,Bremer,d,5.5,6.5,"5,5","6,5"
27,Juventus,Kalulu,d,5.5,5.5,"5,5","5,5"
27,Juventus,Cambiaso,d,5.0,5.0,5,5
27,Juventus,Gatti,d,7.0,10.0,7,10
27,Juventus,Kelly L.,d,5.0,5.0,5,5
27,Juventus,McKennie,c,6.0,7.0,6,7
27,Juventus,Thuram K.,c,6.0,6.0,6,6
27,Juventus,Koopmeiners,c,5.5,5.5,"5,5","5,5"
27,Juventus,Zhegrova,c,6.5,6.5,"6,5","6,5"
27,Juventus,Miretti,c,6.0,6.0,6,6
27,Juventus,Conceicao,c,6.5,9.5,"6,5","9,5"
27,Juventus,Boga,a,7.0,10.0,7,10
27,Juventus,David,a,5.5,5.5,"5,5","5,5"
27,Juventus,Openda,a,55.0,55.0,55,55
27,Juventus,Yildiz,a,5.5,5.5,"5,5","5,5"
27,Juventus,Spalletti,all,6.0,6.0,6,6
27,Lazio,Provedel,p,6.0,4.0,6,4
27,Lazio,Romagnoli,d,5.5,5.5,"5,5","5,5"
27,Lazio,Marusic,d,5.0,5.0,5,5
27,Lazio,Pellegrini Lu.,d,5.0,5.0,5,5
27,Lazio,Tavares N.,d,6.5,6.0,"6,5",6
27,Lazio,Provstgaard,d,4.5,4.5,"4,5","4,5"
27,Lazio,Cataldi,c,6.0,6.0,6,6
27,Lazio,Zaccagni,c,5.5,5.5,"5,5","5,5"
27,Lazio,Belahyane,c,5.0,5.0,5,5
27,Lazio,Isaksen,c,5.5,5.5,"5,5","5,5"
27,Lazio,Dele-Bashiru,c,5.5,5.5,"5,5","5,5"
27,Lazio,Taylor K.,c,5.0,5.0,5,5
27,Lazio,Cancellieri,a,5.0,5.0,5,5
27,Lazio,Dia,a,55.0,55.0,55,55
27,Lazio,Noslin,a,6.0,6.0,6,6
27,Lazio,Ratkov,a,5.0,5.0,5,5
27,Lazio,Sarri,all,5.5,5.5,"5,5","5,5"
27,Lecce,Falcone,p,6.0,3.0,6,3
27,Lecce,Gallo,d,5.5,5.5,"5,5","5,5"
27,Lecce,Jean,d,55.0,55.0,55,55
27,Lecce,Tiago Gabriel,d,5.0,5.0,5,5
27,Lecce,Veiga D.,d,4.5,4.5,"4,5","4,5"
27,Lecce,Ndaba,d,5.0,5.0,5,5
27,Lecce,Siebert,d,5.5,5.5,"5,5","5,5"
27,Lecce,Sottil,c,6.0,6.0,6,6
27,Lecce,Coulibaly L.,c,6.0,9.0,6,9
27,Lecce,Ramadani,c,5.5,5.5,"5,5","5,5"
27,Lecce,Pierotti,c,5.5,5.5,"5,5","5,5"
27,Lecce,Gandelman,c,5.5,5.5,"5,5","5,5"
27,Lecce,Ngom,c,5.5,5.5,"5,5","5,5"
27,Lecce,Banda,a,6.0,6.5,6,"6,5"
27,Lecce,Cheddira,a,5.0,5.0,5,5
27,Lecce,Stulic,a,5.5,5.5,"5,5","5,5"
27,Lecce,Di Francesco,all,5.0,5.0,5,5
27,Milan,Maignan,p,6.0,6.0,6,6
27,Milan,Tomori,d,6.5,6.5,"6,5","6,5"
27,Milan,Pavlovic,d,7.0,10.0,7,10
27,Milan,Estupinan,d,55.0,55.0,55,55
27,Milan,De Winter,d,6.5,7.5,"6,5","7,5"
27,Milan,Bartesaghi,d,6.0,6.0,6,6
27,Milan,Athekame,d,55.0,55.0,55,55
27,Milan,Rabiot,c,6.5,6.5,"6,5","6,5"
27,Milan,Pulisic,c,5.0,5.0,5,5
27,Milan,Modric,c,7.0,7.0,7,7
27,Milan,Fofana Y.,c,6.5,6.5,"6,5","6,5"
27,Milan,Saelemaekers,c,5.5,5.5,"5,5","5,5"
27,Milan,Ricci S.,c,6.0,6.0,6,6
27,Milan,Fullkrug,a,6.0,6.0,6,6
27,Milan,Leao,a,6.0,9.0,6,9
27,Milan,Nkunku,a,6.5,7.5,"6,5","7,5"
27,Milan,Allegri,all,6.5,6.5,"6,5","6,5"
27,Napoli,Meret,p,6.0,5.0,6,5
27,Napoli,Juan Jesus,d,6.0,5.5,6,"5,5"
27,Napoli,Spinazzola,d,6.0,6.0,6,6
27,Napoli,Buongiorno,d,6.0,6.0,6,6
27,Napoli,Gutierrez,d,6.0,6.0,6,6
27,Napoli,Mazzocchi,d,55.0,55.0,55,55
27,Napoli,Beukema,d,6.0,6.0,6,6
27,Napoli,Politano,c,6.0,6.0,6,6
27,Napoli,Lobotka,c,5.5,5.5,"5,5","5,5"
27,Napoli,Elmas,c,6.0,5.5,6,"5,5"
27,Napoli,Gilmour,c,6.5,6.5,"6,5","6,5"
27,Napoli,Vergara,c,6.5,6.0,"6,5",6
27,Napoli,Santos A.,c,6.0,6.0,6,6
27,Napoli,Lukaku,a,7.0,9.5,7,"9,5"
27,Napoli,Hojlund,a,6.5,9.5,"6,5","9,5"
27,Napoli,Giovane,a,6.5,7.5,"6,5","7,5"
27,Napoli,Conte,all,6.0,5.5,6,"5,5"
27,Parma,Corvi,p,6.5,5.5,"6,5","5,5"
27,Parma,Valenti,d,6.0,5.5,6,"5,5"
27,Parma,Valeri,d,6.0,6.0,6,6
27,Parma,Carboni F.,d,55.0,55.0,55,55
27,Parma,Delprato,d,6.0,6.0,6,6
27,Parma,Troilo,d,6.5,6.5,"6,5","6,5"
27,Parma,Britschgi,d,6.0,6.0,6,6
27,Parma,Nicolussi Caviglia,c,6.0,6.0,6,6
27,Parma,Strefezza,c,6.0,6.0,6,6
27,Parma,Estevez,c,6.0,6.0,6,6
27,Parma,Oristanio,c,7.0,10.0,7,10
27,Parma,Bernabè,c,6.5,6.5,"6,5","6,5"
27,Parma,Keita M.,c,5.5,5.5,"5,5","5,5"
27,Parma,Ordonez C.,c,5.5,5.5,"5,5","5,5"
27,Parma,Cremaschi,c,55.0,55.0,55,55
27,Parma,Pellegrino M.,a,5.5,5.0,"5,5",5
27,Parma,Cuesta,all,6.0,6.0,6,6
27,Pisa,Nicolas,p,6.0,5.0,6,5
27,Pisa,Cuadrado,d,6.0,6.0,6,6
27,Pisa,Caracciolo A.,d,6.5,6.5,"6,5","6,5"
27,Pisa,Calabresi,d,6.0,6.0,6,6
27,Pisa,Canestrelli,d,6.0,6.0,6,6
27,Pisa,Coppola F.,d,6.0,6.0,6,6
27,Pisa,Angori,d,6.0,6.0,6,6
27,Pisa,Leris,c,6.0,6.0,6,6
27,Pisa,Aebischer,c,6.5,6.5,"6,5","6,5"
27,Pisa,Iling Junior,c,55.0,55.0,55,55
27,Pisa,Piccinini G.,c,5.5,5.5,"5,5","5,5"
27,Pisa,Hojholt,c,5.5,5.5,"5,5","5,5"
27,Pisa,Marin M.,c,6.0,6.0,6,6
27,Pisa,Moreo,a,6.5,6.5,"6,5","6,5"
27,Pisa,Durosinmi,a,6.0,6.0,6,6
27,Pisa,Stojilkovic,a,5.5,5.5,"5,5","5,5"
27,Pisa,Hiljemark,all,6.0,6.0,6,6
27,Roma,Svilar,p,6.0,3.0,6,3
27,Roma,Mancini,d,6.0,6.0,6,6
27,Roma,N'Dicka,d,6.5,9.5,"6,5","9,5"
27,Roma,Celik,d,6.0,6.0,6,6
27,Roma,Ghilardi,d,6.0,6.0,6,6
27,Roma,Rensch,d,6.5,6.5,"6,5","6,5"
27,Roma,Wesley,d,7.0,9.5,7,"9,5"
27,Roma,Pellegrini Lo.,c,6.0,7.0,6,7
27,Roma,Cristante,c,5.5,5.5,"5,5","5,5"
27,Roma,Konè M.,c,6.5,7.5,"6,5","7,5"
27,Roma,Pisilli,c,7.5,8.5,"7,5","8,5"
27,Roma,El Aynaoui,c,5.5,5.5,"5,5","5,5"
27,Roma,Zaragoza,c,55.0,55.0,55,55
27,Roma,Malen,a,7.0,10.0,7,10
27,Roma,Gasperini,all,6.0,6.0,6,6
27,Sassuolo,Muric,p,7.5,6.5,"7,5","6,5"
27,Sassuolo,Doig,d,55.0,55.0,55,55
27,Sassuolo,Garcia U.,d,6.5,6.5,"6,5","6,5"
27,Sassuolo,Coulibaly W.,d,7.0,7.0,7,7
27,Sassuolo,Idzes,d,6.5,6.0,"6,5",6
27,Sassuolo,Muharemovic,d,6.5,6.5,"6,5","6,5"
27,Sassuolo,Matic,c,6.0,5.5,6,"5,5"
27,Sassuolo,Thorstvedt,c,7.0,10.0,7,10
27,Sassuolo,Lipani,c,6.0,6.0,6,6
27,Sassuolo,Konè I.,c,7.0,10.0,7,10
27,Sassuolo,Fadera,c,55.0,55.0,55,55
27,Sassuolo,Iannoni,c,55.0,55.0,55,55
27,Sassuolo,Berardi,a,6.5,6.5,"6,5","6,5"
27,Sassuolo,Pinamonti,a,4.0,3.0,4,3
27,Sassuolo,Nzola,a,6.0,6.0,6,6
27,Sassuolo,Laurientè,a,7.0,9.0,7,9
27,Sassuolo,Grosso,all,7.5,7.0,"7,5",7
27,Torino,Paleari,p,6.5,6.5,"6,5","6,5"
27,Torino,Lazaro,d,6.5,6.5,"6,5","6,5"
27,Torino,Ismajli,d,6.5,6.5,"6,5","6,5"
27,Torino,Nkounkou,d,6.0,6.0,6,6
27,Torino,Ebosse,d,6.5,6.5,"6,5","6,5"
27,Torino,Coco,d,6.5,6.5,"6,5","6,5"
27,Torino,Obrador,d,6.5,7.5,"6,5","7,5"
27,Torino,Tameze,c,55.0,55.0,55,55
27,Torino,Ilic,c,6.0,6.0,6,6
27,Torino,Vlasic,c,6.0,5.5,6,"5,5"
27,Torino,Casadei,c,6.0,6.0,6,6
27,Torino,Gineitis,c,6.5,6.0,"6,5",6
27,Torino,Prati,c,6.0,6.0,6,6
27,Torino,Zapata D.,a,7.0,10.0,7,10
27,Torino,Simeone,a,7.0,10.0,7,10
27,Torino,Kulenovic,a,55.0,55.0,55,55
27,Torino,D'Aversa,all,7.0,7.0,7,7
27,Udinese,Okoye,p,6.0,6.0,6,6
27,Udinese,Kabasele,d,7.0,10.0,7,10
27,Udinese,Kamara H.,d,6.0,6.0,6,6
27,Udinese,Bertola,d,6.5,6.5,"6,5","6,5"
27,Udinese,Ehizibue,d,6.0,5.5,6,"5,5"
27,Udinese,Zemura,d,6.0,6.0,6,6
27,Udinese,Kristensen T.,d,6.5,6.5,"6,5","6,5"
27,Udinese,Mlacic,d,6.0,6.0,6,6
27,Udinese,Zaniolo,c,7.0,8.0,7,8
27,Udinese,Zarraga,c,6.0,6.0,6,6
27,Udinese,Karlstrom,c,6.5,6.5,"6,5","6,5"
27,Udinese,Ekkelenkamp,c,6.0,6.0,6,6
27,Udinese,Piotrowski,c,6.0,6.0,6,6
27,Udinese,Miller L.,c,6.5,7.5,"6,5","7,5"
27,Udinese,Davis K.,a,7.5,10.5,"7,5","10,5"
27,Udinese,Buksa,a,7.0,10.0,7,10
27,Udinese,Runjaic,all,7.5,7.5,"7,5","7,5"
27,Verona,Montipò,p,5.5,3.5,"5,5","3,5"
27,Verona,Bradaric,d,5.5,5.5,"5,5","5,5"
27,Verona,Frese,d,6.0,6.0,6,6
27,Verona,Oyegoke,d,6.0,6.0,6,6
27,Verona,Slotsager,d,55.0,55.0,55,55
27,Verona,Nelsson,d,6.0,6.0,6,6
27,Verona,Bella-Kotchap,d,6.0,6.0,6,6
27,Verona,Edmundsson,d,6.0,6.0,6,6
27,Verona,Gagliardini,c,6.0,6.0,6,6
27,Verona,Akpa Akpro,c,6.5,9.0,"6,5",9
27,Verona,Niasse,c,55.0,55.0,55,55
27,Verona,Harroui,c,6.0,5.5,6,"5,5"
27,Verona,Suslov,c,5.5,5.0,"5,5",5
27,Verona,Sarr A.,a,5.5,5.5,"5,5","5,5"
27,Verona,Mosquera,a,6.0,6.0,6,6
27,Verona,Bowie,a,5.5,5.5,"5,5","5,5"
27,Verona,Sammarco,all,6.0,5.5,6,"5,5"
28,Atalanta,Carnesecchi,p,6.0,4.0,6,4
28,Atalanta,Zappacosta,d,6.0,6.0,6,6
28,Atalanta,Djimsiti,d,55.0,55.0,55,55
28,Atalanta,Kolasinac,d,6.0,6.0,6,6
28,Atalanta,Bellanova,d,5.5,5.5,"5,5","5,5"
28,Atalanta,Kossounou,d,5.0,5.0,5,5
28,Atalanta,Hien,d,5.5,5.5,"5,5","5,5"
28,Atalanta,Bernasconi,d,6.0,6.0,6,6
28,Atalanta,De Roon,c,6.0,5.5,6,"5,5"
28,Atalanta,Pasalic,c,6.5,6.5,"6,5","6,5"
28,Atalanta,Samardzic,c,5.5,5.5,"5,5","5,5"
28,Atalanta,Musah,c,5.5,5.5,"5,5","5,5"
28,Atalanta,Zalewski,c,6.5,7.5,"6,5","7,5"
28,Atalanta,Scamacca,a,7.5,13.5,"7,5","13,5"
28,Atalanta,Sulemana K.,a,6.0,6.0,6,6
28,Atalanta,Krstovic,a,6.5,6.5,"6,5","6,5"
28,Atalanta,Palladino,all,6.0,6.0,6,6
28,Bologna,Skorupski,p,6.5,4.5,"6,5","4,5"
28,Bologna,Lykogiannis,d,55.0,55.0,55,55
28,Bologna,Zortea,d,6.0,7.0,6,7
28,Bologna,Lucumì,d,5.0,5.0,5,5
28,Bologna,Vitik,d,5.5,5.5,"5,5","5,5"
28,Bologna,Joao Mario,d,5.5,5.5,"5,5","5,5"
28,Bologna,Bernardeschi,c,6.0,6.0,6,6
28,Bologna,Orsolini,c,5.5,5.5,"5,5","5,5"
28,Bologna,Odgaard,c,5.5,5.5,"5,5","5,5"
28,Bologna,Pobega,c,55.0,55.0,55,55
28,Bologna,Sohm,c,6.0,6.0,6,6
28,Bologna,Ferguson,c,5.5,5.0,"5,5",5
28,Bologna,Moro N.,c,5.5,5.5,"5,5","5,5"
28,Bologna,Rowe,c,7.0,10.0,7,10
28,Bologna,Castro S.,a,5.0,5.0,5,5
28,Bologna,Dominguez B.,a,55.0,55.0,55,55
28,Bologna,Italiano,all,5.5,5.5,"5,5","5,5"
28,Cagliari,Caprile,p,6.0,4.0,6,4
28,Cagliari,Zappa,d,6.0,6.0,6,6
28,Cagliari,Obert,d,6.5,7.5,"6,5","7,5"
28,Cagliari,Dossena,d,5.0,4.5,5,"4,5"
28,Cagliari,Palestra,d,6.5,6.0,"6,5",6
28,Cagliari,Idrissi R.,d,55.0,55.0,55,55
28,Cagliari,Rodriguez Ju.,d,6.0,6.0,6,6
28,Cagliari,Zè Pedro,d,6.0,6.0,6,6
28,Cagliari,Adopo,c,6.0,6.0,6,6
28,Cagliari,Sulemana I.,c,5.5,5.5,"5,5","5,5"
28,Cagliari,Folorunsho,c,5.5,5.5,"5,5","5,5"
28,Cagliari,Liteta,c,5.5,5.5,"5,5","5,5"
28,Cagliari,Pavoletti,a,55.0,55.0,55,55
28,Cagliari,Esposito Se.,a,7.0,9.5,7,"9,5"
28,Cagliari,Kilicsoy,a,55.0,55.0,55,55
28,Cagliari,Trepy,a,55.0,55.0,55,55
28,Cagliari,Pisacane,all,6.0,6.0,6,6
28,Como,Butez,p,6.5,5.5,"6,5","5,5"
28,Como,Diego Carlos,d,55.0,55.0,55,55
28,Como,Vojvoda,d,6.0,6.0,6,6
28,Como,Moreno Alb.,d,6.0,6.0,6,6
28,Como,Valle,d,55.0,55.0,55,55
28,Como,Ramon,d,5.5,5.0,"5,5",5
28,Como,Kempf,d,5.5,5.5,"5,5","5,5"
28,Como,Van Der Brempt,d,6.0,7.0,6,7
28,Como,Sergi Roberto,c,55.0,55.0,55,55
28,Como,Da Cunha,c,7.5,10.5,"7,5","10,5"
28,Como,Perrone,c,6.0,6.0,6,6
28,Como,Paz N.,c,6.0,6.0,6,6
28,Como,Baturina,c,7.0,10.0,7,10
28,Como,Morata,a,6.0,6.0,6,6
28,Como,Douvikas,a,6.0,6.0,6,6
28,Como,Rodriguez Je.,a,6.0,6.0,6,6
28,Como,Fabregas,all,6.5,6.5,"6,5","6,5"
28,Cremonese,Audero,p,5.0,3.0,5,3
28,Cremonese,Luperto,d,5.5,5.0,"5,5",5
28,Cremonese,Bianchetti,d,5.0,4.5,5,"4,5"
28,Cremonese,Pezzella Giu.,d,5.5,4.5,"5,5","4,5"
28,Cremonese,Barbieri,d,5.0,5.0,5,5
28,Cremonese,Folino,d,5.5,5.5,"5,5","5,5"
28,Cremonese,Thorsby,c,5.5,5.5,"5,5","5,5"
28,Cremonese,Maleh,c,5.5,5.5,"5,5","5,5"
28,Cremonese,Zerbin,c,5.5,5.0,"5,5",5
28,Cremonese,Payero,c,5.0,5.0,5,5
28,Cremonese,Vandeputte,c,5.5,5.5,"5,5","5,5"
28,Cremonese,Sanabria,a,6.0,6.0,6,6
28,Cremonese,Bonazzoli,a,7.0,10.0,7,10
28,Cremonese,Vardy,a,5.0,5.0,5,5
28,Cremonese,Djuric,a,7.0,7.5,7,"7,5"
28,Cremonese,Okereke,a,5.0,5.0,5,5
28,Cremonese,Nicola,all,5.0,5.0,5,5
28,Fiorentina,De Gea,p,6.0,6.0,6,6
28,Fiorentina,Gosens,d,6.0,6.0,6,6
28,Fiorentina,Ranieri L.,d,6.0,6.0,6,6
28,Fiorentina,Pongracic,d,5.5,5.5,"5,5","5,5"
28,Fiorentina,Dodò,d,6.0,5.5,6,"5,5"
28,Fiorentina,Comuzzo,d,55.0,55.0,55,55
28,Fiorentina,Mandragora,c,5.5,5.0,"5,5",5
28,Fiorentina,Fagioli,c,5.5,5.5,"5,5","5,5"
28,Fiorentina,Brescianini,c,55.0,55.0,55,55
28,Fiorentina,Harrison,c,5.0,5.0,5,5
28,Fiorentina,Gudmundsson A.,c,5.5,5.5,"5,5","5,5"
28,Fiorentina,Fazzini,c,55.0,55.0,55,55
28,Fiorentina,Fabbian,c,5.5,5.5,"5,5","5,5"
28,Fiorentina,Ndour,c,5.5,5.5,"5,5","5,5"
28,Fiorentina,Piccoli,a,5.0,5.0,5,5
28,Fiorentina,Vanoli,all,5.5,5.5,"5,5","5,5"
28,Genoa,Bijlow,p,6.0,5.0,6,5
28,Genoa,Sabelli,d,6.0,6.0,6,6
28,Genoa,Martin,d,6.0,6.0,6,6
28,Genoa,Vasquez,d,6.0,6.0,6,6
28,Genoa,Ostigard,d,7.0,7.0,7,7
28,Genoa,Marcandalli,d,6.0,6.0,6,6
28,Genoa,Malinovskyi,c,6.5,6.5,"6,5","6,5"
28,Genoa,Messias,c,7.0,10.0,7,10
28,Genoa,Frendrup,c,6.0,6.0,6,6
28,Genoa,Ellertsson,c,6.5,6.5,"6,5","6,5"
28,Genoa,Masini,c,7.0,7.5,7,"7,5"
28,Genoa,Colombo,a,6.0,6.0,6,6
28,Genoa,Ekuban,a,5.5,5.5,"5,5","5,5"
28,Genoa,Vitinha O.,a,7.0,10.0,7,10
28,Genoa,Ekhator,a,6.5,6.5,"6,5","6,5"
28,Genoa,De Rossi,all,7.5,7.5,"7,5","7,5"
28,Inter,Sommer,p,6.0,5.0,6,5
28,Inter,Dimarco,d,5.5,5.5,"5,5","5,5"
28,Inter,Bastoni,d,6.0,5.5,6,"5,5"
28,Inter,Akanji,d,6.0,6.0,6,6
28,Inter,Dumfries,d,6.0,5.5,6,"5,5"
28,Inter,Carlos Augusto,d,6.0,6.0,6,6
28,Inter,Bisseck,d,5.5,5.5,"5,5","5,5"
28,Inter,Zielinski,c,5.5,5.5,"5,5","5,5"
28,Inter,Barella,c,5.5,5.5,"5,5","5,5"
28,Inter,Mkhitaryan,c,6.0,6.0,6,6
28,Inter,Frattesi,c,5.5,5.5,"5,5","5,5"
28,Inter,Luis Henrique,c,5.0,5.0,5,5
28,Inter,Diouf,c,55.0,55.0,55,55
28,Inter,Sucic P.,c,5.5,5.5,"5,5","5,5"
28,Inter,Bonny,a,5.0,5.0,5,5
28,Inter,Esposito F.P.,a,5.5,5.5,"5,5","5,5"
28,Inter,Chivu,all,5.0,5.0,5,5
28,Juventus,Perin,p,6.5,6.5,"6,5","6,5"
28,Juventus,Bremer,d,6.0,5.5,6,"5,5"
28,Juventus,Kalulu,d,6.5,6.5,"6,5","6,5"
28,Juventus,Cambiaso,d,7.0,10.0,7,10
28,Juventus,Gatti,d,6.0,6.0,6,6
28,Juventus,Kelly L.,d,6.0,6.0,6,6
28,Juventus,Locatelli,c,7.0,8.0,7,8
28,Juventus,Kostic,c,55.0,55.0,55,55
28,Juventus,McKennie,c,6.0,6.0,6,6
28,Juventus,Thuram K.,c,7.0,10.0,7,10
28,Juventus,Koopmeiners,c,55.0,55.0,55,55
28,Juventus,Miretti,c,55.0,55.0,55,55
28,Juventus,Conceicao,c,7.0,8.0,7,8
28,Juventus,Boga,a,7.0,10.0,7,10
28,Juventus,David,a,5.0,5.0,5,5
28,Juventus,Yildiz,a,7.5,11.5,"7,5","11,5"
28,Juventus,Spalletti,all,8.0,8.0,8,8
28,Lazio,Motta,p,6.0,5.0,6,5
28,Lazio,Patric,d,5.5,5.5,"5,5","5,5"
28,Lazio,Romagnoli,d,6.0,6.0,6,6
28,Lazio,Marusic,d,7.0,10.0,7,10
28,Lazio,Tavares N.,d,6.5,6.5,"6,5","6,5"
28,Lazio,Gila,d,7.0,7.0,7,7
28,Lazio,Provstgaard,d,6.0,6.0,6,6
28,Lazio,Cataldi,c,6.0,6.0,6,6
28,Lazio,Zaccagni,c,5.5,5.5,"5,5","5,5"
28,Lazio,Maldini,c,7.0,10.0,7,10
28,Lazio,Isaksen,c,6.0,6.0,6,6
28,Lazio,Dele-Bashiru,c,5.5,5.5,"5,5","5,5"
28,Lazio,Taylor K.,c,6.5,6.5,"6,5","6,5"
28,Lazio,Pedro,a,6.5,6.5,"6,5","6,5"
28,Lazio,Cancellieri,a,7.0,8.0,7,8
28,Lazio,Dia,a,6.0,6.0,6,6
28,Lazio,Sarri,all,6.5,6.5,"6,5","6,5"
28,Lecce,Falcone,p,6.5,5.5,"6,5","5,5"
28,Lecce,Gallo,d,6.5,7.5,"6,5","7,5"
28,Lecce,Jean,d,6.0,6.0,6,6
28,Lecce,Tiago Gabriel,d,5.5,5.5,"5,5","5,5"
28,Lecce,Veiga D.,d,6.0,6.0,6,6
28,Lecce,Siebert,d,5.5,5.0,"5,5",5
28,Lecce,Coulibaly L.,c,6.0,6.0,6,6
28,Lecce,Ramadani,c,6.5,6.5,"6,5","6,5"
28,Lecce,Pierotti,c,7.0,10.0,7,10
28,Lecce,Gandelman,c,55.0,55.0,55,55
28,Lecce,Fofana Sa.,c,55.0,55.0,55,55
28,Lecce,Ngom,c,6.0,6.0,6,6
28,Lecce,Banda,a,6.5,6.5,"6,5","6,5"
28,Lecce,Cheddira,a,5.5,5.5,"5,5","5,5"
28,Lecce,Stulic,a,7.0,10.0,7,10
28,Lecce,Di Francesco,all,6.5,6.5,"6,5","6,5"
28,Milan,Maignan,p,6.5,6.5,"6,5","6,5"
28,Milan,Tomori,d,6.0,6.0,6,6
28,Milan,Pavlovic,d,7.0,7.0,7,7
28,Milan,Estupinan,d,7.0,10.0,7,10
28,Milan,De Winter,d,6.5,6.5,"6,5","6,5"
28,Milan,Rabiot,c,6.5,6.0,"6,5",6
28,Milan,Pulisic,c,6.5,6.5,"6,5","6,5"
28,Milan,Modric,c,7.0,6.5,7,"6,5"
28,Milan,Fofana Y.,c,6.5,7.5,"6,5","7,5"
28,Milan,Saelemaekers,c,6.0,6.0,6,6
28,Milan,Ricci S.,c,6.0,6.0,6,6
28,Milan,Fullkrug,a,6.0,6.0,6,6
28,Milan,Leao,a,5.5,5.5,"5,5","5,5"
28,Milan,Nkunku,a,55.0,55.0,55,55
28,Milan,Allegri,all,6.5,6.5,"6,5","6,5"
28,Napoli,Milinkovic-Savic V.,p,6.0,5.0,6,5
28,Napoli,Juan Jesus,d,6.0,6.0,6,6
28,Napoli,Spinazzola,d,6.5,6.5,"6,5","6,5"
28,Napoli,Buongiorno,d,6.5,6.5,"6,5","6,5"
28,Napoli,Gutierrez,d,6.0,6.0,6,6
28,Napoli,Mazzocchi,d,55.0,55.0,55,55
28,Napoli,Olivera,d,6.0,6.0,6,6
28,Napoli,Politano,c,6.5,7.5,"6,5","7,5"
28,Napoli,De Bruyne,c,55.0,55.0,55,55
28,Napoli,Zambo Anguissa,c,6.0,6.0,6,6
28,Napoli,Elmas,c,7.0,10.0,7,10
28,Napoli,Gilmour,c,6.0,6.0,6,6
28,Napoli,Vergara,c,6.0,6.0,6,6
28,Napoli,Santos A.,c,7.0,10.0,7,10
28,Napoli,Lukaku,a,55.0,55.0,55,55
28,Napoli,Hojlund,a,6.0,6.0,6,6
28,Napoli,Conte,all,6.5,6.5,"6,5","6,5"
28,Parma,Corvi,p,6.0,6.0,6,6
28,Parma,Valeri,d,6.0,6.0,6,6
28,Parma,Circati,d,6.0,6.0,6,6
28,Parma,Delprato,d,6.5,6.5,"6,5","6,5"
28,Parma,Troilo,d,6.5,6.5,"6,5","6,5"
28,Parma,Nicolussi Caviglia,c,5.5,5.5,"5,5","5,5"
28,Parma,Strefezza,c,6.0,6.0,6,6
28,Parma,Estevez,c,55.0,55.0,55,55
28,Parma,Oristanio,c,6.0,6.0,6,6
28,Parma,Keita M.,c,6.5,6.5,"6,5","6,5"
28,Parma,Ordonez C.,c,6.0,6.0,6,6
28,Parma,Sorensen O.,c,6.0,6.0,6,6
28,Parma,Cremaschi,c,6.0,6.0,6,6
28,Parma,Pellegrino M.,a,5.5,5.5,"5,5","5,5"
28,Parma,Elphege,a,5.5,5.5,"5,5","5,5"
28,Parma,Cuesta,all,6.0,6.0,6,6
28,Pisa,Nicolas,p,5.5,1.5,"5,5","1,5"
28,Pisa,Cuadrado,d,5.5,5.5,"5,5","5,5"
28,Pisa,Caracciolo A.,d,5.0,4.5,5,"4,5"
28,Pisa,Calabresi,d,5.5,5.5,"5,5","5,5"
28,Pisa,Coppola F.,d,4.5,4.5,"4,5","4,5"
28,Pisa,Angori,d,5.5,5.5,"5,5","5,5"
28,Pisa,Leris,c,6.0,5.5,6,"5,5"
28,Pisa,Aebischer,c,5.0,5.0,5,5
28,Pisa,Iling Junior,c,55.0,55.0,55,55
28,Pisa,Piccinini G.,c,5.5,5.5,"5,5","5,5"
28,Pisa,Hojholt,c,6.0,6.0,6,6
28,Pisa,Marin M.,c,6.0,5.5,6,"5,5"
28,Pisa,Loyola,c,5.5,5.5,"5,5","5,5"
28,Pisa,Moreo,a,6.0,6.0,6,6
28,Pisa,Durosinmi,a,5.5,5.5,"5,5","5,5"
28,Pisa,Stojilkovic,a,55.0,55.0,55,55
28,Pisa,Hiljemark,all,5.0,5.0,5,5
28,Roma,Svilar,p,6.5,4.5,"6,5","4,5"
28,Roma,Mancini,d,5.5,5.5,"5,5","5,5"
28,Roma,N'Dicka,d,6.5,9.0,"6,5",9
28,Roma,Celik,d,5.5,5.5,"5,5","5,5"
28,Roma,Tsimikas,d,5.0,5.0,5,5
28,Roma,Ghilardi,d,6.0,6.0,6,6
28,Roma,Rensch,d,5.5,5.5,"5,5","5,5"
28,Roma,Ziolkowski,d,55.0,55.0,55,55
28,Roma,Pellegrini Lo.,c,5.0,5.0,5,5
28,Roma,Cristante,c,6.0,5.5,6,"5,5"
28,Roma,Konè M.,c,5.5,5.5,"5,5","5,5"
28,Roma,Pisilli,c,5.5,5.5,"5,5","5,5"
28,Roma,El Aynaoui,c,5.5,5.5,"5,5","5,5"
28,Roma,Venturino,c,5.5,5.5,"5,5","5,5"
28,Roma,Malen,a,5.5,5.0,"5,5",5
28,Roma,Vaz,a,55.0,55.0,55,55
28,Roma,Gasperini,all,4.5,4.5,"4,5","4,5"
28,Sassuolo,Muric,p,5.0,3.0,5,3
28,Sassuolo,Walukiewicz,d,5.5,5.0,"5,5",5
28,Sassuolo,Doig,d,6.0,6.0,6,6
28,Sassuolo,Garcia U.,d,5.5,5.0,"5,5",5
28,Sassuolo,Coulibaly W.,d,6.0,6.0,6,6
28,Sassuolo,Idzes,d,5.5,5.5,"5,5","5,5"
28,Sassuolo,Muharemovic,d,5.5,5.5,"5,5","5,5"
28,Sassuolo,Matic,c,5.5,5.5,"5,5","5,5"
28,Sassuolo,Thorstvedt,c,6.5,7.5,"6,5","7,5"
28,Sassuolo,Lipani,c,5.5,5.0,"5,5",5
28,Sassuolo,Konè I.,c,6.0,6.0,6,6
28,Sassuolo,Bakola,c,55.0,55.0,55,55
28,Sassuolo,Berardi,a,5.5,5.5,"5,5","5,5"
28,Sassuolo,Nzola,a,6.0,6.0,6,6
28,Sassuolo,Laurientè,a,7.0,9.5,7,"9,5"
28,Sassuolo,Moro L.,a,5.0,5.0,5,5
28,Sassuolo,Grosso,all,5.5,5.5,"5,5","5,5"
28,Torino,Paleari,p,6.0,4.0,6,4
28,Torino,Lazaro,d,5.0,4.5,5,"4,5"
28,Torino,Ismajli,d,6.0,5.5,6,"5,5"
28,Torino,Ebosse,d,5.5,5.5,"5,5","5,5"
28,Torino,Pedersen,d,5.5,5.5,"5,5","5,5"
28,Torino,Coco,d,6.0,6.0,6,6
28,Torino,Obrador,d,6.0,6.0,6,6
28,Torino,Vlasic,c,6.5,6.5,"6,5","6,5"
28,Torino,Casadei,c,6.5,9.5,"6,5","9,5"
28,Torino,Gineitis,c,5.5,5.0,"5,5",5
28,Torino,Prati,c,6.0,6.0,6,6
28,Torino,Anjorin,c,55.0,55.0,55,55
28,Torino,Zapata D.,a,5.0,5.0,5,5
28,Torino,Simeone,a,5.5,5.5,"5,5","5,5"
28,Torino,Adams C.,a,6.0,7.0,6,7
28,Torino,Kulenovic,a,5.5,5.5,"5,5","5,5"
28,Torino,D'Aversa,all,5.5,5.5,"5,5","5,5"
28,Udinese,Okoye,p,5.5,3.0,"5,5",3
28,Udinese,Kabasele,d,5.5,5.5,"5,5","5,5"
28,Udinese,Kamara H.,d,6.0,6.0,6,6
28,Udinese,Ehizibue,d,5.5,5.5,"5,5","5,5"
28,Udinese,Kristensen T.,d,6.0,9.0,6,9
28,Udinese,Arizala,d,55.0,55.0,55,55
28,Udinese,Mlacic,d,5.0,4.5,5,"4,5"
28,Udinese,Zaniolo,c,6.5,7.5,"6,5","7,5"
28,Udinese,Zarraga,c,6.0,6.0,6,6
28,Udinese,Karlstrom,c,6.0,6.0,6,6
28,Udinese,Ekkelenkamp,c,6.0,6.0,6,6
28,Udinese,Atta,c,6.0,6.0,6,6
28,Udinese,Piotrowski,c,5.5,5.5,"5,5","5,5"
28,Udinese,Miller L.,c,6.0,6.0,6,6
28,Udinese,Davis K.,a,7.0,10.0,7,10
28,Udinese,Buksa,a,55.0,55.0,55,55
28,Udinese,Runjaic,all,6.5,6.5,"6,5","6,5"
28,Verona,Montipò,p,6.5,5.5,"6,5","5,5"
28,Verona,Bradaric,d,6.5,6.5,"6,5","6,5"
28,Verona,Frese,d,7.0,10.0,7,10
28,Verona,Valentini N.,d,55.0,55.0,55,55
28,Verona,Oyegoke,d,6.0,6.0,6,6
28,Verona,Nelsson,d,5.5,5.5,"5,5","5,5"
28,Verona,Edmundsson,d,6.0,6.0,6,6
28,Verona,Gagliardini,c,6.0,6.0,6,6
28,Verona,Akpa Akpro,c,5.5,5.5,"5,5","5,5"
28,Verona,Harroui,c,6.0,5.5,6,"5,5"
28,Verona,Suslov,c,6.0,6.0,6,6
28,Verona,Al-Musrati,c,55.0,55.0,55,55
28,Verona,Sarr A.,a,55.0,55.0,55,55
28,Verona,Orban G.,a,6.5,7.5,"6,5","7,5"
28,Verona,Bowie,a,7.5,10.0,"7,5",10
28,Verona,Sammarco,all,6.5,6.5,"6,5","6,5"
29,Atalanta,Carnesecchi,p,5.5,4.5,"5,5","4,5"
29,Atalanta,Zappacosta,d,6.5,6.5,"6,5","6,5"
29,Atalanta,Djimsiti,d,6.0,6.0,6,6
29,Atalanta,Kolasinac,d,5.5,5.0,"5,5",5
29,Atalanta,Scalvini,d,6.0,6.0,6,6
29,Atalanta,Hien,d,6.0,6.0,6,6
29,Atalanta,Bernasconi,d,5.5,5.5,"5,5","5,5"
29,Atalanta,De Roon,c,6.0,6.0,6,6
29,Atalanta,Pasalic,c,5.5,5.5,"5,5","5,5"
29,Atalanta,Samardzic,c,5.0,5.0,5,5
29,Atalanta,Zalewski,c,5.5,5.5,"5,5","5,5"
29,Atalanta,Ederson D.S.,c,6.5,6.5,"6,5","6,5"
29,Atalanta,Scamacca,a,5.5,5.5,"5,5","5,5"
29,Atalanta,Sulemana K.,a,6.5,6.5,"6,5","6,5"
29,Atalanta,De Ketelaere,a,6.0,5.5,6,"5,5"
29,Atalanta,Krstovic,a,7.0,10.0,7,10
29,Atalanta,Palladino,all,6.5,6.5,"6,5","6,5"
29,Bologna,Skorupski,p,6.5,6.5,"6,5","6,5"
29,Bologna,De Silvestri,d,6.0,6.0,6,6
29,Bologna,Zortea,d,5.5,5.0,"5,5",5
29,Bologna,Miranda J.,d,6.5,6.5,"6,5","6,5"
29,Bologna,Lucumì,d,6.5,6.5,"6,5","6,5"
29,Bologna,Vitik,d,7.0,7.0,7,7
29,Bologna,Bernardeschi,c,55.0,55.0,55,55
29,Bologna,Freuler,c,6.0,6.0,6,6
29,Bologna,Orsolini,c,6.0,6.0,6,6
29,Bologna,Odgaard,c,6.5,6.5,"6,5","6,5"
29,Bologna,Pobega,c,55.0,55.0,55,55
29,Bologna,Sohm,c,6.5,6.5,"6,5","6,5"
29,Bologna,Moro N.,c,6.0,6.0,6,6
29,Bologna,Cambiaghi,a,6.0,6.0,6,6
29,Bologna,Castro S.,a,6.0,6.0,6,6
29,Bologna,Dallinga,a,7.0,9.5,7,"9,5"
29,Bologna,Italiano,all,7.0,7.0,7,7
29,Cagliari,Caprile,p,6.0,3.0,6,3
29,Cagliari,Mina,d,6.0,6.0,6,6
29,Cagliari,Zappa,d,5.0,5.0,5,5
29,Cagliari,Obert,d,5.0,4.0,5,4
29,Cagliari,Dossena,d,5.5,6.0,"5,5",6
29,Cagliari,Palestra,d,5.0,5.0,5,5
29,Cagliari,Zè Pedro,d,5.5,5.0,"5,5",5
29,Cagliari,Mazzitelli,c,5.5,5.5,"5,5","5,5"
29,Cagliari,Gaetano,c,5.5,5.5,"5,5","5,5"
29,Cagliari,Adopo,c,6.0,6.0,6,6
29,Cagliari,Sulemana I.,c,5.0,5.0,5,5
29,Cagliari,Folorunsho,c,5.0,5.0,5,5
29,Cagliari,Pavoletti,a,7.0,10.0,7,10
29,Cagliari,Kilicsoy,a,5.0,5.0,5,5
29,Cagliari,Trepy,a,5.5,5.5,"5,5","5,5"
29,Cagliari,Albarracin,a,6.0,6.0,6,6
29,Cagliari,Pisacane,all,4.5,4.5,"4,5","4,5"
29,Como,Butez,p,6.0,5.0,6,5
29,Como,Diego Carlos,d,6.5,9.0,"6,5",9
29,Como,Valle,d,6.5,7.5,"6,5","7,5"
29,Como,Ramon,d,6.5,6.5,"6,5","6,5"
29,Como,Kempf,d,6.0,6.0,6,6
29,Como,Van Der Brempt,d,55.0,55.0,55,55
29,Como,Smolcic I.,d,6.5,6.5,"6,5","6,5"
29,Como,Sergi Roberto,c,5.0,5.0,5,5
29,Como,Caqueret,c,5.5,5.0,"5,5",5
29,Como,Da Cunha,c,7.0,7.0,7,7
29,Como,Perrone,c,6.0,6.0,6,6
29,Como,Paz N.,c,5.5,5.5,"5,5","5,5"
29,Como,Baturina,c,6.5,6.5,"6,5","6,5"
29,Como,Diao,a,7.0,7.0,7,7
29,Como,Douvikas,a,7.0,10.0,7,10
29,Como,Rodriguez Je.,a,6.0,6.0,6,6
29,Como,Fabregas,all,7.0,7.0,7,7
29,Cremonese,Audero,p,5.0,1.0,5,1
29,Cremonese,Luperto,d,4.5,4.5,"4,5","4,5"
29,Cremonese,Ceccherini,d,6.0,7.0,6,7
29,Cremonese,Terracciano F.,d,55.0,55.0,55,55
29,Cremonese,Barbieri,d,5.5,5.5,"5,5","5,5"
29,Cremonese,Folino,d,5.0,5.0,5,5
29,Cremonese,Floriani Mussolini,d,4.5,4.5,"4,5","4,5"
29,Cremonese,Grassi,c,5.5,5.5,"5,5","5,5"
29,Cremonese,Thorsby,c,5.5,5.5,"5,5","5,5"
29,Cremonese,Maleh,c,5.5,5.5,"5,5","5,5"
29,Cremonese,Bondo,c,5.5,5.0,"5,5",5
29,Cremonese,Zerbin,c,5.5,5.5,"5,5","5,5"
29,Cremonese,Vandeputte,c,5.5,5.5,"5,5","5,5"
29,Cremonese,Bonazzoli,a,5.0,5.0,5,5
29,Cremonese,Djuric,a,6.0,6.0,6,6
29,Cremonese,Okereke,a,6.5,9.5,"6,5","9,5"
29,Cremonese,Nicola,all,5.0,5.0,5,5
29,Fiorentina,De Gea,p,6.0,5.0,6,5
29,Fiorentina,Rugani,d,55.0,55.0,55,55
29,Fiorentina,Gosens,d,6.5,7.5,"6,5","7,5"
29,Fiorentina,Ranieri L.,d,6.5,6.5,"6,5","6,5"
29,Fiorentina,Parisi,d,7.0,10.0,7,10
29,Fiorentina,Pongracic,d,6.0,6.0,6,6
29,Fiorentina,Dodò,d,7.5,10.5,"7,5","10,5"
29,Fiorentina,Mandragora,c,6.5,6.5,"6,5","6,5"
29,Fiorentina,Fagioli,c,7.0,7.0,7,7
29,Fiorentina,Brescianini,c,6.5,6.5,"6,5","6,5"
29,Fiorentina,Harrison,c,6.0,6.0,6,6
29,Fiorentina,Gudmundsson A.,c,7.0,10.0,7,10
29,Fiorentina,Fazzini,c,55.0,55.0,55,55
29,Fiorentina,Fabbian,c,55.0,55.0,55,55
29,Fiorentina,Ndour,c,6.0,6.0,6,6
29,Fiorentina,Piccoli,a,7.5,11.5,"7,5","11,5"
29,Fiorentina,Vanoli,all,7.0,7.0,7,7
29,Genoa,Bijlow,p,6.0,6.0,6,6
29,Genoa,Sabelli,d,5.5,5.5,"5,5","5,5"
29,Genoa,Martin,d,6.5,7.5,"6,5","7,5"
29,Genoa,Vasquez,d,6.5,6.5,"6,5","6,5"
29,Genoa,Ostigard,d,7.0,10.0,7,10
29,Genoa,Marcandalli,d,6.0,6.0,6,6
29,Genoa,Norton-Cuffy,d,6.0,6.0,6,6
29,Genoa,Malinovskyi,c,6.0,6.0,6,6
29,Genoa,Messias,c,6.0,6.0,6,6
29,Genoa,Frendrup,c,6.5,6.5,"6,5","6,5"
29,Genoa,Ellertsson,c,6.0,6.0,6,6
29,Genoa,Amorim,c,6.0,6.0,6,6
29,Genoa,Colombo,a,6.0,6.0,6,6
29,Genoa,Ekuban,a,5.5,5.5,"5,5","5,5"
29,Genoa,Vitinha O.,a,7.0,9.5,7,"9,5"
29,Genoa,Ekhator,a,55.0,55.0,55,55
29,Genoa,De Rossi,all,7.0,7.0,7,7
29,Inter,Sommer,p,6.0,5.0,6,5
29,Inter,Dimarco,d,6.0,6.0,6,6
29,Inter,De Vrij,d,55.0,55.0,55,55
29,Inter,Akanji,d,6.0,6.0,6,6
29,Inter,Dumfries,d,5.0,5.0,5,5
29,Inter,Carlos Augusto,d,6.5,6.0,"6,5",6
29,Inter,Bisseck,d,6.5,6.5,"6,5","6,5"
29,Inter,Zielinski,c,5.5,5.5,"5,5","5,5"
29,Inter,Barella,c,6.5,7.5,"6,5","7,5"
29,Inter,Mkhitaryan,c,6.0,6.0,6,6
29,Inter,Frattesi,c,5.5,5.5,"5,5","5,5"
29,Inter,Luis Henrique,c,5.5,5.5,"5,5","5,5"
29,Inter,Sucic P.,c,5.5,5.0,"5,5",5
29,Inter,Thuram,a,5.5,5.5,"5,5","5,5"
29,Inter,Bonny,a,5.5,5.5,"5,5","5,5"
29,Inter,Esposito F.P.,a,7.0,10.0,7,10
29,Inter,Chivu,all,5.5,4.5,"5,5","4,5"
29,Juventus,Perin,p,6.0,6.0,6,6
29,Juventus,Bremer,d,6.5,6.5,"6,5","6,5"
29,Juventus,Kalulu,d,6.0,6.0,6,6
29,Juventus,Cambiaso,d,6.0,6.0,6,6
29,Juventus,Gatti,d,55.0,55.0,55,55
29,Juventus,Kelly L.,d,6.0,5.5,6,"5,5"
29,Juventus,Locatelli,c,6.5,6.5,"6,5","6,5"
29,Juventus,Kostic,c,55.0,55.0,55,55
29,Juventus,McKennie,c,6.0,6.0,6,6
29,Juventus,Thuram K.,c,6.0,6.0,6,6
29,Juventus,Koopmeiners,c,6.0,6.0,6,6
29,Juventus,Miretti,c,55.0,55.0,55,55
29,Juventus,Conceicao,c,6.5,6.5,"6,5","6,5"
29,Juventus,Boga,a,7.0,10.0,7,10
29,Juventus,David,a,55.0,55.0,55,55
29,Juventus,Yildiz,a,7.0,8.0,7,8
29,Juventus,Spalletti,all,6.5,6.5,"6,5","6,5"
29,Lazio,Motta,p,6.5,6.0,"6,5",6
29,Lazio,Patric,d,6.5,6.0,"6,5",6
29,Lazio,Marusic,d,6.5,7.5,"6,5","7,5"
29,Lazio,Tavares N.,d,6.5,6.0,"6,5",6
29,Lazio,Gila,d,7.0,7.0,7,7
29,Lazio,Provstgaard,d,6.5,6.5,"6,5","6,5"
29,Lazio,Zaccagni,c,6.0,6.0,6,6
29,Lazio,Maldini,c,6.5,6.5,"6,5","6,5"
29,Lazio,Belahyane,c,55.0,55.0,55,55
29,Lazio,Isaksen,c,7.0,10.0,7,10
29,Lazio,Dele-Bashiru,c,6.5,6.5,"6,5","6,5"
29,Lazio,Taylor K.,c,6.5,6.5,"6,5","6,5"
29,Lazio,Pedro,a,6.0,5.5,6,"5,5"
29,Lazio,Cancellieri,a,55.0,55.0,55,55
29,Lazio,Dia,a,5.5,5.5,"5,5","5,5"
29,Lazio,Sarri,all,7.0,6.0,7,6
29,Lecce,Falcone,p,6.0,4.0,6,4
29,Lecce,Gallo,d,6.0,7.0,6,7
29,Lecce,Tiago Gabriel,d,5.5,5.5,"5,5","5,5"
29,Lecce,Veiga D.,d,5.5,5.5,"5,5","5,5"
29,Lecce,Ndaba,d,55.0,55.0,55,55
29,Lecce,Siebert,d,6.5,9.0,"6,5",9
29,Lecce,Coulibaly L.,c,6.0,6.0,6,6
29,Lecce,Ramadani,c,6.0,6.0,6,6
29,Lecce,Pierotti,c,5.5,5.5,"5,5","5,5"
29,Lecce,Gandelman,c,6.0,6.0,6,6
29,Lecce,Fofana Sa.,c,55.0,55.0,55,55
29,Lecce,Ngom,c,6.0,6.0,6,6
29,Lecce,Banda,a,6.0,6.0,6,6
29,Lecce,Cheddira,a,6.0,6.0,6,6
29,Lecce,N'Dri,a,55.0,55.0,55,55
29,Lecce,Stulic,a,5.5,5.5,"5,5","5,5"
29,Lecce,Di Francesco,all,5.5,5.5,"5,5","5,5"
29,Milan,Maignan,p,6.0,5.0,6,5
29,Milan,Tomori,d,6.0,6.0,6,6
29,Milan,Pavlovic,d,6.0,6.0,6,6
29,Milan,Estupinan,d,5.0,4.5,5,"4,5"
29,Milan,De Winter,d,5.5,5.5,"5,5","5,5"
29,Milan,Bartesaghi,d,6.0,6.0,6,6
29,Milan,Athekame,d,6.0,6.0,6,6
29,Milan,Pulisic,c,5.5,5.5,"5,5","5,5"
29,Milan,Modric,c,6.0,6.0,6,6
29,Milan,Fofana Y.,c,6.0,6.0,6,6
29,Milan,Saelemaekers,c,6.0,6.0,6,6
29,Milan,Ricci S.,c,55.0,55.0,55,55
29,Milan,Jashari,c,5.5,5.5,"5,5","5,5"
29,Milan,Fullkrug,a,5.5,5.5,"5,5","5,5"
29,Milan,Leao,a,5.0,5.0,5,5
29,Milan,Nkunku,a,5.5,5.5,"5,5","5,5"
29,Milan,Allegri,all,5.0,5.0,5,5
29,Napoli,Meret,p,6.0,5.0,6,5
29,Napoli,Spinazzola,d,6.0,6.0,6,6
29,Napoli,Buongiorno,d,6.5,6.5,"6,5","6,5"
29,Napoli,Gutierrez,d,6.0,6.0,6,6
29,Napoli,Mazzocchi,d,6.0,6.0,6,6
29,Napoli,Olivera,d,6.0,6.0,6,6
29,Napoli,Beukema,d,5.5,5.5,"5,5","5,5"
29,Napoli,Politano,c,7.5,11.5,"7,5","11,5"
29,Napoli,De Bruyne,c,6.5,6.5,"6,5","6,5"
29,Napoli,Zambo Anguissa,c,5.0,5.0,5,5
29,Napoli,Elmas,c,5.0,5.0,5,5
29,Napoli,McTominay,c,6.5,6.5,"6,5","6,5"
29,Napoli,Gilmour,c,6.0,6.0,6,6
29,Napoli,Santos A.,c,5.5,5.5,"5,5","5,5"
29,Napoli,Hojlund,a,7.0,10.0,7,10
29,Napoli,Giovane,a,55.0,55.0,55,55
29,Napoli,Conte,all,6.5,6.5,"6,5","6,5"
29,Parma,Suzuki,p,4.5,0.5,"4,5","0,5"
29,Parma,Valenti,d,6.0,6.0,6,6
29,Parma,Valeri,d,5.0,5.0,5,5
29,Parma,Circati,d,4.5,4.5,"4,5","4,5"
29,Parma,Delprato,d,5.0,4.5,5,"4,5"
29,Parma,Troilo,d,5.5,5.5,"5,5","5,5"
29,Parma,Britschgi,d,5.5,5.5,"5,5","5,5"
29,Parma,Strefezza,c,6.5,7.0,"6,5",7
29,Parma,Estevez,c,5.5,5.5,"5,5","5,5"
29,Parma,Oristanio,c,6.0,6.0,6,6
29,Parma,Keita M.,c,5.0,3.0,5,3
29,Parma,Ondrejka,c,55.0,55.0,55,55
29,Parma,Ordonez C.,c,5.5,5.0,"5,5",5
29,Parma,Sorensen O.,c,5.5,5.5,"5,5","5,5"
29,Parma,Cremaschi,c,55.0,55.0,55,55
29,Parma,Pellegrino M.,a,7.0,10.0,7,10
29,Parma,Cuesta,all,5.5,5.5,"5,5","5,5"
29,Pisa,Nicolas,p,6.0,5.0,6,5
29,Pisa,Albiol,d,6.0,7.0,6,7
29,Pisa,Caracciolo A.,d,8.0,14.0,8,14
29,Pisa,Calabresi,d,6.5,6.5,"6,5","6,5"
29,Pisa,Canestrelli,d,6.0,6.0,6,6
29,Pisa,Angori,d,7.0,7.0,7,7
29,Pisa,Leris,c,6.5,6.5,"6,5","6,5"
29,Pisa,Tramoni M.,c,6.5,6.5,"6,5","6,5"
29,Pisa,Aebischer,c,6.5,6.0,"6,5",6
29,Pisa,Akinsanmiro,c,6.0,6.0,6,6
29,Pisa,Tourè I.,c,55.0,55.0,55,55
29,Pisa,Hojholt,c,6.0,6.0,6,6
29,Pisa,Marin M.,c,55.0,55.0,55,55
29,Pisa,Moreo,a,7.5,10.5,"7,5","10,5"
29,Pisa,Durosinmi,a,4.0,3.0,4,3
29,Pisa,Hiljemark,all,7.5,7.5,"7,5","7,5"
29,Roma,Svilar,p,6.0,4.0,6,4
29,Roma,Mancini,d,6.0,6.0,6,6
29,Roma,Celik,d,6.0,6.0,6,6
29,Roma,Hermoso,d,5.0,5.0,5,5
29,Roma,Tsimikas,d,5.5,5.5,"5,5","5,5"
29,Roma,Ghilardi,d,5.5,5.0,"5,5",5
29,Roma,Rensch,d,5.5,5.5,"5,5","5,5"
29,Roma,Wesley,d,5.5,4.5,"5,5","4,5"
29,Roma,Ziolkowski,d,5.5,5.5,"5,5","5,5"
29,Roma,Pellegrini Lo.,c,6.5,6.5,"6,5","6,5"
29,Roma,Cristante,c,5.0,5.0,5,5
29,Roma,El Shaarawy,c,6.5,6.5,"6,5","6,5"
29,Roma,Konè M.,c,5.0,5.0,5,5
29,Roma,Pisilli,c,5.5,5.5,"5,5","5,5"
29,Roma,Malen,a,6.5,9.5,"6,5","9,5"
29,Roma,Vaz,a,5.5,5.5,"5,5","5,5"
29,Roma,Gasperini,all,5.5,5.5,"5,5","5,5"
29,Sassuolo,Muric,p,6.0,5.0,6,5
29,Sassuolo,Walukiewicz,d,5.5,5.5,"5,5","5,5"
29,Sassuolo,Doig,d,6.0,6.0,6,6
29,Sassuolo,Garcia U.,d,6.0,6.0,6,6
29,Sassuolo,Idzes,d,5.5,5.5,"5,5","5,5"
29,Sassuolo,Muharemovic,d,6.5,6.5,"6,5","6,5"
29,Sassuolo,Matic,c,5.5,5.5,"5,5","5,5"
29,Sassuolo,Vranckx,c,6.0,6.0,6,6
29,Sassuolo,Volpato,c,6.0,6.0,6,6
29,Sassuolo,Thorstvedt,c,6.0,6.0,6,6
29,Sassuolo,Konè I.,c,6.0,6.0,6,6
29,Sassuolo,Bakola,c,55.0,55.0,55,55
29,Sassuolo,Berardi,a,5.5,5.5,"5,5","5,5"
29,Sassuolo,Pinamonti,a,5.5,5.5,"5,5","5,5"
29,Sassuolo,Nzola,a,5.5,5.0,"5,5",5
29,Sassuolo,Laurientè,a,6.0,6.0,6,6
29,Sassuolo,Grosso,all,5.5,5.5,"5,5","5,5"
29,Torino,Paleari,p,5.5,4.5,"5,5","4,5"
29,Torino,Ismajli,d,6.5,6.5,"6,5","6,5"
29,Torino,Ebosse,d,6.0,6.0,6,6
29,Torino,Pedersen,d,6.0,6.0,6,6
29,Torino,Coco,d,6.5,6.5,"6,5","6,5"
29,Torino,Marianucci,d,55.0,55.0,55,55
29,Torino,Obrador,d,6.5,6.5,"6,5","6,5"
29,Torino,Vlasic,c,7.0,7.0,7,7
29,Torino,Ilkhan,c,7.0,10.0,7,10
29,Torino,Gineitis,c,6.5,6.5,"6,5","6,5"
29,Torino,Prati,c,6.0,6.0,6,6
29,Torino,Anjorin,c,55.0,55.0,55,55
29,Torino,Zapata D.,a,7.0,10.0,7,10
29,Torino,Simeone,a,7.5,10.5,"7,5","10,5"
29,Torino,Adams C.,a,7.0,8.0,7,8
29,Torino,Kulenovic,a,6.5,7.0,"6,5",7
29,Torino,D'Aversa,all,7.5,7.5,"7,5","7,5"
29,Udinese,Okoye,p,7.0,6.0,7,6
29,Udinese,Kabasele,d,5.5,5.0,"5,5",5
29,Udinese,Kamara H.,d,6.0,6.0,6,6
29,Udinese,Ehizibue,d,6.0,6.0,6,6
29,Udinese,Kristensen T.,d,6.0,6.0,6,6
29,Udinese,Arizala,d,6.0,6.0,6,6
29,Udinese,Mlacic,d,55.0,55.0,55,55
29,Udinese,Zaniolo,c,5.0,4.5,5,"4,5"
29,Udinese,Zarraga,c,5.0,5.0,5,5
29,Udinese,Karlstrom,c,5.5,5.5,"5,5","5,5"
29,Udinese,Ekkelenkamp,c,5.5,5.5,"5,5","5,5"
29,Udinese,Atta,c,5.5,5.5,"5,5","5,5"
29,Udinese,Piotrowski,c,55.0,55.0,55,55
29,Udinese,Miller L.,c,6.0,6.0,6,6
29,Udinese,Davis K.,a,6.0,6.0,6,6
29,Udinese,Gueye,a,55.0,55.0,55,55
29,Udinese,Runjaic,all,5.5,5.5,"5,5","5,5"
29,Verona,Montipò,p,4.5,2.5,"4,5","2,5"
29,Verona,Frese,d,5.5,5.5,"5,5","5,5"
29,Verona,Valentini N.,d,5.5,5.5,"5,5","5,5"
29,Verona,Oyegoke,d,6.0,5.5,6,"5,5"
29,Verona,Nelsson,d,5.5,5.5,"5,5","5,5"
29,Verona,Belghali,d,5.5,5.5,"5,5","5,5"
29,Verona,Edmundsson,d,5.5,5.5,"5,5","5,5"
29,Verona,Gagliardini,c,5.5,5.5,"5,5","5,5"
29,Verona,Akpa Akpro,c,6.0,5.5,6,"5,5"
29,Verona,Harroui,c,5.5,5.5,"5,5","5,5"
29,Verona,Suslov,c,5.5,5.5,"5,5","5,5"
29,Verona,Sarr A.,a,55.0,55.0,55,55
29,Verona,Orban G.,a,5.5,5.5,"5,5","5,5"
29,Verona,Mosquera,a,55.0,55.0,55,55
29,Verona,Bowie,a,5.5,5.5,"5,5","5,5"
29,Verona,Sammarco,all,5.0,5.0,5,5
30,Atalanta,Carnesecchi,p,6.5,6.5,"6,5","6,5"
30,Atalanta,Zappacosta,d,7.0,10.0,7,10
30,Atalanta,Djimsiti,d,6.0,6.0,6,6
30,Atalanta,Kolasinac,d,6.5,6.5,"6,5","6,5"
30,Atalanta,Scalvini,d,6.0,6.0,6,6
30,Atalanta,Hien,d,6.0,5.5,6,"5,5"
30,Atalanta,Bernasconi,d,6.0,6.0,6,6
30,Atalanta,De Roon,c,6.0,6.0,6,6
30,Atalanta,Pasalic,c,5.5,5.5,"5,5","5,5"
30,Atalanta,Samardzic,c,55.0,55.0,55,55
30,Atalanta,Musah,c,6.0,6.0,6,6
30,Atalanta,Zalewski,c,5.5,5.5,"5,5","5,5"
30,Atalanta,Ederson D.S.,c,6.5,6.5,"6,5","6,5"
30,Atalanta,Raspadori,a,5.5,5.5,"5,5","5,5"
30,Atalanta,De Ketelaere,a,6.5,6.5,"6,5","6,5"
30,Atalanta,Krstovic,a,6.0,6.0,6,6
30,Atalanta,Palladino,all,6.5,6.5,"6,5","6,5"
30,Bologna,Ravaglia F.,p,6.0,4.0,6,4
30,Bologna,Zortea,d,5.5,5.5,"5,5","5,5"
30,Bologna,Miranda J.,d,5.5,5.5,"5,5","5,5"
30,Bologna,Lucumì,d,5.5,5.5,"5,5","5,5"
30,Bologna,Vitik,d,5.5,5.5,"5,5","5,5"
30,Bologna,Heggem,d,6.0,6.0,6,6
30,Bologna,Bernardeschi,c,5.5,5.5,"5,5","5,5"
30,Bologna,Orsolini,c,5.0,2.0,5,2
30,Bologna,Sohm,c,5.0,5.0,5,5
30,Bologna,Ferguson,c,55.0,55.0,55,55
30,Bologna,Moro N.,c,5.5,5.5,"5,5","5,5"
30,Bologna,Rowe,c,5.5,5.5,"5,5","5,5"
30,Bologna,Cambiaghi,a,5.5,5.5,"5,5","5,5"
30,Bologna,Castro S.,a,5.0,4.5,5,"4,5"
30,Bologna,Dallinga,a,5.5,5.5,"5,5","5,5"
30,Bologna,Dominguez B.,a,5.5,5.5,"5,5","5,5"
30,Bologna,Italiano,all,5.5,5.0,"5,5",5
30,Cagliari,Caprile,p,6.5,5.5,"6,5","5,5"
30,Cagliari,Mina,d,6.5,6.5,"6,5","6,5"
30,Cagliari,Dossena,d,6.0,5.5,6,"5,5"
30,Cagliari,Palestra,d,6.0,6.0,6,6
30,Cagliari,Rodriguez Ju.,d,5.0,5.0,5,5
30,Cagliari,Zè Pedro,d,5.5,5.0,"5,5",5
30,Cagliari,Raterink,d,55.0,55.0,55,55
30,Cagliari,Deiola,c,6.0,6.0,6,6
30,Cagliari,Gaetano,c,6.0,6.0,6,6
30,Cagliari,Adopo,c,5.5,5.5,"5,5","5,5"
30,Cagliari,Sulemana I.,c,6.0,6.0,6,6
30,Cagliari,Folorunsho,c,6.0,6.0,6,6
30,Cagliari,Esposito Se.,a,6.0,6.0,6,6
30,Cagliari,Kilicsoy,a,5.5,5.5,"5,5","5,5"
30,Cagliari,Trepy,a,55.0,55.0,55,55
30,Cagliari,Mendy P.,a,6.0,6.0,6,6
30,Cagliari,Pisacane,all,6.0,6.0,6,6
30,Como,Butez,p,6.0,6.0,6,6
30,Como,Goldaniga,d,55.0,55.0,55,55
30,Como,Diego Carlos,d,6.5,6.5,"6,5","6,5"
30,Como,Moreno Alb.,d,6.5,7.5,"6,5","7,5"
30,Como,Kempf,d,6.5,6.5,"6,5","6,5"
30,Como,Van Der Brempt,d,6.5,6.5,"6,5","6,5"
30,Como,Caqueret,c,6.5,6.5,"6,5","6,5"
30,Como,Da Cunha,c,6.5,6.5,"6,5","6,5"
30,Como,Perrone,c,7.5,10.5,"7,5","10,5"
30,Como,Paz N.,c,7.0,10.0,7,10
30,Como,Baturina,c,7.0,10.0,7,10
30,Como,Morata,a,6.0,6.0,6,6
30,Como,Diao,a,7.5,11.5,"7,5","11,5"
30,Como,Douvikas,a,7.0,10.0,7,10
30,Como,Kuhn,a,6.5,7.5,"6,5","7,5"
30,Como,Rodriguez Je.,a,6.0,6.0,6,6
30,Como,Fabregas,all,7.5,7.5,"7,5","7,5"
30,Cremonese,Audero,p,6.0,6.0,6,6
30,Cremonese,Luperto,d,6.5,6.5,"6,5","6,5"
30,Cremonese,Bianchetti,d,6.5,6.5,"6,5","6,5"
30,Cremonese,Pezzella Giu.,d,6.5,6.0,"6,5",6
30,Cremonese,Terracciano F.,d,6.0,6.0,6,6
30,Cremonese,Barbieri,d,6.0,5.5,6,"5,5"
30,Cremonese,Folino,d,55.0,55.0,55,55
30,Cremonese,Grassi,c,6.0,6.0,6,6
30,Cremonese,Thorsby,c,55.0,55.0,55,55
30,Cremonese,Maleh,c,7.0,10.0,7,10
30,Cremonese,Zerbin,c,6.0,6.0,6,6
30,Cremonese,Payero,c,6.5,6.0,"6,5",6
30,Cremonese,Vandeputte,c,7.0,10.0,7,10
30,Cremonese,Sanabria,a,5.5,5.5,"5,5","5,5"
30,Cremonese,Bonazzoli,a,6.5,6.5,"6,5","6,5"
30,Cremonese,Vardy,a,6.5,7.5,"6,5","7,5"
30,Cremonese,Giampaolo,all,6.5,6.5,"6,5","6,5"
30,Fiorentina,De Gea,p,6.5,5.5,"6,5","5,5"
30,Fiorentina,Gosens,d,5.5,5.5,"5,5","5,5"
30,Fiorentina,Ranieri L.,d,6.0,6.0,6,6
30,Fiorentina,Parisi,d,6.0,6.0,6,6
30,Fiorentina,Pongracic,d,6.0,6.0,6,6
30,Fiorentina,Dodò,d,6.5,6.5,"6,5","6,5"
30,Fiorentina,Comuzzo,d,55.0,55.0,55,55
30,Fiorentina,Fagioli,c,6.5,6.5,"6,5","6,5"
30,Fiorentina,Brescianini,c,5.5,5.0,"5,5",5
30,Fiorentina,Harrison,c,6.0,6.0,6,6
30,Fiorentina,Gudmundsson A.,c,6.0,6.0,6,6
30,Fiorentina,Fabbian,c,55.0,55.0,55,55
30,Fiorentina,Ndour,c,7.0,9.5,7,"9,5"
30,Fiorentina,Kean,a,5.5,5.0,"5,5",5
30,Fiorentina,Piccoli,a,55.0,55.0,55,55
30,Fiorentina,Vanoli,all,6.0,6.0,6,6
30,Genoa,Bijlow,p,5.5,3.5,"5,5","3,5"
30,Genoa,Martin,d,55.0,55.0,55,55
30,Genoa,Vasquez,d,6.0,6.0,6,6
30,Genoa,Ostigard,d,5.5,5.5,"5,5","5,5"
30,Genoa,Marcandalli,d,5.0,5.0,5,5
30,Genoa,Norton-Cuffy,d,5.5,5.5,"5,5","5,5"
30,Genoa,Malinovskyi,c,6.5,6.5,"6,5","6,5"
30,Genoa,Messias,c,6.0,6.0,6,6
30,Genoa,Frendrup,c,6.0,6.0,6,6
30,Genoa,Baldanzi,c,5.5,5.5,"5,5","5,5"
30,Genoa,Ellertsson,c,5.5,5.5,"5,5","5,5"
30,Genoa,Amorim,c,55.0,55.0,55,55
30,Genoa,Colombo,a,6.0,5.5,6,"5,5"
30,Genoa,Ekuban,a,5.5,5.5,"5,5","5,5"
30,Genoa,Vitinha O.,a,5.0,5.0,5,5
30,Genoa,Ekhator,a,5.5,5.5,"5,5","5,5"
30,Genoa,De Rossi,all,5.5,5.5,"5,5","5,5"
30,Inter,Sommer,p,5.5,4.5,"5,5","4,5"
30,Inter,Dimarco,d,5.5,5.0,"5,5",5
30,Inter,Acerbi,d,6.0,6.0,6,6
30,Inter,Akanji,d,6.0,6.0,6,6
30,Inter,Dumfries,d,6.0,6.0,6,6
30,Inter,Carlos Augusto,d,6.0,5.5,6,"5,5"
30,Inter,Bisseck,d,6.5,6.5,"6,5","6,5"
30,Inter,Zielinski,c,5.5,5.5,"5,5","5,5"
30,Inter,Barella,c,6.0,6.5,6,"6,5"
30,Inter,Calhanoglu,c,6.0,6.0,6,6
30,Inter,Frattesi,c,6.0,6.0,6,6
30,Inter,Luis Henrique,c,55.0,55.0,55,55
30,Inter,Sucic P.,c,55.0,55.0,55,55
30,Inter,Thuram,a,6.0,6.0,6,6
30,Inter,Bonny,a,5.5,5.5,"5,5","5,5"
30,Inter,Esposito F.P.,a,7.0,10.0,7,10
30,Inter,Chivu,all,6.0,6.0,6,6
30,Juventus,Perin,p,6.5,5.5,"6,5","5,5"
30,Juventus,Bremer,d,5.5,5.0,"5,5",5
30,Juventus,Kalulu,d,6.5,6.5,"6,5","6,5"
30,Juventus,Cambiaso,d,5.5,5.5,"5,5","5,5"
30,Juventus,Kelly L.,d,6.0,6.0,6,6
30,Juventus,Locatelli,c,5.0,2.0,5,2
30,Juventus,McKennie,c,5.5,5.5,"5,5","5,5"
30,Juventus,Thuram K.,c,5.5,5.5,"5,5","5,5"
30,Juventus,Koopmeiners,c,5.5,5.5,"5,5","5,5"
30,Juventus,Zhegrova,c,55.0,55.0,55,55
30,Juventus,Miretti,c,5.5,5.5,"5,5","5,5"
30,Juventus,Conceicao,c,7.0,8.0,7,8
30,Juventus,Milik,a,6.0,6.0,6,6
30,Juventus,Boga,a,5.5,5.5,"5,5","5,5"
30,Juventus,Vlahovic,a,6.5,6.5,"6,5","6,5"
30,Juventus,Yildiz,a,7.0,10.0,7,10
30,Juventus,Spalletti,all,6.0,6.0,6,6
30,Lazio,Motta,p,7.0,10.0,7,10
30,Lazio,Patric,d,6.5,6.5,"6,5","6,5"
30,Lazio,Romagnoli,d,6.5,6.5,"6,5","6,5"
30,Lazio,Marusic,d,6.0,6.0,6,6
30,Lazio,Tavares N.,d,6.0,6.0,6,6
30,Lazio,Gila,d,6.0,6.0,6,6
30,Lazio,Provstgaard,d,6.0,6.0,6,6
30,Lazio,Maldini,c,5.5,5.5,"5,5","5,5"
30,Lazio,Isaksen,c,5.5,5.5,"5,5","5,5"
30,Lazio,Dele-Bashiru,c,5.5,5.5,"5,5","5,5"
30,Lazio,Taylor K.,c,8.0,13.5,8,"13,5"
30,Lazio,Pedro,a,6.0,6.0,6,6
30,Lazio,Cancellieri,a,6.0,6.0,6,6
30,Lazio,Dia,a,7.0,8.0,7,8
30,Lazio,Noslin,a,6.0,6.0,6,6
30,Lazio,Sarri,all,7.0,7.0,7,7
30,Lecce,Falcone,p,6.0,5.0,6,5
30,Lecce,Gallo,d,5.5,5.5,"5,5","5,5"
30,Lecce,Tiago Gabriel,d,7.0,7.0,7,7
30,Lecce,Veiga D.,d,5.5,5.0,"5,5",5
30,Lecce,Siebert,d,5.5,5.5,"5,5","5,5"
30,Lecce,Helgason,c,55.0,55.0,55,55
30,Lecce,Ramadani,c,5.5,5.5,"5,5","5,5"
30,Lecce,Pierotti,c,6.0,5.5,6,"5,5"
30,Lecce,Sala A.,c,55.0,55.0,55,55
30,Lecce,Gandelman,c,5.5,5.5,"5,5","5,5"
30,Lecce,Fofana Sa.,c,6.0,6.0,6,6
30,Lecce,Ngom,c,6.5,6.5,"6,5","6,5"
30,Lecce,Banda,a,5.5,5.5,"5,5","5,5"
30,Lecce,Cheddira,a,5.5,5.5,"5,5","5,5"
30,Lecce,N'Dri,a,5.5,5.5,"5,5","5,5"
30,Lecce,Stulic,a,5.5,5.5,"5,5","5,5"
30,Lecce,Di Francesco,all,5.5,5.5,"5,5","5,5"
30,Milan,Maignan,p,6.5,4.5,"6,5","4,5"
30,Milan,Tomori,d,6.0,5.5,6,"5,5"
30,Milan,Pavlovic,d,7.0,9.5,7,"9,5"
30,Milan,De Winter,d,5.5,5.5,"5,5","5,5"
30,Milan,Bartesaghi,d,6.5,6.5,"6,5","6,5"
30,Milan,Athekame,d,6.5,7.5,"6,5","7,5"
30,Milan,Odogu,d,55.0,55.0,55,55
30,Milan,Rabiot,c,7.0,10.0,7,10
30,Milan,Pulisic,c,6.5,7.5,"6,5","7,5"
30,Milan,Modric,c,6.5,6.5,"6,5","6,5"
30,Milan,Fofana Y.,c,7.0,10.0,7,10
30,Milan,Saelemaekers,c,6.0,6.0,6,6
30,Milan,Ricci S.,c,5.5,5.5,"5,5","5,5"
30,Milan,Fullkrug,a,5.5,5.5,"5,5","5,5"
30,Milan,Nkunku,a,5.5,5.5,"5,5","5,5"
30,Milan,Gimenez,a,55.0,55.0,55,55
30,Milan,Allegri,all,6.5,6.5,"6,5","6,5"
30,Napoli,Milinkovic-Savic V.,p,6.0,6.0,6,6
30,Napoli,Juan Jesus,d,55.0,55.0,55,55
30,Napoli,Spinazzola,d,6.0,6.0,6,6
30,Napoli,Buongiorno,d,6.0,6.0,6,6
30,Napoli,Gutierrez,d,6.5,6.5,"6,5","6,5"
30,Napoli,Olivera,d,5.5,5.0,"5,5",5
30,Napoli,Beukema,d,6.5,6.5,"6,5","6,5"
30,Napoli,Politano,c,6.5,6.5,"6,5","6,5"
30,Napoli,De Bruyne,c,6.0,6.0,6,6
30,Napoli,Zambo Anguissa,c,6.0,6.0,6,6
30,Napoli,Lobotka,c,6.0,5.5,6,"5,5"
30,Napoli,McTominay,c,7.0,10.0,7,10
30,Napoli,Gilmour,c,5.5,5.5,"5,5","5,5"
30,Napoli,Santos A.,c,6.0,6.0,6,6
30,Napoli,Hojlund,a,6.0,6.0,6,6
30,Napoli,Conte,all,6.0,6.0,6,6
30,Parma,Suzuki,p,5.5,3.5,"5,5","3,5"
30,Parma,Valenti,d,5.5,5.0,"5,5",5
30,Parma,Valeri,d,5.5,5.5,"5,5","5,5"
30,Parma,Circati,d,5.5,5.5,"5,5","5,5"
30,Parma,Troilo,d,5.0,4.5,5,"4,5"
30,Parma,Britschgi,d,4.5,4.5,"4,5","4,5"
30,Parma,Nicolussi Caviglia,c,5.5,5.5,"5,5","5,5"
30,Parma,Strefezza,c,5.0,5.0,5,5
30,Parma,Estevez,c,5.5,5.5,"5,5","5,5"
30,Parma,Oristanio,c,5.5,5.5,"5,5","5,5"
30,Parma,Keita M.,c,5.5,5.5,"5,5","5,5"
30,Parma,Ondrejka,c,5.5,5.0,"5,5",5
30,Parma,Sorensen O.,c,6.0,6.0,6,6
30,Parma,Pellegrino M.,a,5.0,5.0,5,5
30,Parma,Elphege,a,5.0,5.0,5,5
30,Parma,Cuesta,all,5.5,5.5,"5,5","5,5"
30,Pisa,Nicolas,p,5.5,0.5,"5,5","0,5"
30,Pisa,Albiol,d,4.0,4.0,4,4
30,Pisa,Caracciolo A.,d,4.5,4.5,"4,5","4,5"
30,Pisa,Canestrelli,d,4.5,4.0,"4,5",4
30,Pisa,Angori,d,5.0,4.5,5,"4,5"
30,Pisa,Leris,c,5.0,5.0,5,5
30,Pisa,Tramoni M.,c,5.5,5.5,"5,5","5,5"
30,Pisa,Stengs,c,5.5,5.5,"5,5","5,5"
30,Pisa,Iling Junior,c,5.5,5.5,"5,5","5,5"
30,Pisa,Akinsanmiro,c,5.5,5.5,"5,5","5,5"
30,Pisa,Piccinini G.,c,5.5,5.5,"5,5","5,5"
30,Pisa,Hojholt,c,5.0,5.0,5,5
30,Pisa,Loyola,c,5.0,5.0,5,5
30,Pisa,Moreo,a,5.0,5.0,5,5
30,Pisa,Meister,a,5.5,5.5,"5,5","5,5"
30,Pisa,Stojilkovic,a,6.0,6.0,6,6
30,Pisa,Hiljemark,all,4.5,4.5,"4,5","4,5"
30,Roma,Svilar,p,6.0,6.0,6,6
30,Roma,Mancini,d,6.0,6.0,6,6
30,Roma,N'Dicka,d,6.5,6.5,"6,5","6,5"
30,Roma,Angelino,d,6.0,5.5,6,"5,5"
30,Roma,Hermoso,d,7.0,8.0,7,8
30,Roma,Tsimikas,d,5.5,5.5,"5,5","5,5"
30,Roma,Ghilardi,d,6.0,6.0,6,6
30,Roma,Rensch,d,6.0,6.0,6,6
30,Roma,Pellegrini Lo.,c,6.0,6.0,6,6
30,Roma,Cristante,c,6.5,6.5,"6,5","6,5"
30,Roma,Pisilli,c,5.5,5.0,"5,5",5
30,Roma,El Aynaoui,c,5.5,5.5,"5,5","5,5"
30,Roma,Venturino,c,55.0,55.0,55,55
30,Roma,Malen,a,6.0,6.0,6,6
30,Roma,Vaz,a,7.0,10.0,7,10
30,Roma,Arena A.,a,6.0,6.0,6,6
30,Roma,Gasperini,all,6.5,6.5,"6,5","6,5"
30,Sassuolo,Muric,p,7.5,9.5,"7,5","9,5"
30,Sassuolo,Walukiewicz,d,5.5,5.5,"5,5","5,5"
30,Sassuolo,Doig,d,55.0,55.0,55,55
30,Sassuolo,Garcia U.,d,5.5,5.0,"5,5",5
30,Sassuolo,Idzes,d,5.5,5.5,"5,5","5,5"
30,Sassuolo,Muharemovic,d,7.0,7.0,7,7
30,Sassuolo,Vranckx,c,5.5,5.5,"5,5","5,5"
30,Sassuolo,Volpato,c,6.5,6.5,"6,5","6,5"
30,Sassuolo,Lipani,c,6.0,5.5,6,"5,5"
30,Sassuolo,Konè I.,c,6.0,6.0,6,6
30,Sassuolo,Bakola,c,5.5,5.5,"5,5","5,5"
30,Sassuolo,Iannoni,c,55.0,55.0,55,55
30,Sassuolo,Berardi,a,6.5,7.5,"6,5","7,5"
30,Sassuolo,Pinamonti,a,7.0,10.0,7,10
30,Sassuolo,Nzola,a,55.0,55.0,55,55
30,Sassuolo,Laurientè,a,6.0,6.0,6,6
30,Sassuolo,Grosso,all,6.5,6.5,"6,5","6,5"
30,Torino,Paleari,p,5.5,2.5,"5,5","2,5"
30,Torino,Ismajli,d,5.5,5.5,"5,5","5,5"
30,Torino,Nkounkou,d,55.0,55.0,55,55
30,Torino,Ebosse,d,5.0,5.0,5,5
30,Torino,Pedersen,d,5.5,5.5,"5,5","5,5"
30,Torino,Coco,d,5.0,5.0,5,5
30,Torino,Obrador,d,5.5,5.5,"5,5","5,5"
30,Torino,Vlasic,c,7.0,10.0,7,10
30,Torino,Casadei,c,5.5,5.5,"5,5","5,5"
30,Torino,Ilkhan,c,5.5,5.0,"5,5",5
30,Torino,Gineitis,c,6.0,6.0,6,6
30,Torino,Prati,c,5.5,5.5,"5,5","5,5"
30,Torino,Zapata D.,a,5.5,5.5,"5,5","5,5"
30,Torino,Simeone,a,7.0,10.0,7,10
30,Torino,Adams C.,a,5.5,5.5,"5,5","5,5"
30,Torino,Kulenovic,a,55.0,55.0,55,55
30,Torino,D'Aversa,all,6.0,6.0,6,6
30,Udinese,Okoye,p,6.5,7.5,"6,5","7,5"
30,Udinese,Kabasele,d,6.5,6.5,"6,5","6,5"
30,Udinese,Kamara H.,d,6.0,5.5,6,"5,5"
30,Udinese,Bertola,d,55.0,55.0,55,55
30,Udinese,Ehizibue,d,6.0,6.0,6,6
30,Udinese,Kristensen T.,d,6.5,6.5,"6,5","6,5"
30,Udinese,Solet,d,7.0,6.5,7,"6,5"
30,Udinese,Arizala,d,55.0,55.0,55,55
30,Udinese,Zaniolo,c,6.5,7.0,"6,5",7
30,Udinese,Zarraga,c,55.0,55.0,55,55
30,Udinese,Karlstrom,c,6.0,6.0,6,6
30,Udinese,Ekkelenkamp,c,6.5,9.5,"6,5","9,5"
30,Udinese,Atta,c,5.5,5.5,"5,5","5,5"
30,Udinese,Piotrowski,c,6.0,6.0,6,6
30,Udinese,Miller L.,c,55.0,55.0,55,55
30,Udinese,Davis K.,a,7.0,9.5,7,"9,5"
30,Udinese,Runjaic,all,6.5,6.5,"6,5","6,5"
30,Verona,Montipò,p,6.5,5.5,"6,5","5,5"
30,Verona,Frese,d,5.5,5.5,"5,5","5,5"
30,Verona,Valentini N.,d,6.0,5.5,6,"5,5"
30,Verona,Oyegoke,d,6.0,6.0,6,6
30,Verona,Nelsson,d,6.0,6.0,6,6
30,Verona,Belghali,d,5.5,5.5,"5,5","5,5"
30,Verona,Edmundsson,d,5.5,5.0,"5,5",5
30,Verona,Gagliardini,c,5.5,5.0,"5,5",5
30,Verona,Akpa Akpro,c,6.0,6.0,6,6
30,Verona,Harroui,c,5.5,5.5,"5,5","5,5"
30,Verona,Suslov,c,6.0,6.0,6,6
30,Verona,Al-Musrati,c,6.0,6.0,6,6
30,Verona,Bernede,c,55.0,55.0,55,55
30,Verona,Sarr A.,a,55.0,55.0,55,55
30,Verona,Orban G.,a,5.0,5.0,5,5
30,Verona,Bowie,a,5.5,5.5,"5,5","5,5"
30,Verona,Sammarco,all,5.5,5.5,"5,5","5,5"
31,Atalanta,Carnesecchi,p,6.0,6.0,6,6
31,Atalanta,Zappacosta,d,6.0,5.5,6,"5,5"
31,Atalanta,Djimsiti,d,6.5,6.0,"6,5",6
31,Atalanta,Kolasinac,d,6.0,6.0,6,6
31,Atalanta,Bellanova,d,6.0,6.0,6,6
31,Atalanta,Scalvini,d,7.0,10.0,7,10
31,Atalanta,Kossounou,d,6.0,6.0,6,6
31,Atalanta,Bernasconi,d,6.0,6.0,6,6
31,Atalanta,De Roon,c,6.0,6.0,6,6
31,Atalanta,Pasalic,c,6.5,6.5,"6,5","6,5"
31,Atalanta,Zalewski,c,6.0,6.0,6,6
31,Atalanta,Ederson D.S.,c,7.0,7.0,7,7
31,Atalanta,Raspadori,a,7.0,10.0,7,10
31,Atalanta,Sulemana K.,a,55.0,55.0,55,55
31,Atalanta,De Ketelaere,a,7.5,9.5,"7,5","9,5"
31,Atalanta,Krstovic,a,7.0,10.0,7,10
31,Atalanta,Palladino,all,7.0,7.0,7,7
31,Bologna,Ravaglia F.,p,6.0,4.5,6,"4,5"
31,Bologna,Zortea,d,55.0,55.0,55,55
31,Bologna,Miranda J.,d,7.0,9.0,7,9
31,Bologna,Lucumì,d,6.5,6.5,"6,5","6,5"
31,Bologna,Vitik,d,6.0,6.0,6,6
31,Bologna,Joao Mario,d,7.0,10.0,7,10
31,Bologna,Bernardeschi,c,6.5,6.5,"6,5","6,5"
31,Bologna,Freuler,c,6.5,6.5,"6,5","6,5"
31,Bologna,Orsolini,c,5.5,5.5,"5,5","5,5"
31,Bologna,Pobega,c,55.0,55.0,55,55
31,Bologna,Sohm,c,6.0,6.0,6,6
31,Bologna,Ferguson,c,5.0,4.0,5,4
31,Bologna,Moro N.,c,6.5,6.5,"6,5","6,5"
31,Bologna,Rowe,c,7.0,10.0,7,10
31,Bologna,Cambiaghi,a,55.0,55.0,55,55
31,Bologna,Castro S.,a,6.0,6.0,6,6
31,Bologna,Italiano,all,7.0,7.0,7,7
31,Cagliari,Caprile,p,6.0,4.0,6,4
31,Cagliari,Mina,d,5.5,5.5,"5,5","5,5"
31,Cagliari,Zappa,d,55.0,55.0,55,55
31,Cagliari,Obert,d,5.5,5.5,"5,5","5,5"
31,Cagliari,Palestra,d,6.0,6.0,6,6
31,Cagliari,Rodriguez Ju.,d,5.5,5.5,"5,5","5,5"
31,Cagliari,Zè Pedro,d,6.0,6.0,6,6
31,Cagliari,Deiola,c,5.5,5.5,"5,5","5,5"
31,Cagliari,Gaetano,c,6.0,6.0,6,6
31,Cagliari,Adopo,c,6.0,6.0,6,6
31,Cagliari,Sulemana I.,c,4.5,4.5,"4,5","4,5"
31,Cagliari,Folorunsho,c,6.0,6.0,6,6
31,Cagliari,Esposito Se.,a,7.0,10.0,7,10
31,Cagliari,Borrelli,a,5.0,5.0,5,5
31,Cagliari,Kilicsoy,a,55.0,55.0,55,55
31,Cagliari,Mendy P.,a,55.0,55.0,55,55
31,Cagliari,Pisacane,all,5.5,5.5,"5,5","5,5"
31,Como,Butez,p,6.5,6.5,"6,5","6,5"
31,Como,Diego Carlos,d,6.5,6.0,"6,5",6
31,Como,Vojvoda,d,5.5,5.5,"5,5","5,5"
31,Como,Valle,d,5.5,5.5,"5,5","5,5"
31,Como,Kempf,d,6.0,6.0,6,6
31,Como,Van Der Brempt,d,55.0,55.0,55,55
31,Como,Smolcic I.,d,5.5,5.0,"5,5",5
31,Como,Sergi Roberto,c,6.0,6.0,6,6
31,Como,Caqueret,c,5.5,5.5,"5,5","5,5"
31,Como,Da Cunha,c,6.0,6.0,6,6
31,Como,Perrone,c,5.5,5.0,"5,5",5
31,Como,Paz N.,c,5.5,5.5,"5,5","5,5"
31,Como,Baturina,c,6.0,6.0,6,6
31,Como,Morata,a,55.0,55.0,55,55
31,Como,Diao,a,6.0,6.0,6,6
31,Como,Douvikas,a,5.5,5.5,"5,5","5,5"
31,Como,Fabregas,all,5.5,5.5,"5,5","5,5"
31,Cremonese,Audero,p,5.5,3.5,"5,5","3,5"
31,Cremonese,Luperto,d,5.5,5.5,"5,5","5,5"
31,Cremonese,Bianchetti,d,5.5,5.5,"5,5","5,5"
31,Cremonese,Pezzella Giu.,d,5.5,5.5,"5,5","5,5"
31,Cremonese,Terracciano F.,d,5.0,5.0,5,5
31,Cremonese,Floriani Mussolini,d,6.0,6.0,6,6
31,Cremonese,Grassi,c,5.5,5.5,"5,5","5,5"
31,Cremonese,Thorsby,c,55.0,55.0,55,55
31,Cremonese,Maleh,c,4.5,3.5,"4,5","3,5"
31,Cremonese,Bondo,c,6.0,6.0,6,6
31,Cremonese,Zerbin,c,5.5,5.5,"5,5","5,5"
31,Cremonese,Payero,c,6.0,5.5,6,"5,5"
31,Cremonese,Vandeputte,c,5.5,5.5,"5,5","5,5"
31,Cremonese,Bonazzoli,a,6.5,9.5,"6,5","9,5"
31,Cremonese,Djuric,a,5.5,5.5,"5,5","5,5"
31,Cremonese,Okereke,a,5.5,5.5,"5,5","5,5"
31,Cremonese,Giampaolo,all,5.5,5.5,"5,5","5,5"
31,Fiorentina,De Gea,p,7.0,7.0,7,7
31,Fiorentina,Rugani,d,55.0,55.0,55,55
31,Fiorentina,Gosens,d,6.0,6.0,6,6
31,Fiorentina,Ranieri L.,d,6.0,6.0,6,6
31,Fiorentina,Pongracic,d,6.0,6.0,6,6
31,Fiorentina,Comuzzo,d,5.5,5.5,"5,5","5,5"
31,Fiorentina,Balbo,d,6.0,6.0,6,6
31,Fiorentina,Fagioli,c,7.0,9.5,7,"9,5"
31,Fiorentina,Brescianini,c,55.0,55.0,55,55
31,Fiorentina,Harrison,c,6.0,7.0,6,7
31,Fiorentina,Gudmundsson A.,c,5.0,4.0,5,4
31,Fiorentina,Fazzini,c,6.0,6.0,6,6
31,Fiorentina,Fabbian,c,5.5,5.5,"5,5","5,5"
31,Fiorentina,Ndour,c,5.5,5.5,"5,5","5,5"
31,Fiorentina,Kean,a,5.0,5.0,5,5
31,Fiorentina,Piccoli,a,5.5,5.5,"5,5","5,5"
31,Fiorentina,Vanoli,all,6.0,6.0,6,6
31,Genoa,Bijlow,p,6.0,4.0,6,4
31,Genoa,Martin,d,5.0,2.0,5,2
31,Genoa,Vasquez,d,5.0,5.0,5,5
31,Genoa,Ostigard,d,5.0,5.0,5,5
31,Genoa,Marcandalli,d,5.5,5.5,"5,5","5,5"
31,Genoa,Malinovskyi,c,5.0,5.0,5,5
31,Genoa,Messias,c,5.5,5.5,"5,5","5,5"
31,Genoa,Frendrup,c,5.0,4.5,5,"4,5"
31,Genoa,Baldanzi,c,6.5,6.5,"6,5","6,5"
31,Genoa,Ellertsson,c,5.5,5.5,"5,5","5,5"
31,Genoa,Masini,c,6.0,6.0,6,6
31,Genoa,Colombo,a,5.5,5.5,"5,5","5,5"
31,Genoa,Ekuban,a,6.0,6.0,6,6
31,Genoa,Vitinha O.,a,5.0,5.0,5,5
31,Genoa,Ekhator,a,55.0,55.0,55,55
31,Genoa,De Rossi,all,5.5,5.5,"5,5","5,5"
31,Inter,Sommer,p,6.5,4.5,"6,5","4,5"
31,Inter,Dimarco,d,6.5,6.5,"6,5","6,5"
31,Inter,Acerbi,d,6.0,6.0,6,6
31,Inter,Bastoni,d,6.0,6.0,6,6
31,Inter,Darmian,d,6.0,6.0,6,6
31,Inter,Akanji,d,7.0,7.0,7,7
31,Inter,Dumfries,d,6.5,6.5,"6,5","6,5"
31,Inter,Zielinski,c,7.0,7.0,7,7
31,Inter,Barella,c,7.5,10.5,"7,5","10,5"
31,Inter,Calhanoglu,c,7.5,11.5,"7,5","11,5"
31,Inter,Mkhitaryan,c,6.0,6.0,6,6
31,Inter,Sucic P.,c,6.0,6.0,6,6
31,Inter,Martinez L.,a,7.5,13.5,"7,5","13,5"
31,Inter,Thuram,a,7.5,12.5,"7,5","12,5"
31,Inter,Bonny,a,6.5,6.5,"6,5","6,5"
31,Inter,Esposito F.P.,a,6.0,6.0,6,6
31,Inter,Chivu,all,7.0,7.0,7,7
31,Juventus,Perin,p,6.0,6.0,6,6
31,Juventus,Di Gregorio,p,7.0,10.0,7,10
31,Juventus,Bremer,d,7.0,9.5,7,"9,5"
31,Juventus,Kalulu,d,6.0,6.0,6,6
31,Juventus,Cambiaso,d,6.0,6.0,6,6
31,Juventus,Holm,d,55.0,55.0,55,55
31,Juventus,Kelly L.,d,6.5,7.5,"6,5","7,5"
31,Juventus,Locatelli,c,6.5,6.0,"6,5",6
31,Juventus,McKennie,c,6.5,9.0,"6,5",9
31,Juventus,Thuram K.,c,6.0,5.5,6,"5,5"
31,Juventus,Miretti,c,55.0,55.0,55,55
31,Juventus,Conceicao,c,6.5,7.5,"6,5","7,5"
31,Juventus,Milik,a,6.0,6.0,6,6
31,Juventus,Boga,a,55.0,55.0,55,55
31,Juventus,David,a,6.0,6.0,6,6
31,Juventus,Yildiz,a,6.0,6.0,6,6
31,Juventus,Spalletti,all,7.0,7.0,7,7
31,Lazio,Motta,p,6.5,5.5,"6,5","5,5"
31,Lazio,Romagnoli,d,5.5,5.5,"5,5","5,5"
31,Lazio,Marusic,d,5.5,5.5,"5,5","5,5"
31,Lazio,Lazzari,d,6.0,6.0,6,6
31,Lazio,Tavares N.,d,6.0,6.0,6,6
31,Lazio,Provstgaard,d,5.5,5.5,"5,5","5,5"
31,Lazio,Cataldi,c,6.0,6.0,6,6
31,Lazio,Maldini,c,5.5,5.5,"5,5","5,5"
31,Lazio,Isaksen,c,5.5,5.5,"5,5","5,5"
31,Lazio,Dele-Bashiru,c,6.0,6.0,6,6
31,Lazio,Taylor K.,c,6.5,7.5,"6,5","7,5"
31,Lazio,Pedro,a,5.5,5.5,"5,5","5,5"
31,Lazio,Cancellieri,a,6.0,6.0,6,6
31,Lazio,Dia,a,5.5,5.5,"5,5","5,5"
31,Lazio,Noslin,a,7.0,9.5,7,"9,5"
31,Lazio,Sarri,all,6.0,6.0,6,6
31,Lecce,Falcone,p,7.0,4.0,7,4
31,Lecce,Tiago Gabriel,d,5.5,5.5,"5,5","5,5"
31,Lecce,Veiga D.,d,5.5,5.5,"5,5","5,5"
31,Lecce,Ndaba,d,4.5,4.5,"4,5","4,5"
31,Lecce,Siebert,d,5.0,5.0,5,5
31,Lecce,Coulibaly L.,c,6.0,6.0,6,6
31,Lecce,Ramadani,c,6.0,6.0,6,6
31,Lecce,Pierotti,c,5.5,5.5,"5,5","5,5"
31,Lecce,Gandelman,c,6.0,6.0,6,6
31,Lecce,Fofana Sa.,c,5.0,5.0,5,5
31,Lecce,Ngom,c,5.0,5.0,5,5
31,Lecce,Banda,a,6.0,6.0,6,6
31,Lecce,Cheddira,a,5.5,5.5,"5,5","5,5"
31,Lecce,N'Dri,a,5.0,5.0,5,5
31,Lecce,Stulic,a,55.0,55.0,55,55
31,Lecce,Di Francesco,all,5.0,5.0,5,5
31,Milan,Maignan,p,6.0,5.0,6,5
31,Milan,Tomori,d,6.0,6.0,6,6
31,Milan,Pavlovic,d,6.5,6.5,"6,5","6,5"
31,Milan,De Winter,d,5.5,5.5,"5,5","5,5"
31,Milan,Bartesaghi,d,5.5,5.5,"5,5","5,5"
31,Milan,Athekame,d,5.5,5.5,"5,5","5,5"
31,Milan,Rabiot,c,6.0,6.0,6,6
31,Milan,Pulisic,c,5.5,5.5,"5,5","5,5"
31,Milan,Modric,c,6.0,6.0,6,6
31,Milan,Loftus-Cheek,c,55.0,55.0,55,55
31,Milan,Fofana Y.,c,5.5,5.5,"5,5","5,5"
31,Milan,Saelemaekers,c,6.0,6.0,6,6
31,Milan,Fullkrug,a,5.5,5.5,"5,5","5,5"
31,Milan,Leao,a,55.0,55.0,55,55
31,Milan,Nkunku,a,5.5,5.5,"5,5","5,5"
31,Milan,Gimenez,a,6.0,6.0,6,6
31,Milan,Allegri,all,5.5,5.5,"5,5","5,5"
31,Napoli,Milinkovic-Savic V.,p,6.0,6.0,6,6
31,Napoli,Juan Jesus,d,6.5,6.5,"6,5","6,5"
31,Napoli,Spinazzola,d,6.5,6.5,"6,5","6,5"
31,Napoli,Buongiorno,d,6.0,5.5,6,"5,5"
31,Napoli,Gutierrez,d,6.0,6.0,6,6
31,Napoli,Olivera,d,6.5,6.5,"6,5","6,5"
31,Napoli,Beukema,d,55.0,55.0,55,55
31,Napoli,Politano,c,7.0,9.5,7,"9,5"
31,Napoli,De Bruyne,c,6.0,6.0,6,6
31,Napoli,Zambo Anguissa,c,6.0,6.0,6,6
31,Napoli,Lobotka,c,6.0,6.0,6,6
31,Napoli,Elmas,c,55.0,55.0,55,55
31,Napoli,McTominay,c,6.0,6.0,6,6
31,Napoli,Santos A.,c,6.5,6.5,"6,5","6,5"
31,Napoli,Giovane,a,6.0,6.0,6,6
31,Napoli,Conte,all,6.5,6.5,"6,5","6,5"
31,Parma,Suzuki,p,6.0,5.0,6,5
31,Parma,Valenti,d,6.0,6.0,6,6
31,Parma,Valeri,d,6.5,6.5,"6,5","6,5"
31,Parma,Carboni F.,d,55.0,55.0,55,55
31,Parma,Circati,d,6.0,6.0,6,6
31,Parma,Delprato,d,7.0,10.0,7,10
31,Parma,Britschgi,d,6.0,6.0,6,6
31,Parma,Nicolussi Caviglia,c,6.0,6.0,6,6
31,Parma,Strefezza,c,6.5,6.0,"6,5",6
31,Parma,Estevez,c,5.5,5.5,"5,5","5,5"
31,Parma,Oristanio,c,55.0,55.0,55,55
31,Parma,Bernabè,c,6.0,6.0,6,6
31,Parma,Keita M.,c,6.0,6.0,6,6
31,Parma,Ordonez C.,c,55.0,55.0,55,55
31,Parma,Sorensen O.,c,55.0,55.0,55,55
31,Parma,Pellegrino M.,a,6.0,5.5,6,"5,5"
31,Parma,Cuesta,all,6.0,6.0,6,6
31,Pisa,Semper,p,6.0,5.0,6,5
31,Pisa,Cuadrado,d,55.0,55.0,55,55
31,Pisa,Caracciolo A.,d,5.5,5.5,"5,5","5,5"
31,Pisa,Calabresi,d,6.0,6.0,6,6
31,Pisa,Canestrelli,d,6.0,6.0,6,6
31,Pisa,Angori,d,5.5,5.5,"5,5","5,5"
31,Pisa,Leris,c,5.5,5.5,"5,5","5,5"
31,Pisa,Tramoni M.,c,5.0,5.0,5,5
31,Pisa,Aebischer,c,6.0,5.5,6,"5,5"
31,Pisa,Akinsanmiro,c,55.0,55.0,55,55
31,Pisa,Tourè I.,c,55.0,55.0,55,55
31,Pisa,Hojholt,c,5.5,5.5,"5,5","5,5"
31,Pisa,Loyola,c,5.5,5.5,"5,5","5,5"
31,Pisa,Moreo,a,5.5,5.5,"5,5","5,5"
31,Pisa,Meister,a,5.5,5.5,"5,5","5,5"
31,Pisa,Stojilkovic,a,6.0,6.0,6,6
31,Pisa,Hiljemark,all,5.5,5.5,"5,5","5,5"
31,Roma,Svilar,p,5.5,0.5,"5,5","0,5"
31,Roma,Mancini,d,7.0,10.0,7,10
31,Roma,N'Dicka,d,5.0,5.0,5,5
31,Roma,Celik,d,5.5,5.5,"5,5","5,5"
31,Roma,Hermoso,d,5.0,5.0,5,5
31,Roma,Tsimikas,d,6.0,6.0,6,6
31,Roma,Ghilardi,d,5.5,5.5,"5,5","5,5"
31,Roma,Rensch,d,6.0,7.0,6,7
31,Roma,Ziolkowski,d,55.0,55.0,55,55
31,Roma,Pellegrini Lo.,c,6.0,9.0,6,9
31,Roma,Cristante,c,5.0,5.0,5,5
31,Roma,El Shaarawy,c,6.0,6.0,6,6
31,Roma,Pisilli,c,5.0,4.5,5,"4,5"
31,Roma,Malen,a,6.0,6.0,6,6
31,Roma,Soulè,a,5.5,5.5,"5,5","5,5"
31,Roma,Gasperini,all,5.0,5.0,5,5
31,Sassuolo,Muric,p,5.5,4.5,"5,5","4,5"
31,Sassuolo,Romagna,d,6.0,6.0,6,6
31,Sassuolo,Walukiewicz,d,6.0,6.0,6,6
31,Sassuolo,Garcia U.,d,7.0,10.0,7,10
31,Sassuolo,Coulibaly W.,d,6.0,6.0,6,6
31,Sassuolo,Idzes,d,5.5,5.0,"5,5",5
31,Sassuolo,Matic,c,6.0,6.0,6,6
31,Sassuolo,Volpato,c,5.5,5.5,"5,5","5,5"
31,Sassuolo,Thorstvedt,c,6.5,6.5,"6,5","6,5"
31,Sassuolo,Lipani,c,6.0,6.0,6,6
31,Sassuolo,Konè I.,c,6.0,6.0,6,6
31,Sassuolo,Bakola,c,6.5,6.5,"6,5","6,5"
31,Sassuolo,Berardi,a,6.0,6.0,6,6
31,Sassuolo,Pinamonti,a,7.0,9.5,7,"9,5"
31,Sassuolo,Nzola,a,55.0,55.0,55,55
31,Sassuolo,Laurientè,a,5.5,5.5,"5,5","5,5"
31,Sassuolo,Grosso,all,6.5,6.5,"6,5","6,5"
31,Torino,Paleari,p,6.0,6.0,6,6
31,Torino,Lazaro,d,55.0,55.0,55,55
31,Torino,Ismajli,d,7.0,7.0,7,7
31,Torino,Ebosse,d,6.5,6.5,"6,5","6,5"
31,Torino,Pedersen,d,6.5,7.5,"6,5","7,5"
31,Torino,Coco,d,6.0,6.0,6,6
31,Torino,Obrador,d,6.5,6.5,"6,5","6,5"
31,Torino,Tameze,c,55.0,55.0,55,55
31,Torino,Vlasic,c,5.5,5.5,"5,5","5,5"
31,Torino,Casadei,c,6.0,6.0,6,6
31,Torino,Gineitis,c,6.5,6.5,"6,5","6,5"
31,Torino,Prati,c,6.0,6.0,6,6
31,Torino,Anjorin,c,6.0,6.0,6,6
31,Torino,Simeone,a,5.5,5.5,"5,5","5,5"
31,Torino,Adams C.,a,7.0,10.0,7,10
31,Torino,Kulenovic,a,5.5,5.5,"5,5","5,5"
31,Torino,D'Aversa,all,6.5,6.5,"6,5","6,5"
31,Udinese,Okoye,p,6.0,6.0,6,6
31,Udinese,Kabasele,d,7.0,7.0,7,7
31,Udinese,Kamara H.,d,6.0,6.0,6,6
31,Udinese,Bertola,d,55.0,55.0,55,55
31,Udinese,Ehizibue,d,6.0,5.5,6,"5,5"
31,Udinese,Kristensen T.,d,5.5,5.0,"5,5",5
31,Udinese,Solet,d,7.0,7.0,7,7
31,Udinese,Arizala,d,6.0,6.0,6,6
31,Udinese,Zaniolo,c,6.0,6.0,6,6
31,Udinese,Zarraga,c,55.0,55.0,55,55
31,Udinese,Karlstrom,c,6.5,6.5,"6,5","6,5"
31,Udinese,Ekkelenkamp,c,5.5,5.5,"5,5","5,5"
31,Udinese,Atta,c,6.5,6.5,"6,5","6,5"
31,Udinese,Piotrowski,c,6.5,6.5,"6,5","6,5"
31,Udinese,Miller L.,c,6.0,6.0,6,6
31,Udinese,Gueye,a,6.0,6.0,6,6
31,Udinese,Runjaic,all,7.0,7.0,7,7
31,Verona,Montipò,p,6.0,5.0,6,5
31,Verona,Bradaric,d,6.0,6.0,6,6
31,Verona,Frese,d,6.0,6.0,6,6
31,Verona,Oyegoke,d,6.5,6.5,"6,5","6,5"
31,Verona,Nelsson,d,6.0,5.5,6,"5,5"
31,Verona,Belghali,d,6.5,6.0,"6,5",6
31,Verona,Edmundsson,d,6.0,6.0,6,6
31,Verona,Gagliardini,c,6.0,5.5,6,"5,5"
31,Verona,Akpa Akpro,c,6.0,6.0,6,6
31,Verona,Suslov,c,4.5,3.5,"4,5","3,5"
31,Verona,Bernede,c,6.5,6.5,"6,5","6,5"
31,Verona,Sarr A.,a,5.5,5.5,"5,5","5,5"
31,Verona,Orban G.,a,5.5,5.5,"5,5","5,5"
31,Verona,Mosquera,a,55.0,55.0,55,55
31,Verona,Bowie,a,5.5,5.5,"5,5","5,5"
31,Verona,Sammarco,all,6.0,6.0,6,6
32,Atalanta,Carnesecchi,p,5.5,4.5,"5,5","4,5"
32,Atalanta,Zappacosta,d,5.5,5.5,"5,5","5,5"
32,Atalanta,Djimsiti,d,5.5,5.5,"5,5","5,5"
32,Atalanta,Kolasinac,d,5.5,5.5,"5,5","5,5"
32,Atalanta,Bellanova,d,55.0,55.0,55,55
32,Atalanta,Scalvini,d,5.5,5.5,"5,5","5,5"
32,Atalanta,Ahanor,d,6.0,6.0,6,6
32,Atalanta,Bernasconi,d,5.5,5.5,"5,5","5,5"
32,Atalanta,De Roon,c,6.0,6.0,6,6
32,Atalanta,Pasalic,c,6.0,6.0,6,6
32,Atalanta,Zalewski,c,5.5,5.5,"5,5","5,5"
32,Atalanta,Ederson D.S.,c,6.0,6.0,6,6
32,Atalanta,Scamacca,a,5.5,5.5,"5,5","5,5"
32,Atalanta,Raspadori,a,6.0,6.0,6,6
32,Atalanta,De Ketelaere,a,6.5,6.0,"6,5",6
32,Atalanta,Krstovic,a,6.0,6.0,6,6
32,Atalanta,Palladino,all,6.0,6.0,6,6
32,Bologna,Pessina Mas.,p,6.5,6.5,"6,5","6,5"
32,Bologna,Zortea,d,6.0,6.0,6,6
32,Bologna,Miranda J.,d,6.5,6.5,"6,5","6,5"
32,Bologna,Casale,d,6.0,6.0,6,6
32,Bologna,Lucumì,d,6.5,6.5,"6,5","6,5"
32,Bologna,Joao Mario,d,6.0,6.0,6,6
32,Bologna,Bernardeschi,c,6.5,7.5,"6,5","7,5"
32,Bologna,Freuler,c,7.0,10.0,7,10
32,Bologna,Orsolini,c,7.0,10.0,7,10
32,Bologna,Odgaard,c,55.0,55.0,55,55
32,Bologna,Pobega,c,6.0,6.0,6,6
32,Bologna,Sohm,c,6.5,6.5,"6,5","6,5"
32,Bologna,Moro N.,c,6.0,6.0,6,6
32,Bologna,Rowe,c,6.0,6.0,6,6
32,Bologna,Cambiaghi,a,6.0,6.0,6,6
32,Bologna,Castro S.,a,6.0,6.0,6,6
32,Bologna,Italiano,all,7.0,7.0,7,7
32,Cagliari,Caprile,p,6.0,6.0,6,6
32,Cagliari,Mina,d,6.0,6.0,6,6
32,Cagliari,Obert,d,6.0,6.0,6,6
32,Cagliari,Dossena,d,55.0,55.0,55,55
32,Cagliari,Palestra,d,6.0,6.0,6,6
32,Cagliari,Rodriguez Ju.,d,5.5,5.5,"5,5","5,5"
32,Cagliari,Zè Pedro,d,6.5,7.5,"6,5","7,5"
32,Cagliari,Deiola,c,5.5,5.5,"5,5","5,5"
32,Cagliari,Mazzitelli,c,6.0,6.0,6,6
32,Cagliari,Gaetano,c,6.0,6.0,6,6
32,Cagliari,Adopo,c,6.0,5.5,6,"5,5"
32,Cagliari,Folorunsho,c,5.5,5.5,"5,5","5,5"
32,Cagliari,Belotti,a,55.0,55.0,55,55
32,Cagliari,Esposito Se.,a,7.0,10.0,7,10
32,Cagliari,Borrelli,a,5.0,5.0,5,5
32,Cagliari,Mendy P.,a,6.0,6.0,6,6
32,Cagliari,Pisacane,all,6.5,6.5,"6,5","6,5"
32,Como,Butez,p,5.5,2.5,"5,5","2,5"
32,Como,Diego Carlos,d,6.0,6.0,6,6
32,Como,Moreno Alb.,d,55.0,55.0,55,55
32,Como,Valle,d,6.0,8.5,6,"8,5"
32,Como,Ramon,d,5.5,5.0,"5,5",5
32,Como,Kempf,d,4.5,4.5,"4,5","4,5"
32,Como,Van Der Brempt,d,4.5,4.5,"4,5","4,5"
32,Como,Smolcic I.,d,6.0,6.0,6,6
32,Como,Sergi Roberto,c,6.0,6.0,6,6
32,Como,Da Cunha,c,6.5,9.5,"6,5","9,5"
32,Como,Perrone,c,6.0,6.0,6,6
32,Como,Paz N.,c,7.0,10.0,7,10
32,Como,Baturina,c,5.5,5.5,"5,5","5,5"
32,Como,Morata,a,55.0,55.0,55,55
32,Como,Diao,a,6.0,5.5,6,"5,5"
32,Como,Douvikas,a,5.0,5.0,5,5
32,Como,Fabregas,all,6.0,6.0,6,6
32,Cremonese,Audero,p,6.5,5.5,"6,5","5,5"
32,Cremonese,Luperto,d,6.0,6.0,6,6
32,Cremonese,Pezzella Giu.,d,6.0,6.0,6,6
32,Cremonese,Terracciano F.,d,5.5,5.0,"5,5",5
32,Cremonese,Baschirotto,d,6.0,6.0,6,6
32,Cremonese,Barbieri,d,6.0,6.0,6,6
32,Cremonese,Floriani Mussolini,d,5.5,5.5,"5,5","5,5"
32,Cremonese,Grassi,c,5.5,5.5,"5,5","5,5"
32,Cremonese,Bondo,c,6.0,6.0,6,6
32,Cremonese,Zerbin,c,55.0,55.0,55,55
32,Cremonese,Payero,c,5.5,5.5,"5,5","5,5"
32,Cremonese,Vandeputte,c,6.0,6.0,6,6
32,Cremonese,Sanabria,a,5.5,5.5,"5,5","5,5"
32,Cremonese,Bonazzoli,a,5.5,5.5,"5,5","5,5"
32,Cremonese,Djuric,a,55.0,55.0,55,55
32,Cremonese,Okereke,a,5.5,5.5,"5,5","5,5"
32,Cremonese,Giampaolo,all,5.5,5.5,"5,5","5,5"
32,Fiorentina,De Gea,p,7.0,7.0,7,7
32,Fiorentina,Rugani,d,6.0,5.5,6,"5,5"
32,Fiorentina,Gosens,d,7.0,10.0,7,10
32,Fiorentina,Ranieri L.,d,5.5,5.5,"5,5","5,5"
32,Fiorentina,Pongracic,d,6.0,6.0,6,6
32,Fiorentina,Dodò,d,6.0,5.5,6,"5,5"
32,Fiorentina,Balbo,d,55.0,55.0,55,55
32,Fiorentina,Mandragora,c,5.5,5.5,"5,5","5,5"
32,Fiorentina,Harrison,c,6.5,7.5,"6,5","7,5"
32,Fiorentina,Fazzini,c,6.5,6.5,"6,5","6,5"
32,Fiorentina,Fabbian,c,5.5,5.5,"5,5","5,5"
32,Fiorentina,Ndour,c,6.5,6.5,"6,5","6,5"
32,Fiorentina,Piccoli,a,5.5,5.0,"5,5",5
32,Fiorentina,Solomon,a,55.0,55.0,55,55
32,Fiorentina,Vanoli,all,6.5,6.5,"6,5","6,5"
32,Genoa,Bijlow,p,6.0,5.0,6,5
32,Genoa,Sabelli,d,6.5,6.5,"6,5","6,5"
32,Genoa,Martin,d,6.5,6.5,"6,5","6,5"
32,Genoa,Vasquez,d,6.5,6.5,"6,5","6,5"
32,Genoa,Ostigard,d,6.0,6.0,6,6
32,Genoa,Marcandalli,d,5.5,5.5,"5,5","5,5"
32,Genoa,Otoa,d,55.0,55.0,55,55
32,Genoa,Malinovskyi,c,7.0,9.5,7,"9,5"
32,Genoa,Messias,c,7.0,8.0,7,8
32,Genoa,Frendrup,c,6.0,5.5,6,"5,5"
32,Genoa,Baldanzi,c,7.0,8.0,7,8
32,Genoa,Ellertsson,c,5.5,4.5,"5,5","4,5"
32,Genoa,Masini,c,5.5,5.5,"5,5","5,5"
32,Genoa,Colombo,a,6.5,6.5,"6,5","6,5"
32,Genoa,Ekuban,a,7.0,10.0,7,10
32,Genoa,Vitinha O.,a,6.0,6.0,6,6
32,Genoa,De Rossi,all,7.0,7.0,7,7
32,Inter,Sommer,p,5.0,2.0,5,2
32,Inter,Dimarco,d,5.0,5.0,5,5
32,Inter,Acerbi,d,6.0,5.5,6,"5,5"
32,Inter,Bastoni,d,5.5,5.5,"5,5","5,5"
32,Inter,Akanji,d,6.5,6.0,"6,5",6
32,Inter,Dumfries,d,8.0,14.0,8,14
32,Inter,Carlos Augusto,d,6.0,5.5,6,"5,5"
32,Inter,Zielinski,c,5.5,5.0,"5,5",5
32,Inter,Barella,c,7.5,9.5,"7,5","9,5"
32,Inter,Calhanoglu,c,6.5,7.0,"6,5",7
32,Inter,Mkhitaryan,c,55.0,55.0,55,55
32,Inter,Luis Henrique,c,6.0,6.0,6,6
32,Inter,Sucic P.,c,6.0,5.5,6,"5,5"
32,Inter,Thuram,a,7.5,13.5,"7,5","13,5"
32,Inter,Bonny,a,5.5,5.0,"5,5",5
32,Inter,Esposito F.P.,a,5.5,5.5,"5,5","5,5"
32,Inter,Chivu,all,7.0,7.0,7,7
32,Juventus,Di Gregorio,p,6.5,6.5,"6,5","6,5"
32,Juventus,Bremer,d,6.5,6.5,"6,5","6,5"
32,Juventus,Kalulu,d,6.5,6.5,"6,5","6,5"
32,Juventus,Cambiaso,d,5.5,5.0,"5,5",5
32,Juventus,Holm,d,6.5,6.5,"6,5","6,5"
32,Juventus,Gatti,d,6.0,6.0,6,6
32,Juventus,Kelly L.,d,6.0,6.0,6,6
32,Juventus,Locatelli,c,7.0,7.0,7,7
32,Juventus,Kostic,c,55.0,55.0,55,55
32,Juventus,Thuram K.,c,5.5,5.0,"5,5",5
32,Juventus,Koopmeiners,c,6.0,6.0,6,6
32,Juventus,Miretti,c,55.0,55.0,55,55
32,Juventus,Conceicao,c,6.0,6.0,6,6
32,Juventus,Boga,a,7.0,10.0,7,10
32,Juventus,David,a,5.5,5.5,"5,5","5,5"
32,Juventus,Yildiz,a,6.0,6.0,6,6
32,Juventus,Spalletti,all,6.5,6.5,"6,5","6,5"
32,Lazio,Motta,p,6.0,5.0,6,5
32,Lazio,Patric,d,6.0,6.0,6,6
32,Lazio,Romagnoli,d,6.0,6.0,6,6
32,Lazio,Lazzari,d,5.5,5.5,"5,5","5,5"
32,Lazio,Tavares N.,d,6.0,6.0,6,6
32,Lazio,Provstgaard,d,6.0,6.0,6,6
32,Lazio,Zaccagni,c,6.0,6.0,6,6
32,Lazio,Basic,c,5.5,5.5,"5,5","5,5"
32,Lazio,Isaksen,c,5.5,5.5,"5,5","5,5"
32,Lazio,Dele-Bashiru,c,5.5,5.5,"5,5","5,5"
32,Lazio,Taylor K.,c,5.5,5.5,"5,5","5,5"
32,Lazio,Pedro,a,5.5,5.0,"5,5",5
32,Lazio,Cancellieri,a,5.5,5.5,"5,5","5,5"
32,Lazio,Dia,a,5.5,5.5,"5,5","5,5"
32,Lazio,Noslin,a,6.0,5.5,6,"5,5"
32,Lazio,Ratkov,a,55.0,55.0,55,55
32,Lazio,Sarri,all,5.5,5.5,"5,5","5,5"
32,Lecce,Falcone,p,6.0,4.0,6,4
32,Lecce,Gallo,d,6.0,6.0,6,6
32,Lecce,Tiago Gabriel,d,6.0,6.0,6,6
32,Lecce,Veiga D.,d,6.0,6.0,6,6
32,Lecce,Ndaba,d,5.0,5.0,5,5
32,Lecce,Siebert,d,5.0,4.5,5,"4,5"
32,Lecce,Coulibaly L.,c,6.0,6.0,6,6
32,Lecce,Ramadani,c,5.0,5.0,5,5
32,Lecce,Pierotti,c,5.5,5.5,"5,5","5,5"
32,Lecce,Sala A.,c,55.0,55.0,55,55
32,Lecce,Gandelman,c,5.5,5.5,"5,5","5,5"
32,Lecce,Ngom,c,5.5,5.0,"5,5",5
32,Lecce,Banda,a,5.5,5.5,"5,5","5,5"
32,Lecce,Cheddira,a,6.0,6.0,6,6
32,Lecce,N'Dri,a,6.0,6.0,6,6
32,Lecce,Stulic,a,5.0,5.0,5,5
32,Lecce,Di Francesco,all,5.5,5.5,"5,5","5,5"
32,Milan,Maignan,p,6.0,3.0,6,3
32,Milan,Pavlovic,d,5.5,5.5,"5,5","5,5"
32,Milan,De Winter,d,4.5,4.5,"4,5","4,5"
32,Milan,Bartesaghi,d,5.5,3.5,"5,5","3,5"
32,Milan,Athekame,d,5.0,5.0,5,5
32,Milan,Rabiot,c,5.0,5.0,5,5
32,Milan,Pulisic,c,5.5,5.5,"5,5","5,5"
32,Milan,Modric,c,6.0,6.0,6,6
32,Milan,Loftus-Cheek,c,55.0,55.0,55,55
32,Milan,Fofana Y.,c,5.0,5.0,5,5
32,Milan,Saelemaekers,c,5.5,5.5,"5,5","5,5"
32,Milan,Ricci S.,c,5.5,5.5,"5,5","5,5"
32,Milan,Jashari,c,5.5,5.5,"5,5","5,5"
32,Milan,Fullkrug,a,5.0,5.0,5,5
32,Milan,Leao,a,4.5,4.0,"4,5",4
32,Milan,Nkunku,a,5.5,5.5,"5,5","5,5"
32,Milan,Allegri,all,4.0,4.0,4,4
32,Napoli,Milinkovic-Savic V.,p,6.0,5.0,6,5
32,Napoli,Juan Jesus,d,5.0,5.0,5,5
32,Napoli,Spinazzola,d,5.5,5.5,"5,5","5,5"
32,Napoli,Buongiorno,d,5.5,5.5,"5,5","5,5"
32,Napoli,Gutierrez,d,55.0,55.0,55,55
32,Napoli,Olivera,d,6.0,6.0,6,6
32,Napoli,Beukema,d,6.0,6.0,6,6
32,Napoli,Politano,c,5.5,5.5,"5,5","5,5"
32,Napoli,De Bruyne,c,6.0,6.0,6,6
32,Napoli,Zambo Anguissa,c,5.5,5.5,"5,5","5,5"
32,Napoli,Lobotka,c,6.5,6.5,"6,5","6,5"
32,Napoli,Elmas,c,55.0,55.0,55,55
32,Napoli,McTominay,c,7.0,10.0,7,10
32,Napoli,Santos A.,c,6.0,6.0,6,6
32,Napoli,Hojlund,a,6.5,7.5,"6,5","7,5"
32,Napoli,Giovane,a,5.5,5.5,"5,5","5,5"
32,Napoli,Conte,all,5.5,5.5,"5,5","5,5"
32,Parma,Suzuki,p,6.0,5.0,6,5
32,Parma,Valenti,d,6.5,6.5,"6,5","6,5"
32,Parma,Valeri,d,6.5,6.5,"6,5","6,5"
32,Parma,Circati,d,6.0,5.5,6,"5,5"
32,Parma,Delprato,d,6.5,6.5,"6,5","6,5"
32,Parma,Troilo,d,6.5,6.5,"6,5","6,5"
32,Parma,Nicolussi Caviglia,c,5.5,5.5,"5,5","5,5"
32,Parma,Strefezza,c,7.0,10.0,7,10
32,Parma,Estevez,c,6.0,6.0,6,6
32,Parma,Bernabè,c,6.0,6.0,6,6
32,Parma,Keita M.,c,6.5,6.5,"6,5","6,5"
32,Parma,Ordonez C.,c,6.0,6.0,6,6
32,Parma,Sorensen O.,c,5.5,5.5,"5,5","5,5"
32,Parma,Elphege,a,6.5,7.5,"6,5","7,5"
32,Parma,Mikolajewski,a,6.0,6.0,6,6
32,Parma,Cuesta,all,7.0,7.0,7,7
32,Pisa,Semper,p,6.0,3.0,6,3
32,Pisa,Caracciolo A.,d,4.5,4.5,"4,5","4,5"
32,Pisa,Calabresi,d,4.5,4.5,"4,5","4,5"
32,Pisa,Canestrelli,d,5.0,5.0,5,5
32,Pisa,Coppola F.,d,55.0,55.0,55,55
32,Pisa,Angori,d,5.5,5.5,"5,5","5,5"
32,Pisa,Leris,c,5.5,5.5,"5,5","5,5"
32,Pisa,Tramoni M.,c,6.0,6.0,6,6
32,Pisa,Aebischer,c,6.0,6.0,6,6
32,Pisa,Akinsanmiro,c,5.5,5.5,"5,5","5,5"
32,Pisa,Piccinini G.,c,5.5,5.5,"5,5","5,5"
32,Pisa,Tourè I.,c,5.0,4.5,5,"4,5"
32,Pisa,Hojholt,c,5.5,5.5,"5,5","5,5"
32,Pisa,Loyola,c,6.0,6.0,6,6
32,Pisa,Moreo,a,6.0,6.0,6,6
32,Pisa,Durosinmi,a,6.0,6.0,6,6
32,Pisa,Hiljemark,all,5.5,5.5,"5,5","5,5"
32,Roma,Svilar,p,6.5,6.5,"6,5","6,5"
32,Roma,N'Dicka,d,6.5,7.5,"6,5","7,5"
32,Roma,Celik,d,6.5,6.0,"6,5",6
32,Roma,Angelino,d,55.0,55.0,55,55
32,Roma,Hermoso,d,6.0,6.0,6,6
32,Roma,Ghilardi,d,6.0,6.0,6,6
32,Roma,Rensch,d,6.5,7.5,"6,5","7,5"
32,Roma,Pellegrini Lo.,c,6.5,6.5,"6,5","6,5"
32,Roma,Cristante,c,6.5,6.5,"6,5","6,5"
32,Roma,El Shaarawy,c,6.0,6.0,6,6
32,Roma,Pisilli,c,6.0,6.0,6,6
32,Roma,El Aynaoui,c,6.0,6.0,6,6
32,Roma,Venturino,c,55.0,55.0,55,55
32,Roma,Malen,a,8.5,17.5,"8,5","17,5"
32,Roma,Soulè,a,6.5,7.5,"6,5","7,5"
32,Roma,Vaz,a,55.0,55.0,55,55
32,Roma,Gasperini,all,6.5,6.5,"6,5","6,5"
32,Sassuolo,Muric,p,6.0,4.0,6,4
32,Sassuolo,Walukiewicz,d,5.5,5.0,"5,5",5
32,Sassuolo,Doig,d,5.5,5.0,"5,5",5
32,Sassuolo,Coulibaly W.,d,5.5,5.5,"5,5","5,5"
32,Sassuolo,Idzes,d,5.5,5.5,"5,5","5,5"
32,Sassuolo,Muharemovic,d,6.5,6.0,"6,5",6
32,Sassuolo,Matic,c,5.5,5.5,"5,5","5,5"
32,Sassuolo,Volpato,c,5.5,5.5,"5,5","5,5"
32,Sassuolo,Thorstvedt,c,5.5,5.5,"5,5","5,5"
32,Sassuolo,Lipani,c,55.0,55.0,55,55
32,Sassuolo,Konè I.,c,7.0,10.0,7,10
32,Sassuolo,Iannoni,c,55.0,55.0,55,55
32,Sassuolo,Berardi,a,5.5,4.5,"5,5","4,5"
32,Sassuolo,Pinamonti,a,5.5,5.5,"5,5","5,5"
32,Sassuolo,Laurientè,a,5.5,5.5,"5,5","5,5"
32,Sassuolo,Moro L.,a,55.0,55.0,55,55
32,Sassuolo,Grosso,all,5.5,5.5,"5,5","5,5"
32,Torino,Paleari,p,6.0,5.0,6,5
32,Torino,Biraghi,d,55.0,55.0,55,55
32,Torino,Maripan,d,55.0,55.0,55,55
32,Torino,Ismajli,d,5.5,5.0,"5,5",5
32,Torino,Ebosse,d,6.5,6.5,"6,5","6,5"
32,Torino,Pedersen,d,7.0,8.0,7,8
32,Torino,Coco,d,6.0,6.0,6,6
32,Torino,Marianucci,d,6.0,6.0,6,6
32,Torino,Obrador,d,7.0,8.0,7,8
32,Torino,Vlasic,c,6.0,6.0,6,6
32,Torino,Casadei,c,7.0,10.0,7,10
32,Torino,Gineitis,c,6.5,6.5,"6,5","6,5"
32,Torino,Prati,c,6.0,6.0,6,6
32,Torino,Simeone,a,7.0,10.0,7,10
32,Torino,Adams C.,a,6.0,6.0,6,6
32,Torino,Kulenovic,a,6.0,6.0,6,6
32,Torino,D'Aversa,all,6.5,6.5,"6,5","6,5"
32,Udinese,Okoye,p,7.0,7.0,7,7
32,Udinese,Kabasele,d,7.0,7.0,7,7
32,Udinese,Kamara H.,d,6.0,6.0,6,6
32,Udinese,Ehizibue,d,6.0,6.0,6,6
32,Udinese,Kristensen T.,d,6.5,6.0,"6,5",6
32,Udinese,Solet,d,7.0,7.0,7,7
32,Udinese,Zaniolo,c,7.5,8.5,"7,5","8,5"
32,Udinese,Zarraga,c,55.0,55.0,55,55
32,Udinese,Karlstrom,c,6.5,6.5,"6,5","6,5"
32,Udinese,Ekkelenkamp,c,7.5,11.5,"7,5","11,5"
32,Udinese,Atta,c,7.5,10.5,"7,5","10,5"
32,Udinese,Piotrowski,c,6.0,6.0,6,6
32,Udinese,Miller L.,c,55.0,55.0,55,55
32,Udinese,Davis K.,a,7.0,7.0,7,7
32,Udinese,Gueye,a,55.0,55.0,55,55
32,Udinese,Runjaic,all,8.0,8.0,8,8
32,Verona,Montipò,p,6.5,5.5,"6,5","5,5"
32,Verona,Bradaric,d,6.0,6.0,6,6
32,Verona,Frese,d,5.0,4.5,5,"4,5"
32,Verona,Valentini N.,d,6.0,5.5,6,"5,5"
32,Verona,Oyegoke,d,5.5,5.0,"5,5",5
32,Verona,Nelsson,d,5.5,5.5,"5,5","5,5"
32,Verona,Belghali,d,5.5,5.5,"5,5","5,5"
32,Verona,Edmundsson,d,5.5,5.0,"5,5",5
32,Verona,Gagliardini,c,6.0,6.0,6,6
32,Verona,Akpa Akpro,c,5.5,5.5,"5,5","5,5"
32,Verona,Harroui,c,5.5,5.5,"5,5","5,5"
32,Verona,Bernede,c,5.5,5.5,"5,5","5,5"
32,Verona,Sarr A.,a,55.0,55.0,55,55
32,Verona,Orban G.,a,5.5,5.5,"5,5","5,5"
32,Verona,Mosquera,a,55.0,55.0,55,55
32,Verona,Bowie,a,7.0,10.0,7,10
32,Verona,Sammarco,all,5.5,5.5,"5,5","5,5"
33,Atalanta,Carnesecchi,p,7.0,6.0,7,6
33,Atalanta,Zappacosta,d,6.0,6.0,6,6
33,Atalanta,Djimsiti,d,6.5,6.0,"6,5",6
33,Atalanta,Kolasinac,d,6.0,6.0,6,6
33,Atalanta,Bellanova,d,5.5,5.5,"5,5","5,5"
33,Atalanta,Scalvini,d,6.0,6.0,6,6
33,Atalanta,Kossounou,d,6.0,6.0,6,6
33,Atalanta,Ahanor,d,6.0,6.0,6,6
33,Atalanta,Bernasconi,d,6.0,6.0,6,6
33,Atalanta,De Roon,c,6.0,7.0,6,7
33,Atalanta,Pasalic,c,55.0,55.0,55,55
33,Atalanta,Zalewski,c,6.0,6.0,6,6
33,Atalanta,Ederson D.S.,c,6.5,6.0,"6,5",6
33,Atalanta,Raspadori,a,6.0,6.0,6,6
33,Atalanta,De Ketelaere,a,6.0,6.0,6,6
33,Atalanta,Krstovic,a,7.0,10.0,7,10
33,Atalanta,Palladino,all,6.0,6.0,6,6
33,Bologna,Ravaglia F.,p,6.0,4.0,6,4
33,Bologna,Zortea,d,6.0,6.0,6,6
33,Bologna,Miranda J.,d,5.5,5.5,"5,5","5,5"
33,Bologna,Lucumì,d,5.5,5.5,"5,5","5,5"
33,Bologna,Heggem,d,5.5,5.5,"5,5","5,5"
33,Bologna,Helland,d,5.0,5.0,5,5
33,Bologna,Bernardeschi,c,55.0,55.0,55,55
33,Bologna,Freuler,c,5.5,5.5,"5,5","5,5"
33,Bologna,Orsolini,c,6.0,6.0,6,6
33,Bologna,Pobega,c,5.5,5.5,"5,5","5,5"
33,Bologna,Sohm,c,5.0,5.0,5,5
33,Bologna,Ferguson,c,6.0,6.0,6,6
33,Bologna,Moro N.,c,6.0,6.0,6,6
33,Bologna,Rowe,c,5.5,5.5,"5,5","5,5"
33,Bologna,Cambiaghi,a,5.5,5.5,"5,5","5,5"
33,Bologna,Castro S.,a,5.0,5.0,5,5
33,Bologna,Italiano,all,5.0,5.0,5,5
33,Cagliari,Caprile,p,6.0,3.0,6,3
33,Cagliari,Mina,d,5.0,5.0,5,5
33,Cagliari,Zappa,d,55.0,55.0,55,55
33,Cagliari,Obert,d,6.0,6.0,6,6
33,Cagliari,Palestra,d,6.0,6.0,6,6
33,Cagliari,Rodriguez Ju.,d,5.0,5.0,5,5
33,Cagliari,Zè Pedro,d,5.5,5.5,"5,5","5,5"
33,Cagliari,Deiola,c,5.5,5.5,"5,5","5,5"
33,Cagliari,Gaetano,c,6.0,6.0,6,6
33,Cagliari,Adopo,c,6.0,6.0,6,6
33,Cagliari,Sulemana I.,c,5.5,5.5,"5,5","5,5"
33,Cagliari,Folorunsho,c,55.0,55.0,55,55
33,Cagliari,Belotti,a,55.0,55.0,55,55
33,Cagliari,Esposito Se.,a,6.0,5.5,6,"5,5"
33,Cagliari,Borrelli,a,5.0,4.5,5,"4,5"
33,Cagliari,Mendy P.,a,5.5,5.5,"5,5","5,5"
33,Cagliari,Pisacane,all,5.5,5.5,"5,5","5,5"
33,Como,Butez,p,5.5,3.5,"5,5","3,5"
33,Como,Vojvoda,d,5.5,5.5,"5,5","5,5"
33,Como,Moreno Alb.,d,5.0,4.5,5,"4,5"
33,Como,Ramon,d,5.5,5.0,"5,5",5
33,Como,Kempf,d,5.0,5.0,5,5
33,Como,Smolcic I.,d,6.0,7.0,6,7
33,Como,Caqueret,c,5.5,5.5,"5,5","5,5"
33,Como,Da Cunha,c,6.0,6.0,6,6
33,Como,Perrone,c,6.0,6.0,6,6
33,Como,Paz N.,c,7.0,10.0,7,10
33,Como,Baturina,c,5.5,5.5,"5,5","5,5"
33,Como,Morata,a,5.0,4.5,5,"4,5"
33,Como,Diao,a,5.0,5.0,5,5
33,Como,Douvikas,a,5.5,5.5,"5,5","5,5"
33,Como,Kuhn,a,5.5,5.5,"5,5","5,5"
33,Como,Rodriguez Je.,a,6.0,6.0,6,6
33,Como,Fabregas,all,5.5,5.5,"5,5","5,5"
33,Cremonese,Audero,p,6.0,6.0,6,6
33,Cremonese,Luperto,d,6.5,6.5,"6,5","6,5"
33,Cremonese,Pezzella Giu.,d,6.0,6.0,6,6
33,Cremonese,Terracciano F.,d,6.0,6.0,6,6
33,Cremonese,Baschirotto,d,6.5,6.5,"6,5","6,5"
33,Cremonese,Barbieri,d,55.0,55.0,55,55
33,Cremonese,Floriani Mussolini,d,6.0,6.0,6,6
33,Cremonese,Grassi,c,6.5,6.5,"6,5","6,5"
33,Cremonese,Bondo,c,6.0,6.0,6,6
33,Cremonese,Zerbin,c,5.5,5.5,"5,5","5,5"
33,Cremonese,Payero,c,6.0,6.0,6,6
33,Cremonese,Vandeputte,c,6.0,6.0,6,6
33,Cremonese,Sanabria,a,5.5,5.5,"5,5","5,5"
33,Cremonese,Bonazzoli,a,6.5,6.5,"6,5","6,5"
33,Cremonese,Djuric,a,55.0,55.0,55,55
33,Cremonese,Okereke,a,6.5,6.5,"6,5","6,5"
33,Cremonese,Giampaolo,all,6.5,6.5,"6,5","6,5"
33,Fiorentina,De Gea,p,6.5,5.5,"6,5","5,5"
33,Fiorentina,Gosens,d,55.0,55.0,55,55
33,Fiorentina,Ranieri L.,d,6.0,6.0,6,6
33,Fiorentina,Pongracic,d,6.5,6.0,"6,5",6
33,Fiorentina,Dodò,d,6.0,6.0,6,6
33,Fiorentina,Balbo,d,5.5,5.5,"5,5","5,5"
33,Fiorentina,Mandragora,c,6.0,7.0,6,7
33,Fiorentina,Fagioli,c,6.5,6.5,"6,5","6,5"
33,Fiorentina,Brescianini,c,55.0,55.0,55,55
33,Fiorentina,Harrison,c,7.0,10.0,7,10
33,Fiorentina,Gudmundsson A.,c,5.5,5.5,"5,5","5,5"
33,Fiorentina,Fazzini,c,55.0,55.0,55,55
33,Fiorentina,Fabbian,c,55.0,55.0,55,55
33,Fiorentina,Ndour,c,5.0,5.0,5,5
33,Fiorentina,Piccoli,a,5.5,5.5,"5,5","5,5"
33,Fiorentina,Solomon,a,5.0,4.5,5,"4,5"
33,Fiorentina,Vanoli,all,6.0,6.0,6,6
33,Genoa,Bijlow,p,6.5,5.5,"6,5","5,5"
33,Genoa,Sabelli,d,5.5,5.5,"5,5","5,5"
33,Genoa,Martin,d,6.0,6.0,6,6
33,Genoa,Vasquez,d,6.0,6.0,6,6
33,Genoa,Ostigard,d,6.5,6.0,"6,5",6
33,Genoa,Marcandalli,d,6.0,6.0,6,6
33,Genoa,Otoa,d,55.0,55.0,55,55
33,Genoa,Messias,c,6.0,6.0,6,6
33,Genoa,Baldanzi,c,7.0,8.0,7,8
33,Genoa,Onana J.,c,6.0,6.0,6,6
33,Genoa,Masini,c,6.5,6.5,"6,5","6,5"
33,Genoa,Amorim,c,6.5,6.5,"6,5","6,5"
33,Genoa,Colombo,a,7.0,10.0,7,10
33,Genoa,Ekuban,a,55.0,55.0,55,55
33,Genoa,Vitinha O.,a,55.0,55.0,55,55
33,Genoa,Ekhator,a,7.0,10.0,7,10
33,Genoa,De Rossi,all,7.0,7.0,7,7
33,Inter,Martinez Jo.,p,6.0,6.0,6,6
33,Inter,Dimarco,d,6.5,7.5,"6,5","7,5"
33,Inter,De Vrij,d,6.5,6.5,"6,5","6,5"
33,Inter,Akanji,d,6.5,6.5,"6,5","6,5"
33,Inter,Dumfries,d,6.5,7.5,"6,5","7,5"
33,Inter,Carlos Augusto,d,6.0,6.0,6,6
33,Inter,Zielinski,c,6.5,9.5,"6,5","9,5"
33,Inter,Barella,c,7.5,10.5,"7,5","10,5"
33,Inter,Calhanoglu,c,6.0,6.0,6,6
33,Inter,Mkhitaryan,c,6.0,6.0,6,6
33,Inter,Frattesi,c,55.0,55.0,55,55
33,Inter,Luis Henrique,c,6.0,6.0,6,6
33,Inter,Diouf,c,55.0,55.0,55,55
33,Inter,Thuram,a,7.0,10.0,7,10
33,Inter,Bonny,a,6.5,6.5,"6,5","6,5"
33,Inter,Esposito F.P.,a,6.5,6.5,"6,5","6,5"
33,Inter,Chivu,all,6.5,6.5,"6,5","6,5"
33,Juventus,Di Gregorio,p,6.0,6.0,6,6
33,Juventus,Bremer,d,6.5,6.5,"6,5","6,5"
33,Juventus,Kalulu,d,6.5,7.5,"6,5","7,5"
33,Juventus,Cambiaso,d,6.0,6.0,6,6
33,Juventus,Holm,d,6.5,6.5,"6,5","6,5"
33,Juventus,Gatti,d,55.0,55.0,55,55
33,Juventus,Kelly L.,d,6.5,6.5,"6,5","6,5"
33,Juventus,Locatelli,c,6.5,6.0,"6,5",6
33,Juventus,McKennie,c,7.0,8.0,7,8
33,Juventus,Thuram K.,c,7.0,10.0,7,10
33,Juventus,Zhegrova,c,5.5,5.5,"5,5","5,5"
33,Juventus,Conceicao,c,6.0,6.0,6,6
33,Juventus,Boga,a,6.5,6.5,"6,5","6,5"
33,Juventus,David,a,7.0,10.0,7,10
33,Juventus,Openda,a,55.0,55.0,55,55
33,Juventus,Yildiz,a,6.0,6.0,6,6
33,Juventus,Spalletti,all,7.0,7.0,7,7
33,Lazio,Motta,p,6.0,6.0,6,6
33,Lazio,Hysaj,d,55.0,55.0,55,55
33,Lazio,Patric,d,6.0,6.0,6,6
33,Lazio,Romagnoli,d,6.5,6.5,"6,5","6,5"
33,Lazio,Lazzari,d,6.0,6.0,6,6
33,Lazio,Tavares N.,d,6.5,6.5,"6,5","6,5"
33,Lazio,Gila,d,7.0,7.0,7,7
33,Lazio,Provstgaard,d,6.0,6.0,6,6
33,Lazio,Cataldi,c,6.0,5.5,6,"5,5"
33,Lazio,Zaccagni,c,5.0,2.0,5,2
33,Lazio,Basic,c,7.0,10.0,7,10
33,Lazio,Dele-Bashiru,c,6.0,6.0,6,6
33,Lazio,Taylor K.,c,6.5,7.0,"6,5",7
33,Lazio,Cancellieri,a,7.0,10.0,7,10
33,Lazio,Dia,a,6.0,5.5,6,"5,5"
33,Lazio,Noslin,a,6.5,6.5,"6,5","6,5"
33,Lazio,Sarri,all,7.0,7.0,7,7
33,Lecce,Falcone,p,6.0,5.0,6,5
33,Lecce,Gallo,d,6.0,7.0,6,7
33,Lecce,Tiago Gabriel,d,7.0,9.5,7,"9,5"
33,Lecce,Veiga D.,d,6.0,6.0,6,6
33,Lecce,Ndaba,d,55.0,55.0,55,55
33,Lecce,Siebert,d,6.0,6.0,6,6
33,Lecce,Coulibaly L.,c,5.0,5.0,5,5
33,Lecce,Ramadani,c,6.5,6.5,"6,5","6,5"
33,Lecce,Pierotti,c,5.0,4.5,5,"4,5"
33,Lecce,Gandelman,c,6.0,6.0,6,6
33,Lecce,Ngom,c,6.0,6.0,6,6
33,Lecce,Banda,a,6.5,6.5,"6,5","6,5"
33,Lecce,Cheddira,a,5.0,5.0,5,5
33,Lecce,N'Dri,a,5.5,5.5,"5,5","5,5"
33,Lecce,Stulic,a,6.0,6.0,6,6
33,Lecce,Di Francesco,all,6.0,6.0,6,6
33,Milan,Maignan,p,6.5,6.5,"6,5","6,5"
33,Milan,Gabbia,d,7.0,7.0,7,7
33,Milan,Tomori,d,6.0,6.0,6,6
33,Milan,Pavlovic,d,6.5,6.5,"6,5","6,5"
33,Milan,Bartesaghi,d,6.0,6.0,6,6
33,Milan,Athekame,d,6.0,6.0,6,6
33,Milan,Rabiot,c,7.0,10.0,7,10
33,Milan,Pulisic,c,5.5,5.5,"5,5","5,5"
33,Milan,Modric,c,6.5,6.5,"6,5","6,5"
33,Milan,Fofana Y.,c,5.5,5.5,"5,5","5,5"
33,Milan,Saelemaekers,c,6.0,6.0,6,6
33,Milan,Ricci S.,c,6.0,6.0,6,6
33,Milan,Leao,a,6.0,7.0,6,7
33,Milan,Nkunku,a,55.0,55.0,55,55
33,Milan,Gimenez,a,5.5,5.5,"5,5","5,5"
33,Milan,Allegri,all,6.5,6.5,"6,5","6,5"
33,Napoli,Milinkovic-Savic V.,p,7.0,8.0,7,8
33,Napoli,Spinazzola,d,5.0,5.0,5,5
33,Napoli,Buongiorno,d,4.5,4.5,"4,5","4,5"
33,Napoli,Gutierrez,d,6.0,6.0,6,6
33,Napoli,Mazzocchi,d,6.0,6.0,6,6
33,Napoli,Olivera,d,5.0,5.0,5,5
33,Napoli,Beukema,d,5.0,5.0,5,5
33,Napoli,Politano,c,5.5,5.5,"5,5","5,5"
33,Napoli,De Bruyne,c,5.5,5.5,"5,5","5,5"
33,Napoli,Zambo Anguissa,c,5.5,5.5,"5,5","5,5"
33,Napoli,Lobotka,c,5.0,4.5,5,"4,5"
33,Napoli,Elmas,c,5.5,5.5,"5,5","5,5"
33,Napoli,McTominay,c,5.5,5.5,"5,5","5,5"
33,Napoli,Santos A.,c,6.0,6.0,6,6
33,Napoli,Hojlund,a,5.0,5.0,5,5
33,Napoli,Giovane,a,5.5,5.5,"5,5","5,5"
33,Napoli,Conte,all,5.0,5.0,5,5
33,Parma,Suzuki,p,6.5,6.5,"6,5","6,5"
33,Parma,Valeri,d,6.0,6.0,6,6
33,Parma,Circati,d,6.5,6.5,"6,5","6,5"
33,Parma,Delprato,d,6.0,6.0,6,6
33,Parma,Ndiaye,d,6.5,6.5,"6,5","6,5"
33,Parma,Troilo,d,6.5,6.5,"6,5","6,5"
33,Parma,Britschgi,d,6.0,6.0,6,6
33,Parma,Nicolussi Caviglia,c,6.0,6.0,6,6
33,Parma,Strefezza,c,6.5,7.5,"6,5","7,5"
33,Parma,Estevez,c,6.0,6.0,6,6
33,Parma,Bernabè,c,6.0,6.0,6,6
33,Parma,Keita M.,c,6.5,6.5,"6,5","6,5"
33,Parma,Ondrejka,c,6.0,6.0,6,6
33,Parma,Ordonez C.,c,6.0,6.0,6,6
33,Parma,Pellegrino M.,a,6.0,6.0,6,6
33,Parma,Elphege,a,7.0,10.0,7,10
33,Parma,Cuesta,all,6.5,6.5,"6,5","6,5"
33,Pisa,Semper,p,6.0,4.0,6,4
33,Pisa,Cuadrado,d,6.0,6.0,6,6
33,Pisa,Caracciolo A.,d,5.0,4.5,5,"4,5"
33,Pisa,Calabresi,d,5.5,5.0,"5,5",5
33,Pisa,Canestrelli,d,6.5,9.5,"6,5","9,5"
33,Pisa,Angori,d,6.5,7.5,"6,5","7,5"
33,Pisa,Tramoni M.,c,5.5,5.5,"5,5","5,5"
33,Pisa,Aebischer,c,6.0,5.5,6,"5,5"
33,Pisa,Akinsanmiro,c,6.0,6.0,6,6
33,Pisa,Piccinini G.,c,6.0,6.0,6,6
33,Pisa,Tourè I.,c,5.5,5.5,"5,5","5,5"
33,Pisa,Vural,c,5.5,5.5,"5,5","5,5"
33,Pisa,Loyola,c,5.5,5.5,"5,5","5,5"
33,Pisa,Moreo,a,5.0,5.0,5,5
33,Pisa,Meister,a,5.5,5.5,"5,5","5,5"
33,Pisa,Durosinmi,a,5.5,5.5,"5,5","5,5"
33,Pisa,Hiljemark,all,5.5,5.5,"5,5","5,5"
33,Roma,Svilar,p,6.5,5.5,"6,5","5,5"
33,Roma,Mancini,d,6.0,6.0,6,6
33,Roma,N'Dicka,d,6.0,6.0,6,6
33,Roma,Celik,d,6.0,6.0,6,6
33,Roma,Hermoso,d,7.0,10.0,7,10
33,Roma,Tsimikas,d,55.0,55.0,55,55
33,Roma,Ghilardi,d,6.0,6.0,6,6
33,Roma,Rensch,d,6.5,7.5,"6,5","7,5"
33,Roma,Cristante,c,6.0,6.0,6,6
33,Roma,El Shaarawy,c,6.0,6.0,6,6
33,Roma,Pisilli,c,5.5,5.0,"5,5",5
33,Roma,El Aynaoui,c,5.5,5.5,"5,5","5,5"
33,Roma,Venturino,c,6.0,6.0,6,6
33,Roma,Malen,a,6.0,6.0,6,6
33,Roma,Soulè,a,6.5,6.5,"6,5","6,5"
33,Roma,Vaz,a,6.0,6.0,6,6
33,Roma,Gasperini,all,6.0,6.0,6,6
33,Sassuolo,Turati,p,6.0,5.0,6,5
33,Sassuolo,Walukiewicz,d,6.0,6.0,6,6
33,Sassuolo,Coulibaly W.,d,5.5,5.5,"5,5","5,5"
33,Sassuolo,Idzes,d,6.5,6.5,"6,5","6,5"
33,Sassuolo,Muharemovic,d,6.5,6.5,"6,5","6,5"
33,Sassuolo,Matic,c,6.0,6.0,6,6
33,Sassuolo,Volpato,c,7.0,9.5,7,"9,5"
33,Sassuolo,Thorstvedt,c,6.5,6.0,"6,5",6
33,Sassuolo,Lipani,c,55.0,55.0,55,55
33,Sassuolo,Konè I.,c,6.0,5.5,6,"5,5"
33,Sassuolo,Fadera,c,6.0,6.0,6,6
33,Sassuolo,Pinamonti,a,55.0,55.0,55,55
33,Sassuolo,Nzola,a,7.5,11.5,"7,5","11,5"
33,Sassuolo,Laurientè,a,7.0,8.0,7,8
33,Sassuolo,Grosso,all,7.0,7.0,7,7
33,Torino,Paleari,p,6.5,6.5,"6,5","6,5"
33,Torino,Biraghi,d,5.5,5.5,"5,5","5,5"
33,Torino,Maripan,d,6.5,6.5,"6,5","6,5"
33,Torino,Ebosse,d,6.0,5.5,6,"5,5"
33,Torino,Pedersen,d,6.0,6.0,6,6
33,Torino,Coco,d,6.0,5.5,6,"5,5"
33,Torino,Marianucci,d,6.0,6.0,6,6
33,Torino,Obrador,d,5.5,5.5,"5,5","5,5"
33,Torino,Vlasic,c,5.5,5.5,"5,5","5,5"
33,Torino,Casadei,c,5.5,5.5,"5,5","5,5"
33,Torino,Gineitis,c,6.5,6.5,"6,5","6,5"
33,Torino,Anjorin,c,6.0,6.0,6,6
33,Torino,Simeone,a,5.5,5.5,"5,5","5,5"
33,Torino,Adams C.,a,5.5,5.5,"5,5","5,5"
33,Torino,Njie,a,5.5,5.0,"5,5",5
33,Torino,Kulenovic,a,55.0,55.0,55,55
33,Torino,D'Aversa,all,5.5,5.5,"5,5","5,5"
33,Udinese,Okoye,p,5.5,4.5,"5,5","4,5"
33,Udinese,Kabasele,d,5.0,5.0,5,5
33,Udinese,Kamara H.,d,5.5,5.5,"5,5","5,5"
33,Udinese,Ehizibue,d,5.5,5.5,"5,5","5,5"
33,Udinese,Kristensen T.,d,6.0,6.0,6,6
33,Udinese,Solet,d,6.0,6.0,6,6
33,Udinese,Arizala,d,6.0,6.0,6,6
33,Udinese,Mlacic,d,55.0,55.0,55,55
33,Udinese,Zaniolo,c,6.0,5.5,6,"5,5"
33,Udinese,Zarraga,c,6.0,6.0,6,6
33,Udinese,Karlstrom,c,5.5,5.0,"5,5",5
33,Udinese,Ekkelenkamp,c,5.5,5.5,"5,5","5,5"
33,Udinese,Atta,c,6.0,6.0,6,6
33,Udinese,Piotrowski,c,6.0,6.0,6,6
33,Udinese,Buksa,a,5.5,5.5,"5,5","5,5"
33,Udinese,Gueye,a,6.0,6.0,6,6
33,Udinese,Runjaic,all,5.5,5.5,"5,5","5,5"
33,Verona,Montipò,p,6.0,5.0,6,5
33,Verona,Lirola,d,6.0,6.0,6,6
33,Verona,Bradaric,d,5.5,5.5,"5,5","5,5"
33,Verona,Valentini N.,d,6.5,6.5,"6,5","6,5"
33,Verona,Oyegoke,d,6.0,6.0,6,6
33,Verona,Nelsson,d,6.0,6.0,6,6
33,Verona,Belghali,d,5.5,5.5,"5,5","5,5"
33,Verona,Edmundsson,d,5.5,5.5,"5,5","5,5"
33,Verona,Gagliardini,c,5.5,5.5,"5,5","5,5"
33,Verona,Akpa Akpro,c,5.5,5.0,"5,5",5
33,Verona,Lovric,c,55.0,55.0,55,55
33,Verona,Al-Musrati,c,6.0,5.5,6,"5,5"
33,Verona,Bernede,c,6.0,6.0,6,6
33,Verona,Orban G.,a,5.0,5.0,5,5
33,Verona,Isaac,a,55.0,55.0,55,55
33,Verona,Vermesan,a,6.5,6.5,"6,5","6,5"
33,Verona,Sammarco,all,5.5,5.5,"5,5","5,5"
34,Atalanta,Carnesecchi,p,6.0,3.0,6,3
34,Atalanta,Zappacosta,d,5.5,5.5,"5,5","5,5"
34,Atalanta,Djimsiti,d,5.0,5.0,5,5
34,Atalanta,Kolasinac,d,5.5,5.5,"5,5","5,5"
34,Atalanta,Bellanova,d,5.5,5.5,"5,5","5,5"
34,Atalanta,Scalvini,d,5.5,6.5,"5,5","6,5"
34,Atalanta,Kossounou,d,6.0,6.0,6,6
34,Atalanta,De Roon,c,5.5,5.5,"5,5","5,5"
34,Atalanta,Pasalic,c,6.0,6.0,6,6
34,Atalanta,Samardzic,c,6.0,6.0,6,6
34,Atalanta,Zalewski,c,5.5,5.5,"5,5","5,5"
34,Atalanta,Ederson D.S.,c,6.0,6.0,6,6
34,Atalanta,Scamacca,a,7.5,13.5,"7,5","13,5"
34,Atalanta,Raspadori,a,5.0,5.0,5,5
34,Atalanta,De Ketelaere,a,5.5,5.5,"5,5","5,5"
34,Atalanta,Krstovic,a,5.5,5.5,"5,5","5,5"
34,Atalanta,Palladino,all,5.0,5.0,5,5
34,Bologna,Ravaglia F.,p,6.0,4.0,6,4
34,Bologna,De Silvestri,d,6.0,6.0,6,6
34,Bologna,Zortea,d,6.0,6.0,6,6
34,Bologna,Miranda J.,d,5.0,5.0,5,5
34,Bologna,Lucumì,d,5.0,5.0,5,5
34,Bologna,Vitik,d,55.0,55.0,55,55
34,Bologna,Joao Mario,d,4.5,4.5,"4,5","4,5"
34,Bologna,Heggem,d,5.0,5.0,5,5
34,Bologna,Helland,d,5.0,5.0,5,5
34,Bologna,Freuler,c,5.5,5.5,"5,5","5,5"
34,Bologna,Orsolini,c,6.0,6.0,6,6
34,Bologna,Odgaard,c,5.5,5.5,"5,5","5,5"
34,Bologna,Ferguson,c,5.0,5.0,5,5
34,Bologna,Rowe,c,6.0,6.0,6,6
34,Bologna,Cambiaghi,a,55.0,55.0,55,55
34,Bologna,Castro S.,a,5.5,5.5,"5,5","5,5"
34,Bologna,Italiano,all,5.0,5.0,5,5
34,Cagliari,Caprile,p,6.5,4.5,"6,5","4,5"
34,Cagliari,Mina,d,6.0,6.0,6,6
34,Cagliari,Obert,d,5.5,5.5,"5,5","5,5"
34,Cagliari,Dossena,d,6.0,6.0,6,6
34,Cagliari,Palestra,d,6.0,6.0,6,6
34,Cagliari,Rodriguez Ju.,d,5.5,5.5,"5,5","5,5"
34,Cagliari,Zè Pedro,d,6.0,6.0,6,6
34,Cagliari,Deiola,c,6.5,6.5,"6,5","6,5"
34,Cagliari,Gaetano,c,7.0,7.0,7,7
34,Cagliari,Adopo,c,6.5,7.5,"6,5","7,5"
34,Cagliari,Sulemana I.,c,6.0,6.0,6,6
34,Cagliari,Folorunsho,c,6.5,6.5,"6,5","6,5"
34,Cagliari,Belotti,a,5.5,5.5,"5,5","5,5"
34,Cagliari,Esposito Se.,a,6.0,6.0,6,6
34,Cagliari,Borrelli,a,7.0,10.0,7,10
34,Cagliari,Mendy P.,a,8.0,14.0,8,14
34,Cagliari,Pisacane,all,7.0,7.0,7,7
34,Como,Butez,p,5.5,5.5,"5,5","5,5"
34,Como,Diego Carlos,d,6.0,5.5,6,"5,5"
34,Como,Valle,d,6.5,6.5,"6,5","6,5"
34,Como,Ramon,d,6.0,6.0,6,6
34,Como,Kempf,d,6.5,6.0,"6,5",6
34,Como,Van Der Brempt,d,55.0,55.0,55,55
34,Como,Smolcic I.,d,6.0,6.0,6,6
34,Como,Caqueret,c,6.5,7.5,"6,5","7,5"
34,Como,Da Cunha,c,6.5,7.5,"6,5","7,5"
34,Como,Perrone,c,6.0,6.0,6,6
34,Como,Paz N.,c,6.5,6.5,"6,5","6,5"
34,Como,Baturina,c,7.0,7.0,7,7
34,Como,Morata,a,55.0,55.0,55,55
34,Como,Diao,a,6.5,9.0,"6,5",9
34,Como,Douvikas,a,7.0,10.0,7,10
34,Como,Kuhn,a,55.0,55.0,55,55
34,Como,Fabregas,all,6.5,6.5,"6,5","6,5"
34,Cremonese,Audero,p,7.0,6.0,7,6
34,Cremonese,Luperto,d,5.0,5.0,5,5
34,Cremonese,Pezzella Giu.,d,5.0,5.0,5,5
34,Cremonese,Terracciano F.,d,5.0,3.0,5,3
34,Cremonese,Baschirotto,d,5.0,5.0,5,5
34,Cremonese,Barbieri,d,55.0,55.0,55,55
34,Cremonese,Folino,d,6.0,6.0,6,6
34,Cremonese,Floriani Mussolini,d,5.5,5.5,"5,5","5,5"
34,Cremonese,Grassi,c,5.5,5.5,"5,5","5,5"
34,Cremonese,Maleh,c,4.5,4.5,"4,5","4,5"
34,Cremonese,Bondo,c,5.0,5.0,5,5
34,Cremonese,Zerbin,c,5.5,5.5,"5,5","5,5"
34,Cremonese,Payero,c,5.0,5.0,5,5
34,Cremonese,Vandeputte,c,5.5,5.5,"5,5","5,5"
34,Cremonese,Bonazzoli,a,5.5,5.5,"5,5","5,5"
34,Cremonese,Okereke,a,5.0,5.0,5,5
34,Cremonese,Giampaolo,all,5.0,5.0,5,5
34,Fiorentina,De Gea,p,6.0,6.0,6,6
34,Fiorentina,Rugani,d,6.0,6.0,6,6
34,Fiorentina,Ranieri L.,d,6.0,5.5,6,"5,5"
34,Fiorentina,Dodò,d,6.0,6.0,6,6
34,Fiorentina,Comuzzo,d,6.0,6.0,6,6
34,Fiorentina,Balbo,d,5.5,5.5,"5,5","5,5"
34,Fiorentina,Mandragora,c,5.5,5.0,"5,5",5
34,Fiorentina,Fagioli,c,6.0,6.0,6,6
34,Fiorentina,Harrison,c,6.0,6.0,6,6
34,Fiorentina,Gudmundsson A.,c,5.5,5.5,"5,5","5,5"
34,Fiorentina,Fazzini,c,6.0,6.0,6,6
34,Fiorentina,Fabbian,c,6.0,6.0,6,6
34,Fiorentina,Ndour,c,5.5,5.5,"5,5","5,5"
34,Fiorentina,Solomon,a,5.5,5.5,"5,5","5,5"
34,Fiorentina,Vanoli,all,6.0,6.0,6,6
34,Genoa,Leali,p,6.0,5.0,6,5
34,Genoa,Bijlow,p,6.0,5.0,6,5
34,Genoa,Sabelli,d,5.5,5.5,"5,5","5,5"
34,Genoa,Vasquez,d,5.5,5.5,"5,5","5,5"
34,Genoa,Ostigard,d,6.0,6.0,6,6
34,Genoa,Marcandalli,d,5.0,5.0,5,5
34,Genoa,Otoa,d,5.5,5.5,"5,5","5,5"
34,Genoa,Malinovskyi,c,5.5,5.5,"5,5","5,5"
34,Genoa,Cornet,c,55.0,55.0,55,55
34,Genoa,Messias,c,6.0,5.5,6,"5,5"
34,Genoa,Frendrup,c,5.5,5.5,"5,5","5,5"
34,Genoa,Ellertsson,c,5.0,5.0,5,5
34,Genoa,Amorim,c,5.5,5.5,"5,5","5,5"
34,Genoa,Colombo,a,5.5,5.5,"5,5","5,5"
34,Genoa,Vitinha O.,a,5.5,5.5,"5,5","5,5"
34,Genoa,Ekhator,a,6.0,6.0,6,6
34,Genoa,De Rossi,all,5.5,5.5,"5,5","5,5"
34,Inter,Sommer,p,6.0,4.0,6,4
34,Inter,Dimarco,d,7.0,9.0,7,9
34,Inter,Darmian,d,6.0,6.0,6,6
34,Inter,Akanji,d,6.0,6.0,6,6
34,Inter,Dumfries,d,55.0,55.0,55,55
34,Inter,Carlos Augusto,d,5.0,5.0,5,5
34,Inter,Bisseck,d,7.0,10.0,7,10
34,Inter,Zielinski,c,5.5,5.5,"5,5","5,5"
34,Inter,Barella,c,5.5,5.0,"5,5",5
34,Inter,Mkhitaryan,c,55.0,55.0,55,55
34,Inter,Frattesi,c,55.0,55.0,55,55
34,Inter,Diouf,c,55.0,55.0,55,55
34,Inter,Sucic P.,c,6.5,6.5,"6,5","6,5"
34,Inter,Thuram,a,7.0,10.0,7,10
34,Inter,Bonny,a,5.5,5.5,"5,5","5,5"
34,Inter,Esposito F.P.,a,5.5,5.5,"5,5","5,5"
34,Inter,Chivu,all,5.0,5.0,5,5
34,Juventus,Di Gregorio,p,6.0,6.0,6,6
34,Juventus,Bremer,d,6.5,6.5,"6,5","6,5"
34,Juventus,Kalulu,d,6.5,6.5,"6,5","6,5"
34,Juventus,Cambiaso,d,5.5,5.0,"5,5",5
34,Juventus,Holm,d,6.0,6.0,6,6
34,Juventus,Kelly L.,d,6.0,6.0,6,6
34,Juventus,Locatelli,c,6.0,5.5,6,"5,5"
34,Juventus,McKennie,c,6.0,6.0,6,6
34,Juventus,Thuram K.,c,6.5,6.5,"6,5","6,5"
34,Juventus,Koopmeiners,c,6.0,6.0,6,6
34,Juventus,Zhegrova,c,55.0,55.0,55,55
34,Juventus,Conceicao,c,6.5,6.5,"6,5","6,5"
34,Juventus,Boga,a,5.0,4.5,5,"4,5"
34,Juventus,Vlahovic,a,55.0,55.0,55,55
34,Juventus,David,a,6.0,6.0,6,6
34,Juventus,Yildiz,a,55.0,55.0,55,55
34,Juventus,Spalletti,all,6.0,6.0,6,6
34,Lazio,Motta,p,5.0,2.0,5,2
34,Lazio,Patric,d,5.5,5.0,"5,5",5
34,Lazio,Romagnoli,d,6.5,6.5,"6,5","6,5"
34,Lazio,Lazzari,d,5.5,5.5,"5,5","5,5"
34,Lazio,Pellegrini Lu.,d,7.0,9.5,7,"9,5"
34,Lazio,Tavares N.,d,5.5,5.5,"5,5","5,5"
34,Lazio,Provstgaard,d,5.5,5.5,"5,5","5,5"
34,Lazio,Maldini,c,7.0,10.0,7,10
34,Lazio,Basic,c,6.5,7.5,"6,5","7,5"
34,Lazio,Isaksen,c,6.5,6.5,"6,5","6,5"
34,Lazio,Dele-Bashiru,c,5.5,5.5,"5,5","5,5"
34,Lazio,Taylor K.,c,6.0,6.0,6,6
34,Lazio,Pedro,a,7.5,11.5,"7,5","11,5"
34,Lazio,Cancellieri,a,6.0,5.5,6,"5,5"
34,Lazio,Dia,a,5.0,5.0,5,5
34,Lazio,Noslin,a,6.0,6.0,6,6
34,Lazio,Sarri,all,6.0,6.0,6,6
34,Lecce,Falcone,p,6.5,6.5,"6,5","6,5"
34,Lecce,Gallo,d,6.0,6.0,6,6
34,Lecce,Jean,d,6.0,6.0,6,6
34,Lecce,Veiga D.,d,6.0,5.5,6,"5,5"
34,Lecce,Siebert,d,6.5,6.5,"6,5","6,5"
34,Lecce,Coulibaly L.,c,6.0,5.5,6,"5,5"
34,Lecce,Ramadani,c,6.0,5.5,6,"5,5"
34,Lecce,Pierotti,c,5.5,5.5,"5,5","5,5"
34,Lecce,Gandelman,c,5.5,5.5,"5,5","5,5"
34,Lecce,Ngom,c,6.0,6.0,6,6
34,Lecce,Banda,a,6.0,6.0,6,6
34,Lecce,Cheddira,a,5.5,5.0,"5,5",5
34,Lecce,Camarda,a,55.0,55.0,55,55
34,Lecce,N'Dri,a,5.5,5.0,"5,5",5
34,Lecce,Stulic,a,5.0,5.0,5,5
34,Lecce,Di Francesco,all,5.5,5.5,"5,5","5,5"
34,Milan,Maignan,p,6.0,6.0,6,6
34,Milan,Gabbia,d,6.0,6.0,6,6
34,Milan,Tomori,d,6.5,6.5,"6,5","6,5"
34,Milan,Pavlovic,d,6.5,6.5,"6,5","6,5"
34,Milan,Estupinan,d,5.5,5.0,"5,5",5
34,Milan,Bartesaghi,d,5.5,5.0,"5,5",5
34,Milan,Rabiot,c,6.5,6.5,"6,5","6,5"
34,Milan,Pulisic,c,5.5,5.5,"5,5","5,5"
34,Milan,Modric,c,6.0,6.0,6,6
34,Milan,Fofana Y.,c,6.0,6.0,6,6
34,Milan,Saelemaekers,c,6.5,6.5,"6,5","6,5"
34,Milan,Ricci S.,c,6.0,6.0,6,6
34,Milan,Jashari,c,55.0,55.0,55,55
34,Milan,Fullkrug,a,6.0,6.0,6,6
34,Milan,Leao,a,6.0,6.0,6,6
34,Milan,Nkunku,a,55.0,55.0,55,55
34,Milan,Allegri,all,6.0,6.0,6,6
34,Napoli,Milinkovic-Savic V.,p,6.5,6.5,"6,5","6,5"
34,Napoli,Buongiorno,d,6.0,6.0,6,6
34,Napoli,Rrahmani,d,6.5,6.5,"6,5","6,5"
34,Napoli,Gutierrez,d,6.5,6.5,"6,5","6,5"
34,Napoli,Mazzocchi,d,6.0,6.0,6,6
34,Napoli,Olivera,d,6.5,6.5,"6,5","6,5"
34,Napoli,Beukema,d,6.0,6.0,6,6
34,Napoli,Politano,c,6.5,6.5,"6,5","6,5"
34,Napoli,De Bruyne,c,7.5,11.5,"7,5","11,5"
34,Napoli,Lobotka,c,6.0,6.0,6,6
34,Napoli,Elmas,c,55.0,55.0,55,55
34,Napoli,McTominay,c,7.5,7.5,"7,5","7,5"
34,Napoli,Gilmour,c,6.5,6.5,"6,5","6,5"
34,Napoli,Santos A.,c,7.5,10.5,"7,5","10,5"
34,Napoli,Hojlund,a,7.0,7.0,7,7
34,Napoli,Giovane,a,6.0,6.0,6,6
34,Napoli,Conte,all,6.5,6.5,"6,5","6,5"
34,Parma,Suzuki,p,6.5,6.5,"6,5","6,5"
34,Parma,Valeri,d,6.5,6.5,"6,5","6,5"
34,Parma,Circati,d,6.0,6.0,6,6
34,Parma,Delprato,d,6.0,6.0,6,6
34,Parma,Ndiaye,d,6.5,6.0,"6,5",6
34,Parma,Troilo,d,6.5,6.5,"6,5","6,5"
34,Parma,Nicolussi Caviglia,c,6.5,6.5,"6,5","6,5"
34,Parma,Strefezza,c,6.0,6.0,6,6
34,Parma,Estevez,c,55.0,55.0,55,55
34,Parma,Bernabè,c,6.5,6.5,"6,5","6,5"
34,Parma,Keita M.,c,6.0,6.0,6,6
34,Parma,Ordonez C.,c,6.0,6.0,6,6
34,Parma,Sorensen O.,c,6.5,7.5,"6,5","7,5"
34,Parma,Almqvist,a,55.0,55.0,55,55
34,Parma,Pellegrino M.,a,6.0,6.0,6,6
34,Parma,Elphege,a,7.0,10.0,7,10
34,Parma,Cuesta,all,6.5,6.5,"6,5","6,5"
34,Pisa,Semper,p,6.0,5.0,6,5
34,Pisa,Cuadrado,d,55.0,55.0,55,55
34,Pisa,Caracciolo A.,d,6.0,6.0,6,6
34,Pisa,Canestrelli,d,6.0,5.5,6,"5,5"
34,Pisa,Angori,d,6.0,6.0,6,6
34,Pisa,Bozhinov,d,6.5,6.5,"6,5","6,5"
34,Pisa,Leris,c,6.0,6.0,6,6
34,Pisa,Aebischer,c,5.5,5.5,"5,5","5,5"
34,Pisa,Akinsanmiro,c,5.5,5.5,"5,5","5,5"
34,Pisa,Piccinini G.,c,6.0,6.0,6,6
34,Pisa,Tourè I.,c,5.5,5.5,"5,5","5,5"
34,Pisa,Vural,c,6.5,6.0,"6,5",6
34,Pisa,Lorran,c,55.0,55.0,55,55
34,Pisa,Moreo,a,5.0,5.0,5,5
34,Pisa,Meister,a,5.5,5.5,"5,5","5,5"
34,Pisa,Stojilkovic,a,6.0,6.0,6,6
34,Pisa,Hiljemark,all,5.5,5.5,"5,5","5,5"
34,Roma,Svilar,p,6.5,6.5,"6,5","6,5"
34,Roma,Mancini,d,6.5,6.5,"6,5","6,5"
34,Roma,N'Dicka,d,6.0,6.0,6,6
34,Roma,Celik,d,6.0,6.0,6,6
34,Roma,Hermoso,d,6.0,5.5,6,"5,5"
34,Roma,Ghilardi,d,6.0,6.0,6,6
34,Roma,Rensch,d,6.0,5.5,6,"5,5"
34,Roma,Wesley,d,7.0,7.0,7,7
34,Roma,Ziolkowski,d,55.0,55.0,55,55
34,Roma,Cristante,c,6.0,6.0,6,6
34,Roma,Pisilli,c,6.0,6.0,6,6
34,Roma,El Aynaoui,c,7.5,11.0,"7,5",11
34,Roma,Dybala,a,55.0,55.0,55,55
34,Roma,Malen,a,7.5,11.5,"7,5","11,5"
34,Roma,Soulè,a,6.5,6.5,"6,5","6,5"
34,Roma,Vaz,a,6.0,6.0,6,6
34,Roma,Gasperini,all,7.0,7.0,7,7
34,Sassuolo,Turati,p,6.5,6.5,"6,5","6,5"
34,Sassuolo,Walukiewicz,d,6.0,6.0,6,6
34,Sassuolo,Garcia U.,d,6.5,6.5,"6,5","6,5"
34,Sassuolo,Idzes,d,6.5,6.5,"6,5","6,5"
34,Sassuolo,Muharemovic,d,6.0,6.0,6,6
34,Sassuolo,Matic,c,6.0,6.0,6,6
34,Sassuolo,Vranckx,c,55.0,55.0,55,55
34,Sassuolo,Volpato,c,6.0,6.0,6,6
34,Sassuolo,Thorstvedt,c,6.0,6.0,6,6
34,Sassuolo,Lipani,c,6.0,6.0,6,6
34,Sassuolo,Konè I.,c,6.0,6.0,6,6
34,Sassuolo,Fadera,c,6.0,6.0,6,6
34,Sassuolo,Pinamonti,a,5.5,5.5,"5,5","5,5"
34,Sassuolo,Nzola,a,6.0,6.0,6,6
34,Sassuolo,Laurientè,a,6.0,5.5,6,"5,5"
34,Sassuolo,Moro L.,a,55.0,55.0,55,55
34,Sassuolo,Grosso,all,6.0,6.0,6,6
34,Torino,Paleari,p,6.5,4.5,"6,5","4,5"
34,Torino,Lazaro,d,5.5,5.5,"5,5","5,5"
34,Torino,Ismajli,d,6.5,6.5,"6,5","6,5"
34,Torino,Ebosse,d,5.5,5.0,"5,5",5
34,Torino,Coco,d,5.5,5.5,"5,5","5,5"
34,Torino,Marianucci,d,6.5,6.5,"6,5","6,5"
34,Torino,Obrador,d,6.0,6.0,6,6
34,Torino,Tameze,c,55.0,55.0,55,55
34,Torino,Vlasic,c,6.5,9.5,"6,5","9,5"
34,Torino,Casadei,c,6.0,6.0,6,6
34,Torino,Ilkhan,c,6.5,7.5,"6,5","7,5"
34,Torino,Gineitis,c,5.5,5.5,"5,5","5,5"
34,Torino,Zapata D.,a,6.5,6.5,"6,5","6,5"
34,Torino,Simeone,a,7.0,10.0,7,10
34,Torino,Adams C.,a,5.5,5.5,"5,5","5,5"
34,Torino,Njie,a,6.0,6.0,6,6
34,Torino,D'Aversa,all,7.0,6.5,7,"6,5"
34,Udinese,Okoye,p,6.0,3.0,6,3
34,Udinese,Kabasele,d,6.0,6.0,6,6
34,Udinese,Kamara H.,d,5.5,5.5,"5,5","5,5"
34,Udinese,Ehizibue,d,7.0,10.0,7,10
34,Udinese,Kristensen T.,d,5.5,5.5,"5,5","5,5"
34,Udinese,Solet,d,5.0,5.0,5,5
34,Udinese,Arizala,d,5.5,5.5,"5,5","5,5"
34,Udinese,Zaniolo,c,6.0,6.0,6,6
34,Udinese,Zarraga,c,55.0,55.0,55,55
34,Udinese,Ekkelenkamp,c,6.5,7.5,"6,5","7,5"
34,Udinese,Atta,c,8.0,14.0,8,14
34,Udinese,Piotrowski,c,5.5,5.5,"5,5","5,5"
34,Udinese,Miller L.,c,6.0,6.0,6,6
34,Udinese,Bayo V.,a,6.5,6.5,"6,5","6,5"
34,Udinese,Buksa,a,5.5,5.5,"5,5","5,5"
34,Udinese,Gueye,a,5.5,5.5,"5,5","5,5"
34,Udinese,Runjaic,all,6.5,6.5,"6,5","6,5"
34,Verona,Montipò,p,6.5,6.5,"6,5","6,5"
34,Verona,Lirola,d,55.0,55.0,55,55
34,Verona,Frese,d,6.0,6.0,6,6
34,Verona,Valentini N.,d,6.0,5.5,6,"5,5"
34,Verona,Nelsson,d,6.0,6.0,6,6
34,Verona,Belghali,d,6.5,6.5,"6,5","6,5"
34,Verona,Bella-Kotchap,d,6.0,6.0,6,6
34,Verona,Edmundsson,d,6.5,6.5,"6,5","6,5"
34,Verona,Gagliardini,c,6.0,6.0,6,6
34,Verona,Akpa Akpro,c,5.5,5.0,"5,5",5
34,Verona,Lovric,c,6.0,6.0,6,6
34,Verona,Suslov,c,6.0,6.0,6,6
34,Verona,Bernede,c,5.5,5.5,"5,5","5,5"
34,Verona,Sarr A.,a,5.5,5.5,"5,5","5,5"
34,Verona,Bowie,a,5.5,5.5,"5,5","5,5"
34,Verona,Vermesan,a,55.0,55.0,55,55
34,Verona,Sammarco,all,6.0,6.0,6,6
35,Atalanta,Carnesecchi,p,6.0,6.0,6,6
35,Atalanta,Zappacosta,d,5.5,5.5,"5,5","5,5"
35,Atalanta,Djimsiti,d,6.0,6.0,6,6
35,Atalanta,Scalvini,d,6.0,6.0,6,6
35,Atalanta,Hien,d,6.0,6.0,6,6
35,Atalanta,Ahanor,d,6.5,6.5,"6,5","6,5"
35,Atalanta,De Roon,c,5.5,5.5,"5,5","5,5"
35,Atalanta,Pasalic,c,6.0,6.0,6,6
35,Atalanta,Samardzic,c,5.5,5.5,"5,5","5,5"
35,Atalanta,Musah,c,55.0,55.0,55,55
35,Atalanta,Zalewski,c,6.0,6.0,6,6
35,Atalanta,Ederson D.S.,c,6.0,5.5,6,"5,5"
35,Atalanta,Scamacca,a,5.5,5.5,"5,5","5,5"
35,Atalanta,Raspadori,a,6.0,6.0,6,6
35,Atalanta,De Ketelaere,a,6.5,6.5,"6,5","6,5"
35,Atalanta,Krstovic,a,5.5,5.0,"5,5",5
35,Atalanta,Palladino,all,6.0,6.0,6,6
35,Bologna,Pessina Mas.,p,6.0,6.0,6,6
35,Bologna,De Silvestri,d,6.0,6.0,6,6
35,Bologna,Zortea,d,55.0,55.0,55,55
35,Bologna,Miranda J.,d,5.5,5.5,"5,5","5,5"
35,Bologna,Lucumì,d,6.5,6.5,"6,5","6,5"
35,Bologna,Helland,d,6.0,5.5,6,"5,5"
35,Bologna,Bernardeschi,c,6.5,6.5,"6,5","6,5"
35,Bologna,Freuler,c,6.0,6.0,6,6
35,Bologna,Orsolini,c,5.5,5.5,"5,5","5,5"
35,Bologna,Odgaard,c,5.0,5.0,5,5
35,Bologna,Sohm,c,5.5,5.5,"5,5","5,5"
35,Bologna,Ferguson,c,55.0,55.0,55,55
35,Bologna,Moro N.,c,6.0,6.0,6,6
35,Bologna,Rowe,c,6.0,6.0,6,6
35,Bologna,Castro S.,a,5.5,5.0,"5,5",5
35,Bologna,Dominguez B.,a,5.5,5.5,"5,5","5,5"
35,Bologna,Italiano,all,6.0,6.0,6,6
35,Cagliari,Caprile,p,6.5,6.5,"6,5","6,5"
35,Cagliari,Mina,d,6.5,6.5,"6,5","6,5"
35,Cagliari,Zappa,d,55.0,55.0,55,55
35,Cagliari,Obert,d,6.0,6.0,6,6
35,Cagliari,Dossena,d,6.0,6.0,6,6
35,Cagliari,Palestra,d,6.0,6.0,6,6
35,Cagliari,Zè Pedro,d,5.5,5.5,"5,5","5,5"
35,Cagliari,Deiola,c,5.5,5.5,"5,5","5,5"
35,Cagliari,Gaetano,c,5.5,5.5,"5,5","5,5"
35,Cagliari,Adopo,c,6.0,5.5,6,"5,5"
35,Cagliari,Sulemana I.,c,6.0,6.0,6,6
35,Cagliari,Folorunsho,c,6.5,6.5,"6,5","6,5"
35,Cagliari,Esposito Se.,a,6.5,6.5,"6,5","6,5"
35,Cagliari,Mendy P.,a,6.0,6.0,6,6
35,Cagliari,Pisacane,all,6.0,6.0,6,6
35,Como,Butez,p,6.0,6.0,6,6
35,Como,Diego Carlos,d,6.0,6.0,6,6
35,Como,Vojvoda,d,55.0,55.0,55,55
35,Como,Moreno Alb.,d,55.0,55.0,55,55
35,Como,Valle,d,5.5,5.5,"5,5","5,5"
35,Como,Ramon,d,6.5,6.0,"6,5",6
35,Como,Smolcic I.,d,6.0,6.0,6,6
35,Como,Sergi Roberto,c,55.0,55.0,55,55
35,Como,Da Cunha,c,6.5,6.5,"6,5","6,5"
35,Como,Perrone,c,6.0,6.0,6,6
35,Como,Paz N.,c,6.5,6.5,"6,5","6,5"
35,Como,Baturina,c,6.0,6.0,6,6
35,Como,Morata,a,55.0,55.0,55,55
35,Como,Diao,a,6.0,6.0,6,6
35,Como,Douvikas,a,5.0,5.0,5,5
35,Como,Rodriguez Je.,a,55.0,55.0,55,55
35,Como,Fabregas,all,6.0,5.5,6,"5,5"
35,Cremonese,Audero,p,6.0,4.0,6,4
35,Cremonese,Luperto,d,6.0,6.0,6,6
35,Cremonese,Bianchetti,d,5.0,5.0,5,5
35,Cremonese,Pezzella Giu.,d,5.0,5.0,5,5
35,Cremonese,Terracciano F.,d,5.0,5.0,5,5
35,Cremonese,Baschirotto,d,6.0,6.0,6,6
35,Cremonese,Barbieri,d,5.5,5.0,"5,5",5
35,Cremonese,Floriani Mussolini,d,6.5,7.5,"6,5","7,5"
35,Cremonese,Grassi,c,5.5,5.5,"5,5","5,5"
35,Cremonese,Maleh,c,5.0,5.0,5,5
35,Cremonese,Bondo,c,6.0,6.0,6,6
35,Cremonese,Zerbin,c,5.5,5.5,"5,5","5,5"
35,Cremonese,Payero,c,5.5,5.5,"5,5","5,5"
35,Cremonese,Sanabria,a,5.5,5.5,"5,5","5,5"
35,Cremonese,Bonazzoli,a,7.0,10.0,7,10
35,Cremonese,Vardy,a,5.5,5.5,"5,5","5,5"
35,Cremonese,Giampaolo,all,5.0,5.0,5,5
35,Fiorentina,De Gea,p,6.0,2.0,6,2
35,Fiorentina,Gosens,d,4.5,4.5,"4,5","4,5"
35,Fiorentina,Ranieri L.,d,4.5,4.5,"4,5","4,5"
35,Fiorentina,Parisi,d,5.5,5.0,"5,5",5
35,Fiorentina,Pongracic,d,5.0,4.5,5,"4,5"
35,Fiorentina,Dodò,d,4.5,4.5,"4,5","4,5"
35,Fiorentina,Comuzzo,d,5.5,5.5,"5,5","5,5"
35,Fiorentina,Fagioli,c,4.5,4.5,"4,5","4,5"
35,Fiorentina,Brescianini,c,5.0,5.0,5,5
35,Fiorentina,Harrison,c,5.0,5.0,5,5
35,Fiorentina,Gudmundsson A.,c,5.0,5.0,5,5
35,Fiorentina,Fazzini,c,55.0,55.0,55,55
35,Fiorentina,Fabbian,c,55.0,55.0,55,55
35,Fiorentina,Ndour,c,5.0,5.0,5,5
35,Fiorentina,Solomon,a,5.0,5.0,5,5
35,Fiorentina,Braschi,a,6.0,6.0,6,6
35,Fiorentina,Vanoli,all,4.5,4.5,"4,5","4,5"
35,Genoa,Bijlow,p,6.5,6.5,"6,5","6,5"
35,Genoa,Sabelli,d,5.5,5.5,"5,5","5,5"
35,Genoa,Martin,d,55.0,55.0,55,55
35,Genoa,Vasquez,d,6.5,6.5,"6,5","6,5"
35,Genoa,Ostigard,d,7.0,7.0,7,7
35,Genoa,Marcandalli,d,6.0,6.0,6,6
35,Genoa,Malinovskyi,c,6.0,6.0,6,6
35,Genoa,Messias,c,6.0,6.0,6,6
35,Genoa,Frendrup,c,6.0,6.0,6,6
35,Genoa,Ellertsson,c,6.0,6.0,6,6
35,Genoa,Masini,c,55.0,55.0,55,55
35,Genoa,Amorim,c,5.5,5.0,"5,5",5
35,Genoa,Colombo,a,5.5,5.5,"5,5","5,5"
35,Genoa,Ekuban,a,6.0,6.0,6,6
35,Genoa,Vitinha O.,a,6.0,6.0,6,6
35,Genoa,Ekhator,a,6.5,6.5,"6,5","6,5"
35,Genoa,De Rossi,all,6.0,6.0,6,6
35,Inter,Sommer,p,6.0,6.0,6,6
35,Inter,Dimarco,d,6.5,6.5,"6,5","6,5"
35,Inter,Bastoni,d,6.0,6.0,6,6
35,Inter,Akanji,d,6.5,6.5,"6,5","6,5"
35,Inter,Dumfries,d,6.0,6.0,6,6
35,Inter,Carlos Augusto,d,6.0,6.0,6,6
35,Inter,Bisseck,d,6.0,6.0,6,6
35,Inter,Zielinski,c,6.5,7.0,"6,5",7
35,Inter,Barella,c,7.0,7.0,7,7
35,Inter,Mkhitaryan,c,7.0,10.0,7,10
35,Inter,Frattesi,c,55.0,55.0,55,55
35,Inter,Sucic P.,c,5.5,5.5,"5,5","5,5"
35,Inter,Martinez L.,a,6.5,7.5,"6,5","7,5"
35,Inter,Thuram,a,6.5,9.5,"6,5","9,5"
35,Inter,Bonny,a,6.0,6.0,6,6
35,Inter,Esposito F.P.,a,6.0,6.0,6,6
35,Inter,Chivu,all,7.5,7.5,"7,5","7,5"
35,Juventus,Di Gregorio,p,6.0,5.0,6,5
35,Juventus,Bremer,d,5.5,5.5,"5,5","5,5"
35,Juventus,Kalulu,d,6.0,6.0,6,6
35,Juventus,Cambiaso,d,6.0,6.0,6,6
35,Juventus,Kelly L.,d,6.0,6.0,6,6
35,Juventus,Locatelli,c,5.5,5.0,"5,5",5
35,Juventus,McKennie,c,5.5,5.5,"5,5","5,5"
35,Juventus,Thuram K.,c,6.0,6.0,6,6
35,Juventus,Koopmeiners,c,55.0,55.0,55,55
35,Juventus,Zhegrova,c,6.5,6.5,"6,5","6,5"
35,Juventus,Miretti,c,5.5,5.5,"5,5","5,5"
35,Juventus,Conceicao,c,7.0,7.0,7,7
35,Juventus,Boga,a,5.5,5.5,"5,5","5,5"
35,Juventus,Vlahovic,a,7.0,10.0,7,10
35,Juventus,David,a,5.0,5.0,5,5
35,Juventus,Yildiz,a,5.5,5.5,"5,5","5,5"
35,Juventus,Spalletti,all,5.0,5.0,5,5
35,Lazio,Motta,p,5.0,4.0,5,4
35,Lazio,Patric,d,5.5,5.5,"5,5","5,5"
35,Lazio,Romagnoli,d,6.5,6.5,"6,5","6,5"
35,Lazio,Marusic,d,6.5,6.5,"6,5","6,5"
35,Lazio,Tavares N.,d,7.0,6.5,7,"6,5"
35,Lazio,Provstgaard,d,6.5,6.0,"6,5",6
35,Lazio,Zaccagni,c,5.5,5.5,"5,5","5,5"
35,Lazio,Rovella,c,6.5,6.5,"6,5","6,5"
35,Lazio,Maldini,c,5.5,5.5,"5,5","5,5"
35,Lazio,Basic,c,6.5,6.5,"6,5","6,5"
35,Lazio,Isaksen,c,7.0,10.0,7,10
35,Lazio,Dele-Bashiru,c,6.0,6.0,6,6
35,Lazio,Taylor K.,c,5.5,5.5,"5,5","5,5"
35,Lazio,Pedro,a,6.0,6.0,6,6
35,Lazio,Dia,a,6.5,7.5,"6,5","7,5"
35,Lazio,Noslin,a,8.0,12.0,8,12
35,Lazio,Sarri,all,7.0,7.0,7,7
35,Lecce,Falcone,p,6.5,5.5,"6,5","5,5"
35,Lecce,Gallo,d,6.5,6.5,"6,5","6,5"
35,Lecce,Jean,d,5.5,5.5,"5,5","5,5"
35,Lecce,Tiago Gabriel,d,7.0,7.0,7,7
35,Lecce,Veiga D.,d,6.0,6.0,6,6
35,Lecce,Siebert,d,6.0,6.0,6,6
35,Lecce,Coulibaly L.,c,6.0,6.0,6,6
35,Lecce,Ramadani,c,6.5,6.5,"6,5","6,5"
35,Lecce,Pierotti,c,7.0,7.5,7,"7,5"
35,Lecce,Gandelman,c,55.0,55.0,55,55
35,Lecce,Ngom,c,5.5,5.5,"5,5","5,5"
35,Lecce,Banda,a,7.0,10.0,7,10
35,Lecce,Cheddira,a,7.5,11.0,"7,5",11
35,Lecce,Camarda,a,6.0,6.0,6,6
35,Lecce,Di Francesco,all,7.0,7.0,7,7
35,Milan,Maignan,p,5.5,3.5,"5,5","3,5"
35,Milan,Gabbia,d,5.0,5.0,5,5
35,Milan,Tomori,d,4.5,3.5,"4,5","3,5"
35,Milan,Pavlovic,d,6.0,6.0,6,6
35,Milan,Estupinan,d,5.0,5.0,5,5
35,Milan,Athekame,d,5.5,5.5,"5,5","5,5"
35,Milan,Rabiot,c,5.0,5.0,5,5
35,Milan,Pulisic,c,5.0,5.0,5,5
35,Milan,Loftus-Cheek,c,5.5,5.0,"5,5",5
35,Milan,Fofana Y.,c,5.0,5.0,5,5
35,Milan,Saelemaekers,c,5.5,5.5,"5,5","5,5"
35,Milan,Ricci S.,c,5.0,4.5,5,"4,5"
35,Milan,Jashari,c,5.0,5.0,5,5
35,Milan,Leao,a,5.0,5.0,5,5
35,Milan,Nkunku,a,5.5,5.5,"5,5","5,5"
35,Milan,Gimenez,a,5.0,5.0,5,5
35,Milan,Allegri,all,5.0,5.0,5,5
35,Napoli,Milinkovic-Savic V.,p,7.0,7.0,7,7
35,Napoli,Spinazzola,d,55.0,55.0,55,55
35,Napoli,Buongiorno,d,6.5,6.5,"6,5","6,5"
35,Napoli,Rrahmani,d,7.0,7.0,7,7
35,Napoli,Gutierrez,d,5.5,5.5,"5,5","5,5"
35,Napoli,Beukema,d,6.0,6.0,6,6
35,Napoli,Politano,c,6.5,6.0,"6,5",6
35,Napoli,De Bruyne,c,5.0,5.0,5,5
35,Napoli,Zambo Anguissa,c,5.5,5.5,"5,5","5,5"
35,Napoli,Lobotka,c,6.0,6.0,6,6
35,Napoli,McTominay,c,5.5,5.5,"5,5","5,5"
35,Napoli,Santos A.,c,6.0,6.0,6,6
35,Napoli,Hojlund,a,5.5,5.5,"5,5","5,5"
35,Napoli,Conte,all,6.0,6.0,6,6
35,Parma,Suzuki,p,6.0,4.0,6,4
35,Parma,Valeri,d,6.0,6.0,6,6
35,Parma,Carboni F.,d,55.0,55.0,55,55
35,Parma,Circati,d,5.5,5.5,"5,5","5,5"
35,Parma,Delprato,d,5.5,5.5,"5,5","5,5"
35,Parma,Ndiaye,d,5.0,5.0,5,5
35,Parma,Troilo,d,5.0,5.0,5,5
35,Parma,Nicolussi Caviglia,c,5.5,5.5,"5,5","5,5"
35,Parma,Strefezza,c,6.5,6.5,"6,5","6,5"
35,Parma,Bernabè,c,6.0,6.0,6,6
35,Parma,Keita M.,c,5.5,5.5,"5,5","5,5"
35,Parma,Ordonez C.,c,6.0,6.0,6,6
35,Parma,Sorensen O.,c,55.0,55.0,55,55
35,Parma,Almqvist,a,55.0,55.0,55,55
35,Parma,Pellegrino M.,a,5.0,5.0,5,5
35,Parma,Elphege,a,6.0,6.0,6,6
35,Parma,Cuesta,all,5.5,5.5,"5,5","5,5"
35,Pisa,Semper,p,5.5,3.5,"5,5","3,5"
35,Pisa,Cuadrado,d,55.0,55.0,55,55
35,Pisa,Caracciolo A.,d,5.5,5.0,"5,5",5
35,Pisa,Canestrelli,d,6.0,6.0,6,6
35,Pisa,Angori,d,6.5,6.5,"6,5","6,5"
35,Pisa,Bozhinov,d,5.0,5.0,5,5
35,Pisa,Leris,c,7.0,10.0,7,10
35,Pisa,Aebischer,c,5.5,5.0,"5,5",5
35,Pisa,Akinsanmiro,c,5.0,5.0,5,5
35,Pisa,Piccinini G.,c,5.0,5.0,5,5
35,Pisa,Tourè I.,c,6.0,6.0,6,6
35,Pisa,Vural,c,6.0,6.0,6,6
35,Pisa,Moreo,a,6.0,6.0,6,6
35,Pisa,Meister,a,5.5,5.0,"5,5",5
35,Pisa,Durosinmi,a,55.0,55.0,55,55
35,Pisa,Stojilkovic,a,5.5,5.5,"5,5","5,5"
35,Pisa,Hiljemark,all,5.0,5.0,5,5
35,Roma,Svilar,p,6.0,6.0,6,6
35,Roma,Mancini,d,7.0,10.0,7,10
35,Roma,N'Dicka,d,6.0,6.0,6,6
35,Roma,Celik,d,6.5,6.5,"6,5","6,5"
35,Roma,Hermoso,d,7.5,11.0,"7,5",11
35,Roma,Ghilardi,d,6.0,6.0,6,6
35,Roma,Wesley,d,7.0,10.0,7,10
35,Roma,Ziolkowski,d,55.0,55.0,55,55
35,Roma,Cristante,c,6.5,6.5,"6,5","6,5"
35,Roma,El Shaarawy,c,6.0,5.5,6,"5,5"
35,Roma,Konè M.,c,7.0,8.0,7,8
35,Roma,Pisilli,c,8.0,12.0,8,12
35,Roma,Dybala,a,6.0,6.0,6,6
35,Roma,Malen,a,7.0,8.0,7,8
35,Roma,Soulè,a,6.5,6.5,"6,5","6,5"
35,Roma,Vaz,a,55.0,55.0,55,55
35,Roma,Gasperini,all,7.5,7.5,"7,5","7,5"
35,Sassuolo,Turati,p,6.0,6.0,6,6
35,Sassuolo,Walukiewicz,d,6.5,6.5,"6,5","6,5"
35,Sassuolo,Garcia U.,d,6.5,6.0,"6,5",6
35,Sassuolo,Coulibaly W.,d,6.5,6.5,"6,5","6,5"
35,Sassuolo,Idzes,d,6.0,6.0,6,6
35,Sassuolo,Muharemovic,d,6.5,6.5,"6,5","6,5"
35,Sassuolo,Matic,c,6.0,5.5,6,"5,5"
35,Sassuolo,Volpato,c,6.0,5.5,6,"5,5"
35,Sassuolo,Thorstvedt,c,7.5,8.5,"7,5","8,5"
35,Sassuolo,Lipani,c,6.5,6.5,"6,5","6,5"
35,Sassuolo,Konè I.,c,6.5,6.5,"6,5","6,5"
35,Sassuolo,Fadera,c,55.0,55.0,55,55
35,Sassuolo,Berardi,a,7.0,10.0,7,10
35,Sassuolo,Pinamonti,a,55.0,55.0,55,55
35,Sassuolo,Nzola,a,7.0,7.0,7,7
35,Sassuolo,Laurientè,a,8.0,12.0,8,12
35,Sassuolo,Grosso,all,7.0,7.0,7,7
35,Torino,Paleari,p,5.5,3.5,"5,5","3,5"
35,Torino,Biraghi,d,6.0,6.0,6,6
35,Torino,Lazaro,d,6.0,6.0,6,6
35,Torino,Ebosse,d,5.5,5.5,"5,5","5,5"
35,Torino,Coco,d,5.5,5.5,"5,5","5,5"
35,Torino,Marianucci,d,5.5,5.5,"5,5","5,5"
35,Torino,Obrador,d,5.0,4.5,5,"4,5"
35,Torino,Vlasic,c,5.5,5.5,"5,5","5,5"
35,Torino,Casadei,c,5.5,5.5,"5,5","5,5"
35,Torino,Ilkhan,c,5.5,5.5,"5,5","5,5"
35,Torino,Gineitis,c,5.5,5.5,"5,5","5,5"
35,Torino,Prati,c,6.0,6.0,6,6
35,Torino,Simeone,a,5.0,5.0,5,5
35,Torino,Njie,a,6.0,6.0,6,6
35,Torino,Kulenovic,a,5.5,5.5,"5,5","5,5"
35,Torino,D'Aversa,all,5.0,5.0,5,5
35,Udinese,Okoye,p,6.5,6.5,"6,5","6,5"
35,Udinese,Kabasele,d,6.0,5.5,6,"5,5"
35,Udinese,Kamara H.,d,6.0,6.0,6,6
35,Udinese,Ehizibue,d,7.0,10.0,7,10
35,Udinese,Kristensen T.,d,7.0,10.0,7,10
35,Udinese,Solet,d,7.0,7.0,7,7
35,Udinese,Arizala,d,55.0,55.0,55,55
35,Udinese,Mlacic,d,55.0,55.0,55,55
35,Udinese,Zaniolo,c,7.0,7.0,7,7
35,Udinese,Zarraga,c,6.0,6.0,6,6
35,Udinese,Ekkelenkamp,c,6.5,7.5,"6,5","7,5"
35,Udinese,Atta,c,6.0,6.0,6,6
35,Udinese,Piotrowski,c,55.0,55.0,55,55
35,Udinese,Miller L.,c,6.0,7.0,6,7
35,Udinese,Buksa,a,5.5,5.5,"5,5","5,5"
35,Udinese,Gueye,a,5.5,5.5,"5,5","5,5"
35,Udinese,Runjaic,all,7.0,7.0,7,7
35,Verona,Montipò,p,6.5,5.5,"6,5","5,5"
35,Verona,Bradaric,d,6.0,7.0,6,7
35,Verona,Frese,d,6.5,6.0,"6,5",6
35,Verona,Slotsager,d,6.0,6.0,6,6
35,Verona,Nelsson,d,6.0,6.0,6,6
35,Verona,Belghali,d,5.5,5.5,"5,5","5,5"
35,Verona,Edmundsson,d,7.0,7.0,7,7
35,Verona,Gagliardini,c,6.0,5.5,6,"5,5"
35,Verona,Akpa Akpro,c,6.0,6.0,6,6
35,Verona,Harroui,c,55.0,55.0,55,55
35,Verona,Lovric,c,6.0,6.0,6,6
35,Verona,Suslov,c,6.0,6.0,6,6
35,Verona,Bernede,c,6.0,5.5,6,"5,5"
35,Verona,Bowie,a,7.0,10.0,7,10
35,Verona,Sammarco,all,6.5,6.5,"6,5","6,5"
36,Atalanta,Carnesecchi,p,7.0,5.0,7,5
36,Atalanta,Zappacosta,d,7.0,10.0,7,10
36,Atalanta,Kolasinac,d,6.5,6.5,"6,5","6,5"
36,Atalanta,Bellanova,d,5.5,5.0,"5,5",5
36,Atalanta,Scalvini,d,6.0,6.0,6,6
36,Atalanta,Kossounou,d,55.0,55.0,55,55
36,Atalanta,Hien,d,6.5,6.0,"6,5",6
36,Atalanta,Ahanor,d,5.5,5.5,"5,5","5,5"
36,Atalanta,De Roon,c,6.0,6.0,6,6
36,Atalanta,Pasalic,c,5.5,5.5,"5,5","5,5"
36,Atalanta,Zalewski,c,6.5,6.5,"6,5","6,5"
36,Atalanta,Ederson D.S.,c,7.5,11.5,"7,5","11,5"
36,Atalanta,Raspadori,a,7.0,10.0,7,10
36,Atalanta,De Ketelaere,a,6.5,6.5,"6,5","6,5"
36,Atalanta,Krstovic,a,7.0,7.5,7,"7,5"
36,Atalanta,Palladino,all,7.0,7.0,7,7
36,Bologna,Pessina Mas.,p,6.0,4.0,6,4
36,Bologna,Zortea,d,6.0,6.0,6,6
36,Bologna,Miranda J.,d,7.5,8.5,"7,5","8,5"
36,Bologna,Lucumì,d,6.0,5.5,6,"5,5"
36,Bologna,Joao Mario,d,5.5,5.0,"5,5",5
36,Bologna,Heggem,d,55.0,55.0,55,55
36,Bologna,Helland,d,5.5,5.0,"5,5",5
36,Bologna,Bernardeschi,c,7.0,9.5,7,"9,5"
36,Bologna,Freuler,c,5.0,5.0,5,5
36,Bologna,Orsolini,c,7.0,10.0,7,10
36,Bologna,Pobega,c,5.5,5.5,"5,5","5,5"
36,Bologna,Sohm,c,55.0,55.0,55,55
36,Bologna,Ferguson,c,6.0,6.0,6,6
36,Bologna,Moro N.,c,55.0,55.0,55,55
36,Bologna,Rowe,c,7.0,10.0,7,10
36,Bologna,Castro S.,a,5.5,5.5,"5,5","5,5"
36,Bologna,Italiano,all,7.0,7.0,7,7
36,Cagliari,Caprile,p,6.5,4.5,"6,5","4,5"
36,Cagliari,Zappa,d,6.0,6.0,6,6
36,Cagliari,Obert,d,5.5,5.5,"5,5","5,5"
36,Cagliari,Dossena,d,6.0,6.0,6,6
36,Cagliari,Palestra,d,5.5,5.5,"5,5","5,5"
36,Cagliari,Rodriguez Ju.,d,5.5,5.5,"5,5","5,5"
36,Cagliari,Zè Pedro,d,6.0,5.5,6,"5,5"
36,Cagliari,Gaetano,c,6.0,6.0,6,6
36,Cagliari,Adopo,c,5.5,5.5,"5,5","5,5"
36,Cagliari,Sulemana I.,c,5.5,5.5,"5,5","5,5"
36,Cagliari,Folorunsho,c,6.0,6.0,6,6
36,Cagliari,Belotti,a,55.0,55.0,55,55
36,Cagliari,Esposito Se.,a,6.0,6.0,6,6
36,Cagliari,Trepy,a,55.0,55.0,55,55
36,Cagliari,Albarracin,a,6.0,6.0,6,6
36,Cagliari,Mendy P.,a,5.0,5.0,5,5
36,Cagliari,Pisacane,all,5.5,5.5,"5,5","5,5"
36,Como,Butez,p,6.0,6.0,6,6
36,Como,Diego Carlos,d,6.0,6.0,6,6
36,Como,Vojvoda,d,5.5,5.5,"5,5","5,5"
36,Como,Moreno Alb.,d,5.5,5.5,"5,5","5,5"
36,Como,Valle,d,6.0,6.0,6,6
36,Como,Kempf,d,6.5,7.5,"6,5","7,5"
36,Como,Van Der Brempt,d,55.0,55.0,55,55
36,Como,Smolcic I.,d,6.0,6.0,6,6
36,Como,Caqueret,c,5.5,5.0,"5,5",5
36,Como,Da Cunha,c,6.5,6.5,"6,5","6,5"
36,Como,Perrone,c,5.0,5.0,5,5
36,Como,Paz N.,c,6.0,6.0,6,6
36,Como,Baturina,c,6.5,6.5,"6,5","6,5"
36,Como,Diao,a,5.5,5.5,"5,5","5,5"
36,Como,Douvikas,a,7.0,10.0,7,10
36,Como,Rodriguez Je.,a,6.5,6.5,"6,5","6,5"
36,Como,Fabregas,all,7.0,6.5,7,"6,5"
36,Cremonese,Audero,p,6.0,6.0,6,6
36,Cremonese,Luperto,d,6.5,6.5,"6,5","6,5"
36,Cremonese,Bianchetti,d,6.0,6.0,6,6
36,Cremonese,Pezzella Giu.,d,6.5,6.5,"6,5","6,5"
36,Cremonese,Terracciano F.,d,6.5,6.5,"6,5","6,5"
36,Cremonese,Barbieri,d,7.0,7.0,7,7
36,Cremonese,Folino,d,55.0,55.0,55,55
36,Cremonese,Grassi,c,6.5,6.5,"6,5","6,5"
36,Cremonese,Thorsby,c,6.0,6.0,6,6
36,Cremonese,Maleh,c,6.5,6.5,"6,5","6,5"
36,Cremonese,Zerbin,c,6.0,6.0,6,6
36,Cremonese,Vandeputte,c,6.5,7.5,"6,5","7,5"
36,Cremonese,Sanabria,a,6.0,6.0,6,6
36,Cremonese,Bonazzoli,a,7.0,10.0,7,10
36,Cremonese,Vardy,a,7.0,10.0,7,10
36,Cremonese,Okereke,a,7.0,10.0,7,10
36,Cremonese,Giampaolo,all,7.0,7.0,7,7
36,Fiorentina,De Gea,p,6.5,6.5,"6,5","6,5"
36,Fiorentina,Gosens,d,6.0,6.0,6,6
36,Fiorentina,Ranieri L.,d,6.0,6.0,6,6
36,Fiorentina,Parisi,d,6.0,6.0,6,6
36,Fiorentina,Pongracic,d,6.0,6.0,6,6
36,Fiorentina,Dodò,d,6.0,6.0,6,6
36,Fiorentina,Mandragora,c,5.5,5.5,"5,5","5,5"
36,Fiorentina,Fagioli,c,5.5,5.5,"5,5","5,5"
36,Fiorentina,Brescianini,c,6.0,6.0,6,6
36,Fiorentina,Gudmundsson A.,c,55.0,55.0,55,55
36,Fiorentina,Fabbian,c,6.0,6.0,6,6
36,Fiorentina,Ndour,c,5.5,5.5,"5,5","5,5"
36,Fiorentina,Piccoli,a,5.5,5.5,"5,5","5,5"
36,Fiorentina,Solomon,a,6.0,6.0,6,6
36,Fiorentina,Braschi,a,5.5,5.5,"5,5","5,5"
36,Fiorentina,Vanoli,all,6.0,6.0,6,6
36,Genoa,Bijlow,p,6.0,6.0,6,6
36,Genoa,Martin,d,6.0,6.0,6,6
36,Genoa,Ostigard,d,6.5,6.5,"6,5","6,5"
36,Genoa,Marcandalli,d,6.5,6.5,"6,5","6,5"
36,Genoa,Zatterstrom,d,6.0,6.0,6,6
36,Genoa,Ouedraogo L.,d,6.0,6.0,6,6
36,Genoa,Doucouré M.,d,55.0,55.0,55,55
36,Genoa,Malinovskyi,c,6.0,6.0,6,6
36,Genoa,Frendrup,c,6.0,6.0,6,6
36,Genoa,Ellertsson,c,5.5,5.5,"5,5","5,5"
36,Genoa,Masini,c,55.0,55.0,55,55
36,Genoa,Amorim,c,5.5,5.5,"5,5","5,5"
36,Genoa,Colombo,a,5.5,5.5,"5,5","5,5"
36,Genoa,Ekuban,a,5.5,5.5,"5,5","5,5"
36,Genoa,Vitinha O.,a,5.5,5.5,"5,5","5,5"
36,Genoa,Ekhator,a,5.5,5.5,"5,5","5,5"
36,Genoa,De Rossi,all,6.0,6.0,6,6
36,Inter,Martinez Jo.,p,6.0,6.0,6,6
36,Inter,Acerbi,d,6.0,6.0,6,6
36,Inter,Bastoni,d,6.0,6.0,6,6
36,Inter,Dumfries,d,6.0,6.0,6,6
36,Inter,Carlos Augusto,d,6.5,6.5,"6,5","6,5"
36,Inter,Bisseck,d,6.5,6.5,"6,5","6,5"
36,Inter,Barella,c,6.5,6.5,"6,5","6,5"
36,Inter,Mkhitaryan,c,7.0,9.5,7,"9,5"
36,Inter,Frattesi,c,6.0,6.0,6,6
36,Inter,Luis Henrique,c,6.0,6.0,6,6
36,Inter,Diouf,c,7.0,7.0,7,7
36,Inter,Sucic P.,c,7.0,10.0,7,10
36,Inter,Martinez L.,a,7.5,11.5,"7,5","11,5"
36,Inter,Thuram,a,7.0,8.0,7,8
36,Inter,Bonny,a,6.5,7.5,"6,5","7,5"
36,Inter,Mosconi,a,55.0,55.0,55,55
36,Inter,Chivu,all,6.5,6.5,"6,5","6,5"
36,Juventus,Di Gregorio,p,6.5,6.5,"6,5","6,5"
36,Juventus,Bremer,d,6.5,6.5,"6,5","6,5"
36,Juventus,Kalulu,d,6.0,6.0,6,6
36,Juventus,Cambiaso,d,6.5,7.5,"6,5","7,5"
36,Juventus,Holm,d,6.0,6.0,6,6
36,Juventus,Gatti,d,55.0,55.0,55,55
36,Juventus,Kelly L.,d,6.5,6.5,"6,5","6,5"
36,Juventus,Locatelli,c,6.0,6.0,6,6
36,Juventus,McKennie,c,6.0,6.0,6,6
36,Juventus,Koopmeiners,c,5.5,5.5,"5,5","5,5"
36,Juventus,Zhegrova,c,55.0,55.0,55,55
36,Juventus,Conceicao,c,6.0,5.5,6,"5,5"
36,Juventus,Boga,a,55.0,55.0,55,55
36,Juventus,Vlahovic,a,7.0,10.0,7,10
36,Juventus,David,a,55.0,55.0,55,55
36,Juventus,Yildiz,a,6.0,6.0,6,6
36,Juventus,Spalletti,all,6.5,6.5,"6,5","6,5"
36,Lazio,Motta,p,6.0,3.0,6,3
36,Lazio,Patric,d,5.5,5.5,"5,5","5,5"
36,Lazio,Romagnoli,d,5.0,4.0,5,4
36,Lazio,Marusic,d,5.0,5.0,5,5
36,Lazio,Lazzari,d,55.0,55.0,55,55
36,Lazio,Pellegrini Lu.,d,5.5,5.0,"5,5",5
36,Lazio,Gila,d,5.5,5.5,"5,5","5,5"
36,Lazio,Provstgaard,d,6.0,6.0,6,6
36,Lazio,Rovella,c,5.0,5.0,5,5
36,Lazio,Basic,c,5.5,5.5,"5,5","5,5"
36,Lazio,Isaksen,c,6.0,6.0,6,6
36,Lazio,Dele-Bashiru,c,4.5,4.5,"4,5","4,5"
36,Lazio,Pedro,a,5.5,5.5,"5,5","5,5"
36,Lazio,Cancellieri,a,5.0,5.0,5,5
36,Lazio,Dia,a,5.5,5.5,"5,5","5,5"
36,Lazio,Noslin,a,6.0,5.5,6,"5,5"
36,Lazio,Sarri,all,5.5,5.5,"5,5","5,5"
36,Lecce,Falcone,p,6.5,5.5,"6,5","5,5"
36,Lecce,Gallo,d,6.0,6.0,6,6
36,Lecce,Jean,d,6.0,5.5,6,"5,5"
36,Lecce,Tiago Gabriel,d,5.0,5.0,5,5
36,Lecce,Veiga D.,d,6.0,6.0,6,6
36,Lecce,Siebert,d,6.0,6.0,6,6
36,Lecce,Coulibaly L.,c,5.5,5.5,"5,5","5,5"
36,Lecce,Helgason,c,6.0,6.0,6,6
36,Lecce,Ramadani,c,6.0,6.0,6,6
36,Lecce,Pierotti,c,5.5,5.5,"5,5","5,5"
36,Lecce,Ngom,c,5.0,5.0,5,5
36,Lecce,Banda,a,6.0,6.0,6,6
36,Lecce,Cheddira,a,5.5,5.5,"5,5","5,5"
36,Lecce,Camarda,a,5.5,5.5,"5,5","5,5"
36,Lecce,N'Dri,a,6.0,6.0,6,6
36,Lecce,Di Francesco,all,6.0,6.0,6,6
36,Milan,Maignan,p,5.5,2.5,"5,5","2,5"
36,Milan,Gabbia,d,5.0,5.0,5,5
36,Milan,Pavlovic,d,6.0,9.0,6,9
36,Milan,Estupinan,d,55.0,55.0,55,55
36,Milan,De Winter,d,4.5,4.5,"4,5","4,5"
36,Milan,Bartesaghi,d,5.0,5.0,5,5
36,Milan,Athekame,d,6.0,6.0,6,6
36,Milan,Rabiot,c,5.5,5.5,"5,5","5,5"
36,Milan,Loftus-Cheek,c,5.0,5.0,5,5
36,Milan,Fofana Y.,c,5.5,5.5,"5,5","5,5"
36,Milan,Saelemaekers,c,5.0,4.5,5,"4,5"
36,Milan,Ricci S.,c,6.0,7.0,6,7
36,Milan,Fullkrug,a,6.0,6.0,6,6
36,Milan,Leao,a,4.5,4.0,"4,5",4
36,Milan,Nkunku,a,7.0,10.0,7,10
36,Milan,Gimenez,a,5.0,5.0,5,5
36,Milan,Allegri,all,5.0,5.0,5,5
36,Napoli,Milinkovic-Savic V.,p,5.5,2.5,"5,5","2,5"
36,Napoli,Spinazzola,d,5.5,5.5,"5,5","5,5"
36,Napoli,Buongiorno,d,5.5,5.5,"5,5","5,5"
36,Napoli,Di Lorenzo,d,6.0,9.0,6,9
36,Napoli,Rrahmani,d,5.5,5.5,"5,5","5,5"
36,Napoli,Gutierrez,d,6.0,6.0,6,6
36,Napoli,Mazzocchi,d,55.0,55.0,55,55
36,Napoli,Politano,c,6.0,5.5,6,"5,5"
36,Napoli,Lobotka,c,6.0,6.0,6,6
36,Napoli,Elmas,c,6.0,6.0,6,6
36,Napoli,McTominay,c,6.0,6.0,6,6
36,Napoli,Gilmour,c,6.0,6.0,6,6
36,Napoli,Santos A.,c,7.0,10.0,7,10
36,Napoli,Hojlund,a,6.5,7.5,"6,5","7,5"
36,Napoli,Giovane,a,6.5,6.5,"6,5","6,5"
36,Napoli,Conte,all,5.5,5.5,"5,5","5,5"
36,Parma,Suzuki,p,6.5,3.5,"6,5","3,5"
36,Parma,Valenti,d,5.5,5.5,"5,5","5,5"
36,Parma,Valeri,d,6.5,6.5,"6,5","6,5"
36,Parma,Carboni F.,d,6.0,6.0,6,6
36,Parma,Circati,d,6.0,6.0,6,6
36,Parma,Delprato,d,5.0,5.0,5,5
36,Parma,Troilo,d,5.5,5.0,"5,5",5
36,Parma,Britschgi,d,4.5,3.5,"4,5","3,5"
36,Parma,Nicolussi Caviglia,c,7.0,8.0,7,8
36,Parma,Strefezza,c,7.0,9.5,7,"9,5"
36,Parma,Estevez,c,6.5,7.5,"6,5","7,5"
36,Parma,Keita M.,c,7.0,10.0,7,10
36,Parma,Ordonez C.,c,6.0,6.0,6,6
36,Parma,Almqvist,a,55.0,55.0,55,55
36,Parma,Pellegrino M.,a,6.0,6.0,6,6
36,Parma,Elphege,a,5.5,5.5,"5,5","5,5"
36,Parma,Cuesta,all,6.0,6.0,6,6
36,Pisa,Semper,p,5.0,2.0,5,2
36,Pisa,Caracciolo A.,d,5.5,5.5,"5,5","5,5"
36,Pisa,Calabresi,d,5.5,5.0,"5,5",5
36,Pisa,Canestrelli,d,5.0,5.0,5,5
36,Pisa,Angori,d,6.0,6.0,6,6
36,Pisa,Bozhinov,d,4.0,3.0,4,3
36,Pisa,Leris,c,5.5,5.5,"5,5","5,5"
36,Pisa,Akinsanmiro,c,5.0,5.0,5,5
36,Pisa,Piccinini G.,c,5.5,5.5,"5,5","5,5"
36,Pisa,Tourè I.,c,5.5,5.5,"5,5","5,5"
36,Pisa,Hojholt,c,5.0,4.5,5,"4,5"
36,Pisa,Vural,c,5.5,5.5,"5,5","5,5"
36,Pisa,Loyola,c,4.0,3.0,4,3
36,Pisa,Moreo,a,5.0,5.0,5,5
36,Pisa,Meister,a,5.5,5.5,"5,5","5,5"
36,Pisa,Stojilkovic,a,5.5,5.5,"5,5","5,5"
36,Pisa,Hiljemark,all,5.0,5.0,5,5
36,Roma,Svilar,p,6.0,4.0,6,4
36,Roma,Mancini,d,5.5,5.5,"5,5","5,5"
36,Roma,N'Dicka,d,5.0,5.0,5,5
36,Roma,Celik,d,6.0,6.0,6,6
36,Roma,Hermoso,d,5.5,5.5,"5,5","5,5"
36,Roma,Ghilardi,d,6.5,6.5,"6,5","6,5"
36,Roma,Rensch,d,7.5,10.5,"7,5","10,5"
36,Roma,Wesley,d,5.5,5.5,"5,5","5,5"
36,Roma,Cristante,c,6.0,6.0,6,6
36,Roma,Konè M.,c,6.0,6.0,6,6
36,Roma,Pisilli,c,5.5,5.5,"5,5","5,5"
36,Roma,El Aynaoui,c,6.0,6.0,6,6
36,Roma,Venturino,c,6.0,6.0,6,6
36,Roma,Dybala,a,7.0,8.0,7,8
36,Roma,Malen,a,7.5,13.5,"7,5","13,5"
36,Roma,Soulè,a,5.5,5.5,"5,5","5,5"
36,Roma,Gasperini,all,7.0,7.0,7,7
36,Sassuolo,Muric,p,6.0,4.0,6,4
36,Sassuolo,Walukiewicz,d,6.0,6.0,6,6
36,Sassuolo,Doig,d,5.5,5.5,"5,5","5,5"
36,Sassuolo,Garcia U.,d,55.0,55.0,55,55
36,Sassuolo,Coulibaly W.,d,6.0,6.0,6,6
36,Sassuolo,Muharemovic,d,5.0,5.0,5,5
36,Sassuolo,Matic,c,6.0,6.0,6,6
36,Sassuolo,Volpato,c,6.5,6.5,"6,5","6,5"
36,Sassuolo,Thorstvedt,c,6.5,9.0,"6,5",9
36,Sassuolo,Lipani,c,6.5,7.0,"6,5",7
36,Sassuolo,Konè I.,c,6.0,6.0,6,6
36,Sassuolo,Bakola,c,55.0,55.0,55,55
36,Sassuolo,Berardi,a,6.0,6.0,6,6
36,Sassuolo,Pinamonti,a,5.5,5.5,"5,5","5,5"
36,Sassuolo,Nzola,a,55.0,55.0,55,55
36,Sassuolo,Laurientè,a,5.5,5.5,"5,5","5,5"
36,Sassuolo,Grosso,all,5.5,5.5,"5,5","5,5"
36,Torino,Paleari,p,6.0,5.0,6,5
36,Torino,Lazaro,d,6.0,6.0,6,6
36,Torino,Nkounkou,d,55.0,55.0,55,55
36,Torino,Ebosse,d,6.5,7.5,"6,5","7,5"
36,Torino,Pedersen,d,7.0,10.0,7,10
36,Torino,Coco,d,6.0,6.0,6,6
36,Torino,Marianucci,d,5.5,5.0,"5,5",5
36,Torino,Obrador,d,6.0,6.0,6,6
36,Torino,Vlasic,c,6.0,6.0,6,6
36,Torino,Ilkhan,c,6.5,6.5,"6,5","6,5"
36,Torino,Gineitis,c,6.0,5.5,6,"5,5"
36,Torino,Prati,c,5.5,5.0,"5,5",5
36,Torino,Zapata D.,a,7.0,8.0,7,8
36,Torino,Simeone,a,7.0,10.0,7,10
36,Torino,Njie,a,5.5,5.5,"5,5","5,5"
36,Torino,Kulenovic,a,55.0,55.0,55,55
36,Torino,D'Aversa,all,6.5,6.5,"6,5","6,5"
36,Udinese,Okoye,p,6.5,6.5,"6,5","6,5"
36,Udinese,Kamara H.,d,6.5,7.5,"6,5","7,5"
36,Udinese,Bertola,d,6.0,6.0,6,6
36,Udinese,Ehizibue,d,6.0,5.5,6,"5,5"
36,Udinese,Kristensen T.,d,6.5,6.5,"6,5","6,5"
36,Udinese,Solet,d,6.5,6.5,"6,5","6,5"
36,Udinese,Arizala,d,55.0,55.0,55,55
36,Udinese,Mlacic,d,6.5,6.5,"6,5","6,5"
36,Udinese,Zaniolo,c,6.0,6.0,6,6
36,Udinese,Karlstrom,c,6.5,6.5,"6,5","6,5"
36,Udinese,Atta,c,6.0,6.0,6,6
36,Udinese,Piotrowski,c,6.0,6.0,6,6
36,Udinese,Miller L.,c,6.0,6.0,6,6
36,Udinese,Davis K.,a,6.0,7.0,6,7
36,Udinese,Buksa,a,7.0,10.0,7,10
36,Udinese,Gueye,a,6.5,9.5,"6,5","9,5"
36,Udinese,Runjaic,all,6.5,6.5,"6,5","6,5"
36,Verona,Montipò,p,6.0,5.0,6,5
36,Verona,Frese,d,6.5,6.0,"6,5",6
36,Verona,Valentini N.,d,6.0,6.0,6,6
36,Verona,Nelsson,d,5.5,5.5,"5,5","5,5"
36,Verona,Belghali,d,6.0,6.0,6,6
36,Verona,Edmundsson,d,5.5,5.5,"5,5","5,5"
36,Verona,Gagliardini,c,6.0,6.0,6,6
36,Verona,Akpa Akpro,c,5.5,5.5,"5,5","5,5"
36,Verona,Lovric,c,5.5,5.5,"5,5","5,5"
36,Verona,Suslov,c,6.0,6.0,6,6
36,Verona,Bernede,c,6.5,6.5,"6,5","6,5"
36,Verona,Isaac,a,55.0,55.0,55,55
36,Verona,Bowie,a,6.0,6.0,6,6
36,Verona,Vermesan,a,55.0,55.0,55,55
36,Verona,Sammarco,all,6.0,5.5,6,"5,5"
37,Atalanta,Carnesecchi,p,6.5,5.5,"6,5","5,5"
37,Atalanta,Zappacosta,d,5.5,5.5,"5,5","5,5"
37,Atalanta,Djimsiti,d,6.0,6.0,6,6
37,Atalanta,Kolasinac,d,55.0,55.0,55,55
37,Atalanta,Bakker,d,55.0,55.0,55,55
37,Atalanta,Scalvini,d,5.5,5.5,"5,5","5,5"
37,Atalanta,Ahanor,d,6.0,6.0,6,6
37,Atalanta,De Roon,c,6.0,6.0,6,6
37,Atalanta,Pasalic,c,5.5,5.0,"5,5",5
37,Atalanta,Musah,c,5.5,5.5,"5,5","5,5"
37,Atalanta,Zalewski,c,5.5,5.5,"5,5","5,5"
37,Atalanta,Ederson D.S.,c,6.0,6.0,6,6
37,Atalanta,Raspadori,a,5.5,5.5,"5,5","5,5"
37,Atalanta,Sulemana K.,a,5.5,5.5,"5,5","5,5"
37,Atalanta,De Ketelaere,a,6.0,6.0,6,6
37,Atalanta,Krstovic,a,5.0,5.0,5,5
37,Atalanta,Palladino,all,5.0,5.0,5,5
37,Bologna,Skorupski,p,6.5,6.5,"6,5","6,5"
37,Bologna,Miranda J.,d,6.5,6.5,"6,5","6,5"
37,Bologna,Joao Mario,d,6.0,6.0,6,6
37,Bologna,Heggem,d,6.5,6.5,"6,5","6,5"
37,Bologna,Helland,d,6.0,6.0,6,6
37,Bologna,Bernardeschi,c,5.5,5.5,"5,5","5,5"
37,Bologna,Freuler,c,6.0,6.0,6,6
37,Bologna,Orsolini,c,7.0,10.0,7,10
37,Bologna,Pobega,c,6.0,5.5,6,"5,5"
37,Bologna,Ferguson,c,5.5,5.5,"5,5","5,5"
37,Bologna,Moro N.,c,6.0,6.0,6,6
37,Bologna,Rowe,c,6.5,7.5,"6,5","7,5"
37,Bologna,Castro S.,a,5.5,5.5,"5,5","5,5"
37,Bologna,Dallinga,a,6.0,6.0,6,6
37,Bologna,Dominguez B.,a,55.0,55.0,55,55
37,Bologna,Italiano,all,6.5,6.5,"6,5","6,5"
37,Cagliari,Caprile,p,6.5,5.5,"6,5","5,5"
37,Cagliari,Mina,d,7.0,10.0,7,10
37,Cagliari,Zappa,d,5.5,5.5,"5,5","5,5"
37,Cagliari,Obert,d,6.5,6.5,"6,5","6,5"
37,Cagliari,Dossena,d,6.0,6.0,6,6
37,Cagliari,Palestra,d,6.5,6.5,"6,5","6,5"
37,Cagliari,Rodriguez Ju.,d,55.0,55.0,55,55
37,Cagliari,Deiola,c,6.0,6.0,6,6
37,Cagliari,Gaetano,c,6.5,7.5,"6,5","7,5"
37,Cagliari,Adopo,c,6.0,6.0,6,6
37,Cagliari,Sulemana I.,c,6.0,6.0,6,6
37,Cagliari,Folorunsho,c,6.0,6.0,6,6
37,Cagliari,Belotti,a,55.0,55.0,55,55
37,Cagliari,Esposito Se.,a,7.0,10.0,7,10
37,Cagliari,Mendy P.,a,5.5,5.0,"5,5",5
37,Cagliari,Pisacane,all,6.5,6.5,"6,5","6,5"
37,Como,Butez,p,6.5,6.5,"6,5","6,5"
37,Como,Diego Carlos,d,55.0,55.0,55,55
37,Como,Moreno Alb.,d,7.0,9.5,7,"9,5"
37,Como,Ramon,d,6.5,6.0,"6,5",6
37,Como,Kempf,d,6.5,6.5,"6,5","6,5"
37,Como,Van Der Brempt,d,6.0,6.0,6,6
37,Como,Smolcic I.,d,6.0,6.0,6,6
37,Como,Sergi Roberto,c,55.0,55.0,55,55
37,Como,Caqueret,c,5.5,5.5,"5,5","5,5"
37,Como,Da Cunha,c,6.5,6.5,"6,5","6,5"
37,Como,Perrone,c,6.5,6.5,"6,5","6,5"
37,Como,Baturina,c,6.5,6.5,"6,5","6,5"
37,Como,Morata,a,55.0,55.0,55,55
37,Como,Diao,a,5.5,5.5,"5,5","5,5"
37,Como,Douvikas,a,6.0,6.0,6,6
37,Como,Rodriguez Je.,a,7.0,8.0,7,8
37,Como,Fabregas,all,7.0,7.0,7,7
37,Cremonese,Audero,p,7.0,7.0,7,7
37,Cremonese,Luperto,d,6.5,6.5,"6,5","6,5"
37,Cremonese,Bianchetti,d,6.0,6.0,6,6
37,Cremonese,Pezzella Giu.,d,6.0,6.0,6,6
37,Cremonese,Terracciano F.,d,6.5,6.5,"6,5","6,5"
37,Cremonese,Barbieri,d,5.5,5.0,"5,5",5
37,Cremonese,Floriani Mussolini,d,6.0,6.0,6,6
37,Cremonese,Grassi,c,7.0,6.5,7,"6,5"
37,Cremonese,Thorsby,c,6.0,6.0,6,6
37,Cremonese,Maleh,c,6.5,6.5,"6,5","6,5"
37,Cremonese,Collocolo,c,55.0,55.0,55,55
37,Cremonese,Vandeputte,c,55.0,55.0,55,55
37,Cremonese,Bonazzoli,a,6.5,6.0,"6,5",6
37,Cremonese,Vardy,a,7.0,10.0,7,10
37,Cremonese,Djuric,a,55.0,55.0,55,55
37,Cremonese,Okereke,a,6.0,6.0,6,6
37,Cremonese,Giampaolo,all,6.0,6.0,6,6
37,Fiorentina,De Gea,p,7.0,7.0,7,7
37,Fiorentina,Gosens,d,5.5,5.5,"5,5","5,5"
37,Fiorentina,Ranieri L.,d,6.5,5.5,"6,5","5,5"
37,Fiorentina,Parisi,d,6.0,6.0,6,6
37,Fiorentina,Pongracic,d,7.0,6.5,7,"6,5"
37,Fiorentina,Dodò,d,6.5,6.5,"6,5","6,5"
37,Fiorentina,Comuzzo,d,6.5,6.5,"6,5","6,5"
37,Fiorentina,Balbo,d,6.0,6.0,6,6
37,Fiorentina,Mandragora,c,7.0,10.0,7,10
37,Fiorentina,Fagioli,c,6.5,6.5,"6,5","6,5"
37,Fiorentina,Brescianini,c,6.0,6.0,6,6
37,Fiorentina,Harrison,c,6.0,5.5,6,"5,5"
37,Fiorentina,Gudmundsson A.,c,6.0,5.5,6,"5,5"
37,Fiorentina,Ndour,c,7.0,10.0,7,10
37,Fiorentina,Piccoli,a,6.0,6.0,6,6
37,Fiorentina,Solomon,a,6.5,7.5,"6,5","7,5"
37,Fiorentina,Vanoli,all,7.0,7.0,7,7
37,Genoa,Bijlow,p,5.5,3.0,"5,5",3
37,Genoa,Martin,d,55.0,55.0,55,55
37,Genoa,Vasquez,d,7.0,10.0,7,10
37,Genoa,Marcandalli,d,6.5,6.5,"6,5","6,5"
37,Genoa,Otoa,d,6.0,6.0,6,6
37,Genoa,Malinovskyi,c,5.5,5.5,"5,5","5,5"
37,Genoa,Frendrup,c,6.0,6.0,6,6
37,Genoa,Baldanzi,c,6.0,6.0,6,6
37,Genoa,Ellertsson,c,6.0,6.0,6,6
37,Genoa,Amorim,c,5.5,5.5,"5,5","5,5"
37,Genoa,Colombo,a,5.5,5.5,"5,5","5,5"
37,Genoa,Ekuban,a,55.0,55.0,55,55
37,Genoa,Vitinha O.,a,6.0,5.5,6,"5,5"
37,Genoa,Ekhator,a,5.5,5.5,"5,5","5,5"
37,Genoa,De Rossi,all,6.0,6.0,6,6
37,Inter,Di Gennaro,p,6.0,5.0,6,5
37,Inter,Sommer,p,6.5,6.5,"6,5","6,5"
37,Inter,Dimarco,d,5.5,5.5,"5,5","5,5"
37,Inter,De Vrij,d,6.0,6.0,6,6
37,Inter,Acerbi,d,6.0,6.0,6,6
37,Inter,Darmian,d,6.0,6.0,6,6
37,Inter,Carlos Augusto,d,5.5,5.5,"5,5","5,5"
37,Inter,Zielinski,c,6.0,6.0,6,6
37,Inter,Mkhitaryan,c,5.5,5.5,"5,5","5,5"
37,Inter,Luis Henrique,c,5.5,5.5,"5,5","5,5"
37,Inter,Diouf,c,6.0,6.0,6,6
37,Inter,Sucic P.,c,6.5,6.5,"6,5","6,5"
37,Inter,Martinez L.,a,5.5,5.5,"5,5","5,5"
37,Inter,Bonny,a,6.5,6.5,"6,5","6,5"
37,Inter,Esposito F.P.,a,5.5,5.5,"5,5","5,5"
37,Inter,Mosconi,a,6.0,6.0,6,6
37,Inter,Chivu,all,5.5,5.5,"5,5","5,5"
37,Juventus,Di Gregorio,p,5.5,3.5,"5,5","3,5"
37,Juventus,Bremer,d,6.0,5.5,6,"5,5"
37,Juventus,Kalulu,d,5.5,5.5,"5,5","5,5"
37,Juventus,Cambiaso,d,5.5,5.5,"5,5","5,5"
37,Juventus,Gatti,d,55.0,55.0,55,55
37,Juventus,Kelly L.,d,6.0,6.0,6,6
37,Juventus,Locatelli,c,5.5,5.5,"5,5","5,5"
37,Juventus,McKennie,c,5.5,5.5,"5,5","5,5"
37,Juventus,Thuram K.,c,5.5,5.5,"5,5","5,5"
37,Juventus,Koopmeiners,c,5.0,5.0,5,5
37,Juventus,Zhegrova,c,5.0,5.0,5,5
37,Juventus,Miretti,c,55.0,55.0,55,55
37,Juventus,Conceicao,c,6.0,6.0,6,6
37,Juventus,Boga,a,6.0,6.0,6,6
37,Juventus,Vlahovic,a,5.0,5.0,5,5
37,Juventus,Yildiz,a,5.5,5.5,"5,5","5,5"
37,Juventus,Spalletti,all,4.5,4.5,"4,5","4,5"
37,Lazio,Furlanetto,p,6.5,4.5,"6,5","4,5"
37,Lazio,Marusic,d,5.5,5.5,"5,5","5,5"
37,Lazio,Lazzari,d,55.0,55.0,55,55
37,Lazio,Tavares N.,d,5.0,4.5,5,"4,5"
37,Lazio,Gila,d,5.5,5.5,"5,5","5,5"
37,Lazio,Provstgaard,d,5.0,5.0,5,5
37,Lazio,Rovella,c,4.5,3.5,"4,5","3,5"
37,Lazio,Maldini,c,5.5,5.5,"5,5","5,5"
37,Lazio,Basic,c,5.5,5.5,"5,5","5,5"
37,Lazio,Isaksen,c,5.5,5.5,"5,5","5,5"
37,Lazio,Dele-Bashiru,c,5.5,5.5,"5,5","5,5"
37,Lazio,Taylor K.,c,5.5,5.0,"5,5",5
37,Lazio,Pedro,a,55.0,55.0,55,55
37,Lazio,Cancellieri,a,5.5,5.0,"5,5",5
37,Lazio,Dia,a,5.5,5.5,"5,5","5,5"
37,Lazio,Noslin,a,6.0,6.0,6,6
37,Lazio,Sarri,all,6.0,6.0,6,6
37,Lecce,Falcone,p,6.0,4.0,6,4
37,Lecce,Gallo,d,5.5,5.0,"5,5",5
37,Lecce,Jean,d,5.5,5.5,"5,5","5,5"
37,Lecce,Tiago Gabriel,d,5.5,5.0,"5,5",5
37,Lecce,Veiga D.,d,6.0,5.5,6,"5,5"
37,Lecce,Siebert,d,5.5,5.5,"5,5","5,5"
37,Lecce,Coulibaly L.,c,6.5,6.5,"6,5","6,5"
37,Lecce,Ramadani,c,6.0,5.5,6,"5,5"
37,Lecce,Pierotti,c,5.5,5.5,"5,5","5,5"
37,Lecce,Gandelman,c,6.5,7.5,"6,5","7,5"
37,Lecce,Ngom,c,5.5,5.5,"5,5","5,5"
37,Lecce,Banda,a,6.5,7.5,"6,5","7,5"
37,Lecce,Cheddira,a,8.0,14.0,8,14
37,Lecce,Camarda,a,55.0,55.0,55,55
37,Lecce,N'Dri,a,55.0,55.0,55,55
37,Lecce,Stulic,a,7.0,10.0,7,10
37,Lecce,Di Francesco,all,6.5,6.5,"6,5","6,5"
37,Milan,Maignan,p,6.5,5.5,"6,5","5,5"
37,Milan,Gabbia,d,6.0,5.5,6,"5,5"
37,Milan,Tomori,d,6.0,5.5,6,"5,5"
37,Milan,Pavlovic,d,6.0,6.0,6,6
37,Milan,De Winter,d,5.0,5.0,5,5
37,Milan,Bartesaghi,d,6.0,6.0,6,6
37,Milan,Athekame,d,7.0,10.0,7,10
37,Milan,Rabiot,c,6.0,6.0,6,6
37,Milan,Pulisic,c,6.5,7.5,"6,5","7,5"
37,Milan,Loftus-Cheek,c,55.0,55.0,55,55
37,Milan,Fofana Y.,c,5.5,5.5,"5,5","5,5"
37,Milan,Ricci S.,c,6.0,5.5,6,"5,5"
37,Milan,Jashari,c,6.0,6.0,6,6
37,Milan,Fullkrug,a,6.0,6.0,6,6
37,Milan,Nkunku,a,7.0,10.0,7,10
37,Milan,Gimenez,a,5.5,5.5,"5,5","5,5"
37,Milan,Allegri,all,6.5,6.5,"6,5","6,5"
37,Napoli,Meret,p,7.0,7.0,7,7
37,Napoli,Spinazzola,d,6.0,6.0,6,6
37,Napoli,Buongiorno,d,5.5,5.5,"5,5","5,5"
37,Napoli,Di Lorenzo,d,6.0,6.0,6,6
37,Napoli,Rrahmani,d,7.0,10.0,7,10
37,Napoli,Gutierrez,d,55.0,55.0,55,55
37,Napoli,Mazzocchi,d,6.5,7.5,"6,5","7,5"
37,Napoli,Olivera,d,6.0,6.0,6,6
37,Napoli,Beukema,d,6.0,6.0,6,6
37,Napoli,De Bruyne,c,6.5,6.5,"6,5","6,5"
37,Napoli,Lobotka,c,6.5,6.5,"6,5","6,5"
37,Napoli,Elmas,c,6.5,7.0,"6,5",7
37,Napoli,McTominay,c,7.0,10.0,7,10
37,Napoli,Vergara,c,55.0,55.0,55,55
37,Napoli,Santos A.,c,6.0,5.5,6,"5,5"
37,Napoli,Hojlund,a,7.5,11.5,"7,5","11,5"
37,Napoli,Conte,all,7.0,7.0,7,7
37,Parma,Suzuki,p,7.0,6.0,7,6
37,Parma,Valenti,d,5.5,5.5,"5,5","5,5"
37,Parma,Valeri,d,6.0,6.0,6,6
37,Parma,Carboni F.,d,6.0,6.0,6,6
37,Parma,Circati,d,5.5,5.5,"5,5","5,5"
37,Parma,Delprato,d,5.5,5.5,"5,5","5,5"
37,Parma,Troilo,d,5.5,5.5,"5,5","5,5"
37,Parma,Nicolussi Caviglia,c,6.0,6.0,6,6
37,Parma,Strefezza,c,5.0,5.0,5,5
37,Parma,Estevez,c,5.5,5.5,"5,5","5,5"
37,Parma,Keita M.,c,6.0,6.0,6,6
37,Parma,Ordonez C.,c,5.5,5.5,"5,5","5,5"
37,Parma,Sorensen O.,c,6.0,6.0,6,6
37,Parma,Pellegrino M.,a,5.5,5.5,"5,5","5,5"
37,Parma,Elphege,a,5.5,5.5,"5,5","5,5"
37,Parma,Mikolajewski,a,55.0,55.0,55,55
37,Parma,Cuesta,all,5.5,5.5,"5,5","5,5"
37,Pisa,Semper,p,5.5,2.5,"5,5","2,5"
37,Pisa,Cuadrado,d,6.0,6.0,6,6
37,Pisa,Caracciolo A.,d,5.0,4.5,5,"4,5"
37,Pisa,Calabresi,d,5.0,4.5,5,"4,5"
37,Pisa,Canestrelli,d,5.5,5.5,"5,5","5,5"
37,Pisa,Angori,d,5.0,5.0,5,5
37,Pisa,Leris,c,5.5,5.5,"5,5","5,5"
37,Pisa,Aebischer,c,5.0,5.0,5,5
37,Pisa,Akinsanmiro,c,5.5,5.5,"5,5","5,5"
37,Pisa,Piccinini G.,c,6.0,6.0,6,6
37,Pisa,Tourè I.,c,5.5,5.5,"5,5","5,5"
37,Pisa,Hojholt,c,5.0,5.0,5,5
37,Pisa,Vural,c,5.5,5.5,"5,5","5,5"
37,Pisa,Moreo,a,5.5,5.5,"5,5","5,5"
37,Pisa,Meister,a,5.5,5.5,"5,5","5,5"
37,Pisa,Stojilkovic,a,5.0,5.0,5,5
37,Pisa,Hiljemark,all,5.0,5.0,5,5
37,Roma,Svilar,p,6.0,6.0,6,6
37,Roma,Mancini,d,8.0,14.0,8,14
37,Roma,N'Dicka,d,6.0,6.0,6,6
37,Roma,Celik,d,6.0,6.0,6,6
37,Roma,Hermoso,d,6.5,6.0,"6,5",6
37,Roma,Rensch,d,6.0,6.0,6,6
37,Roma,Wesley,d,5.0,4.0,5,4
37,Roma,Ziolkowski,d,55.0,55.0,55,55
37,Roma,Cristante,c,6.5,6.5,"6,5","6,5"
37,Roma,El Shaarawy,c,6.0,5.5,6,"5,5"
37,Roma,Pisilli,c,6.5,7.5,"6,5","7,5"
37,Roma,El Aynaoui,c,6.0,6.0,6,6
37,Roma,Dybala,a,7.0,8.0,7,8
37,Roma,Malen,a,6.5,6.5,"6,5","6,5"
37,Roma,Soulè,a,6.0,6.0,6,6
37,Roma,Dovbyk,a,6.0,6.0,6,6
37,Roma,Gasperini,all,7.0,7.0,7,7
37,Sassuolo,Turati,p,6.5,3.5,"6,5","3,5"
37,Sassuolo,Garcia U.,d,5.5,6.5,"5,5","6,5"
37,Sassuolo,Coulibaly W.,d,5.5,5.5,"5,5","5,5"
37,Sassuolo,Muharemovic,d,5.5,5.0,"5,5",5
37,Sassuolo,Pedro Felipe,d,5.5,6.5,"5,5","6,5"
37,Sassuolo,Matic,c,5.5,5.5,"5,5","5,5"
37,Sassuolo,Volpato,c,5.0,5.0,5,5
37,Sassuolo,Thorstvedt,c,6.0,6.0,6,6
37,Sassuolo,Lipani,c,6.0,6.0,6,6
37,Sassuolo,Konè I.,c,5.5,5.5,"5,5","5,5"
37,Sassuolo,Bakola,c,6.5,6.5,"6,5","6,5"
37,Sassuolo,Frangella,c,55.0,55.0,55,55
37,Sassuolo,Berardi,a,6.5,6.5,"6,5","6,5"
37,Sassuolo,Pinamonti,a,7.0,10.0,7,10
37,Sassuolo,Nzola,a,5.0,5.0,5,5
37,Sassuolo,Laurientè,a,7.0,10.0,7,10
37,Sassuolo,Grosso,all,5.5,5.5,"5,5","5,5"
37,Torino,Paleari,p,6.0,4.0,6,4
37,Torino,Maripan,d,6.0,5.5,6,"5,5"
37,Torino,Ebosse,d,5.5,5.5,"5,5","5,5"
37,Torino,Pedersen,d,5.5,5.5,"5,5","5,5"
37,Torino,Coco,d,5.0,5.0,5,5
37,Torino,Marianucci,d,5.5,5.5,"5,5","5,5"
37,Torino,Obrador,d,7.0,10.0,7,10
37,Torino,Vlasic,c,5.5,5.5,"5,5","5,5"
37,Torino,Casadei,c,6.0,6.0,6,6
37,Torino,Ilkhan,c,5.5,5.5,"5,5","5,5"
37,Torino,Prati,c,5.5,5.5,"5,5","5,5"
37,Torino,Zapata D.,a,5.5,5.5,"5,5","5,5"
37,Torino,Simeone,a,5.0,5.0,5,5
37,Torino,Adams C.,a,5.5,5.5,"5,5","5,5"
37,Torino,Njie,a,55.0,55.0,55,55
37,Torino,Kulenovic,a,55.0,55.0,55,55
37,Torino,D'Aversa,all,5.5,5.5,"5,5","5,5"
37,Udinese,Okoye,p,6.0,5.0,6,5
37,Udinese,Kabasele,d,5.0,5.0,5,5
37,Udinese,Kamara H.,d,5.5,5.0,"5,5",5
37,Udinese,Bertola,d,6.0,6.0,6,6
37,Udinese,Zemura,d,5.5,5.5,"5,5","5,5"
37,Udinese,Kristensen T.,d,6.0,6.0,6,6
37,Udinese,Solet,d,6.5,6.5,"6,5","6,5"
37,Udinese,Arizala,d,5.5,5.5,"5,5","5,5"
37,Udinese,Karlstrom,c,5.5,5.5,"5,5","5,5"
37,Udinese,Atta,c,5.0,5.0,5,5
37,Udinese,Miller L.,c,5.5,5.5,"5,5","5,5"
37,Udinese,Camara A.,c,55.0,55.0,55,55
37,Udinese,Davis K.,a,5.5,5.5,"5,5","5,5"
37,Udinese,Bayo V.,a,5.5,5.5,"5,5","5,5"
37,Udinese,Buksa,a,5.5,5.5,"5,5","5,5"
37,Udinese,Gueye,a,6.0,6.0,6,6
37,Udinese,Runjaic,all,5.0,5.0,5,5
37,Verona,Montipò,p,7.5,6.5,"7,5","6,5"
37,Verona,Bradaric,d,6.0,7.0,6,7
37,Verona,Frese,d,6.0,6.0,6,6
37,Verona,Valentini N.,d,7.0,6.5,7,"6,5"
37,Verona,Nelsson,d,6.5,6.5,"6,5","6,5"
37,Verona,Belghali,d,6.0,6.0,6,6
37,Verona,Edmundsson,d,6.0,4.0,6,4
37,Verona,Gagliardini,c,5.5,5.0,"5,5",5
37,Verona,Akpa Akpro,c,6.0,6.0,6,6
37,Verona,Harroui,c,6.0,6.0,6,6
37,Verona,Lovric,c,6.0,6.0,6,6
37,Verona,Suslov,c,5.5,5.5,"5,5","5,5"
37,Verona,Bernede,c,5.5,5.5,"5,5","5,5"
37,Verona,Sarr A.,a,6.0,6.0,6,6
37,Verona,Bowie,a,6.5,9.5,"6,5","9,5"
37,Verona,Vermesan,a,55.0,55.0,55,55
37,Verona,Sammarco,all,6.5,6.5,"6,5","6,5"
38,Atalanta,Sportiello,p,5.5,4.5,"5,5","4,5"
38,Atalanta,Zappacosta,d,6.5,6.5,"6,5","6,5"
38,Atalanta,Djimsiti,d,6.0,6.0,6,6
38,Atalanta,Bellanova,d,5.5,5.5,"5,5","5,5"
38,Atalanta,Scalvini,d,6.0,6.0,6,6
38,Atalanta,Hien,d,6.5,6.5,"6,5","6,5"
38,Atalanta,Ahanor,d,5.5,5.0,"5,5",5
38,Atalanta,De Roon,c,6.0,6.0,6,6
38,Atalanta,Pasalic,c,5.5,5.5,"5,5","5,5"
38,Atalanta,Samardzic,c,6.5,6.5,"6,5","6,5"
38,Atalanta,Musah,c,6.0,6.0,6,6
38,Atalanta,Scamacca,a,55.0,55.0,55,55
38,Atalanta,Raspadori,a,6.0,6.0,6,6
38,Atalanta,Sulemana K.,a,6.5,6.0,"6,5",6
38,Atalanta,De Ketelaere,a,6.0,6.0,6,6
38,Atalanta,Vavassori,a,55.0,55.0,55,55
38,Atalanta,Palladino,all,6.0,6.0,6,6
38,Bologna,Skorupski,p,6.0,3.0,6,3
38,Bologna,De Silvestri,d,6.0,6.0,6,6
38,Bologna,Zortea,d,6.0,6.0,6,6
38,Bologna,Miranda J.,d,5.5,5.5,"5,5","5,5"
38,Bologna,Lucumì,d,6.0,6.0,6,6
38,Bologna,Heggem,d,55.0,55.0,55,55
38,Bologna,Helland,d,5.5,5.5,"5,5","5,5"
38,Bologna,Bernardeschi,c,7.0,10.0,7,10
38,Bologna,Freuler,c,6.0,6.0,6,6
38,Bologna,Odgaard,c,6.0,6.0,6,6
38,Bologna,Pobega,c,7.0,10.0,7,10
38,Bologna,Ferguson,c,6.0,6.0,6,6
38,Bologna,Moro N.,c,6.0,6.0,6,6
38,Bologna,Rowe,c,6.5,6.5,"6,5","6,5"
38,Bologna,Castro S.,a,5.5,5.5,"5,5","5,5"
38,Bologna,Dallinga,a,55.0,55.0,55,55
38,Bologna,Italiano,all,6.5,6.5,"6,5","6,5"
38,Cagliari,Caprile,p,6.0,5.0,6,5
38,Cagliari,Mina,d,6.5,7.5,"6,5","7,5"
38,Cagliari,Zappa,d,6.5,6.5,"6,5","6,5"
38,Cagliari,Obert,d,6.0,6.0,6,6
38,Cagliari,Dossena,d,6.0,6.0,6,6
38,Cagliari,Palestra,d,6.5,6.5,"6,5","6,5"
38,Cagliari,Rodriguez Ju.,d,7.0,10.0,7,10
38,Cagliari,Zè Pedro,d,6.0,5.5,6,"5,5"
38,Cagliari,Deiola,c,6.5,6.5,"6,5","6,5"
38,Cagliari,Gaetano,c,7.0,7.0,7,7
38,Cagliari,Adopo,c,6.5,6.5,"6,5","6,5"
38,Cagliari,Sulemana I.,c,6.0,5.5,6,"5,5"
38,Cagliari,Felici,c,55.0,55.0,55,55
38,Cagliari,Esposito Se.,a,6.5,6.5,"6,5","6,5"
38,Cagliari,Borrelli,a,7.0,10.0,7,10
38,Cagliari,Mendy P.,a,5.5,5.5,"5,5","5,5"
38,Cagliari,Pisacane,all,7.0,7.0,7,7
38,Como,Butez,p,6.0,5.0,6,5
38,Como,Vojvoda,d,55.0,55.0,55,55
38,Como,Moreno Alb.,d,6.0,5.5,6,"5,5"
38,Como,Ramon,d,5.5,5.5,"5,5","5,5"
38,Como,Kempf,d,6.5,6.5,"6,5","6,5"
38,Como,Van Der Brempt,d,6.5,6.5,"6,5","6,5"
38,Como,Smolcic I.,d,6.5,6.5,"6,5","6,5"
38,Como,Sergi Roberto,c,55.0,55.0,55,55
38,Como,Caqueret,c,6.5,7.5,"6,5","7,5"
38,Como,Da Cunha,c,8.0,14.0,8,14
38,Como,Perrone,c,6.5,6.5,"6,5","6,5"
38,Como,Baturina,c,6.0,6.0,6,6
38,Como,Morata,a,55.0,55.0,55,55
38,Como,Diao,a,6.5,6.5,"6,5","6,5"
38,Como,Douvikas,a,7.0,10.0,7,10
38,Como,Rodriguez Je.,a,7.5,11.0,"7,5",11
38,Como,Fabregas,all,8.0,8.0,8,8
38,Cremonese,Audero,p,6.5,2.5,"6,5","2,5"
38,Cremonese,Luperto,d,4.5,4.5,"4,5","4,5"
38,Cremonese,Bianchetti,d,4.5,4.0,"4,5",4
38,Cremonese,Pezzella Giu.,d,4.5,4.5,"4,5","4,5"
38,Cremonese,Terracciano F.,d,5.0,5.0,5,5
38,Cremonese,Barbieri,d,55.0,55.0,55,55
38,Cremonese,Floriani Mussolini,d,5.5,5.5,"5,5","5,5"
38,Cremonese,Grassi,c,5.0,4.0,5,4
38,Cremonese,Thorsby,c,6.0,5.5,6,"5,5"
38,Cremonese,Maleh,c,55.0,55.0,55,55
38,Cremonese,Zerbin,c,5.5,5.5,"5,5","5,5"
38,Cremonese,Collocolo,c,5.5,5.5,"5,5","5,5"
38,Cremonese,Vandeputte,c,5.5,5.0,"5,5",5
38,Cremonese,Lottici Tessadri,c,55.0,55.0,55,55
38,Cremonese,Bonazzoli,a,7.0,10.0,7,10
38,Cremonese,Vardy,a,6.0,5.5,6,"5,5"
38,Cremonese,Giampaolo,all,5.0,5.0,5,5
38,Fiorentina,Lezzerini,p,55.0,55.0,55,55
38,Fiorentina,Christensen O.,p,7.5,6.5,"7,5","6,5"
38,Fiorentina,Rugani,d,6.0,6.0,6,6
38,Fiorentina,Gosens,d,6.0,6.0,6,6
38,Fiorentina,Pongracic,d,6.0,6.0,6,6
38,Fiorentina,Dodò,d,6.5,6.5,"6,5","6,5"
38,Fiorentina,Comuzzo,d,5.5,3.5,"5,5","3,5"
38,Fiorentina,Balbo,d,55.0,55.0,55,55
38,Fiorentina,Mandragora,c,6.5,6.5,"6,5","6,5"
38,Fiorentina,Brescianini,c,6.5,7.5,"6,5","7,5"
38,Fiorentina,Harrison,c,6.0,6.0,6,6
38,Fiorentina,Gudmundsson A.,c,6.0,6.0,6,6
38,Fiorentina,Fabbian,c,6.0,6.0,6,6
38,Fiorentina,Ndour,c,6.0,6.0,6,6
38,Fiorentina,Piccoli,a,7.0,10.0,7,10
38,Fiorentina,Solomon,a,55.0,55.0,55,55
38,Fiorentina,Vanoli,all,6.0,6.0,6,6
38,Genoa,Leali,p,6.5,5.5,"6,5","5,5"
38,Genoa,Sabelli,d,6.0,6.0,6,6
38,Genoa,Martin,d,6.0,6.0,6,6
38,Genoa,Marcandalli,d,5.5,5.5,"5,5","5,5"
38,Genoa,Norton-Cuffy,d,6.0,6.0,6,6
38,Genoa,Otoa,d,5.5,5.5,"5,5","5,5"
38,Genoa,Zatterstrom,d,6.0,6.0,6,6
38,Genoa,Ouedraogo L.,d,6.0,6.0,6,6
38,Genoa,Frendrup,c,5.5,5.5,"5,5","5,5"
38,Genoa,Ellertsson,c,5.5,5.5,"5,5","5,5"
38,Genoa,Lafont G.,c,55.0,55.0,55,55
38,Genoa,Masini,c,5.5,5.5,"5,5","5,5"
38,Genoa,Amorim,c,6.0,6.0,6,6
38,Genoa,Grossi J.,c,6.0,6.0,6,6
38,Genoa,Carbone F.,c,55.0,55.0,55,55
38,Genoa,Colombo,a,6.0,6.0,6,6
38,Genoa,De Rossi,all,5.5,5.5,"5,5","5,5"
38,Inter,Martinez Jo.,p,5.5,2.5,"5,5","2,5"
38,Inter,Dimarco,d,7.0,10.0,7,10
38,Inter,De Vrij,d,5.5,5.5,"5,5","5,5"
38,Inter,Carlos Augusto,d,6.0,6.0,6,6
38,Inter,Bisseck,d,5.5,5.5,"5,5","5,5"
38,Inter,Cocchi,d,6.0,6.0,6,6
38,Inter,Zielinski,c,5.0,3.0,5,3
38,Inter,Barella,c,6.0,6.0,6,6
38,Inter,Mkhitaryan,c,6.0,5.5,6,"5,5"
38,Inter,Luis Henrique,c,6.0,6.0,6,6
38,Inter,Diouf,c,7.0,10.0,7,10
38,Inter,Topalovic,c,6.5,7.5,"6,5","7,5"
38,Inter,Sucic P.,c,5.5,5.5,"5,5","5,5"
38,Inter,Martinez L.,a,5.5,5.0,"5,5",5
38,Inter,Bonny,a,6.0,6.0,6,6
38,Inter,Esposito F.P.,a,6.5,9.5,"6,5","9,5"
38,Inter,Chivu,all,6.5,6.5,"6,5","6,5"
38,Juventus,Perin,p,6.5,4.5,"6,5","4,5"
38,Juventus,Kalulu,d,6.0,5.5,6,"5,5"
38,Juventus,Cambiaso,d,5.5,5.5,"5,5","5,5"
38,Juventus,Holm,d,5.5,5.5,"5,5","5,5"
38,Juventus,Gatti,d,5.0,5.0,5,5
38,Juventus,Kelly L.,d,5.5,5.5,"5,5","5,5"
38,Juventus,Locatelli,c,5.5,5.5,"5,5","5,5"
38,Juventus,McKennie,c,6.0,6.0,6,6
38,Juventus,Thuram K.,c,6.0,7.0,6,7
38,Juventus,Koopmeiners,c,5.5,5.5,"5,5","5,5"
38,Juventus,Zhegrova,c,55.0,55.0,55,55
38,Juventus,Miretti,c,5.5,5.5,"5,5","5,5"
38,Juventus,Conceicao,c,6.5,7.5,"6,5","7,5"
38,Juventus,Boga,a,6.0,6.0,6,6
38,Juventus,Vlahovic,a,7.5,13.5,"7,5","13,5"
38,Juventus,David,a,5.5,5.5,"5,5","5,5"
38,Juventus,Spalletti,all,5.5,5.5,"5,5","5,5"
38,Lazio,Furlanetto,p,6.5,5.5,"6,5","5,5"
38,Lazio,Romagnoli,d,6.0,6.0,6,6
38,Lazio,Marusic,d,5.5,5.5,"5,5","5,5"
38,Lazio,Lazzari,d,55.0,55.0,55,55
38,Lazio,Pellegrini Lu.,d,6.0,6.0,6,6
38,Lazio,Gila,d,5.5,5.0,"5,5",5
38,Lazio,Provstgaard,d,6.0,6.0,6,6
38,Lazio,Maldini,c,6.0,6.0,6,6
38,Lazio,Basic,c,6.0,6.0,6,6
38,Lazio,Belahyane,c,6.5,7.5,"6,5","7,5"
38,Lazio,Dele-Bashiru,c,7.0,10.0,7,10
38,Lazio,Przyborek,c,55.0,55.0,55,55
38,Lazio,Pedro,a,7.0,10.0,7,10
38,Lazio,Cancellieri,a,5.5,5.5,"5,5","5,5"
38,Lazio,Dia,a,6.0,6.0,6,6
38,Lazio,Noslin,a,6.0,6.5,6,"6,5"
38,Lazio,Sarri,all,6.5,6.5,"6,5","6,5"
38,Lecce,Falcone,p,6.5,6.5,"6,5","6,5"
38,Lecce,Gallo,d,6.5,6.5,"6,5","6,5"
38,Lecce,Gaspar K.,d,55.0,55.0,55,55
38,Lecce,Jean,d,55.0,55.0,55,55
38,Lecce,Tiago Gabriel,d,6.5,6.0,"6,5",6
38,Lecce,Veiga D.,d,6.0,6.0,6,6
38,Lecce,Siebert,d,6.0,6.0,6,6
38,Lecce,Coulibaly L.,c,6.0,6.0,6,6
38,Lecce,Ramadani,c,6.0,5.5,6,"5,5"
38,Lecce,Pierotti,c,6.5,6.5,"6,5","6,5"
38,Lecce,Gandelman,c,6.0,6.0,6,6
38,Lecce,Ngom,c,6.0,6.0,6,6
38,Lecce,Banda,a,7.0,10.0,7,10
38,Lecce,Cheddira,a,6.0,6.0,6,6
38,Lecce,N'Dri,a,6.0,6.0,6,6
38,Lecce,Stulic,a,55.0,55.0,55,55
38,Lecce,Di Francesco,all,7.0,7.0,7,7
38,Milan,Maignan,p,7.0,4.5,7,"4,5"
38,Milan,Gabbia,d,5.5,5.5,"5,5","5,5"
38,Milan,Tomori,d,5.0,5.0,5,5
38,Milan,Pavlovic,d,5.5,5.0,"5,5",5
38,Milan,Bartesaghi,d,5.5,5.5,"5,5","5,5"
38,Milan,Athekame,d,6.0,6.0,6,6
38,Milan,Rabiot,c,5.5,5.5,"5,5","5,5"
38,Milan,Pulisic,c,5.0,5.0,5,5
38,Milan,Modric,c,6.0,6.0,6,6
38,Milan,Fofana Y.,c,5.0,5.0,5,5
38,Milan,Saelemaekers,c,7.0,10.0,7,10
38,Milan,Jashari,c,5.0,5.0,5,5
38,Milan,Fullkrug,a,5.5,5.5,"5,5","5,5"
38,Milan,Leao,a,6.0,6.0,6,6
38,Milan,Nkunku,a,5.0,5.0,5,5
38,Milan,Gimenez,a,5.5,6.5,"5,5","6,5"
38,Milan,Allegri,all,4.0,4.0,4,4
38,Napoli,Meret,p,6.5,6.5,"6,5","6,5"
38,Napoli,Contini,p,55.0,55.0,55,55
38,Napoli,Juan Jesus,d,6.0,6.0,6,6
38,Napoli,Di Lorenzo,d,6.5,6.5,"6,5","6,5"
38,Napoli,Rrahmani,d,6.5,6.5,"6,5","6,5"
38,Napoli,Gutierrez,d,6.5,6.5,"6,5","6,5"
38,Napoli,Mazzocchi,d,55.0,55.0,55,55
38,Napoli,Olivera,d,6.5,6.5,"6,5","6,5"
38,Napoli,Politano,c,6.0,6.0,6,6
38,Napoli,De Bruyne,c,6.5,7.5,"6,5","7,5"
38,Napoli,Lobotka,c,6.0,6.0,6,6
38,Napoli,Elmas,c,5.5,5.5,"5,5","5,5"
38,Napoli,McTominay,c,5.5,5.5,"5,5","5,5"
38,Napoli,Gilmour,c,6.5,6.5,"6,5","6,5"
38,Napoli,Santos A.,c,55.0,55.0,55,55
38,Napoli,Hojlund,a,7.5,10.5,"7,5","10,5"
38,Napoli,Conte,all,6.5,6.5,"6,5","6,5"
38,Parma,Corvi,p,6.5,6.5,"6,5","6,5"
38,Parma,Valenti,d,6.0,5.5,6,"5,5"
38,Parma,Valeri,d,6.5,6.5,"6,5","6,5"
38,Parma,Carboni F.,d,55.0,55.0,55,55
38,Parma,Circati,d,6.0,6.0,6,6
38,Parma,Ndiaye,d,6.0,6.0,6,6
38,Parma,Troilo,d,6.0,6.0,6,6
38,Parma,Britschgi,d,6.0,5.5,6,"5,5"
38,Parma,Nicolussi Caviglia,c,6.5,6.5,"6,5","6,5"
38,Parma,Keita M.,c,6.0,6.0,6,6
38,Parma,Ordonez C.,c,6.0,6.0,6,6
38,Parma,Sorensen O.,c,6.0,6.0,6,6
38,Parma,Almqvist,a,6.5,7.5,"6,5","7,5"
38,Parma,Pellegrino M.,a,7.0,10.0,7,10
38,Parma,Mikolajewski,a,6.0,6.0,6,6
38,Parma,Cardinali,a,6.0,6.0,6,6
38,Parma,Cuesta,all,6.5,6.5,"6,5","6,5"
38,Pisa,Semper,p,6.5,4.5,"6,5","4,5"
38,Pisa,Cuadrado,d,6.0,6.0,6,6
38,Pisa,Calabresi,d,5.5,5.5,"5,5","5,5"
38,Pisa,Canestrelli,d,6.0,6.0,6,6
38,Pisa,Angori,d,5.0,5.0,5,5
38,Pisa,Bozhinov,d,5.0,5.0,5,5
38,Pisa,Leris,c,5.5,5.5,"5,5","5,5"
38,Pisa,Aebischer,c,6.0,7.0,6,7
38,Pisa,Akinsanmiro,c,6.0,6.0,6,6
38,Pisa,Piccinini G.,c,5.5,5.0,"5,5",5
38,Pisa,Hojholt,c,6.0,6.0,6,6
38,Pisa,Vural,c,5.5,5.5,"5,5","5,5"
38,Pisa,Loyola,c,5.5,5.5,"5,5","5,5"
38,Pisa,Bettazzi,c,55.0,55.0,55,55
38,Pisa,Moreo,a,7.0,10.0,7,10
38,Pisa,Stojilkovic,a,5.5,5.5,"5,5","5,5"
38,Pisa,Hiljemark,all,5.5,5.5,"5,5","5,5"
38,Roma,Svilar,p,6.5,6.5,"6,5","6,5"
38,Roma,Mancini,d,6.5,6.5,"6,5","6,5"
38,Roma,Celik,d,6.5,6.5,"6,5","6,5"
38,Roma,Hermoso,d,6.5,6.5,"6,5","6,5"
38,Roma,Ghilardi,d,5.5,5.5,"5,5","5,5"
38,Roma,Rensch,d,6.5,6.5,"6,5","6,5"
38,Roma,Ziolkowski,d,5.5,5.0,"5,5",5
38,Roma,Cristante,c,6.0,6.0,6,6
38,Roma,El Shaarawy,c,7.0,10.0,7,10
38,Roma,Konè M.,c,6.0,6.0,6,6
38,Roma,Pisilli,c,6.0,6.0,6,6
38,Roma,El Aynaoui,c,6.0,6.0,6,6
38,Roma,Dybala,a,8.0,10.0,8,10
38,Roma,Malen,a,6.5,6.5,"6,5","6,5"
38,Roma,Soulè,a,6.0,6.0,6,6
38,Roma,Vaz,a,55.0,55.0,55,55
38,Roma,Gasperini,all,7.0,7.0,7,7
38,Sassuolo,Turati,p,6.5,5.5,"6,5","5,5"
38,Sassuolo,Zacchi,p,55.0,55.0,55,55
38,Sassuolo,Garcia U.,d,6.0,6.0,6,6
38,Sassuolo,Coulibaly W.,d,6.0,6.0,6,6
38,Sassuolo,Idzes,d,6.5,6.5,"6,5","6,5"
38,Sassuolo,Pedro Felipe,d,6.0,6.0,6,6
38,Sassuolo,Macchioni,d,5.0,4.5,5,"4,5"
38,Sassuolo,Matic,c,6.0,6.0,6,6
38,Sassuolo,Volpato,c,55.0,55.0,55,55
38,Sassuolo,Thorstvedt,c,5.5,5.0,"5,5",5
38,Sassuolo,Lipani,c,6.0,6.0,6,6
38,Sassuolo,Konè I.,c,6.5,6.5,"6,5","6,5"
38,Sassuolo,Berardi,a,6.0,6.0,6,6
38,Sassuolo,Pinamonti,a,5.5,5.5,"5,5","5,5"
38,Sassuolo,Nzola,a,5.5,5.5,"5,5","5,5"
38,Sassuolo,Laurientè,a,5.0,5.0,5,5
38,Sassuolo,Grosso,all,6.0,6.0,6,6
38,Torino,Paleari,p,6.5,4.5,"6,5","4,5"
38,Torino,Ismajli,d,5.0,5.0,5,5
38,Torino,Nkounkou,d,6.0,6.0,6,6
38,Torino,Ebosse,d,5.5,5.0,"5,5",5
38,Torino,Pedersen,d,6.0,6.0,6,6
38,Torino,Coco,d,5.0,5.0,5,5
38,Torino,Obrador,d,6.5,7.5,"6,5","7,5"
38,Torino,Vlasic,c,6.0,6.0,6,6
38,Torino,Casadei,c,7.5,10.5,"7,5","10,5"
38,Torino,Ilkhan,c,6.0,6.0,6,6
38,Torino,Gineitis,c,6.0,6.0,6,6
38,Torino,Prati,c,6.5,6.5,"6,5","6,5"
38,Torino,Zapata D.,a,5.5,5.5,"5,5","5,5"
38,Torino,Simeone,a,6.0,6.0,6,6
38,Torino,Adams C.,a,7.0,10.0,7,10
38,Torino,Njie,a,6.5,6.5,"6,5","6,5"
38,Torino,D'Aversa,all,6.5,6.5,"6,5","6,5"
38,Udinese,Okoye,p,6.5,5.5,"6,5","5,5"
38,Udinese,Kabasele,d,4.5,3.5,"4,5","3,5"
38,Udinese,Bertola,d,5.5,5.5,"5,5","5,5"
38,Udinese,Ehizibue,d,5.5,5.5,"5,5","5,5"
38,Udinese,Zemura,d,5.5,5.5,"5,5","5,5"
38,Udinese,Kristensen T.,d,6.0,6.0,6,6
38,Udinese,Solet,d,6.0,6.0,6,6
38,Udinese,Mlacic,d,55.0,55.0,55,55
38,Udinese,Zarraga,c,55.0,55.0,55,55
38,Udinese,Karlstrom,c,6.5,6.0,"6,5",6
38,Udinese,Atta,c,6.5,6.5,"6,5","6,5"
38,Udinese,Piotrowski,c,5.5,5.5,"5,5","5,5"
38,Udinese,Miller L.,c,6.0,5.5,6,"5,5"
38,Udinese,Davis K.,a,5.5,5.5,"5,5","5,5"
38,Udinese,Buksa,a,5.5,5.0,"5,5",5
38,Udinese,Gueye,a,6.0,6.0,6,6
38,Udinese,Runjaic,all,5.5,5.5,"5,5","5,5"
38,Verona,Montipò,p,7.0,8.0,7,8
38,Verona,Bradaric,d,6.0,6.0,6,6
38,Verona,Frese,d,5.5,5.5,"5,5","5,5"
38,Verona,Valentini N.,d,4.5,3.5,"4,5","3,5"
38,Verona,Nelsson,d,5.5,5.5,"5,5","5,5"
38,Verona,Belghali,d,6.0,6.0,6,6
38,Verona,Bella-Kotchap,d,5.5,5.5,"5,5","5,5"
38,Verona,Edmundsson,d,6.0,6.0,6,6
38,Verona,Akpa Akpro,c,6.0,6.0,6,6
38,Verona,Harroui,c,5.5,5.5,"5,5","5,5"
38,Verona,Lovric,c,5.5,5.0,"5,5",5
38,Verona,Suslov,c,6.5,6.5,"6,5","6,5"
38,Verona,Al-Musrati,c,6.0,6.0,6,6
38,Verona,Sarr A.,a,6.0,6.0,6,6
38,Verona,Bowie,a,5.5,5.5,"5,5","5,5"
38,Verona,Vermesan,a,55.0,55.0,55,55
38,Verona,Sammarco,all,5.5,5.5,"5,5","5,5"
