player,nationality,position,team,age,birth_year,games,games_starts,minutes,goals,assists,pens_made,pens_att,cards_yellow,cards_red,goals_per90,assists_per90,goals_assists_per90,goals_pens_per90,goals_assists_pens_per90,xg,npxg,xg_per90,npxg_per90,minutes_90s,shots_on_target,shots_free_kicks,shots_on_target_pct,shots_on_target_per90,goals_per_shot,goals_per_shot_on_target,npxg_per_shot,xg_net,npxg_net,passes_completed,passes,passes_pct,passes_total_distance,passes_progressive_distance,passes_completed_short,passes_short,passes_pct_short,passes_completed_medium,passes_medium,passes_pct_medium,passes_completed_long,passes_long,passes_pct_long,assisted_shots,passes_into_final_third,passes_into_penalty_area,crosses_into_penalty_area,progressive_passes,passes_live,passes_dead,passes_free_kicks,through_balls,passes_switches,crosses,corner_kicks,corner_kicks_in,corner_kicks_out,corner_kicks_straight,throw_ins,passes_offsides,passes_blocked,sca,sca_per90,sca_passes_live,sca_passes_dead,sca_shots,sca_fouled,gca,gca_per90,gca_passes_live,gca_passes_dead,gca_shots,gca_fouled,gca_defense,tackles,tackles_won,tackles_def_3rd,tackles_mid_3rd,tackles_att_3rd,blocks,blocked_shots,blocked_passes,interceptions,clearances,errors,touches,touches_def_pen_area,touches_def_3rd,touches_mid_3rd,touches_att_3rd,touches_att_pen_area,touches_live_ball,carries,progressive_carries,carries_into_final_third,carries_into_penalty_area,passes_received,miscontrols,dispossessed,cards_yellow_red,fouls,fouled,offsides,pens_won,pens_conceded,own_goals,ball_recoveries,aerials_won,aerials_lost,aerials_won_pct
James Abankwah,ie IRL,DF,Udinese,20,2004,6,0,88,0,0,0,0,1,0,0.0,0.0,0.0,0.0,0.0,0.1146742552518844,0.1146742552518844,0.14743832818099423,0.14743832818099423,1.0,0,0.0,0.0,0.0,0.0,0.0,0.1146742552518844,-0.1146742552518844,-0.1146742552518844,0.0,0.0,0.0,0.0,0.0,0.0,0.0,0.0,0.0,0.0,0.0,0.0,0.0,0.0,0.0,0.0,0.0,0.0,0.0,0.0,0.0,0.0,0.0,0.0,0,0.0,0.0,0.0,0.0,0.0,0.0,0.0,0.0,0.0,0.0,0.0,0.0,0.0,0.0,0.0,0.0,0.0,0.0,0.0,0.0,0.0,1,0.0,0.0,0.0,0.0,0.0,0.0,1,0.0,0.0,0.0,0.0,0.0,0.0,0.0,0.0,0.0,0.0,0.0,0.0,0.0,0.0,0.0,0.0,0,4,3,0,0.0,0.0,0,0.0,0.0,0.0,0.0
Saud Abdulhamid,sa KSA,MF,Roma,25,1999,4,2,205,0,1,0,0,0,0,0.0,0.44,0.44,0.0,0.44,0.0149639835581183,0.0149639835581183,0.0064748005780319575,0.0064748005780319575,2.3,0,0.0,0.0,0.0,0.0,0.0,0.0149639835581183,-0.0149639835581183,-0.0149639835581183,0.0,0.0,0.0,0.0,0.0,0.0,0.0,0.0,0.0,0.0,0.0,0.0,0.0,0.0,2.0,0.0,0.0,0.0,0.0,0.0,0.0,0.0,0.0,0.0,7,0.0,0.0,0.0,0.0,0.0,0.0,0.0,0.0,0.0,0.0,0.0,0.0,0.0,0.0,0.0,0.0,0.0,0.0,0.0,0.0,0.0,2,0.0,0.0,0.0,0.0,0.0,0.0,2,0.0,0.0,0.0,0.0,0.0,0.0,0.0,0.0,0.0,0.0,0.0,0.0,0.0,0.0,0.0,0.0,0,2,5,0,0.0,0.0,0,0.0,0.0,0.0,0.0
Oliver Abildgaard,dk DEN,"DF,MF",Como,28,1996,1,0,7,0,0,0,0,0,0,0.0,0.0,0.0,0.0,0.0,0.0,0.0,0.0,0.0,0.1,0,0.0,0.0,0.0,0.0,0.0,,0.0,0.0,0.0,0.0,0.0,0.0,0.0,0.0,0.0,0.0,0.0,0.0,0.0,0.0,0.0,0.0,0.0,0.0,0.0,0.0,0.0,0.0,0.0,0.0,0.0,0.0,0,0.0,0.0,0.0,0.0,0.0,0.0,0.0,0.0,0.0,0.0,0.0,0.0,0.0,0.0,0.0,0.0,0.0,0.0,0.0,0.0,0.0,0,0.0,0.0,0.0,0.0,0.0,0.0,0,0.0,0.0,0.0,0.0,0.0,0.0,0.0,0.0,0.0,0.0,0.0,0.0,0.0,0.0,0.0,0.0,0,0,1,0,0.0,0.0,0,0.0,0.0,0.0,0.0
Tammy Abraham,eng ENG,FW,Roma,26,1997,1,0,1,0,0,0,0,0,0,0.0,0.0,0.0,0.0,0.0,7.742781264707446,6.220183564350009,0.5935692622007412,0.47684541805068215,0.0,0,0.0,0.0,0.0,0.0,0.0,0.22214941301250032,-4.742781264707446,-4.220183564350009,0.0,0.0,0.0,0.0,0.0,0.0,0.0,0.0,0.0,0.0,0.0,0.0,0.0,0.0,15.0,0.0,0.0,0.0,0.0,0.0,0.0,0.0,0.0,0.0,0,0.0,0.0,0.0,0.0,0.0,0.0,0.0,0.0,0.0,0.0,0.0,0.0,0.0,0.0,0.0,0.0,0.0,0.0,0.0,0.0,0.0,0,0.0,0.0,0.0,0.0,0.0,0.0,0,0.0,0.0,0.0,0.0,0.0,0.0,0.0,0.0,0.0,0.0,0.0,0.0,0.0,0.0,0.0,0.0,0,0,0,0,0.0,0.0,0,0.0,0.0,0.0,0.0
Tammy Abraham,eng ENG,FW,Milan,26,1997,28,12,"1,183",3,4,1,2,1,0,0.23,0.3,0.53,0.15,0.46,7.742781264707446,6.220183564350009,0.5935692622007412,0.47684541805068215,13.1,13,0.0,46.4,0.99,0.07,0.15,0.22214941301250032,-4.742781264707446,-4.220183564350009,0.0,0.0,0.0,0.0,0.0,0.0,0.0,0.0,0.0,0.0,0.0,0.0,0.0,0.0,15.0,0.0,0.0,0.0,0.0,0.0,0.0,0.0,0.0,0.0,3,0.0,0.0,0.0,0.0,0.0,0.0,0.0,0.0,0.0,0.0,0.0,0.0,0.0,0.0,0.0,0.0,0.0,0.0,0.0,0.0,0.0,11,0.0,0.0,0.0,0.0,0.0,0.0,2,0.0,0.0,0.0,0.0,0.0,0.0,0.0,0.0,0.0,0.0,0.0,0.0,0.0,0.0,0.0,0.0,0,23,12,6,0.0,0.0,0,0.0,0.0,0.0,0.0
Federico Accornero,it ITA,MF,Genoa,20,2004,1,0,5,0,0,0,0,0,0,0.0,0.0,0.0,0.0,0.0,0.0,0.0,0.0,0.0,0.1,0,0.0,0.0,0.0,0.0,0.0,,0.0,0.0,0.0,0.0,0.0,0.0,0.0,0.0,0.0,0.0,0.0,0.0,0.0,0.0,0.0,0.0,0.0,0.0,0.0,0.0,0.0,0.0,0.0,0.0,0.0,0.0,1,0.0,0.0,0.0,0.0,0.0,0.0,0.0,0.0,0.0,0.0,0.0,0.0,0.0,0.0,0.0,0.0,0.0,0.0,0.0,0.0,0.0,0,0.0,0.0,0.0,0.0,0.0,0.0,0,0.0,0.0,0.0,0.0,0.0,0.0,0.0,0.0,0.0,0.0,0.0,0.0,0.0,0.0,0.0,0.0,0,0,0,0,0.0,0.0,0,0.0,0.0,0.0,0.0
Francesco Acerbi,it ITA,DF,Inter,36,1988,23,20,"1,710",0,1,0,0,0,0,0.0,0.05,0.05,0.0,0.05,0.3371179103851318,0.3371179103851318,0.01790006603814859,0.01790006603814859,19.0,1,0.0,20.0,0.05,0.0,0.0,0.06742358207702635,-0.3371179103851318,-0.3371179103851318,0.0,0.0,0.0,0.0,0.0,0.0,0.0,0.0,0.0,0.0,0.0,0.0,0.0,0.0,8.0,0.0,0.0,0.0,0.0,0.0,0.0,0.0,0.0,0.0,10,0.0,0.0,0.0,0.0,0.0,0.0,0.0,0.0,0.0,0.0,0.0,0.0,0.0,0.0,0.0,0.0,0.0,0.0,0.0,0.0,0.0,17,0.0,0.0,0.0,0.0,0.0,0.0,28,0.0,0.0,0.0,0.0,0.0,0.0,0.0,0.0,0.0,0.0,0.0,0.0,0.0,0.0,0.0,0.0,0,11,18,2,0.0,0.0,0,0.0,0.0,0.0,0.0
Ché Adams,sct SCO,FW,Torino,28,1996,36,30,"2,652",9,3,0,1,2,0,0.31,0.1,0.41,0.31,0.41,9.513159267604353,8.751860439777374,0.32308842795637427,0.2972329960679108,29.5,26,0.0,40.6,0.88,0.14,0.35,0.13674781937152147,-0.5131592676043528,0.24813956022262573,0.0,0.0,0.0,0.0,0.0,0.0,0.0,0.0,0.0,0.0,0.0,0.0,0.0,0.0,26.0,0.0,0.0,0.0,0.0,0.0,0.0,0.0,0.0,0.0,10,0.0,0.0,0.0,0.0,0.0,0.0,0.0,0.0,0.0,0.0,0.0,0.0,0.0,0.0,0.0,0.0,0.0,0.0,0.0,0.0,0.0,6,0.0,0.0,0.0,0.0,0.0,0.0,1,0.0,0.0,0.0,0.0,0.0,0.0,0.0,0.0,0.0,0.0,0.0,0.0,0.0,0.0,0.0,0.0,0,29,40,23,0.0,0.0,0,0.0,0.0,0.0,0.0
Yacine Adli,fr FRA,MF,Fiorentina,24,2000,26,15,"1,234",4,6,0,0,3,1,0.29,0.44,0.73,0.29,0.73,0.90202596783638,0.90202596783638,0.06515436364789261,0.06515436364789261,13.7,5,0.0,35.7,0.36,0.29,0.8,0.06443042627402715,3.09797403216362,3.09797403216362,0.0,0.0,0.0,0.0,0.0,0.0,0.0,0.0,0.0,0.0,0.0,0.0,0.0,0.0,23.0,0.0,0.0,0.0,0.0,0.0,0.0,0.0,0.0,0.0,62,0.0,0.0,0.0,0.0,0.0,0.0,0.0,0.0,0.0,0.0,0.0,0.0,0.0,0.0,0.0,0.0,0.0,0.0,0.0,0.0,0.0,20,0.0,0.0,0.0,0.0,0.0,0.0,5,0.0,0.0,0.0,0.0,0.0,0.0,0.0,0.0,0.0,0.0,0.0,0.0,0.0,0.0,0.0,0.0,1,9,20,0,0.0,0.0,0,0.0,0.0,0.0,0.0
Vasilije Adžić,me MNE,MF,Juventus,18,2006,6,0,42,0,0,0,0,0,0,0.0,0.0,0.0,0.0,0.0,0.0272424314171075,0.0272424314171075,0.074297540228475,0.074297540228475,0.5,1,0.0,100.0,2.14,0.0,0.0,0.0272424314171075,-0.0272424314171075,-0.0272424314171075,0.0,0.0,0.0,0.0,0.0,0.0,0.0,0.0,0.0,0.0,0.0,0.0,0.0,0.0,0.0,0.0,0.0,0.0,0.0,0.0,0.0,0.0,0.0,0.0,0,0.0,0.0,0.0,0.0,0.0,0.0,0.0,0.0,0.0,0.0,0.0,0.0,0.0,0.0,0.0,0.0,0.0,0.0,0.0,0.0,0.0,2,0.0,0.0,0.0,0.0,0.0,0.0,0,0.0,0.0,0.0,0.0,0.0,0.0,0.0,0.0,0.0,0.0,0.0,0.0,0.0,0.0,0.0,0.0,0,1,1,0,0.0,0.0,0,0.0,0.0,0.0,0.0
Michel Aebischer,ch SUI,MF,Bologna,27,1997,14,9,724,0,0,0,0,2,0,0.0,0.0,0.0,0.0,0.0,0.4345237482339144,0.4345237482339144,0.05364490718937215,0.05364490718937215,8.0,5,0.0,50.0,0.62,0.0,0.0,0.04345237482339144,-0.4345237482339144,-0.4345237482339144,0.0,0.0,0.0,0.0,0.0,0.0,0.0,0.0,0.0,0.0,0.0,0.0,0.0,0.0,8.0,0.0,0.0,0.0,0.0,0.0,0.0,0.0,0.0,0.0,13,0.0,0.0,0.0,0.0,0.0,0.0,0.0,0.0,0.0,0.0,0.0,0.0,0.0,0.0,0.0,0.0,0.0,0.0,0.0,0.0,0.0,13,0.0,0.0,0.0,0.0,0.0,0.0,7,0.0,0.0,0.0,0.0,0.0,0.0,0.0,0.0,0.0,0.0,0.0,0.0,0.0,0.0,0.0,0.0,0,16,16,0,0.0,0.0,0,0.0,0.0,0.0,0.0
Honest Ahanor,it ITA,"MF,DF",Genoa,16,2008,6,3,270,0,0,0,0,0,0,0.0,0.0,0.0,0.0,0.0,0.6984457075595856,0.6984457075595856,0.23901183908883158,0.23901183908883158,3.0,1,0.0,33.3,0.33,0.0,0.0,0.2328152358531952,-0.6984457075595856,-0.6984457075595856,0.0,0.0,0.0,0.0,0.0,0.0,0.0,0.0,0.0,0.0,0.0,0.0,0.0,0.0,2.0,0.0,0.0,0.0,0.0,0.0,0.0,0.0,0.0,0.0,4,0.0,0.0,0.0,0.0,0.0,0.0,0.0,0.0,0.0,0.0,0.0,0.0,0.0,0.0,0.0,0.0,0.0,0.0,0.0,0.0,0.0,4,0.0,0.0,0.0,0.0,0.0,0.0,1,0.0,0.0,0.0,0.0,0.0,0.0,0.0,0.0,0.0,0.0,0.0,0.0,0.0,0.0,0.0,0.0,0,2,8,0,0.0,0.0,0,0.0,0.0,0.0,0.0
Junior Ajayi,ci CIV,FW,Hellas Verona,19,2004,2,0,13,0,0,0,0,0,0,0.0,0.0,0.0,0.0,0.0,0.0,0.0,0.0,0.0,0.1,0,0.0,0.0,0.0,0.0,0.0,,0.0,0.0,0.0,0.0,0.0,0.0,0.0,0.0,0.0,0.0,0.0,0.0,0.0,0.0,0.0,0.0,0.0,0.0,0.0,0.0,0.0,0.0,0.0,0.0,0.0,0.0,0,0.0,0.0,0.0,0.0,0.0,0.0,0.0,0.0,0.0,0.0,0.0,0.0,0.0,0.0,0.0,0.0,0.0,0.0,0.0,0.0,0.0,0,0.0,0.0,0.0,0.0,0.0,0.0,0,0.0,0.0,0.0,0.0,0.0,0.0,0.0,0.0,0.0,0.0,0.0,0.0,0.0,0.0,0.0,0.0,0,1,1,0,0.0,0.0,0,0.0,0.0,0.0,0.0
Jean-Daniel Akpa-Akpro,ci CIV,MF,Monza,31,1992,14,12,966,0,0,0,0,4,0,0.0,0.0,0.0,0.0,0.0,0.4298765882849693,0.4298765882849693,0.039518787482785735,0.039518787482785735,10.7,2,0.0,50.0,0.19,0.0,0.0,0.10746914707124232,-0.4298765882849693,-0.4298765882849693,0.0,0.0,0.0,0.0,0.0,0.0,0.0,0.0,0.0,0.0,0.0,0.0,0.0,0.0,3.0,0.0,0.0,0.0,0.0,0.0,0.0,0.0,0.0,0.0,6,0.0,0.0,0.0,0.0,0.0,0.0,0.0,0.0,0.0,0.0,0.0,0.0,0.0,0.0,0.0,0.0,0.0,0.0,0.0,0.0,0.0,19,0.0,0.0,0.0,0.0,0.0,0.0,11,0.0,0.0,0.0,0.0,0.0,0.0,0.0,0.0,0.0,0.0,0.0,0.0,0.0,0.0,0.0,0.0,0,24,18,0,0.0,0.0,0,0.0,0.0,0.0,0.0
David Akpan Ankeye,ng NGA,FW,Genoa,22,2002,4,0,45,0,0,0,0,0,0,0.0,0.0,0.0,0.0,0.0,0.0,0.0,0.0,0.0,0.5,0,0.0,0.0,0.0,0.0,0.0,0.0,0.0,0.0,0.0,0.0,0.0,0.0,0.0,0.0,0.0,0.0,0.0,0.0,0.0,0.0,0.0,0.0,0.0,0.0,0.0,0.0,0.0,0.0,0.0,0.0,0.0,0.0,0,0.0,0.0,0.0,0.0,0.0,0.0,0.0,0.0,0.0,0.0,0.0,0.0,0.0,0.0,0.0,0.0,0.0,0.0,0.0,0.0,0.0,0,0.0,0.0,0.0,0.0,0.0,0.0,0,0.0,0.0,0.0,0.0,0.0,0.0,0.0,0.0,0.0,0.0,0.0,0.0,0.0,0.0,0.0,0.0,0,3,1,0,0.0,0.0,0,0.0,0.0,0.0,0.0
Faride Alidou,de GER,FW,Hellas Verona,23,2001,3,0,71,0,0,0,0,0,0,0.0,0.0,0.0,0.0,0.0,0.0125049231573939,0.0125049231573939,0.01786417593913414,0.01786417593913414,0.8,0,0.0,0.0,0.0,0.0,0.0,0.0125049231573939,-0.0125049231573939,-0.0125049231573939,0.0,0.0,0.0,0.0,0.0,0.0,0.0,0.0,0.0,0.0,0.0,0.0,0.0,0.0,1.0,0.0,0.0,0.0,0.0,0.0,0.0,0.0,0.0,0.0,3,0.0,0.0,0.0,0.0,0.0,0.0,0.0,0.0,0.0,0.0,0.0,0.0,0.0,0.0,0.0,0.0,0.0,0.0,0.0,0.0,0.0,0,0.0,0.0,0.0,0.0,0.0,0.0,1,0.0,0.0,0.0,0.0,0.0,0.0,0.0,0.0,0.0,0.0,0.0,0.0,0.0,0.0,0.0,0.0,0,1,0,0,0.0,0.0,0,0.0,0.0,0.0,0.0
Dele Alli,eng ENG,"FW,MF",Como,28,1996,1,0,9,0,0,0,0,0,1,0.0,0.0,0.0,0.0,0.0,0.0,0.0,0.0,0.0,0.1,0,0.0,0.0,0.0,0.0,0.0,,0.0,0.0,0.0,0.0,0.0,0.0,0.0,0.0,0.0,0.0,0.0,0.0,0.0,0.0,0.0,0.0,0.0,0.0,0.0,0.0,0.0,0.0,0.0,0.0,0.0,0.0,0,0.0,0.0,0.0,0.0,0.0,0.0,0.0,0.0,0.0,0.0,0.0,0.0,0.0,0.0,0.0,0.0,0.0,0.0,0.0,0.0,0.0,0,0.0,0.0,0.0,0.0,0.0,0.0,0,0.0,0.0,0.0,0.0,0.0,0.0,0.0,0.0,0.0,0.0,0.0,0.0,0.0,0.0,0.0,0.0,0,1,0,0,0.0,0.0,0,0.0,0.0,0.0,0.0
Pontus Almqvist,se SWE,"FW,MF",Parma,25,1999,29,10,"1,112",1,1,0,0,5,0,0.08,0.08,0.16,0.08,0.16,2.062207432463765,2.062207432463765,0.1710586810338607,0.1710586810338607,12.4,10,0.0,38.5,0.81,0.04,0.1,0.07931567047937559,-1.0622074324637651,-1.0622074324637651,0.0,0.0,0.0,0.0,0.0,0.0,0.0,0.0,0.0,0.0,0.0,0.0,0.0,0.0,10.0,0.0,0.0,0.0,0.0,0.0,0.0,0.0,0.0,0.0,11,0.0,0.0,0.0,0.0,0.0,0.0,0.0,0.0,0.0,0.0,0.0,0.0,0.0,0.0,0.0,0.0,0.0,0.0,0.0,0.0,0.0,14,0.0,0.0,0.0,0.0,0.0,0.0,20,0.0,0.0,0.0,0.0,0.0,0.0,0.0,0.0,0.0,0.0,0.0,0.0,0.0,0.0,0.0,0.0,0,15,15,2,0.0,0.0,0,0.0,0.0,0.0,0.0
Giorgio Altare,it ITA,DF,Venezia,25,1998,12,8,753,0,0,0,0,2,0,0.0,0.0,0.0,0.0,0.0,0.0842535831034183,0.0842535831034183,0.010110429972410195,0.010110429972410195,8.4,1,0.0,33.3,0.12,0.0,0.0,0.028084527701139433,-0.0842535831034183,-0.0842535831034183,0.0,0.0,0.0,0.0,0.0,0.0,0.0,0.0,0.0,0.0,0.0,0.0,0.0,0.0,1.0,0.0,0.0,0.0,0.0,0.0,0.0,0.0,0.0,0.0,7,0.0,0.0,0.0,0.0,0.0,0.0,0.0,0.0,0.0,0.0,0.0,0.0,0.0,0.0,0.0,0.0,0.0,0.0,0.0,0.0,0.0,12,0.0,0.0,0.0,0.0,0.0,0.0,18,0.0,0.0,0.0,0.0,0.0,0.0,0.0,0.0,0.0,0.0,0.0,0.0,0.0,0.0,0.0,0.0,0,10,2,0,0.0,0.0,1,0.0,0.0,0.0,0.0
Sofyan Amrabat,ma MAR,MF,Fiorentina,27,1996,2,2,180,0,0,0,0,0,0,0.0,0.0,0.0,0.0,0.0,0.0,0.0,0.0,0.0,2.0,0,0.0,0.0,0.0,0.0,0.0,,0.0,0.0,0.0,0.0,0.0,0.0,0.0,0.0,0.0,0.0,0.0,0.0,0.0,0.0,0.0,0.0,2.0,0.0,0.0,0.0,0.0,0.0,0.0,0.0,0.0,0.0,3,0.0,0.0,0.0,0.0,0.0,0.0,0.0,0.0,0.0,0.0,0.0,0.0,0.0,0.0,0.0,0.0,0.0,0.0,0.0,0.0,0.0,2,0.0,0.0,0.0,0.0,0.0,0.0,0,0.0,0.0,0.0,0.0,0.0,0.0,0.0,0.0,0.0,0.0,0.0,0.0,0.0,0.0,0.0,0.0,0,4,1,0,0.0,0.0,0,0.0,0.0,0.0,0.0
Angeliño,es ESP,"MF,DF",Roma,27,1997,38,36,"3,177",2,1,0,0,1,0,0.06,0.03,0.08,0.06,0.08,1.4242041343823075,1.4242041343823075,0.040282329382277715,0.040282329382277715,35.3,6,0.0,25.0,0.17,0.08,0.33,0.05934183893259615,0.5757958656176925,0.5757958656176925,0.0,0.0,0.0,0.0,0.0,0.0,0.0,0.0,0.0,0.0,0.0,0.0,0.0,0.0,50.0,0.0,0.0,0.0,0.0,0.0,0.0,0.0,0.0,0.0,119,0.0,0.0,0.0,0.0,0.0,0.0,0.0,0.0,0.0,0.0,0.0,0.0,0.0,0.0,0.0,0.0,0.0,0.0,0.0,0.0,0.0,24,0.0,0.0,0.0,0.0,0.0,0.0,28,0.0,0.0,0.0,0.0,0.0,0.0,0.0,0.0,0.0,0.0,0.0,0.0,0.0,0.0,0.0,0.0,0,32,33,5,0.0,0.0,0,0.0,0.0,0.0,0.0
Lorenzo Anghelè,it ITA,FW,Juventus,19,2005,1,0,6,0,0,0,0,0,0,0.0,0.0,0.0,0.0,0.0,0.0,0.0,0.0,0.0,0.1,0,0.0,0.0,0.0,0.0,0.0,,0.0,0.0,0.0,0.0,0.0,0.0,0.0,0.0,0.0,0.0,0.0,0.0,0.0,0.0,0.0,0.0,0.0,0.0,0.0,0.0,0.0,0.0,0.0,0.0,0.0,0.0,0,0.0,0.0,0.0,0.0,0.0,0.0,0.0,0.0,0.0,0.0,0.0,0.0,0.0,0.0,0.0,0.0,0.0,0.0,0.0,0.0,0.0,0,0.0,0.0,0.0,0.0,0.0,0.0,0,0.0,0.0,0.0,0.0,0.0,0.0,0.0,0.0,0.0,0.0,0.0,0.0,0.0,0.0,0.0,0.0,0,0,0,0,0.0,0.0,0,0.0,0.0,0.0,0.0
Frank Anguissa,cm CMR,MF,Napoli,28,1995,35,32,"2,852",6,4,0,0,5,0,0.19,0.13,0.32,0.19,0.32,0.0,0.0,0.0,0.0,31.7,13,0.0,29.5,0.41,0.14,0.46,0.0,0.0,0.0,0.0,0.0,0.0,0.0,0.0,0.0,0.0,0.0,0.0,0.0,0.0,0.0,0.0,0.0,0.0,0.0,0.0,0.0,0.0,0.0,0.0,0.0,0.0,0.0,23,0.0,0.0,0.0,0.0,0.0,0.0,0.0,0.0,0.0,0.0,0.0,0.0,0.0,0.0,0.0,0.0,0.0,0.0,0.0,0.0,0.0,26,0.0,0.0,0.0,0.0,0.0,0.0,34,0.0,0.0,0.0,0.0,0.0,0.0,0.0,0.0,0.0,0.0,0.0,0.0,0.0,0.0,0.0,0.0,0,39,36,2,0.0,0.0,0,0.0,0.0,0.0,0.0
Faustino Anjorin,eng ENG,MF,Empoli,22,2001,22,14,"1,114",2,3,0,0,3,0,0.16,0.24,0.4,0.16,0.4,0.78926155064255,0.78926155064255,0.06302887272212022,0.06302887272212022,12.4,7,0.0,30.4,0.57,0.09,0.29,0.03431571959315435,1.21073844935745,1.21073844935745,0.0,0.0,0.0,0.0,0.0,0.0,0.0,0.0,0.0,0.0,0.0,0.0,0.0,0.0,17.0,0.0,0.0,0.0,0.0,0.0,0.0,0.0,0.0,0.0,17,0.0,0.0,0.0,0.0,0.0,0.0,0.0,0.0,0.0,0.0,0.0,0.0,0.0,0.0,0.0,0.0,0.0,0.0,0.0,0.0,0.0,15,0.0,0.0,0.0,0.0,0.0,0.0,13,0.0,0.0,0.0,0.0,0.0,0.0,0.0,0.0,0.0,0.0,0.0,0.0,0.0,0.0,0.0,0.0,0,24,19,0,0.0,0.0,0,0.0,0.0,0.0,0.0
Marko Arnautović,at AUT,FW,Inter,35,1989,18,5,549,4,2,0,0,1,0,0.66,0.33,0.98,0.66,0.98,4.483994249254465,4.483994249254465,0.759999025297367,0.759999025297367,6.1,6,0.0,42.9,0.98,0.29,0.67,0.3202853035181761,-0.4839942492544651,-0.4839942492544651,0.0,0.0,0.0,0.0,0.0,0.0,0.0,0.0,0.0,0.0,0.0,0.0,0.0,0.0,7.0,0.0,0.0,0.0,0.0,0.0,0.0,0.0,0.0,0.0,5,0.0,0.0,0.0,0.0,0.0,0.0,0.0,0.0,0.0,0.0,0.0,0.0,0.0,0.0,0.0,0.0,0.0,0.0,0.0,0.0,0.0,6,0.0,0.0,0.0,0.0,0.0,0.0,1,0.0,0.0,0.0,0.0,0.0,0.0,0.0,0.0,0.0,0.0,0.0,0.0,0.0,0.0,0.0,0.0,0,4,6,8,0.0,0.0,0,0.0,0.0,0.0,0.0
Kristjan Asllani,al ALB,MF,Inter,22,2002,22,10,988,2,2,2,2,4,0,0.18,0.18,0.36,0.0,0.18,2.2790823988616467,0.756484741345048,0.21366397489327937,0.07092044450109825,11.0,5,0.0,31.3,0.46,0.0,0.0,0.0472802963340655,-0.27908239886164665,-0.756484741345048,0.0,0.0,0.0,0.0,0.0,0.0,0.0,0.0,0.0,0.0,0.0,0.0,0.0,0.0,14.0,0.0,0.0,0.0,0.0,0.0,0.0,0.0,0.0,0.0,41,0.0,0.0,0.0,0.0,0.0,0.0,0.0,0.0,0.0,0.0,0.0,0.0,0.0,0.0,0.0,0.0,0.0,0.0,0.0,0.0,0.0,4,0.0,0.0,0.0,0.0,0.0,0.0,8,0.0,0.0,0.0,0.0,0.0,0.0,0.0,0.0,0.0,0.0,0.0,0.0,0.0,0.0,0.0,0.0,0,9,19,0,0.0,0.0,0,0.0,0.0,0.0,0.0
Arthur Atta,fr FRA,"MF,FW",Udinese,21,2003,27,12,"1,251",0,1,0,0,5,0,0.0,0.07,0.07,0.0,0.07,1.5434948615729809,1.5434948615729809,0.11358506749106155,0.11358506749106155,13.9,7,0.0,26.9,0.5,0.0,0.0,0.059365186983576186,-1.5434948615729809,-1.5434948615729809,0.0,0.0,0.0,0.0,0.0,0.0,0.0,0.0,0.0,0.0,0.0,0.0,0.0,0.0,18.0,0.0,0.0,0.0,0.0,0.0,0.0,0.0,0.0,0.0,24,0.0,0.0,0.0,0.0,0.0,0.0,0.0,0.0,0.0,0.0,0.0,0.0,0.0,0.0,0.0,0.0,0.0,0.0,0.0,0.0,0.0,10,0.0,0.0,0.0,0.0,0.0,0.0,7,0.0,0.0,0.0,0.0,0.0,0.0,0.0,0.0,0.0,0.0,0.0,0.0,0.0,0.0,0.0,0.0,0,15,14,1,0.0,0.0,0,0.0,0.0,0.0,0.0
Emil Audero,id IDN,GK,Como,27,1997,8,8,720,0,0,0,0,0,0,0.0,0.0,0.0,0.0,0.0,0.0408126413822174,0.0408126413822174,0.005101580172777175,0.005101580172777175,8.0,0,0.0,0.0,0.0,0.0,0.0,0.0408126413822174,-0.0408126413822174,-0.0408126413822174,0.0,0.0,0.0,0.0,0.0,0.0,0.0,0.0,0.0,0.0,0.0,0.0,0.0,0.0,0.0,0.0,0.0,0.0,0.0,0.0,0.0,0.0,0.0,0.0,0,0.0,0.0,0.0,0.0,0.0,0.0,0.0,0.0,0.0,0.0,0.0,0.0,0.0,0.0,0.0,0.0,0.0,0.0,0.0,0.0,0.0,0,0.0,0.0,0.0,0.0,0.0,0.0,0,0.0,0.0,0.0,0.0,0.0,0.0,0.0,0.0,0.0,0.0,0.0,0.0,0.0,0.0,0.0,0.0,0,0,1,0,0.0,0.0,0,0.0,0.0,0.0,0.0
Tommaso Augello,it ITA,"MF,DF",Cagliari,29,1994,38,30,"2,713",0,7,0,0,3,0,0.0,0.23,0.23,0.0,0.23,0.2021524487063288,0.2021524487063288,0.006679045662103375,0.006679045662103375,30.1,0,0.0,0.0,0.0,0.0,0.0,0.0252690560882911,-0.2021524487063288,-0.2021524487063288,0.0,0.0,0.0,0.0,0.0,0.0,0.0,0.0,0.0,0.0,0.0,0.0,0.0,0.0,40.0,0.0,0.0,0.0,0.0,0.0,0.0,0.0,0.0,0.0,208,0.0,0.0,0.0,0.0,0.0,0.0,0.0,0.0,0.0,0.0,0.0,0.0,0.0,0.0,0.0,0.0,0.0,0.0,0.0,0.0,0.0,27,0.0,0.0,0.0,0.0,0.0,0.0,14,0.0,0.0,0.0,0.0,0.0,0.0,0.0,0.0,0.0,0.0,0.0,0.0,0.0,0.0,0.0,0.0,0,15,11,3,0.0,0.0,0,0.0,0.0,0.0,0.0
Carlos Augusto,br BRA,"DF,MF",Inter,25,1999,29,15,"1,691",3,2,0,0,1,0,0.16,0.11,0.27,0.16,0.27,3.478978853672743,3.478978853672743,0.18884686177958196,0.18884686177958196,18.8,7,0.0,29.2,0.37,0.13,0.43,0.14495745223636428,-0.47897885367274284,-0.47897885367274284,0.0,0.0,0.0,0.0,0.0,0.0,0.0,0.0,0.0,0.0,0.0,0.0,0.0,0.0,9.0,0.0,0.0,0.0,0.0,0.0,0.0,0.0,0.0,0.0,21,0.0,0.0,0.0,0.0,0.0,0.0,0.0,0.0,0.0,0.0,0.0,0.0,0.0,0.0,0.0,0.0,0.0,0.0,0.0,0.0,0.0,14,0.0,0.0,0.0,0.0,0.0,0.0,11,0.0,0.0,0.0,0.0,0.0,0.0,0.0,0.0,0.0,0.0,0.0,0.0,0.0,0.0,0.0,0.0,0,10,12,3,0.0,0.0,0,0.0,0.0,0.0,0.0
Yann Aurel Bisseck,de GER,DF,Inter,23,2000,27,17,"1,643",3,2,0,0,4,0,0.16,0.11,0.27,0.16,0.27,0.0,0.0,0.0,0.0,18.3,5,0.0,23.8,0.27,0.14,0.6,0.0,0.0,0.0,0.0,0.0,0.0,0.0,0.0,0.0,0.0,0.0,0.0,0.0,0.0,0.0,0.0,0.0,0.0,0.0,0.0,0.0,0.0,0.0,0.0,0.0,0.0,0.0,8,0.0,0.0,0.0,0.0,0.0,0.0,0.0,0.0,0.0,0.0,0.0,0.0,0.0,0.0,0.0,0.0,0.0,0.0,0.0,0.0,0.0,13,0.0,0.0,0.0,0.0,0.0,0.0,18,0.0,0.0,0.0,0.0,0.0,0.0,0.0,0.0,0.0,0.0,0.0,0.0,0.0,0.0,0.0,0.0,0,16,9,1,0.0,0.0,0,0.0,0.0,0.0,0.0
Paulo Azzi,br BRA,MF,Cagliari,30,1994,6,5,426,0,0,0,0,2,0,0.0,0.0,0.0,0.0,0.0,0.6600406542420387,0.6600406542420387,0.1359351461825709,0.1359351461825709,4.7,3,0.0,37.5,0.63,0.0,0.0,0.08250508178025484,-0.6600406542420387,-0.6600406542420387,0.0,0.0,0.0,0.0,0.0,0.0,0.0,0.0,0.0,0.0,0.0,0.0,0.0,0.0,5.0,0.0,0.0,0.0,0.0,0.0,0.0,0.0,0.0,0.0,22,0.0,0.0,0.0,0.0,0.0,0.0,0.0,0.0,0.0,0.0,0.0,0.0,0.0,0.0,0.0,0.0,0.0,0.0,0.0,0.0,0.0,9,0.0,0.0,0.0,0.0,0.0,0.0,4,0.0,0.0,0.0,0.0,0.0,0.0,0.0,0.0,0.0,0.0,0.0,0.0,0.0,0.0,0.0,0.0,0,5,3,0,0.0,0.0,0,0.0,0.0,0.0,0.0
Oussama El Azzouzi,ma MAR,MF,Bologna,23,2001,2,0,19,0,0,0,0,0,0,0.0,0.0,0.0,0.0,0.0,0.0,0.0,0.0,0.0,0.2,0,0.0,0.0,0.0,0.0,0.0,,0.0,0.0,0.0,0.0,0.0,0.0,0.0,0.0,0.0,0.0,0.0,0.0,0.0,0.0,0.0,0.0,0.0,0.0,0.0,0.0,0.0,0.0,0.0,0.0,0.0,0.0,0,0.0,0.0,0.0,0.0,0.0,0.0,0.0,0.0,0.0,0.0,0.0,0.0,0.0,0.0,0.0,0.0,0.0,0.0,0.0,0.0,0.0,0,0.0,0.0,0.0,0.0,0.0,0.0,2,0.0,0.0,0.0,0.0,0.0,0.0,0.0,0.0,0.0,0.0,0.0,0.0,0.0,0.0,0.0,0.0,0,0,2,0,0.0,0.0,0,0.0,0.0,0.0,0.0
Jacopo Bacci,it ITA,MF,Empoli,19,2005,3,0,31,0,0,0,0,0,0,0.0,0.0,0.0,0.0,0.0,0.0,0.0,0.0,0.0,0.3,0,0.0,0.0,0.0,0.0,0.0,,0.0,0.0,0.0,0.0,0.0,0.0,0.0,0.0,0.0,0.0,0.0,0.0,0.0,0.0,0.0,0.0,0.0,0.0,0.0,0.0,0.0,0.0,0.0,0.0,0.0,0.0,0,0.0,0.0,0.0,0.0,0.0,0.0,0.0,0.0,0.0,0.0,0.0,0.0,0.0,0.0,0.0,0.0,0.0,0.0,0.0,0.0,0.0,0,0.0,0.0,0.0,0.0,0.0,0.0,1,0.0,0.0,0.0,0.0,0.0,0.0,0.0,0.0,0.0,0.0,0.0,0.0,0.0,0.0,0.0,0.0,0,0,1,0,0.0,0.0,0,0.0,0.0,0.0,0.0
Milan Badelj,hr CRO,MF,Genoa,35,1989,23,21,"1,472",1,0,0,0,2,0,0.06,0.0,0.06,0.06,0.06,0.9570948630571364,0.9570948630571364,0.0564842870000933,0.0564842870000933,16.4,3,0.0,21.4,0.18,0.07,0.33,0.07362268177362588,0.042905136942863575,0.042905136942863575,0.0,0.0,0.0,0.0,0.0,0.0,0.0,0.0,0.0,0.0,0.0,0.0,0.0,0.0,12.0,0.0,0.0,0.0,0.0,0.0,0.0,0.0,0.0,0.0,5,0.0,0.0,0.0,0.0,0.0,0.0,0.0,0.0,0.0,0.0,0.0,0.0,0.0,0.0,0.0,0.0,0.0,0.0,0.0,0.0,0.0,16,0.0,0.0,0.0,0.0,0.0,0.0,22,0.0,0.0,0.0,0.0,0.0,0.0,0.0,0.0,0.0,0.0,0.0,0.0,0.0,0.0,0.0,0.0,0,18,19,0,0.0,0.0,0,0.0,0.0,0.0,0.0
Mitchel Bakker,nl NED,"DF,MF",Atalanta,24,2000,1,0,22,0,0,0,0,0,0,0.0,0.0,0.0,0.0,0.0,0.0,0.0,0.0,0.0,0.2,0,0.0,0.0,0.0,0.0,0.0,,0.0,0.0,0.0,0.0,0.0,0.0,0.0,0.0,0.0,0.0,0.0,0.0,0.0,0.0,0.0,0.0,0.0,0.0,0.0,0.0,0.0,0.0,0.0,0.0,0.0,0.0,1,0.0,0.0,0.0,0.0,0.0,0.0,0.0,0.0,0.0,0.0,0.0,0.0,0.0,0.0,0.0,0.0,0.0,0.0,0.0,0.0,0.0,0,0.0,0.0,0.0,0.0,0.0,0.0,0,0.0,0.0,0.0,0.0,0.0,0.0,0.0,0.0,0.0,0.0,0.0,0.0,0.0,0.0,0.0,0.0,0,1,0,0,0.0,0.0,0,0.0,0.0,0.0,0.0
Tommaso Baldanzi,it ITA,"MF,FW",Roma,21,2003,31,5,832,1,1,0,0,2,0,0.11,0.11,0.22,0.11,0.22,1.9191363900899887,1.9191363900899887,0.22229379035791377,0.22229379035791377,9.2,4,0.0,20.0,0.43,0.05,0.25,0.09595681950449944,-0.9191363900899887,-0.9191363900899887,0.0,0.0,0.0,0.0,0.0,0.0,0.0,0.0,0.0,0.0,0.0,0.0,0.0,0.0,10.0,0.0,0.0,0.0,0.0,0.0,0.0,0.0,0.0,0.0,6,0.0,0.0,0.0,0.0,0.0,0.0,0.0,0.0,0.0,0.0,0.0,0.0,0.0,0.0,0.0,0.0,0.0,0.0,0.0,0.0,0.0,6,0.0,0.0,0.0,0.0,0.0,0.0,6,0.0,0.0,0.0,0.0,0.0,0.0,0.0,0.0,0.0,0.0,0.0,0.0,0.0,0.0,0.0,0.0,0,7,16,0,0.0,0.0,0,0.0,0.0,0.0,0.0
Keita Baldé,sn SEN,FW,Monza,29,1995,11,8,638,2,0,0,0,2,0,0.28,0.0,0.28,0.28,0.28,0.0,0.0,0.0,0.0,7.1,5,0.0,35.7,0.71,0.14,0.4,0.0,0.0,0.0,0.0,0.0,0.0,0.0,0.0,0.0,0.0,0.0,0.0,0.0,0.0,0.0,0.0,0.0,0.0,0.0,0.0,0.0,0.0,0.0,0.0,0.0,0.0,0.0,6,0.0,0.0,0.0,0.0,0.0,0.0,0.0,0.0,0.0,0.0,0.0,0.0,0.0,0.0,0.0,0.0,0.0,0.0,0.0,0.0,0.0,1,0.0,0.0,0.0,0.0,0.0,0.0,2,0.0,0.0,0.0,0.0,0.0,0.0,0.0,0.0,0.0,0.0,0.0,0.0,0.0,0.0,0.0,0.0,0,7,23,3,0.0,0.0,0,0.0,0.0,0.0,0.0
Botond Balogh,hu HUN,DF,Parma,22,2002,29,23,"2,053",0,1,0,0,5,0,0.0,0.04,0.04,0.0,0.04,0.5026530101895332,0.5026530101895332,0.02201400044625693,0.02201400044625693,22.8,0,0.0,0.0,0.0,0.0,0.0,0.16755100339651108,-0.5026530101895332,-0.5026530101895332,0.0,0.0,0.0,0.0,0.0,0.0,0.0,0.0,0.0,0.0,0.0,0.0,0.0,0.0,2.0,0.0,0.0,0.0,0.0,0.0,0.0,0.0,0.0,0.0,1,0.0,0.0,0.0,0.0,0.0,0.0,0.0,0.0,0.0,0.0,0.0,0.0,0.0,0.0,0.0,0.0,0.0,0.0,0.0,0.0,0.0,17,0.0,0.0,0.0,0.0,0.0,0.0,25,0.0,0.0,0.0,0.0,0.0,0.0,0.0,0.0,0.0,0.0,0.0,0.0,0.0,0.0,0.0,0.0,0,17,7,0,0.0,0.0,0,0.0,0.0,0.0,0.0
Mario Balotelli,it ITA,FW,Genoa,33,1990,6,0,62,0,0,0,0,2,0,0.0,0.0,0.0,0.0,0.0,0.0565739087760448,0.0565739087760448,0.11068808238791374,0.11068808238791374,0.7,0,0.0,0.0,0.0,0.0,0.0,0.0282869543880224,-0.0565739087760448,-0.0565739087760448,0.0,0.0,0.0,0.0,0.0,0.0,0.0,0.0,0.0,0.0,0.0,0.0,0.0,0.0,0.0,0.0,0.0,0.0,0.0,0.0,0.0,0.0,0.0,0.0,3,0.0,0.0,0.0,0.0,0.0,0.0,0.0,0.0,0.0,0.0,0.0,0.0,0.0,0.0,0.0,0.0,0.0,0.0,0.0,0.0,0.0,0,0.0,0.0,0.0,0.0,0.0,0.0,0,0.0,0.0,0.0,0.0,0.0,0.0,0.0,0.0,0.0,0.0,0.0,0.0,0.0,0.0,0.0,0.0,0,2,2,0,0.0,0.0,0,0.0,0.0,0.0,0.0
Lameck Banda,zm ZAM,"MF,FW",Lecce,23,2001,15,6,610,0,1,0,0,1,0,0.0,0.15,0.15,0.0,0.15,1.562277276068926,1.562277276068926,0.2375083696726408,0.2375083696726408,6.8,4,0.0,23.5,0.59,0.0,0.0,0.09189866329817212,-1.562277276068926,-1.562277276068926,0.0,0.0,0.0,0.0,0.0,0.0,0.0,0.0,0.0,0.0,0.0,0.0,0.0,0.0,11.0,0.0,0.0,0.0,0.0,0.0,0.0,0.0,0.0,0.0,23,0.0,0.0,0.0,0.0,0.0,0.0,0.0,0.0,0.0,0.0,0.0,0.0,0.0,0.0,0.0,0.0,0.0,0.0,0.0,0.0,0.0,5,0.0,0.0,0.0,0.0,0.0,0.0,3,0.0,0.0,0.0,0.0,0.0,0.0,0.0,0.0,0.0,0.0,0.0,0.0,0.0,0.0,0.0,0.0,0,10,20,2,0.0,0.0,0,0.0,0.0,0.0,0.0
Daniel Bandeira,pt POR,MF,Hellas Verona,24,2000,11,4,407,0,0,0,0,1,0,0.0,0.0,0.0,0.0,0.0,0.0,0.0,0.0,0.0,4.5,1,0.0,50.0,0.22,0.0,0.0,0.0,0.0,0.0,0.0,0.0,0.0,0.0,0.0,0.0,0.0,0.0,0.0,0.0,0.0,0.0,0.0,0.0,0.0,0.0,0.0,0.0,0.0,0.0,0.0,0.0,0.0,0.0,8,0.0,0.0,0.0,0.0,0.0,0.0,0.0,0.0,0.0,0.0,0.0,0.0,0.0,0.0,0.0,0.0,0.0,0.0,0.0,0.0,0.0,0,0.0,0.0,0.0,0.0,0.0,0.0,5,0.0,0.0,0.0,0.0,0.0,0.0,0.0,0.0,0.0,0.0,0.0,0.0,0.0,0.0,0.0,0.0,0,4,4,0,0.0,0.0,0,0.0,0.0,0.0,0.0
Mattia Bani,it ITA,DF,Genoa,30,1993,20,19,"1,507",0,0,0,0,3,0,0.0,0.0,0.0,0.0,0.0,1.4961620587855575,1.4961620587855575,0.08899840402557845,0.08899840402557845,16.7,3,0.0,37.5,0.18,0.0,0.0,0.1870202573481947,-1.4961620587855575,-1.4961620587855575,0.0,0.0,0.0,0.0,0.0,0.0,0.0,0.0,0.0,0.0,0.0,0.0,0.0,0.0,2.0,0.0,0.0,0.0,0.0,0.0,0.0,0.0,0.0,0.0,4,0.0,0.0,0.0,0.0,0.0,0.0,0.0,0.0,0.0,0.0,0.0,0.0,0.0,0.0,0.0,0.0,0.0,0.0,0.0,0.0,0.0,11,0.0,0.0,0.0,0.0,0.0,0.0,21,0.0,0.0,0.0,0.0,0.0,0.0,0.0,0.0,0.0,0.0,0.0,0.0,0.0,0.0,0.0,0.0,0,7,11,1,0.0,0.0,0,0.0,0.0,0.0,0.0
Antonín Barák,cz CZE,MF,Fiorentina,29,1994,1,1,54,0,0,0,0,0,0,0.0,0.0,0.0,0.0,0.0,0.0515915714204311,0.0515915714204311,0.08146037592699648,0.08146037592699648,0.6,2,0.0,100.0,3.33,0.0,0.0,0.02579578571021555,-0.0515915714204311,-0.0515915714204311,0.0,0.0,0.0,0.0,0.0,0.0,0.0,0.0,0.0,0.0,0.0,0.0,0.0,0.0,3.0,0.0,0.0,0.0,0.0,0.0,0.0,0.0,0.0,0.0,1,0.0,0.0,0.0,0.0,0.0,0.0,0.0,0.0,0.0,0.0,0.0,0.0,0.0,0.0,0.0,0.0,0.0,0.0,0.0,0.0,0.0,0,0.0,0.0,0.0,0.0,0.0,0.0,0,0.0,0.0,0.0,0.0,0.0,0.0,0.0,0.0,0.0,0.0,0.0,0.0,0.0,0.0,0.0,0.0,0,0,0,0,0.0,0.0,0,0.0,0.0,0.0,0.0
Federico Barba,it ITA,DF,Como,30,1993,7,5,431,0,0,0,0,0,0,0.0,0.0,0.0,0.0,0.0,0.6274126172065735,0.6274126172065735,0.1301086072548194,0.1301086072548194,4.8,1,0.0,50.0,0.21,0.0,0.0,0.31370630860328674,-0.6274126172065735,-0.6274126172065735,0.0,0.0,0.0,0.0,0.0,0.0,0.0,0.0,0.0,0.0,0.0,0.0,0.0,0.0,0.0,0.0,0.0,0.0,0.0,0.0,0.0,0.0,0.0,0.0,3,0.0,0.0,0.0,0.0,0.0,0.0,0.0,0.0,0.0,0.0,0.0,0.0,0.0,0.0,0.0,0.0,0.0,0.0,0.0,0.0,0.0,2,0.0,0.0,0.0,0.0,0.0,0.0,4,0.0,0.0,0.0,0.0,0.0,0.0,0.0,0.0,0.0,0.0,0.0,0.0,0.0,0.0,0.0,0.0,0,3,1,0,0.0,0.0,0,0.0,0.0,0.0,0.0
Nicolò Barella,it ITA,MF,Inter,27,1997,33,29,"2,493",3,6,0,0,4,0,0.11,0.22,0.32,0.11,0.32,2.0158462561666965,2.0158462561666965,0.0730085163199206,0.0730085163199206,27.7,9,0.0,20.9,0.32,0.07,0.33,0.046880145492248754,0.9841537438333035,0.9841537438333035,0.0,0.0,0.0,0.0,0.0,0.0,0.0,0.0,0.0,0.0,0.0,0.0,0.0,0.0,55.0,0.0,0.0,0.0,0.0,0.0,0.0,0.0,0.0,0.0,67,0.0,0.0,0.0,0.0,0.0,0.0,0.0,0.0,0.0,0.0,0.0,0.0,0.0,0.0,0.0,0.0,0.0,0.0,0.0,0.0,0.0,31,0.0,0.0,0.0,0.0,0.0,0.0,12,0.0,0.0,0.0,0.0,0.0,0.0,0.0,0.0,0.0,0.0,0.0,0.0,0.0,0.0,0.0,0.0,0,25,33,4,0.0,0.0,0,0.0,0.0,0.0,0.0
Davide Bartesaghi,it ITA,DF,Milan,18,2005,4,1,118,0,0,0,0,0,1,0.0,0.0,0.0,0.0,0.0,0.0303207039833068,0.0303207039833068,0.02372924659563141,0.02372924659563141,1.3,1,0.0,100.0,0.76,0.0,0.0,0.0303207039833068,-0.0303207039833068,-0.0303207039833068,0.0,0.0,0.0,0.0,0.0,0.0,0.0,0.0,0.0,0.0,0.0,0.0,0.0,0.0,2.0,0.0,0.0,0.0,0.0,0.0,0.0,0.0,0.0,0.0,10,0.0,0.0,0.0,0.0,0.0,0.0,0.0,0.0,0.0,0.0,0.0,0.0,0.0,0.0,0.0,0.0,0.0,0.0,0.0,0.0,0.0,2,0.0,0.0,0.0,0.0,0.0,0.0,3,0.0,0.0,0.0,0.0,0.0,0.0,0.0,0.0,0.0,0.0,0.0,0.0,0.0,0.0,0.0,0.0,0,1,0,1,0.0,0.0,0,0.0,0.0,0.0,0.0
Federico Baschirotto,it ITA,DF,Lecce,27,1996,38,38,"3,420",2,0,0,0,3,0,0.05,0.0,0.05,0.05,0.05,1.786151384934783,1.786151384934783,0.04700398381407324,0.04700398381407324,38.0,8,0.0,36.4,0.21,0.09,0.25,0.08118869931521741,0.21384861506521702,0.21384861506521702,0.0,0.0,0.0,0.0,0.0,0.0,0.0,0.0,0.0,0.0,0.0,0.0,0.0,0.0,6.0,0.0,0.0,0.0,0.0,0.0,0.0,0.0,0.0,0.0,5,0.0,0.0,0.0,0.0,0.0,0.0,0.0,0.0,0.0,0.0,0.0,0.0,0.0,0.0,0.0,0.0,0.0,0.0,0.0,0.0,0.0,26,0.0,0.0,0.0,0.0,0.0,0.0,22,0.0,0.0,0.0,0.0,0.0,0.0,0.0,0.0,0.0,0.0,0.0,0.0,0.0,0.0,0.0,0.0,0,31,7,0,0.0,0.0,0,0.0,0.0,0.0,0.0
Daniele Baselli,it ITA,MF,Como,32,1992,2,1,22,0,0,0,0,0,0,0.0,0.0,0.0,0.0,0.0,0.0,0.0,0.0,0.0,0.2,0,0.0,0.0,0.0,0.0,0.0,,0.0,0.0,0.0,0.0,0.0,0.0,0.0,0.0,0.0,0.0,0.0,0.0,0.0,0.0,0.0,0.0,0.0,0.0,0.0,0.0,0.0,0.0,0.0,0.0,0.0,0.0,0,0.0,0.0,0.0,0.0,0.0,0.0,0.0,0.0,0.0,0.0,0.0,0.0,0.0,0.0,0.0,0.0,0.0,0.0,0.0,0.0,0.0,0,0.0,0.0,0.0,0.0,0.0,0.0,1,0.0,0.0,0.0,0.0,0.0,0.0,0.0,0.0,0.0,0.0,0.0,0.0,0.0,0.0,0.0,0.0,0,0,1,0,0.0,0.0,0,0.0,0.0,0.0,0.0
Alessandro Bastoni,it ITA,DF,Inter,25,1999,33,31,"2,401",1,5,0,0,6,1,0.04,0.19,0.22,0.04,0.22,0.672028174623847,0.672028174623847,0.024506700047060872,0.024506700047060872,26.7,2,0.0,15.4,0.07,0.08,0.5,0.051694474971065156,0.327971825376153,0.327971825376153,0.0,0.0,0.0,0.0,0.0,0.0,0.0,0.0,0.0,0.0,0.0,0.0,0.0,0.0,28.0,0.0,0.0,0.0,0.0,0.0,0.0,0.0,0.0,0.0,62,0.0,0.0,0.0,0.0,0.0,0.0,0.0,0.0,0.0,0.0,0.0,0.0,0.0,0.0,0.0,0.0,0.0,0.0,0.0,0.0,0.0,23,0.0,0.0,0.0,0.0,0.0,0.0,23,0.0,0.0,0.0,0.0,0.0,0.0,0.0,0.0,0.0,0.0,0.0,0.0,0.0,0.0,0.0,0.0,1,44,39,1,0.0,0.0,0,0.0,0.0,0.0,0.0
Reda Belahyane,ma MAR,MF,Hellas Verona,20,2004,22,17,"1,658",0,2,0,0,6,1,0.0,0.11,0.11,0.0,0.11,0.1940229153260588,0.1940229153260588,0.009444057533447969,0.009444057533447969,18.4,2,0.0,33.3,0.11,0.0,0.0,0.032337152554343135,-0.1940229153260588,-0.1940229153260588,0.0,0.0,0.0,0.0,0.0,0.0,0.0,0.0,0.0,0.0,0.0,0.0,0.0,0.0,16.0,0.0,0.0,0.0,0.0,0.0,0.0,0.0,0.0,0.0,3,0.0,0.0,0.0,0.0,0.0,0.0,0.0,0.0,0.0,0.0,0.0,0.0,0.0,0.0,0.0,0.0,0.0,0.0,0.0,0.0,0.0,26,0.0,0.0,0.0,0.0,0.0,0.0,10,0.0,0.0,0.0,0.0,0.0,0.0,0.0,0.0,0.0,0.0,0.0,0.0,0.0,0.0,0.0,0.0,1,31,9,0,0.0,0.0,0,0.0,0.0,0.0,0.0
Reda Belahyane,ma MAR,MF,Lazio,20,2004,6,1,198,0,0,0,0,0,1,0.0,0.0,0.0,0.0,0.0,0.1940229153260588,0.1940229153260588,0.009444057533447969,0.009444057533447969,2.2,0,0.0,0.0,0.0,0.0,0.0,0.032337152554343135,-0.1940229153260588,-0.1940229153260588,0.0,0.0,0.0,0.0,0.0,0.0,0.0,0.0,0.0,0.0,0.0,0.0,0.0,0.0,16.0,0.0,0.0,0.0,0.0,0.0,0.0,0.0,0.0,0.0,0,0.0,0.0,0.0,0.0,0.0,0.0,0.0,0.0,0.0,0.0,0.0,0.0,0.0,0.0,0.0,0.0,0.0,0.0,0.0,0.0,0.0,6,0.0,0.0,0.0,0.0,0.0,0.0,1,0.0,0.0,0.0,0.0,0.0,0.0,0.0,0.0,0.0,0.0,0.0,0.0,0.0,0.0,0.0,0.0,0,4,1,0,0.0,0.0,0,0.0,0.0,0.0,0.0
Raoul Bellanova,it ITA,MF,Atalanta,24,2000,34,27,"2,402",0,9,0,0,3,0,0.0,0.34,0.34,0.0,0.34,2.0139983566477895,2.0139983566477895,0.07235922239453137,0.07235922239453137,26.7,5,0.0,27.8,0.19,0.0,0.0,0.10599991350777839,-2.0139983566477895,-2.0139983566477895,0.0,0.0,0.0,0.0,0.0,0.0,0.0,0.0,0.0,0.0,0.0,0.0,0.0,0.0,35.0,0.0,0.0,0.0,0.0,0.0,0.0,0.0,0.0,0.0,155,0.0,0.0,0.0,0.0,0.0,0.0,0.0,0.0,0.0,0.0,0.0,0.0,0.0,0.0,0.0,0.0,0.0,0.0,0.0,0.0,0.0,13,0.0,0.0,0.0,0.0,0.0,0.0,19,0.0,0.0,0.0,0.0,0.0,0.0,0.0,0.0,0.0,0.0,0.0,0.0,0.0,0.0,0.0,0.0,0,15,33,0,0.0,0.0,0,0.0,0.0,0.0,0.0
Raoul Bellanova,it ITA,MF,Torino,24,2000,1,1,87,0,0,0,0,0,0,0.0,0.0,0.0,0.0,0.0,2.0139983566477895,2.0139983566477895,0.07235922239453137,0.07235922239453137,1.0,0,0.0,0.0,0.0,0.0,0.0,0.10599991350777839,-2.0139983566477895,-2.0139983566477895,0.0,0.0,0.0,0.0,0.0,0.0,0.0,0.0,0.0,0.0,0.0,0.0,0.0,0.0,35.0,0.0,0.0,0.0,0.0,0.0,0.0,0.0,0.0,0.0,5,0.0,0.0,0.0,0.0,0.0,0.0,0.0,0.0,0.0,0.0,0.0,0.0,0.0,0.0,0.0,0.0,0.0,0.0,0.0,0.0,0.0,0,0.0,0.0,0.0,0.0,0.0,0.0,0,0.0,0.0,0.0,0.0,0.0,0.0,0.0,0.0,0.0,0.0,0.0,0.0,0.0,0.0,0.0,0.0,0,1,1,0,0.0,0.0,0,0.0,0.0,0.0,0.0
Andrea Belotti,it ITA,FW,Como,30,1993,18,7,593,2,0,0,0,1,0,0.3,0.0,0.3,0.3,0.3,2.582710526883602,2.582710526883602,0.3980204579101442,0.3980204579101442,6.6,3,0.0,15.8,0.46,0.11,0.67,0.1359321329938738,-0.5827105268836021,-0.5827105268836021,0.0,0.0,0.0,0.0,0.0,0.0,0.0,0.0,0.0,0.0,0.0,0.0,0.0,0.0,7.0,0.0,0.0,0.0,0.0,0.0,0.0,0.0,0.0,0.0,5,0.0,0.0,0.0,0.0,0.0,0.0,0.0,0.0,0.0,0.0,0.0,0.0,0.0,0.0,0.0,0.0,0.0,0.0,0.0,0.0,0.0,5,0.0,0.0,0.0,0.0,0.0,0.0,1,0.0,0.0,0.0,0.0,0.0,0.0,0.0,0.0,0.0,0.0,0.0,0.0,0.0,0.0,0.0,0.0,0,9,19,5,0.0,0.0,0,0.0,0.0,0.0,0.0
Lucas Beltrán,ar ARG,"MF,FW",Fiorentina,23,2001,33,21,"1,953",5,4,2,3,6,0,0.23,0.18,0.41,0.14,0.32,6.0504823960363865,3.76658596470952,0.2771213311161704,0.17251538769661925,21.7,9,0.0,31.0,0.41,0.1,0.33,0.12988227464515587,-1.0504823960363865,-0.7665859647095199,0.0,0.0,0.0,0.0,0.0,0.0,0.0,0.0,0.0,0.0,0.0,0.0,0.0,0.0,29.0,0.0,0.0,0.0,0.0,0.0,0.0,0.0,0.0,0.0,7,0.0,0.0,0.0,0.0,0.0,0.0,0.0,0.0,0.0,0.0,0.0,0.0,0.0,0.0,0.0,0.0,0.0,0.0,0.0,0.0,0.0,11,0.0,0.0,0.0,0.0,0.0,0.0,5,0.0,0.0,0.0,0.0,0.0,0.0,0.0,0.0,0.0,0.0,0.0,0.0,0.0,0.0,0.0,0.0,0,32,50,4,0.0,0.0,0,0.0,0.0,0.0,0.0
Adrian Benedyczak,pl POL,MF,Parma,23,2000,9,2,214,0,0,0,0,0,0,0.0,0.0,0.0,0.0,0.0,0.1726186573505401,0.1726186573505401,0.07967014954640313,0.07967014954640313,2.4,0,0.0,0.0,0.0,0.0,0.0,0.05753955245018003,-0.1726186573505401,-0.1726186573505401,0.0,0.0,0.0,0.0,0.0,0.0,0.0,0.0,0.0,0.0,0.0,0.0,0.0,0.0,2.0,0.0,0.0,0.0,0.0,0.0,0.0,0.0,0.0,0.0,1,0.0,0.0,0.0,0.0,0.0,0.0,0.0,0.0,0.0,0.0,0.0,0.0,0.0,0.0,0.0,0.0,0.0,0.0,0.0,0.0,0.0,0,0.0,0.0,0.0,0.0,0.0,0.0,0,0.0,0.0,0.0,0.0,0.0,0.0,0.0,0.0,0.0,0.0,0.0,0.0,0.0,0.0,0.0,0.0,0,4,5,1,0.0,0.0,0,0.0,0.0,0.0,0.0
Ismaël Bennacer,dz ALG,MF,Milan,26,1997,6,4,300,0,0,0,0,2,0,0.0,0.0,0.0,0.0,0.0,0.0465902052819728,0.0465902052819728,0.013614021023953092,0.013614021023953092,3.3,2,0.0,66.7,0.6,0.0,0.0,0.015530068427324267,-0.0465902052819728,-0.0465902052819728,0.0,0.0,0.0,0.0,0.0,0.0,0.0,0.0,0.0,0.0,0.0,0.0,0.0,0.0,4.0,0.0,0.0,0.0,0.0,0.0,0.0,0.0,0.0,0.0,6,0.0,0.0,0.0,0.0,0.0,0.0,0.0,0.0,0.0,0.0,0.0,0.0,0.0,0.0,0.0,0.0,0.0,0.0,0.0,0.0,0.0,4,0.0,0.0,0.0,0.0,0.0,0.0,3,0.0,0.0,0.0,0.0,0.0,0.0,0.0,0.0,0.0,0.0,0.0,0.0,0.0,0.0,0.0,0.0,0,5,5,0,0.0,0.0,0,0.0,0.0,0.0,0.0
Medon Berisha,al ALB,MF,Lecce,20,2003,17,7,716,0,1,0,0,5,0,0.0,0.13,0.13,0.0,0.13,0.6646855622529984,0.6646855622529984,0.0858274040211906,0.0858274040211906,8.0,6,0.0,25.0,0.75,0.0,0.0,0.0276952317605416,-0.6646855622529984,-0.6646855622529984,0.0,0.0,0.0,0.0,0.0,0.0,0.0,0.0,0.0,0.0,0.0,0.0,0.0,0.0,11.0,0.0,0.0,0.0,0.0,0.0,0.0,0.0,0.0,0.0,29,0.0,0.0,0.0,0.0,0.0,0.0,0.0,0.0,0.0,0.0,0.0,0.0,0.0,0.0,0.0,0.0,0.0,0.0,0.0,0.0,0.0,8,0.0,0.0,0.0,0.0,0.0,0.0,11,0.0,0.0,0.0,0.0,0.0,0.0,0.0,0.0,0.0,0.0,0.0,0.0,0.0,0.0,0.0,0.0,0,16,11,0,0.0,0.0,0,0.0,0.0,0.0,0.0
Adrian Bernabe,es ESP,MF,Parma,23,2001,21,18,"1,453",1,1,0,0,1,0,0.06,0.06,0.12,0.06,0.12,1.5122445924207568,1.5122445924207568,0.09296585609143998,0.09296585609143998,16.1,5,0.0,18.5,0.31,0.04,0.2,0.05600905897854655,-0.5122445924207568,-0.5122445924207568,0.0,0.0,0.0,0.0,0.0,0.0,0.0,0.0,0.0,0.0,0.0,0.0,0.0,0.0,23.0,0.0,0.0,0.0,0.0,0.0,0.0,0.0,0.0,0.0,29,0.0,0.0,0.0,0.0,0.0,0.0,0.0,0.0,0.0,0.0,0.0,0.0,0.0,0.0,0.0,0.0,0.0,0.0,0.0,0.0,0.0,19,0.0,0.0,0.0,0.0,0.0,0.0,7,0.0,0.0,0.0,0.0,0.0,0.0,0.0,0.0,0.0,0.0,0.0,0.0,0.0,0.0,0.0,0.0,0,9,36,0,0.0,0.0,0,0.0,0.0,0.0,0.0
Antoine Bernede,fr FRA,MF,Hellas Verona,25,1999,14,7,594,1,0,0,0,2,0,0.15,0.0,0.15,0.15,0.15,0.2186197899281978,0.2186197899281978,0.03329235379617226,0.03329235379617226,6.6,2,0.0,50.0,0.3,0.25,0.5,0.05465494748204945,0.7813802100718021,0.7813802100718021,0.0,0.0,0.0,0.0,0.0,0.0,0.0,0.0,0.0,0.0,0.0,0.0,0.0,0.0,10.0,0.0,0.0,0.0,0.0,0.0,0.0,0.0,0.0,0.0,14,0.0,0.0,0.0,0.0,0.0,0.0,0.0,0.0,0.0,0.0,0.0,0.0,0.0,0.0,0.0,0.0,0.0,0.0,0.0,0.0,0.0,8,0.0,0.0,0.0,0.0,0.0,0.0,5,0.0,0.0,0.0,0.0,0.0,0.0,0.0,0.0,0.0,0.0,0.0,0.0,0.0,0.0,0.0,0.0,0,16,4,0,0.0,0.0,0,0.0,0.0,0.0,0.0
Sam Beukema,nl NED,DF,Bologna,25,1998,35,33,"3,012",0,1,0,0,1,0,0.0,0.03,0.03,0.0,0.03,1.6605565324425695,1.6605565324425695,0.049651191999943944,0.049651191999943944,33.5,4,0.0,26.7,0.12,0.0,0.0,0.11070376882950464,-1.6605565324425695,-1.6605565324425695,0.0,0.0,0.0,0.0,0.0,0.0,0.0,0.0,0.0,0.0,0.0,0.0,0.0,0.0,10.0,0.0,0.0,0.0,0.0,0.0,0.0,0.0,0.0,0.0,8,0.0,0.0,0.0,0.0,0.0,0.0,0.0,0.0,0.0,0.0,0.0,0.0,0.0,0.0,0.0,0.0,0.0,0.0,0.0,0.0,0.0,28,0.0,0.0,0.0,0.0,0.0,0.0,30,0.0,0.0,0.0,0.0,0.0,0.0,0.0,0.0,0.0,0.0,0.0,0.0,0.0,0.0,0.0,0.0,0,28,36,2,0.0,0.0,0,0.0,0.0,0.0,0.0
Alessandro Bianco,it ITA,MF,Monza,21,2002,34,29,"2,600",1,0,0,0,9,0,0.03,0.0,0.03,0.03,0.03,1.3939758026972413,1.3939758026972413,0.04759401450787243,0.04759401450787243,28.9,6,0.0,23.1,0.21,0.04,0.17,0.0536144539498939,-0.3939758026972413,-0.3939758026972413,0.0,0.0,0.0,0.0,0.0,0.0,0.0,0.0,0.0,0.0,0.0,0.0,0.0,0.0,18.0,0.0,0.0,0.0,0.0,0.0,0.0,0.0,0.0,0.0,23,0.0,0.0,0.0,0.0,0.0,0.0,0.0,0.0,0.0,0.0,0.0,0.0,0.0,0.0,0.0,0.0,0.0,0.0,0.0,0.0,0.0,29,0.0,0.0,0.0,0.0,0.0,0.0,24,0.0,0.0,0.0,0.0,0.0,0.0,0.0,0.0,0.0,0.0,0.0,0.0,0.0,0.0,0.0,0.0,0,43,55,3,0.0,0.0,0,0.0,0.0,0.0,0.0
Alessandro Bianco,it ITA,MF,Fiorentina,21,2002,1,0,18,0,0,0,0,0,0,0.0,0.0,0.0,0.0,0.0,1.3939758026972413,1.3939758026972413,0.04759401450787243,0.04759401450787243,0.2,0,0.0,0.0,0.0,0.0,0.0,0.0536144539498939,-0.3939758026972413,-0.3939758026972413,0.0,0.0,0.0,0.0,0.0,0.0,0.0,0.0,0.0,0.0,0.0,0.0,0.0,0.0,18.0,0.0,0.0,0.0,0.0,0.0,0.0,0.0,0.0,0.0,0,0.0,0.0,0.0,0.0,0.0,0.0,0.0,0.0,0.0,0.0,0.0,0.0,0.0,0.0,0.0,0.0,0.0,0.0,0.0,0.0,0.0,0,0.0,0.0,0.0,0.0,0.0,0.0,0,0.0,0.0,0.0,0.0,0.0,0.0,0.0,0.0,0.0,0.0,0.0,0.0,0.0,0.0,0.0,0.0,0,0,0,0,0.0,0.0,0,0.0,0.0,0.0,0.0
Jaka Bijol,si SVN,DF,Udinese,25,1999,34,34,"2,963",1,0,0,0,13,1,0.03,0.0,0.03,0.03,0.03,2.1401905212551355,2.1401905212551355,0.06498554214337457,0.06498554214337457,32.9,6,0.0,31.6,0.18,0.05,0.17,0.11264160638184924,-1.1401905212551355,-1.1401905212551355,0.0,0.0,0.0,0.0,0.0,0.0,0.0,0.0,0.0,0.0,0.0,0.0,0.0,0.0,12.0,0.0,0.0,0.0,0.0,0.0,0.0,0.0,0.0,0.0,2,0.0,0.0,0.0,0.0,0.0,0.0,0.0,0.0,0.0,0.0,0.0,0.0,0.0,0.0,0.0,0.0,0.0,0.0,0.0,0.0,0.0,26,0.0,0.0,0.0,0.0,0.0,0.0,36,0.0,0.0,0.0,0.0,0.0,0.0,0.0,0.0,0.0,0.0,0.0,0.0,0.0,0.0,0.0,0.0,1,49,8,2,0.0,0.0,1,0.0,0.0,0.0,0.0
Philip Billing,dk DEN,MF,Napoli,28,1996,10,1,197,1,0,0,0,1,0,0.46,0.0,0.46,0.46,0.46,1.9009495750069616,1.9009495750069616,1.043204035064796,1.043204035064796,2.2,3,0.0,50.0,1.37,0.17,0.33,0.31682492916782695,-0.9009495750069616,-0.9009495750069616,0.0,0.0,0.0,0.0,0.0,0.0,0.0,0.0,0.0,0.0,0.0,0.0,0.0,0.0,3.0,0.0,0.0,0.0,0.0,0.0,0.0,0.0,0.0,0.0,2,0.0,0.0,0.0,0.0,0.0,0.0,0.0,0.0,0.0,0.0,0.0,0.0,0.0,0.0,0.0,0.0,0.0,0.0,0.0,0.0,0.0,6,0.0,0.0,0.0,0.0,0.0,0.0,4,0.0,0.0,0.0,0.0,0.0,0.0,0.0,0.0,0.0,0.0,0.0,0.0,0.0,0.0,0.0,0.0,0,10,1,0,0.0,0.0,0,0.0,0.0,0.0,0.0
Cristiano Biraghi,it ITA,DF,Torino,31,1992,15,13,"1,158",0,0,0,0,0,0,0.0,0.0,0.0,0.0,0.0,0.6364892479032278,0.6364892479032278,0.03614134530680789,0.03614134530680789,12.9,1,0.0,10.0,0.08,0.0,0.0,0.04243261652688186,0.3635107520967722,0.3635107520967722,0.0,0.0,0.0,0.0,0.0,0.0,0.0,0.0,0.0,0.0,0.0,0.0,0.0,0.0,31.0,0.0,0.0,0.0,0.0,0.0,0.0,0.0,0.0,0.0,106,0.0,0.0,0.0,0.0,0.0,0.0,0.0,0.0,0.0,0.0,0.0,0.0,0.0,0.0,0.0,0.0,0.0,0.0,0.0,0.0,0.0,10,0.0,0.0,0.0,0.0,0.0,0.0,7,0.0,0.0,0.0,0.0,0.0,0.0,0.0,0.0,0.0,0.0,0.0,0.0,0.0,0.0,0.0,0.0,0,9,12,2,0.0,0.0,1,0.0,0.0,0.0,0.0
Cristiano Biraghi,it ITA,"DF,MF",Fiorentina,31,1992,8,5,433,1,0,0,0,1,0,0.21,0.0,0.21,0.21,0.21,0.6364892479032278,0.6364892479032278,0.03614134530680789,0.03614134530680789,4.8,2,0.0,40.0,0.42,0.2,0.5,0.04243261652688186,0.3635107520967722,0.3635107520967722,0.0,0.0,0.0,0.0,0.0,0.0,0.0,0.0,0.0,0.0,0.0,0.0,0.0,0.0,31.0,0.0,0.0,0.0,0.0,0.0,0.0,0.0,0.0,0.0,30,0.0,0.0,0.0,0.0,0.0,0.0,0.0,0.0,0.0,0.0,0.0,0.0,0.0,0.0,0.0,0.0,0.0,0.0,0.0,0.0,0.0,4,0.0,0.0,0.0,0.0,0.0,0.0,4,0.0,0.0,0.0,0.0,0.0,0.0,0.0,0.0,0.0,0.0,0.0,0.0,0.0,0.0,0.0,0.0,0,4,7,0,0.0,0.0,0,0.0,0.0,0.0,0.0
Samuele Birindelli,it ITA,MF,Monza,25,1999,21,18,"1,468",3,0,0,0,2,0,0.18,0.0,0.18,0.18,0.18,1.8879536800086496,1.8879536800086496,0.11350422925903705,0.11350422925903705,16.3,10,0.0,66.7,0.61,0.2,0.3,0.12586357866724332,1.1120463199913504,1.1120463199913504,0.0,0.0,0.0,0.0,0.0,0.0,0.0,0.0,0.0,0.0,0.0,0.0,0.0,0.0,18.0,0.0,0.0,0.0,0.0,0.0,0.0,0.0,0.0,0.0,65,0.0,0.0,0.0,0.0,0.0,0.0,0.0,0.0,0.0,0.0,0.0,0.0,0.0,0.0,0.0,0.0,0.0,0.0,0.0,0.0,0.0,14,0.0,0.0,0.0,0.0,0.0,0.0,10,0.0,0.0,0.0,0.0,0.0,0.0,0.0,0.0,0.0,0.0,0.0,0.0,0.0,0.0,0.0,0.0,0,16,15,5,0.0,0.0,0,0.0,0.0,0.0,0.0
Bjarki Bjarkason,is ISL,MF,Venezia,24,2000,9,1,165,0,0,0,0,2,0,0.0,0.0,0.0,0.0,0.0,0.0,0.0,0.0,0.0,1.8,0,0.0,0.0,0.0,0.0,0.0,0.0,0.0,0.0,0.0,0.0,0.0,0.0,0.0,0.0,0.0,0.0,0.0,0.0,0.0,0.0,0.0,0.0,0.0,0.0,0.0,0.0,0.0,0.0,0.0,0.0,0.0,0.0,7,0.0,0.0,0.0,0.0,0.0,0.0,0.0,0.0,0.0,0.0,0.0,0.0,0.0,0.0,0.0,0.0,0.0,0.0,0.0,0.0,0.0,2,0.0,0.0,0.0,0.0,0.0,0.0,3,0.0,0.0,0.0,0.0,0.0,0.0,0.0,0.0,0.0,0.0,0.0,0.0,0.0,0.0,0.0,0.0,0,2,8,0,0.0,0.0,0,0.0,0.0,0.0,0.0
Emil Bohinen,no NOR,MF,Genoa,25,1999,3,1,166,0,0,0,0,0,0,0.0,0.0,0.0,0.0,0.0,0.0799746364355087,0.0799746364355087,0.04555517265313787,0.04555517265313787,1.8,0,0.0,0.0,0.0,0.0,0.0,0.03998731821775435,-0.0799746364355087,-0.0799746364355087,0.0,0.0,0.0,0.0,0.0,0.0,0.0,0.0,0.0,0.0,0.0,0.0,0.0,0.0,3.0,0.0,0.0,0.0,0.0,0.0,0.0,0.0,0.0,0.0,0,0.0,0.0,0.0,0.0,0.0,0.0,0.0,0.0,0.0,0.0,0.0,0.0,0.0,0.0,0.0,0.0,0.0,0.0,0.0,0.0,0.0,4,0.0,0.0,0.0,0.0,0.0,0.0,1,0.0,0.0,0.0,0.0,0.0,0.0,0.0,0.0,0.0,0.0,0.0,0.0,0.0,0.0,0.0,0.0,0,3,3,0,0.0,0.0,0,0.0,0.0,0.0,0.0
Warren Bondo,fr FRA,MF,Monza,20,2003,20,19,"1,618",0,0,0,0,5,1,0.0,0.0,0.0,0.0,0.0,0.4223553575575351,0.4223553575575351,0.021153022916070206,0.021153022916070206,18.0,1,0.0,7.7,0.06,0.0,0.0,0.030168239825538224,-0.4223553575575351,-0.4223553575575351,0.0,0.0,0.0,0.0,0.0,0.0,0.0,0.0,0.0,0.0,0.0,0.0,0.0,0.0,6.0,0.0,0.0,0.0,0.0,0.0,0.0,0.0,0.0,0.0,7,0.0,0.0,0.0,0.0,0.0,0.0,0.0,0.0,0.0,0.0,0.0,0.0,0.0,0.0,0.0,0.0,0.0,0.0,0.0,0.0,0.0,25,0.0,0.0,0.0,0.0,0.0,0.0,6,0.0,0.0,0.0,0.0,0.0,0.0,0.0,0.0,0.0,0.0,0.0,0.0,0.0,0.0,0.0,0.0,1,31,36,1,0.0,0.0,0,0.0,0.0,0.0,0.0
Warren Bondo,fr FRA,MF,Milan,20,2003,4,3,162,0,0,0,0,1,0,0.0,0.0,0.0,0.0,0.0,0.4223553575575351,0.4223553575575351,0.021153022916070206,0.021153022916070206,1.8,1,0.0,100.0,0.56,0.0,0.0,0.030168239825538224,-0.4223553575575351,-0.4223553575575351,0.0,0.0,0.0,0.0,0.0,0.0,0.0,0.0,0.0,0.0,0.0,0.0,0.0,0.0,6.0,0.0,0.0,0.0,0.0,0.0,0.0,0.0,0.0,0.0,1,0.0,0.0,0.0,0.0,0.0,0.0,0.0,0.0,0.0,0.0,0.0,0.0,0.0,0.0,0.0,0.0,0.0,0.0,0.0,0.0,0.0,3,0.0,0.0,0.0,0.0,0.0,0.0,0,0.0,0.0,0.0,0.0,0.0,0.0,0.0,0.0,0.0,0.0,0.0,0.0,0.0,0.0,0.0,0.0,0,1,4,0,0.0,0.0,0,0.0,0.0,0.0,0.0
Kevin Bonifazi,it ITA,DF,Lecce,28,1996,3,0,65,0,0,0,0,0,0,0.0,0.0,0.0,0.0,0.0,0.0,0.0,0.0,0.0,0.7,0,0.0,0.0,0.0,0.0,0.0,,0.0,0.0,0.0,0.0,0.0,0.0,0.0,0.0,0.0,0.0,0.0,0.0,0.0,0.0,0.0,0.0,0.0,0.0,0.0,0.0,0.0,0.0,0.0,0.0,0.0,0.0,0,0.0,0.0,0.0,0.0,0.0,0.0,0.0,0.0,0.0,0.0,0.0,0.0,0.0,0.0,0.0,0.0,0.0,0.0,0.0,0.0,0.0,1,0.0,0.0,0.0,0.0,0.0,0.0,3,0.0,0.0,0.0,0.0,0.0,0.0,0.0,0.0,0.0,0.0,0.0,0.0,0.0,0.0,0.0,0.0,0,0,0,0,0.0,0.0,0,0.0,0.0,0.0,0.0
Ange-Yoan Bonny,ci CIV,FW,Parma,20,2003,37,30,"2,529",6,4,2,2,2,0,0.21,0.14,0.36,0.14,0.28,8.872624272480607,6.588727781549096,0.30951014904002117,0.22983934121682892,28.1,22,0.0,34.4,0.78,0.06,0.18,0.10458298065950947,-2.872624272480607,-2.588727781549096,0.0,0.0,0.0,0.0,0.0,0.0,0.0,0.0,0.0,0.0,0.0,0.0,0.0,0.0,30.0,0.0,0.0,0.0,0.0,0.0,0.0,0.0,0.0,0.0,14,0.0,0.0,0.0,0.0,0.0,0.0,0.0,0.0,0.0,0.0,0.0,0.0,0.0,0.0,0.0,0.0,0.0,0.0,0.0,0.0,0.0,18,0.0,0.0,0.0,0.0,0.0,0.0,3,0.0,0.0,0.0,0.0,0.0,0.0,0.0,0.0,0.0,0.0,0.0,0.0,0.0,0.0,0.0,0.0,0,20,47,14,0.0,0.0,0,0.0,0.0,0.0,0.0
Edoardo Bove,it ITA,MF,Fiorentina,22,2002,12,11,851,1,2,0,0,3,0,0.11,0.21,0.32,0.11,0.32,1.26268844678998,1.26268844678998,0.13168245679153906,0.13168245679153906,9.5,2,0.0,28.6,0.21,0.14,0.5,0.18038406382713998,-0.26268844678997993,-0.26268844678997993,0.0,0.0,0.0,0.0,0.0,0.0,0.0,0.0,0.0,0.0,0.0,0.0,0.0,0.0,11.0,0.0,0.0,0.0,0.0,0.0,0.0,0.0,0.0,0.0,2,0.0,0.0,0.0,0.0,0.0,0.0,0.0,0.0,0.0,0.0,0.0,0.0,0.0,0.0,0.0,0.0,0.0,0.0,0.0,0.0,0.0,16,0.0,0.0,0.0,0.0,0.0,0.0,6,0.0,0.0,0.0,0.0,0.0,0.0,0.0,0.0,0.0,0.0,0.0,0.0,0.0,0.0,0.0,0.0,0,16,21,0,0.0,0.0,0,0.0,0.0,0.0,0.0
Domagoj Bradarić,hr CRO,"MF,DF",Hellas Verona,24,1999,28,24,"1,933",1,0,0,0,6,0,0.05,0.0,0.05,0.05,0.05,0.875758109614253,0.875758109614253,0.04015192555541659,0.04015192555541659,21.5,4,0.0,44.4,0.19,0.11,0.25,0.0973064566238059,0.12424189038574696,0.12424189038574696,0.0,0.0,0.0,0.0,0.0,0.0,0.0,0.0,0.0,0.0,0.0,0.0,0.0,0.0,25.0,0.0,0.0,0.0,0.0,0.0,0.0,0.0,0.0,0.0,79,0.0,0.0,0.0,0.0,0.0,0.0,0.0,0.0,0.0,0.0,0.0,0.0,0.0,0.0,0.0,0.0,0.0,0.0,0.0,0.0,0.0,30,0.0,0.0,0.0,0.0,0.0,0.0,16,0.0,0.0,0.0,0.0,0.0,0.0,0.0,0.0,0.0,0.0,0.0,0.0,0.0,0.0,0.0,0.0,0,21,14,3,0.0,0.0,0,0.0,0.0,0.0,0.0
Matthias Braunöder,at AUT,MF,Como,22,2002,8,3,268,0,0,0,0,3,1,0.0,0.0,0.0,0.0,0.0,0.0626943130046129,0.0626943130046129,0.02113291449593693,0.02113291449593693,3.0,0,0.0,0.0,0.0,0.0,0.0,0.03134715650230645,-0.0626943130046129,-0.0626943130046129,0.0,0.0,0.0,0.0,0.0,0.0,0.0,0.0,0.0,0.0,0.0,0.0,0.0,0.0,0.0,0.0,0.0,0.0,0.0,0.0,0.0,0.0,0.0,0.0,0,0.0,0.0,0.0,0.0,0.0,0.0,0.0,0.0,0.0,0.0,0.0,0.0,0.0,0.0,0.0,0.0,0.0,0.0,0.0,0.0,0.0,4,0.0,0.0,0.0,0.0,0.0,0.0,2,0.0,0.0,0.0,0.0,0.0,0.0,0.0,0.0,0.0,0.0,0.0,0.0,0.0,0.0,0.0,0.0,1,10,5,0,0.0,0.0,0,0.0,0.0,0.0,0.0
Iker Bravo,es ESP,FW,Udinese,19,2005,29,4,682,2,1,0,0,3,0,0.26,0.13,0.4,0.26,0.4,1.1998920924961567,1.1998920924961567,0.1716856730121687,0.1716856730121687,7.6,4,0.0,30.8,0.53,0.15,0.5,0.09229939173047359,0.8001079075038433,0.8001079075038433,0.0,0.0,0.0,0.0,0.0,0.0,0.0,0.0,0.0,0.0,0.0,0.0,0.0,0.0,7.0,0.0,0.0,0.0,0.0,0.0,0.0,0.0,0.0,0.0,8,0.0,0.0,0.0,0.0,0.0,0.0,0.0,0.0,0.0,0.0,0.0,0.0,0.0,0.0,0.0,0.0,0.0,0.0,0.0,0.0,0.0,5,0.0,0.0,0.0,0.0,0.0,0.0,1,0.0,0.0,0.0,0.0,0.0,0.0,0.0,0.0,0.0,0.0,0.0,0.0,0.0,0.0,0.0,0.0,0,12,10,2,0.0,0.0,0,0.0,0.0,0.0,0.0
Gleison Bremer,br BRA,DF,Juventus,27,1997,6,6,540,0,0,0,0,2,0,0.0,0.0,0.0,0.0,0.0,0.0,0.0,0.0,0.0,6.0,0,0.0,0.0,0.0,0.0,0.0,0.0,0.0,0.0,0.0,0.0,0.0,0.0,0.0,0.0,0.0,0.0,0.0,0.0,0.0,0.0,0.0,0.0,0.0,0.0,0.0,0.0,0.0,0.0,0.0,0.0,0.0,0.0,0,0.0,0.0,0.0,0.0,0.0,0.0,0.0,0.0,0.0,0.0,0.0,0.0,0.0,0.0,0.0,0.0,0.0,0.0,0.0,0.0,0.0,8,0.0,0.0,0.0,0.0,0.0,0.0,6,0.0,0.0,0.0,0.0,0.0,0.0,0.0,0.0,0.0,0.0,0.0,0.0,0.0,0.0,0.0,0.0,0,9,5,0,0.0,0.0,0,0.0,0.0,0.0,0.0
Brenner,br BRA,"MF,FW",Udinese,24,2000,9,5,386,1,2,0,0,0,0,0.23,0.47,0.7,0.23,0.7,0.4947841465473175,0.4947841465473175,0.11447448120632026,0.11447448120632026,4.3,4,0.0,57.1,0.93,0.14,0.25,0.07068344950675964,0.5052158534526825,0.5052158534526825,0.0,0.0,0.0,0.0,0.0,0.0,0.0,0.0,0.0,0.0,0.0,0.0,0.0,0.0,5.0,0.0,0.0,0.0,0.0,0.0,0.0,0.0,0.0,0.0,11,0.0,0.0,0.0,0.0,0.0,0.0,0.0,0.0,0.0,0.0,0.0,0.0,0.0,0.0,0.0,0.0,0.0,0.0,0.0,0.0,0.0,4,0.0,0.0,0.0,0.0,0.0,0.0,1,0.0,0.0,0.0,0.0,0.0,0.0,0.0,0.0,0.0,0.0,0.0,0.0,0.0,0.0,0.0,0.0,0,0,5,0,0.0,0.0,0,0.0,0.0,0.0,0.0
Marco Brescianini,it ITA,MF,Atalanta,24,2000,29,9,991,4,2,0,0,1,0,0.36,0.18,0.54,0.36,0.54,4.397535916417837,4.397535916417837,0.4126988868379618,0.4126988868379618,11.0,8,0.0,40.0,0.73,0.2,0.5,0.21987679582089187,-0.39753591641783714,-0.39753591641783714,0.0,0.0,0.0,0.0,0.0,0.0,0.0,0.0,0.0,0.0,0.0,0.0,0.0,0.0,7.0,0.0,0.0,0.0,0.0,0.0,0.0,0.0,0.0,0.0,19,0.0,0.0,0.0,0.0,0.0,0.0,0.0,0.0,0.0,0.0,0.0,0.0,0.0,0.0,0.0,0.0,0.0,0.0,0.0,0.0,0.0,11,0.0,0.0,0.0,0.0,0.0,0.0,2,0.0,0.0,0.0,0.0,0.0,0.0,0.0,0.0,0.0,0.0,0.0,0.0,0.0,0.0,0.0,0.0,0,22,9,2,0.0,0.0,0,0.0,0.0,0.0,0.0
Arvid Brorsson,se SWE,DF,Monza,25,1999,6,3,362,0,0,0,0,0,0,0.0,0.0,0.0,0.0,0.0,0.0,0.0,0.0,0.0,4.0,0,0.0,0.0,0.0,0.0,0.0,,0.0,0.0,0.0,0.0,0.0,0.0,0.0,0.0,0.0,0.0,0.0,0.0,0.0,0.0,0.0,0.0,0.0,0.0,0.0,0.0,0.0,0.0,0.0,0.0,0.0,0.0,0,0.0,0.0,0.0,0.0,0.0,0.0,0.0,0.0,0.0,0.0,0.0,0.0,0.0,0.0,0.0,0.0,0.0,0.0,0.0,0.0,0.0,3,0.0,0.0,0.0,0.0,0.0,0.0,2,0.0,0.0,0.0,0.0,0.0,0.0,0.0,0.0,0.0,0.0,0.0,0.0,0.0,0.0,0.0,0.0,0,1,4,0,0.0,0.0,0,0.0,0.0,0.0,0.0
Tajon Buchanan,ca CAN,"DF,MF",Inter,25,1999,6,0,95,0,0,0,0,0,0,0.0,0.0,0.0,0.0,0.0,0.0,0.0,0.0,0.0,1.1,0,0.0,0.0,0.0,0.0,0.0,,0.0,0.0,0.0,0.0,0.0,0.0,0.0,0.0,0.0,0.0,0.0,0.0,0.0,0.0,0.0,0.0,1.0,0.0,0.0,0.0,0.0,0.0,0.0,0.0,0.0,0.0,3,0.0,0.0,0.0,0.0,0.0,0.0,0.0,0.0,0.0,0.0,0.0,0.0,0.0,0.0,0.0,0.0,0.0,0.0,0.0,0.0,0.0,0,0.0,0.0,0.0,0.0,0.0,0.0,0,0.0,0.0,0.0,0.0,0.0,0.0,0.0,0.0,0.0,0.0,0.0,0.0,0.0,0.0,0.0,0.0,0,2,4,0,0.0,0.0,0,0.0,0.0,0.0,0.0
Alessandro Buongiorno,it ITA,DF,Napoli,25,1999,22,22,"1,924",1,0,0,0,2,0,0.05,0.0,0.05,0.05,0.05,0.7932021021842957,0.7932021021842957,0.036969543861515596,0.036969543861515596,21.4,4,0.0,50.0,0.19,0.13,0.25,0.09915026277303696,0.20679789781570435,0.20679789781570435,0.0,0.0,0.0,0.0,0.0,0.0,0.0,0.0,0.0,0.0,0.0,0.0,0.0,0.0,5.0,0.0,0.0,0.0,0.0,0.0,0.0,0.0,0.0,0.0,2,0.0,0.0,0.0,0.0,0.0,0.0,0.0,0.0,0.0,0.0,0.0,0.0,0.0,0.0,0.0,0.0,0.0,0.0,0.0,0.0,0.0,23,0.0,0.0,0.0,0.0,0.0,0.0,33,0.0,0.0,0.0,0.0,0.0,0.0,0.0,0.0,0.0,0.0,0.0,0.0,0.0,0.0,0.0,0.0,0,17,21,1,0.0,0.0,0,0.0,0.0,0.0,0.0
Rareș-Cătălin Burnete,ro ROU,FW,Lecce,20,2004,4,0,28,0,0,0,0,0,0,0.0,0.0,0.0,0.0,0.0,0.0,0.0,0.0,0.0,0.3,0,0.0,0.0,0.0,0.0,0.0,0.0,0.0,0.0,0.0,0.0,0.0,0.0,0.0,0.0,0.0,0.0,0.0,0.0,0.0,0.0,0.0,0.0,0.0,0.0,0.0,0.0,0.0,0.0,0.0,0.0,0.0,0.0,0,0.0,0.0,0.0,0.0,0.0,0.0,0.0,0.0,0.0,0.0,0.0,0.0,0.0,0.0,0.0,0.0,0.0,0.0,0.0,0.0,0.0,0,0.0,0.0,0.0,0.0,0.0,0.0,0,0.0,0.0,0.0,0.0,0.0,0.0,0.0,0.0,0.0,0.0,0.0,0.0,0.0,0.0,0.0,0.0,0,2,2,0,0.0,0.0,0,0.0,0.0,0.0,0.0
Gianluca Busio,us USA,MF,Venezia,22,2002,33,28,"2,518",2,0,0,0,4,0,0.07,0.0,0.07,0.07,0.07,2.8546703048050404,2.8546703048050404,0.10126934467183825,0.10126934467183825,28.0,7,0.0,19.4,0.25,0.06,0.29,0.07929639735569556,-0.8546703048050404,-0.8546703048050404,0.0,0.0,0.0,0.0,0.0,0.0,0.0,0.0,0.0,0.0,0.0,0.0,0.0,0.0,28.0,0.0,0.0,0.0,0.0,0.0,0.0,0.0,0.0,0.0,30,0.0,0.0,0.0,0.0,0.0,0.0,0.0,0.0,0.0,0.0,0.0,0.0,0.0,0.0,0.0,0.0,0.0,0.0,0.0,0.0,0.0,30,0.0,0.0,0.0,0.0,0.0,0.0,18,0.0,0.0,0.0,0.0,0.0,0.0,0.0,0.0,0.0,0.0,0.0,0.0,0.0,0.0,0.0,0.0,0,26,44,4,0.0,0.0,0,0.0,0.0,0.0,0.0
Jean Butez,fr FRA,GK,Como,29,1995,19,18,"1,666",0,0,0,0,0,0,0.0,0.0,0.0,0.0,0.0,0.0,0.0,0.0,0.0,18.5,0,0.0,0.0,0.0,0.0,0.0,,0.0,0.0,0.0,0.0,0.0,0.0,0.0,0.0,0.0,0.0,0.0,0.0,0.0,0.0,0.0,0.0,1.0,0.0,0.0,0.0,0.0,0.0,0.0,0.0,0.0,0.0,0,0.0,0.0,0.0,0.0,0.0,0.0,0.0,0.0,0.0,0.0,0.0,0.0,0.0,0.0,0.0,0.0,0.0,0.0,0.0,0.0,0.0,0,0.0,0.0,0.0,0.0,0.0,0.0,0,0.0,0.0,0.0,0.0,0.0,0.0,0.0,0.0,0.0,0.0,0.0,0.0,0.0,0.0,0.0,0.0,0,1,2,0,0.0,0.0,0,0.0,0.0,0.0,0.0
Liberato Cacace,nz NZL,"MF,DF",Empoli,23,2000,33,24,"2,230",2,4,0,0,6,0,0.08,0.16,0.24,0.08,0.24,4.268769123591483,4.268769123591483,0.1727469519438999,0.1727469519438999,24.8,9,0.0,31.0,0.36,0.07,0.22,0.14719893529625802,-2.2687691235914826,-2.2687691235914826,0.0,0.0,0.0,0.0,0.0,0.0,0.0,0.0,0.0,0.0,0.0,0.0,0.0,0.0,27.0,0.0,0.0,0.0,0.0,0.0,0.0,0.0,0.0,0.0,103,0.0,0.0,0.0,0.0,0.0,0.0,0.0,0.0,0.0,0.0,0.0,0.0,0.0,0.0,0.0,0.0,0.0,0.0,0.0,0.0,0.0,27,0.0,0.0,0.0,0.0,0.0,0.0,22,0.0,0.0,0.0,0.0,0.0,0.0,0.0,0.0,0.0,0.0,0.0,0.0,0.0,0.0,0.0,0.0,0,27,17,5,0.0,0.0,0,0.0,0.0,0.0,0.0
Alessio Cacciamani,it ITA,MF,Torino,17,2007,2,0,31,0,0,0,0,0,0,0.0,0.0,0.0,0.0,0.0,0.0,0.0,0.0,0.0,0.3,0,0.0,0.0,0.0,0.0,0.0,,0.0,0.0,0.0,0.0,0.0,0.0,0.0,0.0,0.0,0.0,0.0,0.0,0.0,0.0,0.0,0.0,0.0,0.0,0.0,0.0,0.0,0.0,0.0,0.0,0.0,0.0,3,0.0,0.0,0.0,0.0,0.0,0.0,0.0,0.0,0.0,0.0,0.0,0.0,0.0,0.0,0.0,0.0,0.0,0.0,0.0,0.0,0.0,0,0.0,0.0,0.0,0.0,0.0,0.0,1,0.0,0.0,0.0,0.0,0.0,0.0,0.0,0.0,0.0,0.0,0.0,0.0,0.0,0.0,0.0,0.0,0,0,0,0,0.0,0.0,0,0.0,0.0,0.0,0.0
Davide Calabria,it ITA,DF,Bologna,27,1996,11,7,632,0,1,0,0,3,0,0.0,0.14,0.14,0.0,0.14,0.6295975679531693,0.6295975679531693,0.05970893689756084,0.05970893689756084,7.0,0,0.0,0.0,0.0,0.0,0.0,0.10493292799219489,-0.6295975679531693,-0.6295975679531693,0.0,0.0,0.0,0.0,0.0,0.0,0.0,0.0,0.0,0.0,0.0,0.0,0.0,0.0,14.0,0.0,0.0,0.0,0.0,0.0,0.0,0.0,0.0,0.0,16,0.0,0.0,0.0,0.0,0.0,0.0,0.0,0.0,0.0,0.0,0.0,0.0,0.0,0.0,0.0,0.0,0.0,0.0,0.0,0.0,0.0,7,0.0,0.0,0.0,0.0,0.0,0.0,4,0.0,0.0,0.0,0.0,0.0,0.0,0.0,0.0,0.0,0.0,0.0,0.0,0.0,0.0,0.0,0.0,0,7,5,0,0.0,0.0,0,0.0,0.0,0.0,0.0
Davide Calabria,it ITA,DF,Milan,27,1996,7,4,316,0,0,0,0,0,0,0.0,0.0,0.0,0.0,0.0,0.6295975679531693,0.6295975679531693,0.05970893689756084,0.05970893689756084,3.5,1,0.0,33.3,0.28,0.0,0.0,0.10493292799219489,-0.6295975679531693,-0.6295975679531693,0.0,0.0,0.0,0.0,0.0,0.0,0.0,0.0,0.0,0.0,0.0,0.0,0.0,0.0,14.0,0.0,0.0,0.0,0.0,0.0,0.0,0.0,0.0,0.0,16,0.0,0.0,0.0,0.0,0.0,0.0,0.0,0.0,0.0,0.0,0.0,0.0,0.0,0.0,0.0,0.0,0.0,0.0,0.0,0.0,0.0,7,0.0,0.0,0.0,0.0,0.0,0.0,8,0.0,0.0,0.0,0.0,0.0,0.0,0.0,0.0,0.0,0.0,0.0,0.0,0.0,0.0,0.0,0.0,0,3,4,0,0.0,0.0,0,0.0,0.0,0.0,0.0
Luca Caldirola,it ITA,DF,Monza,33,1991,14,10,876,0,0,0,0,5,0,0.0,0.0,0.0,0.0,0.0,0.3377504227682948,0.3377504227682948,0.03514166248456247,0.03514166248456247,9.7,2,0.0,50.0,0.21,0.0,0.0,0.0844376056920737,-0.3377504227682948,-0.3377504227682948,0.0,0.0,0.0,0.0,0.0,0.0,0.0,0.0,0.0,0.0,0.0,0.0,0.0,0.0,2.0,0.0,0.0,0.0,0.0,0.0,0.0,0.0,0.0,0.0,1,0.0,0.0,0.0,0.0,0.0,0.0,0.0,0.0,0.0,0.0,0.0,0.0,0.0,0.0,0.0,0.0,0.0,0.0,0.0,0.0,0.0,7,0.0,0.0,0.0,0.0,0.0,0.0,11,0.0,0.0,0.0,0.0,0.0,0.0,0.0,0.0,0.0,0.0,0.0,0.0,0.0,0.0,0.0,0.0,0,18,16,1,0.0,0.0,0,0.0,0.0,0.0,0.0
Hakan Çalhanoğlu,tr TUR,MF,Inter,30,1994,29,26,"1,947",5,6,3,4,5,0,0.23,0.28,0.51,0.09,0.37,4.414205387234688,1.3690101206302645,0.19873861173142665,0.06163627356514447,21.6,15,0.0,32.6,0.69,0.04,0.13,0.029761089578918792,0.5857946127653122,0.6309898793697355,0.0,0.0,0.0,0.0,0.0,0.0,0.0,0.0,0.0,0.0,0.0,0.0,0.0,0.0,49.0,0.0,0.0,0.0,0.0,0.0,0.0,0.0,0.0,0.0,122,0.0,0.0,0.0,0.0,0.0,0.0,0.0,0.0,0.0,0.0,0.0,0.0,0.0,0.0,0.0,0.0,0.0,0.0,0.0,0.0,0.0,22,0.0,0.0,0.0,0.0,0.0,0.0,19,0.0,0.0,0.0,0.0,0.0,0.0,0.0,0.0,0.0,0.0,0.0,0.0,0.0,0.0,0.0,0.0,0,22,13,0,0.0,0.0,0,0.0,0.0,0.0,0.0
Drissa Camara,ci CIV,FW,Parma,22,2002,21,1,447,0,0,0,0,3,0,0.0,0.0,0.0,0.0,0.0,1.3038886561989784,1.3038886561989784,0.2970885545769824,0.2970885545769824,5.0,5,0.0,33.3,1.01,0.0,0.0,0.08692591041326522,-1.3038886561989784,-1.3038886561989784,0.0,0.0,0.0,0.0,0.0,0.0,0.0,0.0,0.0,0.0,0.0,0.0,0.0,0.0,5.0,0.0,0.0,0.0,0.0,0.0,0.0,0.0,0.0,0.0,5,0.0,0.0,0.0,0.0,0.0,0.0,0.0,0.0,0.0,0.0,0.0,0.0,0.0,0.0,0.0,0.0,0.0,0.0,0.0,0.0,0.0,7,0.0,0.0,0.0,0.0,0.0,0.0,4,0.0,0.0,0.0,0.0,0.0,0.0,0.0,0.0,0.0,0.0,0.0,0.0,0.0,0.0,0.0,0.0,0,17,17,1,0.0,0.0,0,0.0,0.0,0.0,0.0
Francesco Camarda,it ITA,FW,Milan,16,2008,10,1,206,0,0,0,0,0,0,0.0,0.0,0.0,0.0,0.0,0.5220109783113003,0.5220109783113003,0.24217004148462384,0.24217004148462384,2.3,1,0.0,12.5,0.44,0.0,0.0,0.06525137228891253,-0.5220109783113003,-0.5220109783113003,0.0,0.0,0.0,0.0,0.0,0.0,0.0,0.0,0.0,0.0,0.0,0.0,0.0,0.0,5.0,0.0,0.0,0.0,0.0,0.0,0.0,0.0,0.0,0.0,1,0.0,0.0,0.0,0.0,0.0,0.0,0.0,0.0,0.0,0.0,0.0,0.0,0.0,0.0,0.0,0.0,0.0,0.0,0.0,0.0,0.0,2,0.0,0.0,0.0,0.0,0.0,0.0,0,0.0,0.0,0.0,0.0,0.0,0.0,0.0,0.0,0.0,0.0,0.0,0.0,0.0,0.0,0.0,0.0,0,8,1,2,0.0,0.0,0,0.0,0.0,0.0,0.0
Nicolò Cambiaghi,it ITA,"MF,FW",Bologna,23,2000,18,4,620,1,3,0,0,0,0,0.15,0.44,0.58,0.15,0.58,0.7282730583101511,0.7282730583101511,0.11281338252652942,0.11281338252652942,6.9,4,0.0,28.6,0.58,0.07,0.25,0.05201950416501079,0.2717269416898489,0.2717269416898489,0.0,0.0,0.0,0.0,0.0,0.0,0.0,0.0,0.0,0.0,0.0,0.0,0.0,0.0,10.0,0.0,0.0,0.0,0.0,0.0,0.0,0.0,0.0,0.0,47,0.0,0.0,0.0,0.0,0.0,0.0,0.0,0.0,0.0,0.0,0.0,0.0,0.0,0.0,0.0,0.0,0.0,0.0,0.0,0.0,0.0,8,0.0,0.0,0.0,0.0,0.0,0.0,1,0.0,0.0,0.0,0.0,0.0,0.0,0.0,0.0,0.0,0.0,0.0,0.0,0.0,0.0,0.0,0.0,0,9,34,0,0.0,0.0,0,0.0,0.0,0.0,0.0
Andrea Cambiaso,it ITA,"DF,MF",Juventus,24,2000,33,25,"2,221",2,3,0,0,4,0,0.08,0.12,0.2,0.08,0.2,0.9298030640929936,0.9298030640929936,0.03757623519010751,0.03757623519010751,24.7,6,0.0,35.3,0.24,0.12,0.33,0.05469429788782315,1.0701969359070063,1.0701969359070063,0.0,0.0,0.0,0.0,0.0,0.0,0.0,0.0,0.0,0.0,0.0,0.0,0.0,0.0,34.0,0.0,0.0,0.0,0.0,0.0,0.0,0.0,0.0,0.0,66,0.0,0.0,0.0,0.0,0.0,0.0,0.0,0.0,0.0,0.0,0.0,0.0,0.0,0.0,0.0,0.0,0.0,0.0,0.0,0.0,0.0,31,0.0,0.0,0.0,0.0,0.0,0.0,17,0.0,0.0,0.0,0.0,0.0,0.0,0.0,0.0,0.0,0.0,0.0,0.0,0.0,0.0,0.0,0.0,0,28,23,6,0.0,0.0,0,0.0,0.0,0.0,0.0
Thomas Campaniello,it ITA,FW,Empoli,16,2008,3,0,25,0,0,0,0,0,0,0.0,0.0,0.0,0.0,0.0,0.3638376891613006,0.3638376891613006,1.7234416855008976,1.7234416855008976,0.3,0,0.0,0.0,0.0,0.0,0.0,0.3638376891613006,-0.3638376891613006,-0.3638376891613006,0.0,0.0,0.0,0.0,0.0,0.0,0.0,0.0,0.0,0.0,0.0,0.0,0.0,0.0,0.0,0.0,0.0,0.0,0.0,0.0,0.0,0.0,0.0,0.0,0,0.0,0.0,0.0,0.0,0.0,0.0,0.0,0.0,0.0,0.0,0.0,0.0,0.0,0.0,0.0,0.0,0.0,0.0,0.0,0.0,0.0,0,0.0,0.0,0.0,0.0,0.0,0.0,0,0.0,0.0,0.0,0.0,0.0,0.0,0.0,0.0,0.0,0.0,0.0,0.0,0.0,0.0,0.0,0.0,0,0,1,0,0.0,0.0,0,0.0,0.0,0.0,0.0
Matteo Cancellieri,it ITA,"MF,FW",Parma,22,2002,27,19,"1,424",3,0,0,0,2,1,0.19,0.0,0.19,0.19,0.19,2.508650751784444,2.508650751784444,0.15538786487309011,0.15538786487309011,15.8,7,0.0,31.8,0.44,0.14,0.43,0.11402957962656562,0.49134924821555614,0.49134924821555614,0.0,0.0,0.0,0.0,0.0,0.0,0.0,0.0,0.0,0.0,0.0,0.0,0.0,0.0,10.0,0.0,0.0,0.0,0.0,0.0,0.0,0.0,0.0,0.0,22,0.0,0.0,0.0,0.0,0.0,0.0,0.0,0.0,0.0,0.0,0.0,0.0,0.0,0.0,0.0,0.0,0.0,0.0,0.0,0.0,0.0,14,0.0,0.0,0.0,0.0,0.0,0.0,13,0.0,0.0,0.0,0.0,0.0,0.0,0.0,0.0,0.0,0.0,0.0,0.0,0.0,0.0,0.0,0.0,0,26,41,2,0.0,0.0,0,0.0,0.0,0.0,0.0
Fali Candé,gw GNB,DF,Venezia,26,1998,17,17,"1,530",1,1,0,0,4,0,0.06,0.06,0.12,0.06,0.12,0.8236780585721135,0.8236780585721135,0.04845165050424197,0.04845165050424197,17.0,2,0.0,40.0,0.12,0.2,0.5,0.1647356117144227,0.17632194142788649,0.17632194142788649,0.0,0.0,0.0,0.0,0.0,0.0,0.0,0.0,0.0,0.0,0.0,0.0,0.0,0.0,4.0,0.0,0.0,0.0,0.0,0.0,0.0,0.0,0.0,0.0,7,0.0,0.0,0.0,0.0,0.0,0.0,0.0,0.0,0.0,0.0,0.0,0.0,0.0,0.0,0.0,0.0,0.0,0.0,0.0,0.0,0.0,19,0.0,0.0,0.0,0.0,0.0,0.0,16,0.0,0.0,0.0,0.0,0.0,0.0,0.0,0.0,0.0,0.0,0.0,0.0,0.0,0.0,0.0,0.0,0,24,21,0,0.0,0.0,0,0.0,0.0,0.0,0.0
Antonio Candela,it ITA,"MF,DF",Venezia,24,2000,14,12,"1,008",0,1,0,0,2,0,0.0,0.09,0.09,0.0,0.09,0.2107732538133859,0.2107732538133859,0.018597640042357578,0.018597640042357578,11.2,0,0.0,0.0,0.0,0.0,0.0,0.04215465076267718,-0.2107732538133859,-0.2107732538133859,0.0,0.0,0.0,0.0,0.0,0.0,0.0,0.0,0.0,0.0,0.0,0.0,0.0,0.0,9.0,0.0,0.0,0.0,0.0,0.0,0.0,0.0,0.0,0.0,21,0.0,0.0,0.0,0.0,0.0,0.0,0.0,0.0,0.0,0.0,0.0,0.0,0.0,0.0,0.0,0.0,0.0,0.0,0.0,0.0,0.0,21,0.0,0.0,0.0,0.0,0.0,0.0,8,0.0,0.0,0.0,0.0,0.0,0.0,0.0,0.0,0.0,0.0,0.0,0.0,0.0,0.0,0.0,0.0,0,15,5,0,0.0,0.0,1,0.0,0.0,0.0,0.0
Gianluca Caprari,it ITA,"MF,FW",Monza,31,1993,34,18,"1,651",3,2,2,2,3,0,0.16,0.11,0.27,0.05,0.16,3.863158030435443,2.340560359880328,0.2114867534909914,0.1281328664168063,18.3,11,0.0,37.9,0.6,0.03,0.09,0.08070897792690787,-0.8631580304354429,-1.3405603598803282,0.0,0.0,0.0,0.0,0.0,0.0,0.0,0.0,0.0,0.0,0.0,0.0,0.0,0.0,29.0,0.0,0.0,0.0,0.0,0.0,0.0,0.0,0.0,0.0,80,0.0,0.0,0.0,0.0,0.0,0.0,0.0,0.0,0.0,0.0,0.0,0.0,0.0,0.0,0.0,0.0,0.0,0.0,0.0,0.0,0.0,11,0.0,0.0,0.0,0.0,0.0,0.0,8,0.0,0.0,0.0,0.0,0.0,0.0,0.0,0.0,0.0,0.0,0.0,0.0,0.0,0.0,0.0,0.0,0,18,42,5,0.0,0.0,0,0.0,0.0,0.0,0.0
Elia Caprile,it ITA,GK,Napoli,22,2001,4,3,325,0,0,0,0,0,0,0.0,0.0,0.0,0.0,0.0,0.0,0.0,0.0,0.0,3.6,0,0.0,0.0,0.0,0.0,0.0,,0.0,0.0,0.0,0.0,0.0,0.0,0.0,0.0,0.0,0.0,0.0,0.0,0.0,0.0,0.0,0.0,0.0,0.0,0.0,0.0,0.0,0.0,0.0,0.0,0.0,0.0,0,0.0,0.0,0.0,0.0,0.0,0.0,0.0,0.0,0.0,0.0,0.0,0.0,0.0,0.0,0.0,0.0,0.0,0.0,0.0,0.0,0.0,0,0.0,0.0,0.0,0.0,0.0,0.0,0,0.0,0.0,0.0,0.0,0.0,0.0,0.0,0.0,0.0,0.0,0.0,0.0,0.0,0.0,0.0,0.0,0,0,0,0,0.0,0.0,0,0.0,0.0,0.0,0.0
Elia Caprile,it ITA,GK,Cagliari,22,2001,18,18,"1,620",0,0,0,0,0,0,0.0,0.0,0.0,0.0,0.0,0.0,0.0,0.0,0.0,18.0,0,0.0,0.0,0.0,0.0,0.0,,0.0,0.0,0.0,0.0,0.0,0.0,0.0,0.0,0.0,0.0,0.0,0.0,0.0,0.0,0.0,0.0,0.0,0.0,0.0,0.0,0.0,0.0,0.0,0.0,0.0,0.0,0,0.0,0.0,0.0,0.0,0.0,0.0,0.0,0.0,0.0,0.0,0.0,0.0,0.0,0.0,0.0,0.0,0.0,0.0,0.0,0.0,0.0,0,0.0,0.0,0.0,0.0,0.0,0.0,0,0.0,0.0,0.0,0.0,0.0,0.0,0.0,0.0,0.0,0.0,0.0,0.0,0.0,0.0,0.0,0.0,0,0,6,0,0.0,0.0,0,0.0,0.0,0.0,0.0
Francesco Caputo,it ITA,FW,Empoli,36,1987,1,0,6,0,0,0,0,0,0,0.0,0.0,0.0,0.0,0.0,0.0,0.0,0.0,0.0,0.1,0,0.0,0.0,0.0,0.0,0.0,,0.0,0.0,0.0,0.0,0.0,0.0,0.0,0.0,0.0,0.0,0.0,0.0,0.0,0.0,0.0,0.0,0.0,0.0,0.0,0.0,0.0,0.0,0.0,0.0,0.0,0.0,0,0.0,0.0,0.0,0.0,0.0,0.0,0.0,0.0,0.0,0.0,0.0,0.0,0.0,0.0,0.0,0.0,0.0,0.0,0.0,0.0,0.0,0,0.0,0.0,0.0,0.0,0.0,0.0,0,0.0,0.0,0.0,0.0,0.0,0.0,0.0,0.0,0.0,0.0,0.0,0.0,0.0,0.0,0.0,0.0,0,0,0,0,0.0,0.0,0,0.0,0.0,0.0,0.0
Maxence Caqueret,fr FRA,MF,Como,24,2000,18,15,"1,087",2,3,0,0,4,0,0.17,0.25,0.41,0.17,0.41,0.7744915895164013,0.7744915895164013,0.0627966153661947,0.0627966153661947,12.1,3,0.0,37.5,0.25,0.25,0.67,0.09681144868955016,1.2255084104835987,1.2255084104835987,0.0,0.0,0.0,0.0,0.0,0.0,0.0,0.0,0.0,0.0,0.0,0.0,0.0,0.0,19.0,0.0,0.0,0.0,0.0,0.0,0.0,0.0,0.0,0.0,16,0.0,0.0,0.0,0.0,0.0,0.0,0.0,0.0,0.0,0.0,0.0,0.0,0.0,0.0,0.0,0.0,0.0,0.0,0.0,0.0,0.0,20,0.0,0.0,0.0,0.0,0.0,0.0,6,0.0,0.0,0.0,0.0,0.0,0.0,0.0,0.0,0.0,0.0,0.0,0.0,0.0,0.0,0.0,0.0,0,17,11,1,0.0,0.0,0,0.0,0.0,0.0,0.0
Andrea Carboni,it ITA,DF,Monza,23,2001,26,25,"2,191",0,1,0,0,5,0,0.0,0.04,0.04,0.0,0.04,0.344784278422594,0.344784278422594,0.014047344978738552,0.014047344978738552,24.3,1,0.0,12.5,0.04,0.0,0.0,0.04309803480282425,-0.344784278422594,-0.344784278422594,0.0,0.0,0.0,0.0,0.0,0.0,0.0,0.0,0.0,0.0,0.0,0.0,0.0,0.0,4.0,0.0,0.0,0.0,0.0,0.0,0.0,0.0,0.0,0.0,15,0.0,0.0,0.0,0.0,0.0,0.0,0.0,0.0,0.0,0.0,0.0,0.0,0.0,0.0,0.0,0.0,0.0,0.0,0.0,0.0,0.0,32,0.0,0.0,0.0,0.0,0.0,0.0,27,0.0,0.0,0.0,0.0,0.0,0.0,0.0,0.0,0.0,0.0,0.0,0.0,0.0,0.0,0.0,0.0,0,29,17,0,0.0,0.0,0,0.0,0.0,0.0,0.0
Franco Carboni,it ITA,MF,Venezia,21,2003,8,3,226,0,0,0,0,2,0,0.0,0.0,0.0,0.0,0.0,0.0,0.0,0.0,0.0,2.5,0,0.0,0.0,0.0,0.0,0.0,0.0,0.0,0.0,0.0,0.0,0.0,0.0,0.0,0.0,0.0,0.0,0.0,0.0,0.0,0.0,0.0,0.0,0.0,0.0,0.0,0.0,0.0,0.0,0.0,0.0,0.0,0.0,8,0.0,0.0,0.0,0.0,0.0,0.0,0.0,0.0,0.0,0.0,0.0,0.0,0.0,0.0,0.0,0.0,0.0,0.0,0.0,0.0,0.0,4,0.0,0.0,0.0,0.0,0.0,0.0,0,0.0,0.0,0.0,0.0,0.0,0.0,0.0,0.0,0.0,0.0,0.0,0.0,0.0,0.0,0.0,0.0,0,3,2,0,0.0,0.0,0,0.0,0.0,0.0,0.0
Marco Carnesecchi,it ITA,GK,Atalanta,24,2000,34,34,"3,060",0,0,0,0,1,0,0.0,0.0,0.0,0.0,0.0,0.0,0.0,0.0,0.0,34.0,0,0.0,0.0,0.0,0.0,0.0,,0.0,0.0,0.0,0.0,0.0,0.0,0.0,0.0,0.0,0.0,0.0,0.0,0.0,0.0,0.0,0.0,1.0,0.0,0.0,0.0,0.0,0.0,0.0,0.0,0.0,0.0,0,0.0,0.0,0.0,0.0,0.0,0.0,0.0,0.0,0.0,0.0,0.0,0.0,0.0,0.0,0.0,0.0,0.0,0.0,0.0,0.0,0.0,0,0.0,0.0,0.0,0.0,0.0,0.0,0,0.0,0.0,0.0,0.0,0.0,0.0,0.0,0.0,0.0,0.0,0.0,0.0,0.0,0.0,0.0,0.0,0,0,5,0,0.0,0.0,0,0.0,0.0,0.0,0.0
Cesare Casadei,it ITA,MF,Torino,21,2003,15,13,"1,017",1,1,0,0,1,0,0.09,0.09,0.18,0.09,0.18,1.2500655204057691,1.2500655204057691,0.10922902605487303,0.10922902605487303,11.3,7,0.0,50.0,0.62,0.07,0.14,0.08929039431469779,-0.2500655204057691,-0.2500655204057691,0.0,0.0,0.0,0.0,0.0,0.0,0.0,0.0,0.0,0.0,0.0,0.0,0.0,0.0,7.0,0.0,0.0,0.0,0.0,0.0,0.0,0.0,0.0,0.0,2,0.0,0.0,0.0,0.0,0.0,0.0,0.0,0.0,0.0,0.0,0.0,0.0,0.0,0.0,0.0,0.0,0.0,0.0,0.0,0.0,0.0,5,0.0,0.0,0.0,0.0,0.0,0.0,5,0.0,0.0,0.0,0.0,0.0,0.0,0.0,0.0,0.0,0.0,0.0,0.0,0.0,0.0,0.0,0.0,0,16,10,0,0.0,0.0,0,0.0,0.0,0.0,0.0
Nicolò Casale,it ITA,DF,Bologna,26,1998,15,9,900,0,1,0,0,1,0,0.0,0.1,0.1,0.0,0.1,0.2745541278272867,0.2745541278272867,0.023851227320903286,0.023851227320903286,10.0,1,0.0,25.0,0.1,0.0,0.0,0.054910825565457344,-0.2745541278272867,-0.2745541278272867,0.0,0.0,0.0,0.0,0.0,0.0,0.0,0.0,0.0,0.0,0.0,0.0,0.0,0.0,3.0,0.0,0.0,0.0,0.0,0.0,0.0,0.0,0.0,0.0,0,0.0,0.0,0.0,0.0,0.0,0.0,0.0,0.0,0.0,0.0,0.0,0.0,0.0,0.0,0.0,0.0,0.0,0.0,0.0,0.0,0.0,4,0.0,0.0,0.0,0.0,0.0,0.0,20,0.0,0.0,0.0,0.0,0.0,0.0,0.0,0.0,0.0,0.0,0.0,0.0,0.0,0.0,0.0,0.0,0,23,8,0,0.0,0.0,1,0.0,0.0,0.0,0.0
Nicolò Casale,it ITA,DF,Lazio,26,1998,2,2,135,0,0,0,0,0,0,0.0,0.0,0.0,0.0,0.0,0.2745541278272867,0.2745541278272867,0.023851227320903286,0.023851227320903286,1.5,1,0.0,100.0,0.67,0.0,0.0,0.054910825565457344,-0.2745541278272867,-0.2745541278272867,0.0,0.0,0.0,0.0,0.0,0.0,0.0,0.0,0.0,0.0,0.0,0.0,0.0,0.0,3.0,0.0,0.0,0.0,0.0,0.0,0.0,0.0,0.0,0.0,0,0.0,0.0,0.0,0.0,0.0,0.0,0.0,0.0,0.0,0.0,0.0,0.0,0.0,0.0,0.0,0.0,0.0,0.0,0.0,0.0,0.0,3,0.0,0.0,0.0,0.0,0.0,0.0,1,0.0,0.0,0.0,0.0,0.0,0.0,0.0,0.0,0.0,0.0,0.0,0.0,0.0,0.0,0.0,0.0,0,2,0,0,0.0,0.0,0,0.0,0.0,0.0,0.0
Federico Cassa,it ITA,MF,Atalanta,18,2006,2,0,14,0,0,0,0,0,0,0.0,0.0,0.0,0.0,0.0,0.0,0.0,0.0,0.0,0.2,0,0.0,0.0,0.0,0.0,0.0,,0.0,0.0,0.0,0.0,0.0,0.0,0.0,0.0,0.0,0.0,0.0,0.0,0.0,0.0,0.0,0.0,0.0,0.0,0.0,0.0,0.0,0.0,0.0,0.0,0.0,0.0,0,0.0,0.0,0.0,0.0,0.0,0.0,0.0,0.0,0.0,0.0,0.0,0.0,0.0,0.0,0.0,0.0,0.0,0.0,0.0,0.0,0.0,0,0.0,0.0,0.0,0.0,0.0,0.0,0,0.0,0.0,0.0,0.0,0.0,0.0,0.0,0.0,0.0,0.0,0.0,0.0,0.0,0.0,0.0,0.0,0,2,1,0,0.0,0.0,0,0.0,0.0,0.0,0.0
Valentín Castellanos,ar ARG,FW,Lazio,25,1998,29,28,"2,384",10,3,2,3,9,1,0.38,0.11,0.49,0.3,0.42,16.131397516466677,13.84750095102936,0.6031681663822189,0.5177711198972341,26.5,41,0.0,38.0,1.55,0.07,0.2,0.12821760139842,-6.131397516466677,-5.84750095102936,0.0,0.0,0.0,0.0,0.0,0.0,0.0,0.0,0.0,0.0,0.0,0.0,0.0,0.0,26.0,0.0,0.0,0.0,0.0,0.0,0.0,0.0,0.0,0.0,25,0.0,0.0,0.0,0.0,0.0,0.0,0.0,0.0,0.0,0.0,0.0,0.0,0.0,0.0,0.0,0.0,0.0,0.0,0.0,0.0,0.0,6,0.0,0.0,0.0,0.0,0.0,0.0,8,0.0,0.0,0.0,0.0,0.0,0.0,0.0,0.0,0.0,0.0,0.0,0.0,0.0,0.0,0.0,0.0,0,38,42,17,0.0,0.0,0,0.0,0.0,0.0,0.0
Santiago Castro,ar ARG,FW,Bologna,19,2004,36,27,"2,294",8,4,0,1,7,0,0.31,0.16,0.47,0.31,0.47,8.536016429774463,7.774717587046325,0.33214071711184684,0.30251819404849517,25.5,21,0.0,33.3,0.82,0.13,0.38,0.12340821566740198,-0.5360164297744632,0.2252824129536748,0.0,0.0,0.0,0.0,0.0,0.0,0.0,0.0,0.0,0.0,0.0,0.0,0.0,0.0,29.0,0.0,0.0,0.0,0.0,0.0,0.0,0.0,0.0,0.0,9,0.0,0.0,0.0,0.0,0.0,0.0,0.0,0.0,0.0,0.0,0.0,0.0,0.0,0.0,0.0,0.0,0.0,0.0,0.0,0.0,0.0,10,0.0,0.0,0.0,0.0,0.0,0.0,3,0.0,0.0,0.0,0.0,0.0,0.0,0.0,0.0,0.0,0.0,0.0,0.0,0.0,0.0,0.0,0.0,0,49,53,9,0.0,0.0,1,0.0,0.0,0.0,0.0
Gaetano Castrovilli,it ITA,MF,Monza,27,1997,12,7,596,0,0,0,0,0,0,0.0,0.0,0.0,0.0,0.0,0.6471601650118828,0.6471601650118828,0.0803371239325096,0.0803371239325096,6.6,0,0.0,0.0,0.0,0.0,0.0,0.08089502062648535,-0.6471601650118828,-0.6471601650118828,0.0,0.0,0.0,0.0,0.0,0.0,0.0,0.0,0.0,0.0,0.0,0.0,0.0,0.0,9.0,0.0,0.0,0.0,0.0,0.0,0.0,0.0,0.0,0.0,14,0.0,0.0,0.0,0.0,0.0,0.0,0.0,0.0,0.0,0.0,0.0,0.0,0.0,0.0,0.0,0.0,0.0,0.0,0.0,0.0,0.0,7,0.0,0.0,0.0,0.0,0.0,0.0,2,0.0,0.0,0.0,0.0,0.0,0.0,0.0,0.0,0.0,0.0,0.0,0.0,0.0,0.0,0.0,0.0,0,8,7,2,0.0,0.0,0,0.0,0.0,0.0,0.0
Gaetano Castrovilli,it ITA,MF,Lazio,27,1997,9,1,148,0,0,0,0,0,0,0.0,0.0,0.0,0.0,0.0,0.6471601650118828,0.6471601650118828,0.0803371239325096,0.0803371239325096,1.6,0,0.0,0.0,0.0,0.0,0.0,0.08089502062648535,-0.6471601650118828,-0.6471601650118828,0.0,0.0,0.0,0.0,0.0,0.0,0.0,0.0,0.0,0.0,0.0,0.0,0.0,0.0,9.0,0.0,0.0,0.0,0.0,0.0,0.0,0.0,0.0,0.0,0,0.0,0.0,0.0,0.0,0.0,0.0,0.0,0.0,0.0,0.0,0.0,0.0,0.0,0.0,0.0,0.0,0.0,0.0,0.0,0.0,0.0,2,0.0,0.0,0.0,0.0,0.0,0.0,3,0.0,0.0,0.0,0.0,0.0,0.0,0.0,0.0,0.0,0.0,0.0,0.0,0.0,0.0,0.0,0.0,0,4,1,0,0.0,0.0,0,0.0,0.0,0.0,0.0
Danilo Cataldi,it ITA,MF,Fiorentina,29,1994,25,23,"1,728",3,0,0,0,1,0,0.16,0.0,0.16,0.16,0.16,0.7924351925030351,0.7924351925030351,0.04047625841388942,0.04047625841388942,19.2,5,0.0,38.5,0.26,0.23,0.6,0.06095655326946424,2.207564807496965,2.207564807496965,0.0,0.0,0.0,0.0,0.0,0.0,0.0,0.0,0.0,0.0,0.0,0.0,0.0,0.0,14.0,0.0,0.0,0.0,0.0,0.0,0.0,0.0,0.0,0.0,21,0.0,0.0,0.0,0.0,0.0,0.0,0.0,0.0,0.0,0.0,0.0,0.0,0.0,0.0,0.0,0.0,0.0,0.0,0.0,0.0,0.0,18,0.0,0.0,0.0,0.0,0.0,0.0,23,0.0,0.0,0.0,0.0,0.0,0.0,0.0,0.0,0.0,0.0,0.0,0.0,0.0,0.0,0.0,0.0,0,15,22,0,0.0,0.0,0,0.0,0.0,0.0,0.0
Zeki Çelik,tr TUR,"DF,MF",Roma,27,1997,31,27,"2,256",0,2,0,0,5,0,0.0,0.08,0.08,0.0,0.08,0.0,0.0,0.0,0.0,25.1,4,0.0,30.8,0.16,0.0,0.0,0.0,0.0,0.0,0.0,0.0,0.0,0.0,0.0,0.0,0.0,0.0,0.0,0.0,0.0,0.0,0.0,0.0,0.0,0.0,0.0,0.0,0.0,0.0,0.0,0.0,0.0,0.0,42,0.0,0.0,0.0,0.0,0.0,0.0,0.0,0.0,0.0,0.0,0.0,0.0,0.0,0.0,0.0,0.0,0.0,0.0,0.0,0.0,0.0,37,0.0,0.0,0.0,0.0,0.0,0.0,12,0.0,0.0,0.0,0.0,0.0,0.0,0.0,0.0,0.0,0.0,0.0,0.0,0.0,0.0,0.0,0.0,0,31,10,0,0.0,0.0,0,0.0,0.0,0.0,0.0
Alberto Cerri,it ITA,FW,Como,28,1996,5,0,87,0,0,0,0,0,0,0.0,0.0,0.0,0.0,0.0,1.4675566963851452,1.4675566963851452,1.7848662523603118,1.7848662523603118,1.0,1,0.0,25.0,1.03,0.0,0.0,0.3668891740962863,-1.4675566963851452,-1.4675566963851452,0.0,0.0,0.0,0.0,0.0,0.0,0.0,0.0,0.0,0.0,0.0,0.0,0.0,0.0,0.0,0.0,0.0,0.0,0.0,0.0,0.0,0.0,0.0,0.0,0,0.0,0.0,0.0,0.0,0.0,0.0,0.0,0.0,0.0,0.0,0.0,0.0,0.0,0.0,0.0,0.0,0.0,0.0,0.0,0.0,0.0,0,0.0,0.0,0.0,0.0,0.0,0.0,0,0.0,0.0,0.0,0.0,0.0,0.0,0.0,0.0,0.0,0.0,0.0,0.0,0.0,0.0,0.0,0.0,0,3,1,2,0.0,0.0,0,0.0,0.0,0.0,0.0
Gabriel Charpentier,cg CGO,FW,Parma,25,1999,10,0,271,1,2,0,0,1,0,0.33,0.66,1.0,0.33,1.0,0.852648101747036,0.852648101747036,0.31710053370757535,0.31710053370757535,3.0,4,0.0,44.4,1.33,0.11,0.25,0.09473867797189289,0.14735189825296402,0.14735189825296402,0.0,0.0,0.0,0.0,0.0,0.0,0.0,0.0,0.0,0.0,0.0,0.0,0.0,0.0,6.0,0.0,0.0,0.0,0.0,0.0,0.0,0.0,0.0,0.0,2,0.0,0.0,0.0,0.0,0.0,0.0,0.0,0.0,0.0,0.0,0.0,0.0,0.0,0.0,0.0,0.0,0.0,0.0,0.0,0.0,0.0,3,0.0,0.0,0.0,0.0,0.0,0.0,0,0.0,0.0,0.0,0.0,0.0,0.0,0.0,0.0,0.0,0.0,0.0,0.0,0.0,0.0,0.0,0.0,0,13,10,0,0.0,0.0,0,0.0,0.0,0.0,0.0
Walid Cheddira,ma MAR,FW,Napoli,26,1998,1,0,12,0,0,0,0,0,0,0.0,0.0,0.0,0.0,0.0,0.0,0.0,0.0,0.0,0.1,0,0.0,0.0,0.0,0.0,0.0,,0.0,0.0,0.0,0.0,0.0,0.0,0.0,0.0,0.0,0.0,0.0,0.0,0.0,0.0,0.0,0.0,1.0,0.0,0.0,0.0,0.0,0.0,0.0,0.0,0.0,0.0,0,0.0,0.0,0.0,0.0,0.0,0.0,0.0,0.0,0.0,0.0,0.0,0.0,0.0,0.0,0.0,0.0,0.0,0.0,0.0,0.0,0.0,0,0.0,0.0,0.0,0.0,0.0,0.0,0,0.0,0.0,0.0,0.0,0.0,0.0,0.0,0.0,0.0,0.0,0.0,0.0,0.0,0.0,0.0,0.0,0,0,0,0,0.0,0.0,0,0.0,0.0,0.0,0.0
Leandro Chichizola,ar ARG,GK,Parma,34,1990,1,1,90,0,0,0,0,0,0,0.0,0.0,0.0,0.0,0.0,0.0,0.0,0.0,0.0,1.0,0,0.0,0.0,0.0,0.0,0.0,,0.0,0.0,0.0,0.0,0.0,0.0,0.0,0.0,0.0,0.0,0.0,0.0,0.0,0.0,0.0,0.0,0.0,0.0,0.0,0.0,0.0,0.0,0.0,0.0,0.0,0.0,0,0.0,0.0,0.0,0.0,0.0,0.0,0.0,0.0,0.0,0.0,0.0,0.0,0.0,0.0,0.0,0.0,0.0,0.0,0.0,0.0,0.0,0,0.0,0.0,0.0,0.0,0.0,0.0,0,0.0,0.0,0.0,0.0,0.0,0.0,0.0,0.0,0.0,0.0,0.0,0.0,0.0,0.0,0.0,0.0,0,0,0,0,0.0,0.0,0,0.0,0.0,0.0,0.0
Samuel Chukwueze,ng NGA,"MF,FW",Milan,25,1999,26,9,925,3,2,0,0,0,0,0.29,0.19,0.49,0.29,0.49,2.7906703650951385,2.7906703650951385,0.27600036577864007,0.27600036577864007,10.3,8,0.0,25.0,0.78,0.09,0.38,0.08720844890922308,0.20932963490486145,0.20932963490486145,0.0,0.0,0.0,0.0,0.0,0.0,0.0,0.0,0.0,0.0,0.0,0.0,0.0,0.0,27.0,0.0,0.0,0.0,0.0,0.0,0.0,0.0,0.0,0.0,49,0.0,0.0,0.0,0.0,0.0,0.0,0.0,0.0,0.0,0.0,0.0,0.0,0.0,0.0,0.0,0.0,0.0,0.0,0.0,0.0,0.0,11,0.0,0.0,0.0,0.0,0.0,0.0,2,0.0,0.0,0.0,0.0,0.0,0.0,0.0,0.0,0.0,0.0,0.0,0.0,0.0,0.0,0.0,0.0,0,3,10,3,0.0,0.0,0,0.0,0.0,0.0,0.0
Aaron Ciammaglichella,it ITA,MF,Torino,19,2005,1,0,1,0,0,0,0,0,0,0.0,0.0,0.0,0.0,0.0,0.0,0.0,0.0,0.0,0.0,0,0.0,0.0,0.0,0.0,0.0,,0.0,0.0,0.0,0.0,0.0,0.0,0.0,0.0,0.0,0.0,0.0,0.0,0.0,0.0,0.0,0.0,0.0,0.0,0.0,0.0,0.0,0.0,0.0,0.0,0.0,0.0,0,0.0,0.0,0.0,0.0,0.0,0.0,0.0,0.0,0.0,0.0,0.0,0.0,0.0,0.0,0.0,0.0,0.0,0.0,0.0,0.0,0.0,0,0.0,0.0,0.0,0.0,0.0,0.0,0,0.0,0.0,0.0,0.0,0.0,0.0,0.0,0.0,0.0,0.0,0.0,0.0,0.0,0.0,0.0,0.0,0,0,0,0,0.0,0.0,0,0.0,0.0,0.0,0.0
Giuseppe Ciocci,it ITA,GK,Cagliari,22,2002,1,0,9,0,0,0,0,0,0,0.0,0.0,0.0,0.0,0.0,0.0,0.0,0.0,0.0,0.1,0,0.0,0.0,0.0,0.0,0.0,,0.0,0.0,0.0,0.0,0.0,0.0,0.0,0.0,0.0,0.0,0.0,0.0,0.0,0.0,0.0,0.0,0.0,0.0,0.0,0.0,0.0,0.0,0.0,0.0,0.0,0.0,0,0.0,0.0,0.0,0.0,0.0,0.0,0.0,0.0,0.0,0.0,0.0,0.0,0.0,0.0,0.0,0.0,0.0,0.0,0.0,0.0,0.0,0,0.0,0.0,0.0,0.0,0.0,0.0,0,0.0,0.0,0.0,0.0,0.0,0.0,0.0,0.0,0.0,0.0,0.0,0.0,0.0,0.0,0.0,0.0,0,0,1,0,0.0,0.0,0,0.0,0.0,0.0,0.0
Alessandro Circati,au AUS,DF,Parma,20,2003,6,6,540,0,0,0,0,1,0,0.0,0.0,0.0,0.0,0.0,0.1777893677353859,0.1777893677353859,0.029631561289230984,0.029631561289230984,6.0,0,0.0,0.0,0.0,0.0,0.0,0.08889468386769295,-0.1777893677353859,-0.1777893677353859,0.0,0.0,0.0,0.0,0.0,0.0,0.0,0.0,0.0,0.0,0.0,0.0,0.0,0.0,1.0,0.0,0.0,0.0,0.0,0.0,0.0,0.0,0.0,0.0,0,0.0,0.0,0.0,0.0,0.0,0.0,0.0,0.0,0.0,0.0,0.0,0.0,0.0,0.0,0.0,0.0,0.0,0.0,0.0,0.0,0.0,5,0.0,0.0,0.0,0.0,0.0,0.0,4,0.0,0.0,0.0,0.0,0.0,0.0,0.0,0.0,0.0,0.0,0.0,0.0,0.0,0.0,0.0,0.0,0,4,5,0,0.0,0.0,0,0.0,0.0,0.0,0.0
Alphadjo Cissè,it ITA,MF,Hellas Verona,17,2006,2,0,9,0,0,0,0,0,0,0.0,0.0,0.0,0.0,0.0,0.0392821114510297,0.0392821114510297,0.7070780061185347,0.7070780061185347,0.1,2,0.0,100.0,20.0,0.0,0.0,0.01964105572551485,-0.0392821114510297,-0.0392821114510297,0.0,0.0,0.0,0.0,0.0,0.0,0.0,0.0,0.0,0.0,0.0,0.0,0.0,0.0,0.0,0.0,0.0,0.0,0.0,0.0,0.0,0.0,0.0,0.0,0,0.0,0.0,0.0,0.0,0.0,0.0,0.0,0.0,0.0,0.0,0.0,0.0,0.0,0.0,0.0,0.0,0.0,0.0,0.0,0.0,0.0,0,0.0,0.0,0.0,0.0,0.0,0.0,0,0.0,0.0,0.0,0.0,0.0,0.0,0.0,0.0,0.0,0.0,0.0,0.0,0.0,0.0,0.0,0.0,0,1,0,0,0.0,0.0,0,0.0,0.0,0.0,0.0
Patrick Ciurria,it ITA,MF,Monza,29,1995,21,12,"1,111",1,1,0,0,1,0,0.08,0.08,0.16,0.08,0.16,0.5166725674644113,0.5166725674644113,0.04223481477910719,0.04223481477910719,12.3,2,0.0,18.2,0.16,0.09,0.5,0.04697023340585557,0.48332743253558874,0.48332743253558874,0.0,0.0,0.0,0.0,0.0,0.0,0.0,0.0,0.0,0.0,0.0,0.0,0.0,0.0,13.0,0.0,0.0,0.0,0.0,0.0,0.0,0.0,0.0,0.0,61,0.0,0.0,0.0,0.0,0.0,0.0,0.0,0.0,0.0,0.0,0.0,0.0,0.0,0.0,0.0,0.0,0.0,0.0,0.0,0.0,0.0,15,0.0,0.0,0.0,0.0,0.0,0.0,8,0.0,0.0,0.0,0.0,0.0,0.0,0.0,0.0,0.0,0.0,0.0,0.0,0.0,0.0,0.0,0.0,0,17,11,1,0.0,0.0,0,0.0,0.0,0.0,0.0
Saúl Coco,gq EQG,DF,Torino,25,1999,32,32,"2,845",2,0,0,0,10,0,0.06,0.0,0.06,0.06,0.06,1.945243156515062,1.945243156515062,0.06140718487771154,0.06140718487771154,31.6,6,0.0,30.0,0.19,0.1,0.33,0.0972621578257531,0.05475684348493792,0.05475684348493792,0.0,0.0,0.0,0.0,0.0,0.0,0.0,0.0,0.0,0.0,0.0,0.0,0.0,0.0,1.0,0.0,0.0,0.0,0.0,0.0,0.0,0.0,0.0,0.0,2,0.0,0.0,0.0,0.0,0.0,0.0,0.0,0.0,0.0,0.0,0.0,0.0,0.0,0.0,0.0,0.0,0.0,0.0,0.0,0.0,0.0,27,0.0,0.0,0.0,0.0,0.0,0.0,36,0.0,0.0,0.0,0.0,0.0,0.0,0.0,0.0,0.0,0.0,0.0,0.0,0.0,0.0,0.0,0.0,0,53,19,0,0.0,0.0,1,0.0,0.0,0.0,0.0
Lorenzo Colombo,it ITA,"FW,MF",Empoli,22,2002,37,26,"2,233",6,2,1,1,5,1,0.24,0.08,0.32,0.2,0.28,6.488613783381879,5.727314888499677,0.25908395763281683,0.2286860425754086,24.8,20,0.0,35.7,0.81,0.09,0.25,0.10227348015177995,-0.48861378338187933,-0.7273148884996772,0.0,0.0,0.0,0.0,0.0,0.0,0.0,0.0,0.0,0.0,0.0,0.0,0.0,0.0,21.0,0.0,0.0,0.0,0.0,0.0,0.0,0.0,0.0,0.0,10,0.0,0.0,0.0,0.0,0.0,0.0,0.0,0.0,0.0,0.0,0.0,0.0,0.0,0.0,0.0,0.0,0.0,0.0,0.0,0.0,0.0,15,0.0,0.0,0.0,0.0,0.0,0.0,3,0.0,0.0,0.0,0.0,0.0,0.0,0.0,0.0,0.0,0.0,0.0,0.0,0.0,0.0,0.0,0.0,1,46,41,6,0.0,0.0,0,0.0,0.0,0.0,0.0
Andrea Colpani,it ITA,MF,Fiorentina,25,1999,25,18,"1,450",2,1,0,0,1,0,0.12,0.06,0.19,0.12,0.19,3.354150258004666,3.354150258004666,0.205495931395793,0.205495931395793,16.1,12,0.0,33.3,0.74,0.06,0.17,0.09317084050012961,-1.3541502580046658,-1.3541502580046658,0.0,0.0,0.0,0.0,0.0,0.0,0.0,0.0,0.0,0.0,0.0,0.0,0.0,0.0,17.0,0.0,0.0,0.0,0.0,0.0,0.0,0.0,0.0,0.0,33,0.0,0.0,0.0,0.0,0.0,0.0,0.0,0.0,0.0,0.0,0.0,0.0,0.0,0.0,0.0,0.0,0.0,0.0,0.0,0.0,0.0,8,0.0,0.0,0.0,0.0,0.0,0.0,9,0.0,0.0,0.0,0.0,0.0,0.0,0.0,0.0,0.0,0.0,0.0,0.0,0.0,0.0,0.0,0.0,0,22,24,1,0.0,0.0,0,0.0,0.0,0.0,0.0
Florinel Coman,ro ROU,"MF,FW",Cagliari,26,1998,9,2,263,1,0,0,0,2,0,0.34,0.0,0.34,0.34,0.34,0.1312998887151479,0.1312998887151479,0.04670747029392613,0.04670747029392613,2.9,1,0.0,25.0,0.34,0.25,1.0,0.03282497217878697,0.8687001112848521,0.8687001112848521,0.0,0.0,0.0,0.0,0.0,0.0,0.0,0.0,0.0,0.0,0.0,0.0,0.0,0.0,1.0,0.0,0.0,0.0,0.0,0.0,0.0,0.0,0.0,0.0,2,0.0,0.0,0.0,0.0,0.0,0.0,0.0,0.0,0.0,0.0,0.0,0.0,0.0,0.0,0.0,0.0,0.0,0.0,0.0,0.0,0.0,3,0.0,0.0,0.0,0.0,0.0,0.0,1,0.0,0.0,0.0,0.0,0.0,0.0,0.0,0.0,0.0,0.0,0.0,0.0,0.0,0.0,0.0,0.0,0,8,9,0,0.0,0.0,0,0.0,0.0,0.0,0.0
Pietro Comuzzo,it ITA,DF,Fiorentina,19,2005,33,24,"2,200",1,0,0,0,5,0,0.04,0.0,0.04,0.04,0.04,0.47288110665977,0.47288110665977,0.019415738868329976,0.019415738868329976,24.4,2,0.0,50.0,0.08,0.25,0.5,0.1182202766649425,0.52711889334023,0.52711889334023,0.0,0.0,0.0,0.0,0.0,0.0,0.0,0.0,0.0,0.0,0.0,0.0,0.0,0.0,6.0,0.0,0.0,0.0,0.0,0.0,0.0,0.0,0.0,0.0,3,0.0,0.0,0.0,0.0,0.0,0.0,0.0,0.0,0.0,0.0,0.0,0.0,0.0,0.0,0.0,0.0,0.0,0.0,0.0,0.0,0.0,19,0.0,0.0,0.0,0.0,0.0,0.0,27,0.0,0.0,0.0,0.0,0.0,0.0,0.0,0.0,0.0,0.0,0.0,0.0,0.0,0.0,0.0,0.0,0,25,12,0,0.0,0.0,0,0.0,0.0,0.0,0.0
Francisco Conceição,pt POR,MF,Juventus,21,2002,26,12,"1,340",3,3,0,0,5,1,0.2,0.2,0.4,0.2,0.4,3.1290370896458626,3.1290370896458626,0.21334343793039973,0.21334343793039973,14.9,13,0.0,32.5,0.87,0.08,0.23,0.07822592724114656,-0.12903708964586258,-0.12903708964586258,0.0,0.0,0.0,0.0,0.0,0.0,0.0,0.0,0.0,0.0,0.0,0.0,0.0,0.0,28.0,0.0,0.0,0.0,0.0,0.0,0.0,0.0,0.0,0.0,62,0.0,0.0,0.0,0.0,0.0,0.0,0.0,0.0,0.0,0.0,0.0,0.0,0.0,0.0,0.0,0.0,0.0,0.0,0.0,0.0,0.0,15,0.0,0.0,0.0,0.0,0.0,0.0,6,0.0,0.0,0.0,0.0,0.0,0.0,0.0,0.0,0.0,0.0,0.0,0.0,0.0,0.0,0.0,0.0,1,24,36,4,0.0,0.0,0,0.0,0.0,0.0,0.0
Diego Coppola,it ITA,DF,Hellas Verona,20,2003,34,33,"2,927",2,0,0,0,10,0,0.06,0.0,0.06,0.06,0.06,1.3077915208414197,1.3077915208414197,0.04019850986192889,0.04019850986192889,32.5,4,0.0,40.0,0.12,0.2,0.5,0.13077915208414198,0.6922084791585803,0.6922084791585803,0.0,0.0,0.0,0.0,0.0,0.0,0.0,0.0,0.0,0.0,0.0,0.0,0.0,0.0,3.0,0.0,0.0,0.0,0.0,0.0,0.0,0.0,0.0,0.0,0,0.0,0.0,0.0,0.0,0.0,0.0,0.0,0.0,0.0,0.0,0.0,0.0,0.0,0.0,0.0,0.0,0.0,0.0,0.0,0.0,0.0,38,0.0,0.0,0.0,0.0,0.0,0.0,66,0.0,0.0,0.0,0.0,0.0,0.0,0.0,0.0,0.0,0.0,0.0,0.0,0.0,0.0,0.0,0.0,0,44,0,0,0.0,0.0,0,0.0,0.0,0.0,0.0
Maxwel Cornet,ci CIV,MF,Genoa,27,1996,7,2,246,2,1,0,0,0,0,0.73,0.37,1.1,0.73,1.1,1.0113862305879593,1.0113862305879593,0.37926983647048473,0.37926983647048473,2.7,3,0.0,60.0,1.1,0.4,0.67,0.20227724611759185,0.9886137694120407,0.9886137694120407,0.0,0.0,0.0,0.0,0.0,0.0,0.0,0.0,0.0,0.0,0.0,0.0,0.0,0.0,5.0,0.0,0.0,0.0,0.0,0.0,0.0,0.0,0.0,0.0,8,0.0,0.0,0.0,0.0,0.0,0.0,0.0,0.0,0.0,0.0,0.0,0.0,0.0,0.0,0.0,0.0,0.0,0.0,0.0,0.0,0.0,1,0.0,0.0,0.0,0.0,0.0,0.0,2,0.0,0.0,0.0,0.0,0.0,0.0,0.0,0.0,0.0,0.0,0.0,0.0,0.0,0.0,0.0,0.0,0,0,1,1,0.0,0.0,0,0.0,0.0,0.0,0.0
Joaquín Correa,ar ARG,"FW,MF",Inter,29,1994,19,6,731,2,2,0,0,3,0,0.25,0.25,0.49,0.25,0.49,2.388469398021698,2.388469398021698,0.30665084995998976,0.30665084995998976,8.1,6,0.0,42.9,0.74,0.14,0.33,0.17060495700154985,-0.388469398021698,-0.388469398021698,0.0,0.0,0.0,0.0,0.0,0.0,0.0,0.0,0.0,0.0,0.0,0.0,0.0,0.0,10.0,0.0,0.0,0.0,0.0,0.0,0.0,0.0,0.0,0.0,8,0.0,0.0,0.0,0.0,0.0,0.0,0.0,0.0,0.0,0.0,0.0,0.0,0.0,0.0,0.0,0.0,0.0,0.0,0.0,0.0,0.0,5,0.0,0.0,0.0,0.0,0.0,0.0,0,0.0,0.0,0.0,0.0,0.0,0.0,0.0,0.0,0.0,0.0,0.0,0.0,0.0,0.0,0.0,0.0,0,8,14,2,0.0,0.0,0,0.0,0.0,0.0,0.0
Alberto costa,pt POR,"DF,MF",Juventus,20,2003,9,3,357,0,1,0,0,3,0,0.0,0.25,0.25,0.0,0.25,1.0256558116525412,1.0256558116525412,0.2699094241190898,0.2699094241190898,4.0,2,0.0,28.6,0.5,0.0,0.0,0.14652225880750588,-1.0256558116525412,-1.0256558116525412,0.0,0.0,0.0,0.0,0.0,0.0,0.0,0.0,0.0,0.0,0.0,0.0,0.0,0.0,2.0,0.0,0.0,0.0,0.0,0.0,0.0,0.0,0.0,0.0,3,0.0,0.0,0.0,0.0,0.0,0.0,0.0,0.0,0.0,0.0,0.0,0.0,0.0,0.0,0.0,0.0,0.0,0.0,0.0,0.0,0.0,10,0.0,0.0,0.0,0.0,0.0,0.0,4,0.0,0.0,0.0,0.0,0.0,0.0,0.0,0.0,0.0,0.0,0.0,0.0,0.0,0.0,0.0,0.0,0,8,2,0,0.0,0.0,0,0.0,0.0,0.0,0.0
Lassana Coulibaly,ml MLI,MF,Lecce,28,1996,38,30,"2,667",1,0,0,0,3,0,0.03,0.0,0.03,0.03,0.03,1.2990855276584623,1.2990855276584623,0.043512354852721105,0.043512354852721105,29.6,3,0.0,33.3,0.1,0.11,0.33,0.1443428364064958,-0.2990855276584623,-0.2990855276584623,0.0,0.0,0.0,0.0,0.0,0.0,0.0,0.0,0.0,0.0,0.0,0.0,0.0,0.0,12.0,0.0,0.0,0.0,0.0,0.0,0.0,0.0,0.0,0.0,12,0.0,0.0,0.0,0.0,0.0,0.0,0.0,0.0,0.0,0.0,0.0,0.0,0.0,0.0,0.0,0.0,0.0,0.0,0.0,0.0,0.0,34,0.0,0.0,0.0,0.0,0.0,0.0,19,0.0,0.0,0.0,0.0,0.0,0.0,0.0,0.0,0.0,0.0,0.0,0.0,0.0,0.0,0.0,0.0,0,39,44,0,0.0,0.0,0,0.0,0.0,0.0,0.0
Woyo Coulibaly,ml MLI,DF,Parma,25,1999,14,12,"1,084",0,1,0,0,1,1,0.0,0.08,0.08,0.0,0.08,0.1118743168190121,0.1118743168190121,0.009305627092154425,0.009305627092154425,12.0,0,0.0,0.0,0.0,0.0,0.0,0.0372914389396707,-0.1118743168190121,-0.1118743168190121,0.0,0.0,0.0,0.0,0.0,0.0,0.0,0.0,0.0,0.0,0.0,0.0,0.0,0.0,8.0,0.0,0.0,0.0,0.0,0.0,0.0,0.0,0.0,0.0,5,0.0,0.0,0.0,0.0,0.0,0.0,0.0,0.0,0.0,0.0,0.0,0.0,0.0,0.0,0.0,0.0,0.0,0.0,0.0,0.0,0.0,9,0.0,0.0,0.0,0.0,0.0,0.0,9,0.0,0.0,0.0,0.0,0.0,0.0,0.0,0.0,0.0,0.0,0.0,0.0,0.0,0.0,0.0,0.0,0,12,12,1,0.0,0.0,1,0.0,0.0,0.0,0.0
Bryan Cristante,it ITA,MF,Roma,29,1995,30,23,"2,045",4,2,0,0,8,0,0.18,0.09,0.26,0.18,0.26,2.4521201327443123,2.4521201327443123,0.10786452196822488,0.10786452196822488,22.7,7,0.0,23.3,0.31,0.13,0.57,0.08173733775814375,1.5478798672556877,1.5478798672556877,0.0,0.0,0.0,0.0,0.0,0.0,0.0,0.0,0.0,0.0,0.0,0.0,0.0,0.0,18.0,0.0,0.0,0.0,0.0,0.0,0.0,0.0,0.0,0.0,15,0.0,0.0,0.0,0.0,0.0,0.0,0.0,0.0,0.0,0.0,0.0,0.0,0.0,0.0,0.0,0.0,0.0,0.0,0.0,0.0,0.0,29,0.0,0.0,0.0,0.0,0.0,0.0,18,0.0,0.0,0.0,0.0,0.0,0.0,0.0,0.0,0.0,0.0,0.0,0.0,0.0,0.0,0.0,0.0,0,37,9,0,0.0,0.0,0,0.0,0.0,0.0,0.0
Domen Črnigoj,si SVN,MF,Venezia,28,1995,8,1,136,0,0,0,0,0,0,0.0,0.0,0.0,0.0,0.0,0.0925334468483924,0.0925334468483924,0.06882653071368029,0.06882653071368029,1.5,0,0.0,0.0,0.0,0.0,0.0,0.0925334468483924,-0.0925334468483924,-0.0925334468483924,0.0,0.0,0.0,0.0,0.0,0.0,0.0,0.0,0.0,0.0,0.0,0.0,0.0,0.0,0.0,0.0,0.0,0.0,0.0,0.0,0.0,0.0,0.0,0.0,2,0.0,0.0,0.0,0.0,0.0,0.0,0.0,0.0,0.0,0.0,0.0,0.0,0.0,0.0,0.0,0.0,0.0,0.0,0.0,0.0,0.0,2,0.0,0.0,0.0,0.0,0.0,0.0,4,0.0,0.0,0.0,0.0,0.0,0.0,0.0,0.0,0.0,0.0,0.0,0.0,0.0,0.0,0.0,0.0,0,2,4,0,0.0,0.0,0,0.0,0.0,0.0,0.0
Juan Cuadrado,co COL,"MF,FW",Atalanta,36,1988,23,7,832,0,2,0,0,3,0,0.0,0.22,0.22,0.0,0.22,1.4727812930941582,1.4727812930941582,0.1656878954730928,0.1656878954730928,9.2,4,0.0,25.0,0.43,0.0,0.0,0.09204883081838489,-1.4727812930941582,-1.4727812930941582,0.0,0.0,0.0,0.0,0.0,0.0,0.0,0.0,0.0,0.0,0.0,0.0,0.0,0.0,19.0,0.0,0.0,0.0,0.0,0.0,0.0,0.0,0.0,0.0,56,0.0,0.0,0.0,0.0,0.0,0.0,0.0,0.0,0.0,0.0,0.0,0.0,0.0,0.0,0.0,0.0,0.0,0.0,0.0,0.0,0.0,9,0.0,0.0,0.0,0.0,0.0,0.0,7,0.0,0.0,0.0,0.0,0.0,0.0,0.0,0.0,0.0,0.0,0.0,0.0,0.0,0.0,0.0,0.0,0,9,27,0,0.0,0.0,0,0.0,0.0,0.0,0.0
Patrick Cutrone,it ITA,FW,Como,26,1998,33,23,"2,047",7,4,0,1,1,0,0.31,0.18,0.48,0.31,0.48,8.805660281330347,8.044361483305693,0.3850871843147382,0.35179423396380577,22.7,26,0.0,37.1,1.14,0.1,0.27,0.11658494903341583,-1.805660281330347,-1.0443614833056927,0.0,0.0,0.0,0.0,0.0,0.0,0.0,0.0,0.0,0.0,0.0,0.0,0.0,0.0,19.0,0.0,0.0,0.0,0.0,0.0,0.0,0.0,0.0,0.0,30,0.0,0.0,0.0,0.0,0.0,0.0,0.0,0.0,0.0,0.0,0.0,0.0,0.0,0.0,0.0,0.0,0.0,0.0,0.0,0.0,0.0,9,0.0,0.0,0.0,0.0,0.0,0.0,5,0.0,0.0,0.0,0.0,0.0,0.0,0.0,0.0,0.0,0.0,0.0,0.0,0.0,0.0,0.0,0.0,0,23,28,20,0.0,0.0,0,0.0,0.0,0.0,0.0
Wylan Cyprien,fr FRA,MF,Parma,29,1995,2,0,28,0,0,0,0,0,0,0.0,0.0,0.0,0.0,0.0,0.3532252907752991,0.3532252907752991,1.5138226747512817,1.5138226747512817,0.3,0,0.0,0.0,0.0,0.0,0.0,0.3532252907752991,-0.3532252907752991,-0.3532252907752991,0.0,0.0,0.0,0.0,0.0,0.0,0.0,0.0,0.0,0.0,0.0,0.0,0.0,0.0,0.0,0.0,0.0,0.0,0.0,0.0,0.0,0.0,0.0,0.0,0,0.0,0.0,0.0,0.0,0.0,0.0,0.0,0.0,0.0,0.0,0.0,0.0,0.0,0.0,0.0,0.0,0.0,0.0,0.0,0.0,0.0,0,0.0,0.0,0.0,0.0,0.0,0.0,2,0.0,0.0,0.0,0.0,0.0,0.0,0.0,0.0,0.0,0.0,0.0,0.0,0.0,0.0,0.0,0.0,0,0,0,0,0.0,0.0,0,0.0,0.0,0.0,0.0
Danilo D'Ambrosio,it ITA,DF,Monza,35,1988,20,12,"1,095",0,1,0,0,2,1,0.0,0.08,0.08,0.0,0.08,0.0,0.0,0.0,0.0,12.2,4,0.0,44.4,0.33,0.0,0.0,0.0,0.0,0.0,0.0,0.0,0.0,0.0,0.0,0.0,0.0,0.0,0.0,0.0,0.0,0.0,0.0,0.0,0.0,0.0,0.0,0.0,0.0,0.0,0.0,0.0,0.0,0.0,9,0.0,0.0,0.0,0.0,0.0,0.0,0.0,0.0,0.0,0.0,0.0,0.0,0.0,0.0,0.0,0.0,0.0,0.0,0.0,0.0,0.0,16,0.0,0.0,0.0,0.0,0.0,0.0,14,0.0,0.0,0.0,0.0,0.0,0.0,0.0,0.0,0.0,0.0,0.0,0.0,0.0,0.0,0.0,0.0,0,18,11,3,0.0,0.0,0,0.0,0.0,0.0,0.0
Lucas Da Cunha,fr FRA,MF,Como,23,2001,36,30,"2,613",3,2,0,0,4,0,0.1,0.07,0.17,0.1,0.17,1.5810190811753273,1.5810190811753273,0.05391880155580881,0.05391880155580881,29.0,14,0.0,37.8,0.48,0.08,0.21,0.04273024543717101,1.4189809188246727,1.4189809188246727,0.0,0.0,0.0,0.0,0.0,0.0,0.0,0.0,0.0,0.0,0.0,0.0,0.0,0.0,54.0,0.0,0.0,0.0,0.0,0.0,0.0,0.0,0.0,0.0,101,0.0,0.0,0.0,0.0,0.0,0.0,0.0,0.0,0.0,0.0,0.0,0.0,0.0,0.0,0.0,0.0,0.0,0.0,0.0,0.0,0.0,26,0.0,0.0,0.0,0.0,0.0,0.0,16,0.0,0.0,0.0,0.0,0.0,0.0,0.0,0.0,0.0,0.0,0.0,0.0,0.0,0.0,0.0,0.0,0,21,29,1,0.0,0.0,0,0.0,0.0,0.0,0.0
Samuel Dahl,se SWE,DF,Roma,21,2003,2,0,43,0,0,0,0,0,0,0.0,0.0,0.0,0.0,0.0,0.0,0.0,0.0,0.0,0.5,0,0.0,0.0,0.0,0.0,0.0,,0.0,0.0,0.0,0.0,0.0,0.0,0.0,0.0,0.0,0.0,0.0,0.0,0.0,0.0,0.0,0.0,0.0,0.0,0.0,0.0,0.0,0.0,0.0,0.0,0.0,0.0,1,0.0,0.0,0.0,0.0,0.0,0.0,0.0,0.0,0.0,0.0,0.0,0.0,0.0,0.0,0.0,0.0,0.0,0.0,0.0,0.0,0.0,2,0.0,0.0,0.0,0.0,0.0,0.0,0,0.0,0.0,0.0,0.0,0.0,0.0,0.0,0.0,0.0,0.0,0.0,0.0,0.0,0.0,0.0,0.0,0,2,0,0,0.0,0.0,0,0.0,0.0,0.0,0.0
Thijs Dallinga,nl NED,FW,Bologna,23,2000,31,11,"1,154",3,2,0,0,1,0,0.23,0.16,0.39,0.23,0.39,5.5362889394164085,5.5362889394164085,0.4432971570707089,0.4432971570707089,12.8,11,0.0,35.5,0.86,0.1,0.27,0.1785899657876261,-2.5362889394164085,-2.5362889394164085,0.0,0.0,0.0,0.0,0.0,0.0,0.0,0.0,0.0,0.0,0.0,0.0,0.0,0.0,12.0,0.0,0.0,0.0,0.0,0.0,0.0,0.0,0.0,0.0,2,0.0,0.0,0.0,0.0,0.0,0.0,0.0,0.0,0.0,0.0,0.0,0.0,0.0,0.0,0.0,0.0,0.0,0.0,0.0,0.0,0.0,6,0.0,0.0,0.0,0.0,0.0,0.0,1,0.0,0.0,0.0,0.0,0.0,0.0,0.0,0.0,0.0,0.0,0.0,0.0,0.0,0.0,0.0,0.0,0,24,17,8,0.0,0.0,0,0.0,0.0,0.0,0.0
Maat Daniel Caprini,it ITA,FW,Fiorentina,18,2006,2,0,8,0,0,0,0,0,0,0.0,0.0,0.0,0.0,0.0,0.0,0.0,0.0,0.0,0.1,0,0.0,0.0,0.0,0.0,0.0,0.0,0.0,0.0,0.0,0.0,0.0,0.0,0.0,0.0,0.0,0.0,0.0,0.0,0.0,0.0,0.0,0.0,0.0,0.0,0.0,0.0,0.0,0.0,0.0,0.0,0.0,0.0,0,0.0,0.0,0.0,0.0,0.0,0.0,0.0,0.0,0.0,0.0,0.0,0.0,0.0,0.0,0.0,0.0,0.0,0.0,0.0,0.0,0.0,0,0.0,0.0,0.0,0.0,0.0,0.0,0,0.0,0.0,0.0,0.0,0.0,0.0,0.0,0.0,0.0,0.0,0.0,0.0,0.0,0.0,0.0,0.0,0,0,0,1,0.0,0.0,0,0.0,0.0,0.0,0.0
Flavius Daniliuc,at AUT,DF,Hellas Verona,23,2001,18,9,"1,004",0,0,0,0,0,0,0.0,0.0,0.0,0.0,0.0,0.1272794436663389,0.1272794436663389,0.011570858515121718,0.011570858515121718,11.2,1,0.0,33.3,0.09,0.0,0.0,0.04242648122211296,-0.1272794436663389,-0.1272794436663389,0.0,0.0,0.0,0.0,0.0,0.0,0.0,0.0,0.0,0.0,0.0,0.0,0.0,0.0,2.0,0.0,0.0,0.0,0.0,0.0,0.0,0.0,0.0,0.0,6,0.0,0.0,0.0,0.0,0.0,0.0,0.0,0.0,0.0,0.0,0.0,0.0,0.0,0.0,0.0,0.0,0.0,0.0,0.0,0.0,0.0,20,0.0,0.0,0.0,0.0,0.0,0.0,6,0.0,0.0,0.0,0.0,0.0,0.0,0.0,0.0,0.0,0.0,0.0,0.0,0.0,0.0,0.0,0.0,0,12,2,0,0.0,0.0,0,0.0,0.0,0.0,0.0
Danilo,br BRA,DF,Juventus,33,1991,12,6,581,0,1,0,0,2,0,0.0,0.15,0.15,0.0,0.15,0.0577665157616138,0.0577665157616138,0.009073274726955047,0.009073274726955047,6.5,0,0.0,0.0,0.0,0.0,0.0,0.0577665157616138,-0.0577665157616138,-0.0577665157616138,0.0,0.0,0.0,0.0,0.0,0.0,0.0,0.0,0.0,0.0,0.0,0.0,0.0,0.0,3.0,0.0,0.0,0.0,0.0,0.0,0.0,0.0,0.0,0.0,3,0.0,0.0,0.0,0.0,0.0,0.0,0.0,0.0,0.0,0.0,0.0,0.0,0.0,0.0,0.0,0.0,0.0,0.0,0.0,0.0,0.0,4,0.0,0.0,0.0,0.0,0.0,0.0,9,0.0,0.0,0.0,0.0,0.0,0.0,0.0,0.0,0.0,0.0,0.0,0.0,0.0,0.0,0.0,0.0,0,11,1,0,0.0,0.0,0,0.0,0.0,0.0,0.0
Matteo Darmian,it ITA,"MF,DF",Inter,34,1989,29,20,"1,781",3,2,0,0,3,0,0.15,0.1,0.25,0.15,0.25,2.3047944605350494,2.3047944605350494,0.11646911928588122,0.11646911928588122,19.8,4,0.0,36.4,0.2,0.27,0.75,0.20952676913954996,0.6952055394649506,0.6952055394649506,0.0,0.0,0.0,0.0,0.0,0.0,0.0,0.0,0.0,0.0,0.0,0.0,0.0,0.0,15.0,0.0,0.0,0.0,0.0,0.0,0.0,0.0,0.0,0.0,32,0.0,0.0,0.0,0.0,0.0,0.0,0.0,0.0,0.0,0.0,0.0,0.0,0.0,0.0,0.0,0.0,0.0,0.0,0.0,0.0,0.0,20,0.0,0.0,0.0,0.0,0.0,0.0,10,0.0,0.0,0.0,0.0,0.0,0.0,0.0,0.0,0.0,0.0,0.0,0.0,0.0,0.0,0.0,0.0,0,26,19,5,0.0,0.0,1,0.0,0.0,0.0,0.0
Juan David Cabal,co COL,DF,Juventus,23,2001,7,6,460,0,0,0,0,0,0,0.0,0.0,0.0,0.0,0.0,0.0,0.0,0.0,0.0,5.1,0,0.0,0.0,0.0,0.0,0.0,0.0,0.0,0.0,0.0,0.0,0.0,0.0,0.0,0.0,0.0,0.0,0.0,0.0,0.0,0.0,0.0,0.0,0.0,0.0,0.0,0.0,0.0,0.0,0.0,0.0,0.0,0.0,7,0.0,0.0,0.0,0.0,0.0,0.0,0.0,0.0,0.0,0.0,0.0,0.0,0.0,0.0,0.0,0.0,0.0,0.0,0.0,0.0,0.0,4,0.0,0.0,0.0,0.0,0.0,0.0,2,0.0,0.0,0.0,0.0,0.0,0.0,0.0,0.0,0.0,0.0,0.0,0.0,0.0,0.0,0.0,0.0,0,7,10,1,0.0,0.0,0,0.0,0.0,0.0,0.0
Keinan Davis,eng ENG,FW,Udinese,26,1998,23,10,"1,066",2,1,0,0,2,0,0.17,0.08,0.25,0.17,0.25,3.069802690297365,3.069802690297365,0.2633767799111181,0.2633767799111181,11.8,11,0.0,37.9,0.93,0.07,0.18,0.10585526518266776,-1.0698026902973652,-1.0698026902973652,0.0,0.0,0.0,0.0,0.0,0.0,0.0,0.0,0.0,0.0,0.0,0.0,0.0,0.0,20.0,0.0,0.0,0.0,0.0,0.0,0.0,0.0,0.0,0.0,3,0.0,0.0,0.0,0.0,0.0,0.0,0.0,0.0,0.0,0.0,0.0,0.0,0.0,0.0,0.0,0.0,0.0,0.0,0.0,0.0,0.0,5,0.0,0.0,0.0,0.0,0.0,0.0,1,0.0,0.0,0.0,0.0,0.0,0.0,0.0,0.0,0.0,0.0,0.0,0.0,0.0,0.0,0.0,0.0,0,24,12,8,0.0,0.0,0,0.0,0.0,0.0,0.0
Paweł Dawidowicz,pl POL,"DF,MF",Hellas Verona,29,1995,26,24,"1,845",0,0,0,0,7,1,0.0,0.0,0.0,0.0,0.0,0.0,0.0,0.0,0.0,20.5,0,0.0,0.0,0.0,0.0,0.0,0.0,0.0,0.0,0.0,0.0,0.0,0.0,0.0,0.0,0.0,0.0,0.0,0.0,0.0,0.0,0.0,0.0,0.0,0.0,0.0,0.0,0.0,0.0,0.0,0.0,0.0,0.0,0,0.0,0.0,0.0,0.0,0.0,0.0,0.0,0.0,0.0,0.0,0.0,0.0,0.0,0.0,0.0,0.0,0.0,0.0,0.0,0.0,0.0,22,0.0,0.0,0.0,0.0,0.0,0.0,21,0.0,0.0,0.0,0.0,0.0,0.0,0.0,0.0,0.0,0.0,0.0,0.0,0.0,0.0,0.0,0.0,0,36,11,0,0.0,0.0,0,0.0,0.0,0.0,0.0
Charles De Ketelaere,be BEL,"MF,FW",Atalanta,23,2001,36,25,"2,070",7,7,0,0,1,0,0.3,0.3,0.61,0.3,0.61,9.455427888780832,9.455427888780832,0.4067822705498446,0.4067822705498446,23.0,21,0.0,43.8,0.91,0.15,0.33,0.19698808101626733,-2.4554278887808323,-2.4554278887808323,0.0,0.0,0.0,0.0,0.0,0.0,0.0,0.0,0.0,0.0,0.0,0.0,0.0,0.0,39.0,0.0,0.0,0.0,0.0,0.0,0.0,0.0,0.0,0.0,54,0.0,0.0,0.0,0.0,0.0,0.0,0.0,0.0,0.0,0.0,0.0,0.0,0.0,0.0,0.0,0.0,0.0,0.0,0.0,0.0,0.0,9,0.0,0.0,0.0,0.0,0.0,0.0,3,0.0,0.0,0.0,0.0,0.0,0.0,0.0,0.0,0.0,0.0,0.0,0.0,0.0,0.0,0.0,0.0,0,22,39,2,0.0,0.0,0,0.0,0.0,0.0,0.0
Mattia De Sciglio,it ITA,DF,Empoli,31,1992,16,7,769,1,0,0,0,0,0,0.12,0.0,0.12,0.12,0.12,0.7994552589952946,0.7994552589952946,0.09593463107943534,0.09593463107943534,8.5,3,0.0,60.0,0.35,0.2,0.33,0.1598910517990589,0.20054474100470543,0.20054474100470543,0.0,0.0,0.0,0.0,0.0,0.0,0.0,0.0,0.0,0.0,0.0,0.0,0.0,0.0,3.0,0.0,0.0,0.0,0.0,0.0,0.0,0.0,0.0,0.0,7,0.0,0.0,0.0,0.0,0.0,0.0,0.0,0.0,0.0,0.0,0.0,0.0,0.0,0.0,0.0,0.0,0.0,0.0,0.0,0.0,0.0,13,0.0,0.0,0.0,0.0,0.0,0.0,10,0.0,0.0,0.0,0.0,0.0,0.0,0.0,0.0,0.0,0.0,0.0,0.0,0.0,0.0,0.0,0.0,0,8,5,0,0.0,0.0,0,0.0,0.0,0.0,0.0
Lorenzo De Silvestri,it ITA,DF,Bologna,36,1988,18,13,"1,060",1,0,0,0,1,0,0.08,0.0,0.08,0.08,0.08,1.0870488844811916,1.0870488844811916,0.09109348193976466,0.09109348193976466,11.8,4,0.0,44.4,0.34,0.11,0.25,0.12078320938679907,-0.08704888448119164,-0.08704888448119164,0.0,0.0,0.0,0.0,0.0,0.0,0.0,0.0,0.0,0.0,0.0,0.0,0.0,0.0,5.0,0.0,0.0,0.0,0.0,0.0,0.0,0.0,0.0,0.0,23,0.0,0.0,0.0,0.0,0.0,0.0,0.0,0.0,0.0,0.0,0.0,0.0,0.0,0.0,0.0,0.0,0.0,0.0,0.0,0.0,0.0,6,0.0,0.0,0.0,0.0,0.0,0.0,9,0.0,0.0,0.0,0.0,0.0,0.0,0.0,0.0,0.0,0.0,0.0,0.0,0.0,0.0,0.0,0.0,0,17,8,1,0.0,0.0,0,0.0,0.0,0.0,0.0
Koni De Winter,be BEL,DF,Genoa,22,2002,25,23,"2,135",3,0,0,0,6,0,0.13,0.0,0.13,0.13,0.13,2.7674892572686076,2.7674892572686076,0.11682646958450969,0.11682646958450969,23.7,7,0.0,53.8,0.3,0.23,0.43,0.21288378902066213,0.23251074273139238,0.23251074273139238,0.0,0.0,0.0,0.0,0.0,0.0,0.0,0.0,0.0,0.0,0.0,0.0,0.0,0.0,3.0,0.0,0.0,0.0,0.0,0.0,0.0,0.0,0.0,0.0,3,0.0,0.0,0.0,0.0,0.0,0.0,0.0,0.0,0.0,0.0,0.0,0.0,0.0,0.0,0.0,0.0,0.0,0.0,0.0,0.0,0.0,19,0.0,0.0,0.0,0.0,0.0,0.0,27,0.0,0.0,0.0,0.0,0.0,0.0,0.0,0.0,0.0,0.0,0.0,0.0,0.0,0.0,0.0,0.0,0,43,13,1,0.0,0.0,0,0.0,0.0,0.0,0.0
Alessandro Deiola,it ITA,MF,Cagliari,28,1995,29,16,"1,432",2,1,0,0,6,0,0.13,0.06,0.19,0.13,0.19,1.4592230711132288,1.4592230711132288,0.0912648202920018,0.0912648202920018,15.9,5,0.0,27.8,0.31,0.11,0.4,0.08106794839517938,0.5407769288867712,0.5407769288867712,0.0,0.0,0.0,0.0,0.0,0.0,0.0,0.0,0.0,0.0,0.0,0.0,0.0,0.0,6.0,0.0,0.0,0.0,0.0,0.0,0.0,0.0,0.0,0.0,14,0.0,0.0,0.0,0.0,0.0,0.0,0.0,0.0,0.0,0.0,0.0,0.0,0.0,0.0,0.0,0.0,0.0,0.0,0.0,0.0,0.0,20,0.0,0.0,0.0,0.0,0.0,0.0,13,0.0,0.0,0.0,0.0,0.0,0.0,0.0,0.0,0.0,0.0,0.0,0.0,0.0,0.0,0.0,0.0,0,32,11,0,0.0,0.0,0,0.0,0.0,0.0,0.0
Fisayo Dele-Bashiru,ng NGA,MF,Lazio,23,2001,20,12,947,3,1,0,0,0,0,0.29,0.1,0.38,0.29,0.38,1.4858720265328884,1.4858720265328884,0.14121275859341073,0.14121275859341073,10.5,5,0.0,31.3,0.48,0.19,0.6,0.09286700165830553,1.5141279734671116,1.5141279734671116,0.0,0.0,0.0,0.0,0.0,0.0,0.0,0.0,0.0,0.0,0.0,0.0,0.0,0.0,9.0,0.0,0.0,0.0,0.0,0.0,0.0,0.0,0.0,0.0,7,0.0,0.0,0.0,0.0,0.0,0.0,0.0,0.0,0.0,0.0,0.0,0.0,0.0,0.0,0.0,0.0,0.0,0.0,0.0,0.0,0.0,7,0.0,0.0,0.0,0.0,0.0,0.0,3,0.0,0.0,0.0,0.0,0.0,0.0,0.0,0.0,0.0,0.0,0.0,0.0,0.0,0.0,0.0,0.0,0,8,4,0,0.0,0.0,0,0.0,0.0,0.0,0.0
Enrico Delprato,it ITA,"DF,MF",Parma,24,1999,34,32,"2,947",4,0,0,0,8,0,0.12,0.0,0.12,0.12,0.12,0.0,0.0,0.0,0.0,32.7,5,0.0,41.7,0.15,0.33,0.8,0.0,0.0,0.0,0.0,0.0,0.0,0.0,0.0,0.0,0.0,0.0,0.0,0.0,0.0,0.0,0.0,0.0,0.0,0.0,0.0,0.0,0.0,0.0,0.0,0.0,0.0,0.0,16,0.0,0.0,0.0,0.0,0.0,0.0,0.0,0.0,0.0,0.0,0.0,0.0,0.0,0.0,0.0,0.0,0.0,0.0,0.0,0.0,0.0,17,0.0,0.0,0.0,0.0,0.0,0.0,17,0.0,0.0,0.0,0.0,0.0,0.0,0.0,0.0,0.0,0.0,0.0,0.0,0.0,0.0,0.0,0.0,0,20,17,0,0.0,0.0,0,0.0,0.0,0.0,0.0
Ali Dembélé,fr FRA,DF,Torino,20,2004,15,4,388,1,0,0,0,4,1,0.23,0.0,0.23,0.23,0.23,0.3785240538418293,0.3785240538418293,0.09232293996142178,0.09232293996142178,4.3,2,0.0,40.0,0.46,0.2,0.5,0.07570481076836585,0.6214759461581707,0.6214759461581707,0.0,0.0,0.0,0.0,0.0,0.0,0.0,0.0,0.0,0.0,0.0,0.0,0.0,0.0,3.0,0.0,0.0,0.0,0.0,0.0,0.0,0.0,0.0,0.0,7,0.0,0.0,0.0,0.0,0.0,0.0,0.0,0.0,0.0,0.0,0.0,0.0,0.0,0.0,0.0,0.0,0.0,0.0,0.0,0.0,0.0,5,0.0,0.0,0.0,0.0,0.0,0.0,1,0.0,0.0,0.0,0.0,0.0,0.0,0.0,0.0,0.0,0.0,0.0,0.0,0.0,0.0,0.0,0.0,1,9,7,0,0.0,0.0,0,0.0,0.0,0.0,0.0
Michele Di Gregorio,it ITA,GK,Juventus,27,1997,33,33,"2,970",0,0,0,0,0,0,0.0,0.0,0.0,0.0,0.0,0.0,0.0,0.0,0.0,33.0,0,0.0,0.0,0.0,0.0,0.0,,0.0,0.0,0.0,0.0,0.0,0.0,0.0,0.0,0.0,0.0,0.0,0.0,0.0,0.0,0.0,0.0,1.0,0.0,0.0,0.0,0.0,0.0,0.0,0.0,0.0,0.0,0,0.0,0.0,0.0,0.0,0.0,0.0,0.0,0.0,0.0,0.0,0.0,0.0,0.0,0.0,0.0,0.0,0.0,0.0,0.0,0.0,0.0,0,0.0,0.0,0.0,0.0,0.0,0.0,1,0.0,0.0,0.0,0.0,0.0,0.0,0.0,0.0,0.0,0.0,0.0,0.0,0.0,0.0,0.0,0.0,0,0,7,0,0.0,0.0,0,0.0,0.0,0.0,0.0
Giovanni Di Lorenzo,it ITA,DF,Napoli,30,1993,37,37,"3,330",3,2,0,0,6,0,0.08,0.05,0.14,0.08,0.14,3.556538237258792,3.556538237258792,0.09612265506104843,0.09612265506104843,37.0,6,0.0,28.6,0.16,0.14,0.5,0.1693589636789901,-0.5565382372587919,-0.5565382372587919,0.0,0.0,0.0,0.0,0.0,0.0,0.0,0.0,0.0,0.0,0.0,0.0,0.0,0.0,37.0,0.0,0.0,0.0,0.0,0.0,0.0,0.0,0.0,0.0,63,0.0,0.0,0.0,0.0,0.0,0.0,0.0,0.0,0.0,0.0,0.0,0.0,0.0,0.0,0.0,0.0,0.0,0.0,0.0,0.0,0.0,43,0.0,0.0,0.0,0.0,0.0,0.0,31,0.0,0.0,0.0,0.0,0.0,0.0,0.0,0.0,0.0,0.0,0.0,0.0,0.0,0.0,0.0,0.0,0,46,52,5,0.0,0.0,0,0.0,0.0,0.0,0.0
Boulaye Dia,sn SEN,"MF,FW",Lazio,27,1996,35,27,"2,177",9,3,0,0,2,0,0.37,0.12,0.5,0.37,0.5,6.899342581629753,6.899342581629753,0.2797030776336386,0.2797030776336386,24.2,20,0.0,51.3,0.83,0.23,0.45,0.17690622004178855,2.100657418370247,2.100657418370247,0.0,0.0,0.0,0.0,0.0,0.0,0.0,0.0,0.0,0.0,0.0,0.0,0.0,0.0,26.0,0.0,0.0,0.0,0.0,0.0,0.0,0.0,0.0,0.0,2,0.0,0.0,0.0,0.0,0.0,0.0,0.0,0.0,0.0,0.0,0.0,0.0,0.0,0.0,0.0,0.0,0.0,0.0,0.0,0.0,0.0,10,0.0,0.0,0.0,0.0,0.0,0.0,7,0.0,0.0,0.0,0.0,0.0,0.0,0.0,0.0,0.0,0.0,0.0,0.0,0.0,0.0,0.0,0.0,0,23,24,3,0.0,0.0,0,0.0,0.0,0.0,0.0
Assane Diao,sn SEN,"MF,FW",Como,18,2005,15,14,"1,252",8,1,0,0,2,0,0.58,0.07,0.65,0.58,0.65,3.5162678882479668,3.5162678882479668,0.24957737377154338,0.24957737377154338,13.9,13,0.0,46.4,0.93,0.29,0.62,0.12558099600885594,4.483732111752033,4.483732111752033,0.0,0.0,0.0,0.0,0.0,0.0,0.0,0.0,0.0,0.0,0.0,0.0,0.0,0.0,8.0,0.0,0.0,0.0,0.0,0.0,0.0,0.0,0.0,0.0,12,0.0,0.0,0.0,0.0,0.0,0.0,0.0,0.0,0.0,0.0,0.0,0.0,0.0,0.0,0.0,0.0,0.0,0.0,0.0,0.0,0.0,14,0.0,0.0,0.0,0.0,0.0,0.0,2,0.0,0.0,0.0,0.0,0.0,0.0,0.0,0.0,0.0,0.0,0.0,0.0,0.0,0.0,0.0,0.0,0,20,49,6,0.0,0.0,0,0.0,0.0,0.0,0.0
Federico Dimarco,it ITA,MF,Inter,26,1997,33,29,"2,177",4,7,0,0,3,0,0.17,0.29,0.45,0.17,0.45,4.162737088277936,4.162737088277936,0.16921695480804616,0.16921695480804616,24.2,22,0.0,39.3,0.91,0.07,0.18,0.074334590862106,-0.16273708827793598,-0.16273708827793598,0.0,0.0,0.0,0.0,0.0,0.0,0.0,0.0,0.0,0.0,0.0,0.0,0.0,0.0,48.0,0.0,0.0,0.0,0.0,0.0,0.0,0.0,0.0,0.0,192,0.0,0.0,0.0,0.0,0.0,0.0,0.0,0.0,0.0,0.0,0.0,0.0,0.0,0.0,0.0,0.0,0.0,0.0,0.0,0.0,0.0,15,0.0,0.0,0.0,0.0,0.0,0.0,14,0.0,0.0,0.0,0.0,0.0,0.0,0.0,0.0,0.0,0.0,0.0,0.0,0.0,0.0,0.0,0.0,0,19,11,8,0.0,0.0,0,0.0,0.0,0.0,0.0
Berat Djimsiti,al ALB,DF,Atalanta,31,1993,34,32,"2,640",1,2,0,0,6,0,0.03,0.07,0.1,0.03,0.1,0.0,0.0,0.0,0.0,29.3,4,0.0,20.0,0.14,0.05,0.25,0.0,0.0,0.0,0.0,0.0,0.0,0.0,0.0,0.0,0.0,0.0,0.0,0.0,0.0,0.0,0.0,0.0,0.0,0.0,0.0,0.0,0.0,0.0,0.0,0.0,0.0,0.0,11,0.0,0.0,0.0,0.0,0.0,0.0,0.0,0.0,0.0,0.0,0.0,0.0,0.0,0.0,0.0,0.0,0.0,0.0,0.0,0.0,0.0,34,0.0,0.0,0.0,0.0,0.0,0.0,41,0.0,0.0,0.0,0.0,0.0,0.0,0.0,0.0,0.0,0.0,0.0,0.0,0.0,0.0,0.0,0.0,0,23,21,0,0.0,0.0,1,0.0,0.0,0.0,0.0
Dodô,br BRA,"DF,MF",Fiorentina,25,1998,35,35,"3,115",0,5,0,0,8,0,0.0,0.14,0.14,0.0,0.14,1.4068531906232238,1.4068531906232238,0.040504410478595695,0.040504410478595695,34.6,6,0.0,22.2,0.17,0.0,0.0,0.05210567372678607,-1.4068531906232238,-1.4068531906232238,0.0,0.0,0.0,0.0,0.0,0.0,0.0,0.0,0.0,0.0,0.0,0.0,0.0,0.0,37.0,0.0,0.0,0.0,0.0,0.0,0.0,0.0,0.0,0.0,143,0.0,0.0,0.0,0.0,0.0,0.0,0.0,0.0,0.0,0.0,0.0,0.0,0.0,0.0,0.0,0.0,0.0,0.0,0.0,0.0,0.0,29,0.0,0.0,0.0,0.0,0.0,0.0,36,0.0,0.0,0.0,0.0,0.0,0.0,0.0,0.0,0.0,0.0,0.0,0.0,0.0,0.0,0.0,0.0,0,23,62,3,0.0,0.0,0,0.0,0.0,0.0,0.0
Benjamín Domínguez,ar ARG,MF,Bologna,20,2003,24,16,"1,281",3,2,0,0,0,0,0.21,0.14,0.35,0.21,0.35,2.4306969847530127,2.4306969847530127,0.1671220233978389,0.1671220233978389,14.2,17,0.0,56.7,1.19,0.1,0.18,0.08102323282510042,0.5693030152469873,0.5693030152469873,0.0,0.0,0.0,0.0,0.0,0.0,0.0,0.0,0.0,0.0,0.0,0.0,0.0,0.0,10.0,0.0,0.0,0.0,0.0,0.0,0.0,0.0,0.0,0.0,11,0.0,0.0,0.0,0.0,0.0,0.0,0.0,0.0,0.0,0.0,0.0,0.0,0.0,0.0,0.0,0.0,0.0,0.0,0.0,0.0,0.0,8,0.0,0.0,0.0,0.0,0.0,0.0,4,0.0,0.0,0.0,0.0,0.0,0.0,0.0,0.0,0.0,0.0,0.0,0.0,0.0,0.0,0.0,0.0,0,10,31,4,0.0,0.0,0,0.0,0.0,0.0,0.0
Patrick Dorgu,dk DEN,"MF,DF",Lecce,19,2004,21,21,"1,840",3,1,0,0,2,1,0.15,0.05,0.2,0.15,0.2,3.1648835986852646,3.1648835986852646,0.15455210194339328,0.15455210194339328,20.4,10,0.0,27.8,0.49,0.08,0.3,0.0879134332968129,-0.1648835986852646,-0.1648835986852646,0.0,0.0,0.0,0.0,0.0,0.0,0.0,0.0,0.0,0.0,0.0,0.0,0.0,0.0,19.0,0.0,0.0,0.0,0.0,0.0,0.0,0.0,0.0,0.0,40,0.0,0.0,0.0,0.0,0.0,0.0,0.0,0.0,0.0,0.0,0.0,0.0,0.0,0.0,0.0,0.0,0.0,0.0,0.0,0.0,0.0,29,0.0,0.0,0.0,0.0,0.0,0.0,18,0.0,0.0,0.0,0.0,0.0,0.0,0.0,0.0,0.0,0.0,0.0,0.0,0.0,0.0,0.0,0.0,0,24,55,4,0.0,0.0,1,0.0,0.0,0.0,0.0
Alberto Dossena,it ITA,DF,Como,25,1998,23,20,"1,825",0,2,0,0,1,1,0.0,0.1,0.1,0.0,0.1,0.6554462192580104,0.6554462192580104,0.032164754489215346,0.032164754489215346,20.3,4,0.0,33.3,0.2,0.0,0.0,0.05462051827150086,-0.6554462192580104,-0.6554462192580104,0.0,0.0,0.0,0.0,0.0,0.0,0.0,0.0,0.0,0.0,0.0,0.0,0.0,0.0,5.0,0.0,0.0,0.0,0.0,0.0,0.0,0.0,0.0,0.0,1,0.0,0.0,0.0,0.0,0.0,0.0,0.0,0.0,0.0,0.0,0.0,0.0,0.0,0.0,0.0,0.0,0.0,0.0,0.0,0.0,0.0,20,0.0,0.0,0.0,0.0,0.0,0.0,22,0.0,0.0,0.0,0.0,0.0,0.0,0.0,0.0,0.0,0.0,0.0,0.0,0.0,0.0,0.0,0.0,0,22,16,0,0.0,0.0,0,0.0,0.0,0.0,0.0
Issa Doumbia,it ITA,MF,Venezia,20,2003,24,10,939,0,0,0,0,0,0,0.0,0.0,0.0,0.0,0.0,1.5646562036126852,1.5646562036126852,0.1527321673808478,0.1527321673808478,10.4,5,0.0,31.3,0.48,0.0,0.0,0.0920386002125109,-1.5646562036126852,-1.5646562036126852,0.0,0.0,0.0,0.0,0.0,0.0,0.0,0.0,0.0,0.0,0.0,0.0,0.0,0.0,3.0,0.0,0.0,0.0,0.0,0.0,0.0,0.0,0.0,0.0,10,0.0,0.0,0.0,0.0,0.0,0.0,0.0,0.0,0.0,0.0,0.0,0.0,0.0,0.0,0.0,0.0,0.0,0.0,0.0,0.0,0.0,8,0.0,0.0,0.0,0.0,0.0,0.0,9,0.0,0.0,0.0,0.0,0.0,0.0,0.0,0.0,0.0,0.0,0.0,0.0,0.0,0.0,0.0,0.0,0,18,12,0,0.0,0.0,0,0.0,0.0,0.0,0.0
Anastasios Douvikas,gr GRE,FW,Como,24,1999,13,6,580,2,2,0,0,1,0,0.31,0.31,0.62,0.31,0.62,0.0,0.0,0.0,0.0,6.4,5,0.0,35.7,0.78,0.14,0.4,0.0,0.0,0.0,0.0,0.0,0.0,0.0,0.0,0.0,0.0,0.0,0.0,0.0,0.0,0.0,0.0,0.0,0.0,0.0,0.0,0.0,0.0,0.0,0.0,0.0,0.0,0.0,2,0.0,0.0,0.0,0.0,0.0,0.0,0.0,0.0,0.0,0.0,0.0,0.0,0.0,0.0,0.0,0.0,0.0,0.0,0.0,0.0,0.0,2,0.0,0.0,0.0,0.0,0.0,0.0,1,0.0,0.0,0.0,0.0,0.0,0.0,0.0,0.0,0.0,0.0,0.0,0.0,0.0,0.0,0.0,0.0,0,13,17,1,0.0,0.0,0,0.0,0.0,0.0,0.0
Artem Dovbyk,ua UKR,FW,Roma,27,1997,32,27,"2,418",12,2,2,2,0,0,0.45,0.07,0.52,0.37,0.45,14.354873014613986,12.832275385037065,0.5264623354992904,0.47062134663950117,26.9,27,0.0,42.9,1.0,0.16,0.37,0.2036869108736042,-2.354873014613986,-2.8322753850370646,0.0,0.0,0.0,0.0,0.0,0.0,0.0,0.0,0.0,0.0,0.0,0.0,0.0,0.0,25.0,0.0,0.0,0.0,0.0,0.0,0.0,0.0,0.0,0.0,1,0.0,0.0,0.0,0.0,0.0,0.0,0.0,0.0,0.0,0.0,0.0,0.0,0.0,0.0,0.0,0.0,0.0,0.0,0.0,0.0,0.0,1,0.0,0.0,0.0,0.0,0.0,0.0,2,0.0,0.0,0.0,0.0,0.0,0.0,0.0,0.0,0.0,0.0,0.0,0.0,0.0,0.0,0.0,0.0,0,30,16,22,0.0,0.0,0,0.0,0.0,0.0,0.0
Ondrej Duda,sk SVK,MF,Hellas Verona,29,1994,28,27,"2,395",1,3,0,0,12,1,0.04,0.11,0.15,0.04,0.15,0.8872416876256466,0.8872416876256466,0.033078604758205545,0.033078604758205545,26.6,5,0.0,20.0,0.19,0.04,0.2,0.035489667505025864,0.11275831237435341,0.11275831237435341,0.0,0.0,0.0,0.0,0.0,0.0,0.0,0.0,0.0,0.0,0.0,0.0,0.0,0.0,32.0,0.0,0.0,0.0,0.0,0.0,0.0,0.0,0.0,0.0,89,0.0,0.0,0.0,0.0,0.0,0.0,0.0,0.0,0.0,0.0,0.0,0.0,0.0,0.0,0.0,0.0,0.0,0.0,0.0,0.0,0.0,27,0.0,0.0,0.0,0.0,0.0,0.0,28,0.0,0.0,0.0,0.0,0.0,0.0,0.0,0.0,0.0,0.0,0.0,0.0,0.0,0.0,0.0,0.0,1,51,57,0,0.0,0.0,0,0.0,0.0,0.0,0.0
Denzel Dumfries,nl NED,MF,Inter,28,1996,29,20,"1,955",7,2,0,0,4,0,0.32,0.09,0.41,0.32,0.41,6.130226218141615,6.130226218141615,0.2860136649210707,0.2860136649210707,21.7,19,0.0,51.4,0.87,0.19,0.37,0.16568178967950312,0.8697737818583846,0.8697737818583846,0.0,0.0,0.0,0.0,0.0,0.0,0.0,0.0,0.0,0.0,0.0,0.0,0.0,0.0,21.0,0.0,0.0,0.0,0.0,0.0,0.0,0.0,0.0,0.0,56,0.0,0.0,0.0,0.0,0.0,0.0,0.0,0.0,0.0,0.0,0.0,0.0,0.0,0.0,0.0,0.0,0.0,0.0,0.0,0.0,0.0,19,0.0,0.0,0.0,0.0,0.0,0.0,7,0.0,0.0,0.0,0.0,0.0,0.0,0.0,0.0,0.0,0.0,0.0,0.0,0.0,0.0,0.0,0.0,0,53,18,6,0.0,0.0,0,0.0,0.0,0.0,0.0
Alfred Duncan,gh GHA,MF,Venezia,31,1993,16,12,957,0,0,0,0,2,0,0.0,0.0,0.0,0.0,0.0,0.968411073088646,0.968411073088646,0.09031813116888927,0.09031813116888927,10.6,4,0.0,26.7,0.38,0.0,0.0,0.06456073820590974,-0.968411073088646,-0.968411073088646,0.0,0.0,0.0,0.0,0.0,0.0,0.0,0.0,0.0,0.0,0.0,0.0,0.0,0.0,11.0,0.0,0.0,0.0,0.0,0.0,0.0,0.0,0.0,0.0,17,0.0,0.0,0.0,0.0,0.0,0.0,0.0,0.0,0.0,0.0,0.0,0.0,0.0,0.0,0.0,0.0,0.0,0.0,0.0,0.0,0.0,9,0.0,0.0,0.0,0.0,0.0,0.0,7,0.0,0.0,0.0,0.0,0.0,0.0,0.0,0.0,0.0,0.0,0.0,0.0,0.0,0.0,0.0,0.0,0,22,11,0,0.0,0.0,0,0.0,0.0,0.0,0.0
Paulo Dybala,ar ARG,"FW,MF",Roma,30,1993,24,16,"1,417",6,3,3,3,2,0,0.38,0.19,0.57,0.19,0.38,7.097136401571333,4.813239821232855,0.4463607799730398,0.30271948561212925,15.7,19,0.0,38.0,1.21,0.06,0.16,0.0962647964246571,-1.0971364015713334,-1.8132398212328553,0.0,0.0,0.0,0.0,0.0,0.0,0.0,0.0,0.0,0.0,0.0,0.0,0.0,0.0,40.0,0.0,0.0,0.0,0.0,0.0,0.0,0.0,0.0,0.0,62,0.0,0.0,0.0,0.0,0.0,0.0,0.0,0.0,0.0,0.0,0.0,0.0,0.0,0.0,0.0,0.0,0.0,0.0,0.0,0.0,0.0,7,0.0,0.0,0.0,0.0,0.0,0.0,2,0.0,0.0,0.0,0.0,0.0,0.0,0.0,0.0,0.0,0.0,0.0,0.0,0.0,0.0,0.0,0.0,0,6,60,6,0.0,0.0,0,0.0,0.0,0.0,0.0
Enzo Ebosse,cm CMR,DF,Udinese,25,1999,2,0,90,0,0,0,0,1,0,0.0,0.0,0.0,0.0,0.0,0.0,0.0,0.0,0.0,1.0,0,0.0,0.0,0.0,0.0,0.0,,0.0,0.0,0.0,0.0,0.0,0.0,0.0,0.0,0.0,0.0,0.0,0.0,0.0,0.0,0.0,0.0,1.0,0.0,0.0,0.0,0.0,0.0,0.0,0.0,0.0,0.0,0,0.0,0.0,0.0,0.0,0.0,0.0,0.0,0.0,0.0,0.0,0.0,0.0,0.0,0.0,0.0,0.0,0.0,0.0,0.0,0.0,0.0,0,0.0,0.0,0.0,0.0,0.0,0.0,1,0.0,0.0,0.0,0.0,0.0,0.0,0.0,0.0,0.0,0.0,0.0,0.0,0.0,0.0,0.0,0.0,0,1,0,0,0.0,0.0,0,0.0,0.0,0.0,0.0
Tyronne Ebuehi,ng NGA,DF,Empoli,28,1995,4,0,74,0,0,0,0,0,0,0.0,0.0,0.0,0.0,0.0,0.0,0.0,0.0,0.0,0.8,0,0.0,0.0,0.0,0.0,0.0,,0.0,0.0,0.0,0.0,0.0,0.0,0.0,0.0,0.0,0.0,0.0,0.0,0.0,0.0,0.0,0.0,0.0,0.0,0.0,0.0,0.0,0.0,0.0,0.0,0.0,0.0,2,0.0,0.0,0.0,0.0,0.0,0.0,0.0,0.0,0.0,0.0,0.0,0.0,0.0,0.0,0.0,0.0,0.0,0.0,0.0,0.0,0.0,2,0.0,0.0,0.0,0.0,0.0,0.0,2,0.0,0.0,0.0,0.0,0.0,0.0,0.0,0.0,0.0,0.0,0.0,0.0,0.0,0.0,0.0,0.0,0,0,2,0,0.0,0.0,0,0.0,0.0,0.0,0.0
Kingsley Ehizibue,nl NED,"MF,DF",Udinese,29,1995,33,30,"2,498",0,1,0,0,5,0,0.0,0.04,0.04,0.0,0.04,1.6657815780490637,1.6657815780490637,0.05916351303252397,0.05916351303252397,27.8,4,0.0,28.6,0.14,0.0,0.0,0.11898439843207598,-1.6657815780490637,-1.6657815780490637,0.0,0.0,0.0,0.0,0.0,0.0,0.0,0.0,0.0,0.0,0.0,0.0,0.0,0.0,22.0,0.0,0.0,0.0,0.0,0.0,0.0,0.0,0.0,0.0,60,0.0,0.0,0.0,0.0,0.0,0.0,0.0,0.0,0.0,0.0,0.0,0.0,0.0,0.0,0.0,0.0,0.0,0.0,0.0,0.0,0.0,35,0.0,0.0,0.0,0.0,0.0,0.0,23,0.0,0.0,0.0,0.0,0.0,0.0,0.0,0.0,0.0,0.0,0.0,0.0,0.0,0.0,0.0,0.0,0,33,33,5,0.0,0.0,0,0.0,0.0,0.0,0.0
Jeff Ekhator,it ITA,"FW,MF",Genoa,17,2006,24,6,769,1,1,0,0,1,0,0.12,0.12,0.23,0.12,0.23,1.3274079076945782,1.3274079076945782,0.16432835170909496,0.16432835170909496,8.5,3,0.0,30.0,0.35,0.1,0.33,0.13274079076945783,-0.32740790769457817,-0.32740790769457817,0.0,0.0,0.0,0.0,0.0,0.0,0.0,0.0,0.0,0.0,0.0,0.0,0.0,0.0,10.0,0.0,0.0,0.0,0.0,0.0,0.0,0.0,0.0,0.0,10,0.0,0.0,0.0,0.0,0.0,0.0,0.0,0.0,0.0,0.0,0.0,0.0,0.0,0.0,0.0,0.0,0.0,0.0,0.0,0.0,0.0,4,0.0,0.0,0.0,0.0,0.0,0.0,2,0.0,0.0,0.0,0.0,0.0,0.0,0.0,0.0,0.0,0.0,0.0,0.0,0.0,0.0,0.0,0.0,0,15,13,3,0.0,0.0,0,0.0,0.0,0.0,0.0
Jurgen Ekkelenkamp,nl NED,MF,Udinese,24,2000,34,20,"1,892",3,2,0,0,2,0,0.14,0.1,0.24,0.14,0.24,3.1339307287707925,3.1339307287707925,0.14971006666102513,0.14971006666102513,21.0,9,0.0,34.6,0.43,0.12,0.33,0.12053579726041509,-0.13393072877079248,-0.13393072877079248,0.0,0.0,0.0,0.0,0.0,0.0,0.0,0.0,0.0,0.0,0.0,0.0,0.0,0.0,16.0,0.0,0.0,0.0,0.0,0.0,0.0,0.0,0.0,0.0,13,0.0,0.0,0.0,0.0,0.0,0.0,0.0,0.0,0.0,0.0,0.0,0.0,0.0,0.0,0.0,0.0,0.0,0.0,0.0,0.0,0.0,25,0.0,0.0,0.0,0.0,0.0,0.0,12,0.0,0.0,0.0,0.0,0.0,0.0,0.0,0.0,0.0,0.0,0.0,0.0,0.0,0.0,0.0,0.0,0,29,14,2,0.0,0.0,0,0.0,0.0,0.0,0.0
Emmanuel Ekong,se SWE,FW,Empoli,22,2002,15,0,186,0,0,0,0,1,0,0.0,0.0,0.0,0.0,0.0,0.1341847870498895,0.1341847870498895,0.08271664955130176,0.08271664955130176,2.1,1,0.0,25.0,0.48,0.0,0.0,0.03354619676247238,-0.1341847870498895,-0.1341847870498895,0.0,0.0,0.0,0.0,0.0,0.0,0.0,0.0,0.0,0.0,0.0,0.0,0.0,0.0,2.0,0.0,0.0,0.0,0.0,0.0,0.0,0.0,0.0,0.0,0,0.0,0.0,0.0,0.0,0.0,0.0,0.0,0.0,0.0,0.0,0.0,0.0,0.0,0.0,0.0,0.0,0.0,0.0,0.0,0.0,0.0,3,0.0,0.0,0.0,0.0,0.0,0.0,1,0.0,0.0,0.0,0.0,0.0,0.0,0.0,0.0,0.0,0.0,0.0,0.0,0.0,0.0,0.0,0.0,0,3,5,1,0.0,0.0,0,0.0,0.0,0.0,0.0
Caleb Ekuban,gh GHA,FW,Genoa,30,1994,18,3,555,1,3,0,0,1,0,0.16,0.49,0.65,0.16,0.65,3.429166266694665,3.429166266694665,0.5867394752899617,0.5867394752899617,6.2,6,0.0,33.3,0.97,0.06,0.17,0.1905092370385925,-2.429166266694665,-2.429166266694665,0.0,0.0,0.0,0.0,0.0,0.0,0.0,0.0,0.0,0.0,0.0,0.0,0.0,0.0,8.0,0.0,0.0,0.0,0.0,0.0,0.0,0.0,0.0,0.0,3,0.0,0.0,0.0,0.0,0.0,0.0,0.0,0.0,0.0,0.0,0.0,0.0,0.0,0.0,0.0,0.0,0.0,0.0,0.0,0.0,0.0,3,0.0,0.0,0.0,0.0,0.0,0.0,1,0.0,0.0,0.0,0.0,0.0,0.0,0.0,0.0,0.0,0.0,0.0,0.0,0.0,0.0,0.0,0.0,0,15,9,5,0.0,0.0,0,0.0,0.0,0.0,0.0
Mikael Ellertsson,is ISL,MF,Venezia,22,2002,36,29,"2,470",2,2,0,0,2,0,0.07,0.07,0.15,0.07,0.15,1.3820830965414643,1.3820830965414643,0.04969535704703627,0.04969535704703627,27.4,5,0.0,23.8,0.18,0.1,0.4,0.06581348078768878,0.6179169034585357,0.6179169034585357,0.0,0.0,0.0,0.0,0.0,0.0,0.0,0.0,0.0,0.0,0.0,0.0,0.0,0.0,20.0,0.0,0.0,0.0,0.0,0.0,0.0,0.0,0.0,0.0,28,0.0,0.0,0.0,0.0,0.0,0.0,0.0,0.0,0.0,0.0,0.0,0.0,0.0,0.0,0.0,0.0,0.0,0.0,0.0,0.0,0.0,27,0.0,0.0,0.0,0.0,0.0,0.0,15,0.0,0.0,0.0,0.0,0.0,0.0,0.0,0.0,0.0,0.0,0.0,0.0,0.0,0.0,0.0,0.0,0,22,43,2,0.0,0.0,0,0.0,0.0,0.0,0.0
Elif Elmas,mk MKD,"MF,FW",Torino,24,1999,13,12,"1,021",4,0,0,0,0,0,0.35,0.0,0.35,0.35,0.35,0.0,0.0,0.0,0.0,11.3,10,0.0,52.6,0.88,0.21,0.4,0.0,0.0,0.0,0.0,0.0,0.0,0.0,0.0,0.0,0.0,0.0,0.0,0.0,0.0,0.0,0.0,0.0,0.0,0.0,0.0,0.0,0.0,0.0,0.0,0.0,0.0,0.0,23,0.0,0.0,0.0,0.0,0.0,0.0,0.0,0.0,0.0,0.0,0.0,0.0,0.0,0.0,0.0,0.0,0.0,0.0,0.0,0.0,0.0,8,0.0,0.0,0.0,0.0,0.0,0.0,4,0.0,0.0,0.0,0.0,0.0,0.0,0.0,0.0,0.0,0.0,0.0,0.0,0.0,0.0,0.0,0.0,0,13,14,2,0.0,0.0,0,0.0,0.0,0.0,0.0
Emerson,br BRA,DF,Milan,25,1999,17,16,"1,377",0,0,0,0,5,0,0.0,0.0,0.0,0.0,0.0,0.3471805658191442,0.3471805658191442,0.022447019341755012,0.022447019341755012,15.3,2,0.0,20.0,0.13,0.0,0.0,0.03471805658191442,-0.3471805658191442,-0.3471805658191442,0.0,0.0,0.0,0.0,0.0,0.0,0.0,0.0,0.0,0.0,0.0,0.0,0.0,0.0,15.0,0.0,0.0,0.0,0.0,0.0,0.0,0.0,0.0,0.0,45,0.0,0.0,0.0,0.0,0.0,0.0,0.0,0.0,0.0,0.0,0.0,0.0,0.0,0.0,0.0,0.0,0.0,0.0,0.0,0.0,0.0,29,0.0,0.0,0.0,0.0,0.0,0.0,15,0.0,0.0,0.0,0.0,0.0,0.0,0.0,0.0,0.0,0.0,0.0,0.0,0.0,0.0,0.0,0.0,0,34,32,0,0.0,0.0,0,0.0,0.0,0.0,0.0
Yannik Engelhardt,de GER,"MF,DF",Como,23,2001,26,11,"1,164",1,1,0,0,4,0,0.08,0.08,0.15,0.08,0.15,0.0,0.0,0.0,0.0,12.9,2,0.0,25.0,0.15,0.13,0.5,0.0,0.0,0.0,0.0,0.0,0.0,0.0,0.0,0.0,0.0,0.0,0.0,0.0,0.0,0.0,0.0,0.0,0.0,0.0,0.0,0.0,0.0,0.0,0.0,0.0,0.0,0.0,1,0.0,0.0,0.0,0.0,0.0,0.0,0.0,0.0,0.0,0.0,0.0,0.0,0.0,0.0,0.0,0.0,0.0,0.0,0.0,0.0,0.0,14,0.0,0.0,0.0,0.0,0.0,0.0,13,0.0,0.0,0.0,0.0,0.0,0.0,0.0,0.0,0.0,0.0,0.0,0.0,0.0,0.0,0.0,0.0,0,22,20,1,0.0,0.0,0,0.0,0.0,0.0,0.0
Martin Erlić,hr CRO,DF,Bologna,26,1998,8,5,334,0,0,0,0,0,0,0.0,0.0,0.0,0.0,0.0,0.2383443117141723,0.2383443117141723,0.06580057685360585,0.06580057685360585,3.7,0,0.0,0.0,0.0,0.0,0.0,0.039724051952362054,-0.2383443117141723,-0.2383443117141723,0.0,0.0,0.0,0.0,0.0,0.0,0.0,0.0,0.0,0.0,0.0,0.0,0.0,0.0,0.0,0.0,0.0,0.0,0.0,0.0,0.0,0.0,0.0,0.0,0,0.0,0.0,0.0,0.0,0.0,0.0,0.0,0.0,0.0,0.0,0.0,0.0,0.0,0.0,0.0,0.0,0.0,0.0,0.0,0.0,0.0,0,0.0,0.0,0.0,0.0,0.0,0.0,2,0.0,0.0,0.0,0.0,0.0,0.0,0.0,0.0,0.0,0.0,0.0,0.0,0.0,0.0,0.0,0.0,0,7,7,0,0.0,0.0,0,0.0,0.0,0.0,0.0
Sebastiano Esposito,it ITA,"FW,MF",Empoli,22,2002,33,27,"2,331",8,0,1,2,1,0,0.31,0.0,0.31,0.27,0.27,6.238269167486578,4.7156714969314635,0.23689629749949032,0.1790761327948657,25.9,21,0.0,34.4,0.81,0.11,0.33,0.07730609011363054,1.7617308325134218,2.2843285030685365,0.0,0.0,0.0,0.0,0.0,0.0,0.0,0.0,0.0,0.0,0.0,0.0,0.0,0.0,35.0,0.0,0.0,0.0,0.0,0.0,0.0,0.0,0.0,0.0,55,0.0,0.0,0.0,0.0,0.0,0.0,0.0,0.0,0.0,0.0,0.0,0.0,0.0,0.0,0.0,0.0,0.0,0.0,0.0,0.0,0.0,29,0.0,0.0,0.0,0.0,0.0,0.0,11,0.0,0.0,0.0,0.0,0.0,0.0,0.0,0.0,0.0,0.0,0.0,0.0,0.0,0.0,0.0,0.0,0,47,56,10,0.0,0.0,0,0.0,0.0,0.0,0.0
Estanis,es ESP,FW,Bologna,20,2003,1,0,9,0,0,0,0,0,0,0.0,0.0,0.0,0.0,0.0,0.0,0.0,0.0,0.0,0.1,0,0.0,0.0,0.0,0.0,0.0,0.0,0.0,0.0,0.0,0.0,0.0,0.0,0.0,0.0,0.0,0.0,0.0,0.0,0.0,0.0,0.0,0.0,0.0,0.0,0.0,0.0,0.0,0.0,0.0,0.0,0.0,0.0,0,0.0,0.0,0.0,0.0,0.0,0.0,0.0,0.0,0.0,0.0,0.0,0.0,0.0,0.0,0.0,0.0,0.0,0.0,0.0,0.0,0.0,0,0.0,0.0,0.0,0.0,0.0,0.0,0,0.0,0.0,0.0,0.0,0.0,0.0,0.0,0.0,0.0,0.0,0.0,0.0,0.0,0.0,0.0,0.0,0,1,0,0,0.0,0.0,0,0.0,0.0,0.0,0.0
Nahuel Estévez,ar ARG,MF,Parma,28,1995,14,7,657,0,0,0,0,3,0,0.0,0.0,0.0,0.0,0.0,0.0965209947898984,0.0965209947898984,0.01320195977369431,0.01320195977369431,7.3,1,0.0,20.0,0.14,0.0,0.0,0.01930419895797968,-0.0965209947898984,-0.0965209947898984,0.0,0.0,0.0,0.0,0.0,0.0,0.0,0.0,0.0,0.0,0.0,0.0,0.0,0.0,6.0,0.0,0.0,0.0,0.0,0.0,0.0,0.0,0.0,0.0,15,0.0,0.0,0.0,0.0,0.0,0.0,0.0,0.0,0.0,0.0,0.0,0.0,0.0,0.0,0.0,0.0,0.0,0.0,0.0,0.0,0.0,7,0.0,0.0,0.0,0.0,0.0,0.0,3,0.0,0.0,0.0,0.0,0.0,0.0,0.0,0.0,0.0,0.0,0.0,0.0,0.0,0.0,0.0,0.0,0,9,9,0,0.0,0.0,0,0.0,0.0,0.0,0.0
Giovanni Fabbian,it ITA,MF,Bologna,21,2003,30,9,"1,023",3,1,0,0,2,0,0.26,0.09,0.35,0.26,0.35,2.8819183595478535,2.8819183595478535,0.2614643672976883,0.2614643672976883,11.4,5,0.0,23.8,0.44,0.14,0.6,0.13723420759751684,0.11808164045214653,0.11808164045214653,0.0,0.0,0.0,0.0,0.0,0.0,0.0,0.0,0.0,0.0,0.0,0.0,0.0,0.0,10.0,0.0,0.0,0.0,0.0,0.0,0.0,0.0,0.0,0.0,8,0.0,0.0,0.0,0.0,0.0,0.0,0.0,0.0,0.0,0.0,0.0,0.0,0.0,0.0,0.0,0.0,0.0,0.0,0.0,0.0,0.0,6,0.0,0.0,0.0,0.0,0.0,0.0,2,0.0,0.0,0.0,0.0,0.0,0.0,0.0,0.0,0.0,0.0,0.0,0.0,0.0,0.0,0.0,0.0,0,21,22,1,0.0,0.0,0,0.0,0.0,0.0,0.0
Alieu Fadera,gm GAM,MF,Como,22,2001,28,20,"1,644",1,3,0,0,2,1,0.05,0.16,0.22,0.05,0.22,1.79731765948236,1.79731765948236,0.09791682164250147,0.09791682164250147,18.3,9,0.0,32.1,0.49,0.04,0.11,0.06418991641008429,-0.7973176594823601,-0.7973176594823601,0.0,0.0,0.0,0.0,0.0,0.0,0.0,0.0,0.0,0.0,0.0,0.0,0.0,0.0,23.0,0.0,0.0,0.0,0.0,0.0,0.0,0.0,0.0,0.0,39,0.0,0.0,0.0,0.0,0.0,0.0,0.0,0.0,0.0,0.0,0.0,0.0,0.0,0.0,0.0,0.0,0.0,0.0,0.0,0.0,0.0,47,0.0,0.0,0.0,0.0,0.0,0.0,12,0.0,0.0,0.0,0.0,0.0,0.0,0.0,0.0,0.0,0.0,0.0,0.0,0.0,0.0,0.0,0.0,0,40,50,14,0.0,0.0,0,0.0,0.0,0.0,0.0
Nicolò Fagioli,it ITA,MF,Juventus,23,2001,17,5,571,0,0,0,0,4,0,0.0,0.0,0.0,0.0,0.0,0.8893392160534859,0.8893392160534859,0.05286692829908436,0.05286692829908436,6.3,1,0.0,8.3,0.16,0.0,0.0,0.04042450982061299,0.11066078394651413,0.11066078394651413,0.0,0.0,0.0,0.0,0.0,0.0,0.0,0.0,0.0,0.0,0.0,0.0,0.0,0.0,27.0,0.0,0.0,0.0,0.0,0.0,0.0,0.0,0.0,0.0,13,0.0,0.0,0.0,0.0,0.0,0.0,0.0,0.0,0.0,0.0,0.0,0.0,0.0,0.0,0.0,0.0,0.0,0.0,0.0,0.0,0.0,10,0.0,0.0,0.0,0.0,0.0,0.0,2,0.0,0.0,0.0,0.0,0.0,0.0,0.0,0.0,0.0,0.0,0.0,0.0,0.0,0.0,0.0,0.0,0,11,5,0,0.0,0.0,0,0.0,0.0,0.0,0.0
Nicolò Fagioli,it ITA,MF,Fiorentina,23,2001,15,10,962,1,2,0,0,0,0,0.09,0.19,0.28,0.09,0.28,0.8893392160534859,0.8893392160534859,0.05286692829908436,0.05286692829908436,10.7,4,0.0,40.0,0.37,0.1,0.25,0.04042450982061299,0.11066078394651413,0.11066078394651413,0.0,0.0,0.0,0.0,0.0,0.0,0.0,0.0,0.0,0.0,0.0,0.0,0.0,0.0,27.0,0.0,0.0,0.0,0.0,0.0,0.0,0.0,0.0,0.0,27,0.0,0.0,0.0,0.0,0.0,0.0,0.0,0.0,0.0,0.0,0.0,0.0,0.0,0.0,0.0,0.0,0.0,0.0,0.0,0.0,0.0,10,0.0,0.0,0.0,0.0,0.0,0.0,5,0.0,0.0,0.0,0.0,0.0,0.0,0.0,0.0,0.0,0.0,0.0,0.0,0.0,0.0,0.0,0.0,0,8,14,0,0.0,0.0,0,0.0,0.0,0.0,0.0
Wladimiro Falcone,it ITA,GK,Lecce,29,1995,38,38,"3,420",0,0,0,0,2,0,0.0,0.0,0.0,0.0,0.0,0.0,0.0,0.0,0.0,38.0,0,0.0,0.0,0.0,0.0,0.0,,0.0,0.0,0.0,0.0,0.0,0.0,0.0,0.0,0.0,0.0,0.0,0.0,0.0,0.0,0.0,0.0,0.0,0.0,0.0,0.0,0.0,0.0,0.0,0.0,0.0,0.0,0,0.0,0.0,0.0,0.0,0.0,0.0,0.0,0.0,0.0,0.0,0.0,0.0,0.0,0.0,0.0,0.0,0.0,0.0,0.0,0.0,0.0,0,0.0,0.0,0.0,0.0,0.0,0.0,1,0.0,0.0,0.0,0.0,0.0,0.0,0.0,0.0,0.0,0.0,0.0,0.0,0.0,0.0,0.0,0.0,0,1,11,0,0.0,0.0,0,0.0,0.0,0.0,0.0
Davide Faraoni,it ITA,"MF,DF",Hellas Verona,32,1991,8,3,260,0,0,0,0,1,0,0.0,0.0,0.0,0.0,0.0,0.0,0.0,0.0,0.0,2.9,0,0.0,0.0,0.0,0.0,0.0,0.0,0.0,0.0,0.0,0.0,0.0,0.0,0.0,0.0,0.0,0.0,0.0,0.0,0.0,0.0,0.0,0.0,0.0,0.0,0.0,0.0,0.0,0.0,0.0,0.0,0.0,0.0,12,0.0,0.0,0.0,0.0,0.0,0.0,0.0,0.0,0.0,0.0,0.0,0.0,0.0,0.0,0.0,0.0,0.0,0.0,0.0,0.0,0.0,9,0.0,0.0,0.0,0.0,0.0,0.0,2,0.0,0.0,0.0,0.0,0.0,0.0,0.0,0.0,0.0,0.0,0.0,0.0,0.0,0.0,0.0,0.0,0,7,1,2,0.0,0.0,0,0.0,0.0,0.0,0.0
Jacopo Fazzini,it ITA,MF,Empoli,21,2003,20,16,"1,383",4,1,0,0,1,1,0.26,0.07,0.33,0.26,0.33,3.692545833066106,3.692545833066106,0.2368703670534209,0.2368703670534209,15.4,9,0.0,34.6,0.59,0.15,0.44,0.1420209935794656,0.30745416693389416,0.30745416693389416,0.0,0.0,0.0,0.0,0.0,0.0,0.0,0.0,0.0,0.0,0.0,0.0,0.0,0.0,12.0,0.0,0.0,0.0,0.0,0.0,0.0,0.0,0.0,0.0,32,0.0,0.0,0.0,0.0,0.0,0.0,0.0,0.0,0.0,0.0,0.0,0.0,0.0,0.0,0.0,0.0,0.0,0.0,0.0,0.0,0.0,19,0.0,0.0,0.0,0.0,0.0,0.0,7,0.0,0.0,0.0,0.0,0.0,0.0,0.0,0.0,0.0,0.0,0.0,0.0,0.0,0.0,0.0,0.0,0,23,32,4,0.0,0.0,0,0.0,0.0,0.0,0.0
Mattia Felici,it ITA,MF,Cagliari,23,2001,20,9,925,0,3,0,0,1,0,0.0,0.29,0.29,0.0,0.29,1.0934456456452608,1.0934456456452608,0.10838117633047739,0.10838117633047739,10.3,7,0.0,70.0,0.68,0.0,0.0,0.10934456456452608,-1.0934456456452608,-1.0934456456452608,0.0,0.0,0.0,0.0,0.0,0.0,0.0,0.0,0.0,0.0,0.0,0.0,0.0,0.0,10.0,0.0,0.0,0.0,0.0,0.0,0.0,0.0,0.0,0.0,25,0.0,0.0,0.0,0.0,0.0,0.0,0.0,0.0,0.0,0.0,0.0,0.0,0.0,0.0,0.0,0.0,0.0,0.0,0.0,0.0,0.0,13,0.0,0.0,0.0,0.0,0.0,0.0,5,0.0,0.0,0.0,0.0,0.0,0.0,0.0,0.0,0.0,0.0,0.0,0.0,0.0,0.0,0.0,0.0,0,18,17,4,0.0,0.0,0,0.0,0.0,0.0,0.0
João Félix,pt POR,MF,Milan,24,1999,15,8,760,2,0,0,0,3,0,0.24,0.0,0.24,0.24,0.24,2.875185754150152,2.875185754150152,0.3400351089008064,0.3400351089008064,8.4,8,0.0,27.6,0.95,0.07,0.25,0.09914433635000525,-0.8751857541501522,-0.8751857541501522,0.0,0.0,0.0,0.0,0.0,0.0,0.0,0.0,0.0,0.0,0.0,0.0,0.0,0.0,10.0,0.0,0.0,0.0,0.0,0.0,0.0,0.0,0.0,0.0,5,0.0,0.0,0.0,0.0,0.0,0.0,0.0,0.0,0.0,0.0,0.0,0.0,0.0,0.0,0.0,0.0,0.0,0.0,0.0,0.0,0.0,6,0.0,0.0,0.0,0.0,0.0,0.0,1,0.0,0.0,0.0,0.0,0.0,0.0,0.0,0.0,0.0,0.0,0.0,0.0,0.0,0.0,0.0,0.0,0,12,30,2,0.0,0.0,0,0.0,0.0,0.0,0.0
Lewis Ferguson,sct SCO,MF,Bologna,24,1999,16,10,983,1,1,1,1,0,0,0.09,0.09,0.18,0.0,0.09,0.948494052514434,0.1871952172368765,0.08764318760400314,0.01729729933400296,10.9,2,0.0,33.3,0.18,0.0,0.0,0.031199202872812748,0.05150594748556603,-0.1871952172368765,0.0,0.0,0.0,0.0,0.0,0.0,0.0,0.0,0.0,0.0,0.0,0.0,0.0,0.0,14.0,0.0,0.0,0.0,0.0,0.0,0.0,0.0,0.0,0.0,17,0.0,0.0,0.0,0.0,0.0,0.0,0.0,0.0,0.0,0.0,0.0,0.0,0.0,0.0,0.0,0.0,0.0,0.0,0.0,0.0,0.0,15,0.0,0.0,0.0,0.0,0.0,0.0,4,0.0,0.0,0.0,0.0,0.0,0.0,0.0,0.0,0.0,0.0,0.0,0.0,0.0,0.0,0.0,0.0,0,26,20,1,0.0,0.0,0,0.0,0.0,0.0,0.0
Daniel Fila,cz CZE,FW,Venezia,21,2002,10,6,492,2,0,0,0,3,1,0.37,0.0,0.37,0.37,0.37,1.922950215637684,1.922950215637684,0.3496273119341244,0.3496273119341244,5.5,6,0.0,75.0,1.1,0.25,0.33,0.2403687769547105,0.07704978436231591,0.07704978436231591,0.0,0.0,0.0,0.0,0.0,0.0,0.0,0.0,0.0,0.0,0.0,0.0,0.0,0.0,6.0,0.0,0.0,0.0,0.0,0.0,0.0,0.0,0.0,0.0,0,0.0,0.0,0.0,0.0,0.0,0.0,0.0,0.0,0.0,0.0,0.0,0.0,0.0,0.0,0.0,0.0,0.0,0.0,0.0,0.0,0.0,1,0.0,0.0,0.0,0.0,0.0,0.0,0,0.0,0.0,0.0,0.0,0.0,0.0,0.0,0.0,0.0,0.0,0.0,0.0,0.0,0.0,0.0,0.0,1,13,7,3,0.0,0.0,0,0.0,0.0,0.0,0.0
Alessandro Florenzi,it ITA,"DF,FW",Milan,33,1991,1,0,5,0,0,0,0,0,0,0.0,0.0,0.0,0.0,0.0,0.0,0.0,0.0,0.0,0.1,0,0.0,0.0,0.0,0.0,0.0,,0.0,0.0,0.0,0.0,0.0,0.0,0.0,0.0,0.0,0.0,0.0,0.0,0.0,0.0,0.0,0.0,0.0,0.0,0.0,0.0,0.0,0.0,0.0,0.0,0.0,0.0,1,0.0,0.0,0.0,0.0,0.0,0.0,0.0,0.0,0.0,0.0,0.0,0.0,0.0,0.0,0.0,0.0,0.0,0.0,0.0,0.0,0.0,0,0.0,0.0,0.0,0.0,0.0,0.0,0,0.0,0.0,0.0,0.0,0.0,0.0,0.0,0.0,0.0,0.0,0.0,0.0,0.0,0.0,0.0,0.0,0,0,0,0,0.0,0.0,0,0.0,0.0,0.0,0.0
Youssouf Fofana,fr FRA,MF,Milan,25,1999,35,29,"2,504",1,6,0,0,5,0,0.04,0.22,0.25,0.04,0.25,1.1362495608627796,1.1362495608627796,0.040644857105584326,0.040644857105584326,27.8,5,0.0,13.9,0.18,0.03,0.2,0.03156248780174388,-0.13624956086277962,-0.13624956086277962,0.0,0.0,0.0,0.0,0.0,0.0,0.0,0.0,0.0,0.0,0.0,0.0,0.0,0.0,24.0,0.0,0.0,0.0,0.0,0.0,0.0,0.0,0.0,0.0,10,0.0,0.0,0.0,0.0,0.0,0.0,0.0,0.0,0.0,0.0,0.0,0.0,0.0,0.0,0.0,0.0,0.0,0.0,0.0,0.0,0.0,34,0.0,0.0,0.0,0.0,0.0,0.0,17,0.0,0.0,0.0,0.0,0.0,0.0,0.0,0.0,0.0,0.0,0.0,0.0,0.0,0.0,0.0,0.0,0,28,17,0,0.0,0.0,0,0.0,0.0,0.0,0.0
Michael Folorunsho,it ITA,"FW,MF",Napoli,26,1998,6,0,35,0,0,0,0,0,0,0.0,0.0,0.0,0.0,0.0,0.6155886743217707,0.6155886743217707,0.08369030315552774,0.08369030315552774,0.4,0,0.0,0.0,0.0,0.0,0.0,0.06155886743217707,-0.6155886743217707,-0.6155886743217707,0.0,0.0,0.0,0.0,0.0,0.0,0.0,0.0,0.0,0.0,0.0,0.0,0.0,0.0,3.0,0.0,0.0,0.0,0.0,0.0,0.0,0.0,0.0,0.0,0,0.0,0.0,0.0,0.0,0.0,0.0,0.0,0.0,0.0,0.0,0.0,0.0,0.0,0.0,0.0,0.0,0.0,0.0,0.0,0.0,0.0,2,0.0,0.0,0.0,0.0,0.0,0.0,0,0.0,0.0,0.0,0.0,0.0,0.0,0.0,0.0,0.0,0.0,0.0,0.0,0.0,0.0,0.0,0.0,0,2,1,0,0.0,0.0,0,0.0,0.0,0.0,0.0
Michael Folorunsho,it ITA,MF,Fiorentina,26,1998,14,6,650,0,0,0,0,5,0,0.0,0.0,0.0,0.0,0.0,0.6155886743217707,0.6155886743217707,0.08369030315552774,0.08369030315552774,7.2,3,0.0,33.3,0.42,0.0,0.0,0.06155886743217707,-0.6155886743217707,-0.6155886743217707,0.0,0.0,0.0,0.0,0.0,0.0,0.0,0.0,0.0,0.0,0.0,0.0,0.0,0.0,3.0,0.0,0.0,0.0,0.0,0.0,0.0,0.0,0.0,0.0,22,0.0,0.0,0.0,0.0,0.0,0.0,0.0,0.0,0.0,0.0,0.0,0.0,0.0,0.0,0.0,0.0,0.0,0.0,0.0,0.0,0.0,13,0.0,0.0,0.0,0.0,0.0,0.0,4,0.0,0.0,0.0,0.0,0.0,0.0,0.0,0.0,0.0,0.0,0.0,0.0,0.0,0.0,0.0,0.0,0,16,23,0,0.0,0.0,0,0.0,0.0,0.0,0.0
Omari Forson,eng ENG,FW,Monza,20,2004,9,1,223,0,0,0,0,0,0,0.0,0.0,0.0,0.0,0.0,0.4280303474515676,0.4280303474515676,0.19455924884162162,0.19455924884162162,2.5,1,0.0,20.0,0.4,0.0,0.0,0.08560606949031352,-0.4280303474515676,-0.4280303474515676,0.0,0.0,0.0,0.0,0.0,0.0,0.0,0.0,0.0,0.0,0.0,0.0,0.0,0.0,8.0,0.0,0.0,0.0,0.0,0.0,0.0,0.0,0.0,0.0,9,0.0,0.0,0.0,0.0,0.0,0.0,0.0,0.0,0.0,0.0,0.0,0.0,0.0,0.0,0.0,0.0,0.0,0.0,0.0,0.0,0.0,3,0.0,0.0,0.0,0.0,0.0,0.0,1,0.0,0.0,0.0,0.0,0.0,0.0,0.0,0.0,0.0,0.0,0.0,0.0,0.0,0.0,0.0,0.0,0,2,2,1,0.0,0.0,0,0.0,0.0,0.0,0.0
Davide Frattesi,it ITA,MF,Inter,24,1999,28,9,"1,225",5,1,0,0,1,0,0.37,0.07,0.44,0.37,0.44,5.315815009176731,5.315815009176731,0.40068957355603496,0.40068957355603496,13.6,8,0.0,28.6,0.59,0.18,0.63,0.18985053604202612,-0.3158150091767311,-0.3158150091767311,0.0,0.0,0.0,0.0,0.0,0.0,0.0,0.0,0.0,0.0,0.0,0.0,0.0,0.0,7.0,0.0,0.0,0.0,0.0,0.0,0.0,0.0,0.0,0.0,8,0.0,0.0,0.0,0.0,0.0,0.0,0.0,0.0,0.0,0.0,0.0,0.0,0.0,0.0,0.0,0.0,0.0,0.0,0.0,0.0,0.0,11,0.0,0.0,0.0,0.0,0.0,0.0,4,0.0,0.0,0.0,0.0,0.0,0.0,0.0,0.0,0.0,0.0,0.0,0.0,0.0,0.0,0.0,0.0,0,11,32,2,0.0,0.0,0,0.0,0.0,0.0,0.0
Morten Frendrup,dk DEN,MF,Genoa,23,2001,35,35,"3,103",2,0,0,0,5,0,0.06,0.0,0.06,0.06,0.06,1.6894174106419086,1.6894174106419086,0.048811417963971676,0.048811417963971676,34.5,9,0.0,30.0,0.26,0.07,0.22,0.05449733582715834,0.31058258935809135,0.31058258935809135,0.0,0.0,0.0,0.0,0.0,0.0,0.0,0.0,0.0,0.0,0.0,0.0,0.0,0.0,14.0,0.0,0.0,0.0,0.0,0.0,0.0,0.0,0.0,0.0,3,0.0,0.0,0.0,0.0,0.0,0.0,0.0,0.0,0.0,0.0,0.0,0.0,0.0,0.0,0.0,0.0,0.0,0.0,0.0,0.0,0.0,60,0.0,0.0,0.0,0.0,0.0,0.0,46,0.0,0.0,0.0,0.0,0.0,0.0,0.0,0.0,0.0,0.0,0.0,0.0,0.0,0.0,0.0,0.0,0,51,30,1,0.0,0.0,1,0.0,0.0,0.0,0.0
Martin Frese,dk DEN,"DF,MF",Hellas Verona,26,1998,11,5,549,0,0,0,0,0,0,0.0,0.0,0.0,0.0,0.0,0.0555349979549646,0.0555349979549646,0.009204695793640543,0.009204695793640543,6.1,0,0.0,0.0,0.0,0.0,0.0,0.0277674989774823,-0.0555349979549646,-0.0555349979549646,0.0,0.0,0.0,0.0,0.0,0.0,0.0,0.0,0.0,0.0,0.0,0.0,0.0,0.0,5.0,0.0,0.0,0.0,0.0,0.0,0.0,0.0,0.0,0.0,10,0.0,0.0,0.0,0.0,0.0,0.0,0.0,0.0,0.0,0.0,0.0,0.0,0.0,0.0,0.0,0.0,0.0,0.0,0.0,0.0,0.0,11,0.0,0.0,0.0,0.0,0.0,0.0,8,0.0,0.0,0.0,0.0,0.0,0.0,0.0,0.0,0.0,0.0,0.0,0.0,0.0,0.0,0.0,0.0,0,9,9,0,0.0,0.0,0,0.0,0.0,0.0,0.0
Remo Freuler,ch SUI,MF,Bologna,32,1992,37,37,"3,204",1,2,0,0,6,0,0.03,0.06,0.08,0.03,0.08,1.4950652588158846,1.4950652588158846,0.04165816510632496,0.04165816510632496,35.6,4,0.0,23.5,0.11,0.06,0.25,0.0879450152244638,-0.4950652588158846,-0.4950652588158846,0.0,0.0,0.0,0.0,0.0,0.0,0.0,0.0,0.0,0.0,0.0,0.0,0.0,0.0,36.0,0.0,0.0,0.0,0.0,0.0,0.0,0.0,0.0,0.0,20,0.0,0.0,0.0,0.0,0.0,0.0,0.0,0.0,0.0,0.0,0.0,0.0,0.0,0.0,0.0,0.0,0.0,0.0,0.0,0.0,0.0,40,0.0,0.0,0.0,0.0,0.0,0.0,41,0.0,0.0,0.0,0.0,0.0,0.0,0.0,0.0,0.0,0.0,0.0,0.0,0.0,0.0,0.0,0.0,0,47,18,1,0.0,0.0,0,0.0,0.0,0.0,0.0
Matteo Gabbia,it ITA,DF,Milan,24,1999,26,24,"2,152",2,0,0,0,4,0,0.08,0.0,0.08,0.08,0.08,1.5626689977943895,1.5626689977943895,0.06514136628137798,0.06514136628137798,23.9,4,0.0,28.6,0.17,0.14,0.5,0.11161921412817068,0.4373310022056105,0.4373310022056105,0.0,0.0,0.0,0.0,0.0,0.0,0.0,0.0,0.0,0.0,0.0,0.0,0.0,0.0,2.0,0.0,0.0,0.0,0.0,0.0,0.0,0.0,0.0,0.0,2,0.0,0.0,0.0,0.0,0.0,0.0,0.0,0.0,0.0,0.0,0.0,0.0,0.0,0.0,0.0,0.0,0.0,0.0,0.0,0.0,0.0,15,0.0,0.0,0.0,0.0,0.0,0.0,16,0.0,0.0,0.0,0.0,0.0,0.0,0.0,0.0,0.0,0.0,0.0,0.0,0.0,0.0,0.0,0.0,0,20,6,1,0.0,0.0,0,0.0,0.0,0.0,0.0
Tommaso Gabellini,it ITA,FW,Torino,17,2006,1,0,10,0,0,0,0,0,0,0.0,0.0,0.0,0.0,0.0,0.0165546219795942,0.0165546219795942,0.18623949727043473,0.18623949727043473,0.1,0,0.0,0.0,0.0,0.0,0.0,0.0165546219795942,-0.0165546219795942,-0.0165546219795942,0.0,0.0,0.0,0.0,0.0,0.0,0.0,0.0,0.0,0.0,0.0,0.0,0.0,0.0,0.0,0.0,0.0,0.0,0.0,0.0,0.0,0.0,0.0,0.0,0,0.0,0.0,0.0,0.0,0.0,0.0,0.0,0.0,0.0,0.0,0.0,0.0,0.0,0.0,0.0,0.0,0.0,0.0,0.0,0.0,0.0,0,0.0,0.0,0.0,0.0,0.0,0.0,0,0.0,0.0,0.0,0.0,0.0,0.0,0.0,0.0,0.0,0.0,0.0,0.0,0.0,0.0,0.0,0.0,0,0,0,0,0.0,0.0,0,0.0,0.0,0.0,0.0
Tiago Gabriel,pt POR,DF,Lecce,19,2004,2,0,96,0,0,0,0,0,0,0.0,0.0,0.0,0.0,0.0,0.0,0.0,0.0,0.0,1.1,0,0.0,0.0,0.0,0.0,0.0,,0.0,0.0,0.0,0.0,0.0,0.0,0.0,0.0,0.0,0.0,0.0,0.0,0.0,0.0,0.0,0.0,0.0,0.0,0.0,0.0,0.0,0.0,0.0,0.0,0.0,0.0,0,0.0,0.0,0.0,0.0,0.0,0.0,0.0,0.0,0.0,0.0,0.0,0.0,0.0,0.0,0.0,0.0,0.0,0.0,0.0,0.0,0.0,0,0.0,0.0,0.0,0.0,0.0,0.0,0,0.0,0.0,0.0,0.0,0.0,0.0,0.0,0.0,0.0,0.0,0.0,0.0,0.0,0.0,0.0,0.0,0,0,0,0,0.0,0.0,0,0.0,0.0,0.0,0.0
Alessandro Gabrielloni,it ITA,FW,Como,30,1994,15,0,142,1,1,0,0,1,0,0.63,0.63,1.27,0.63,1.27,0.2875324171036482,0.2875324171036482,0.23741208751677376,0.23741208751677376,1.6,2,0.0,40.0,1.27,0.2,0.5,0.057506483420729636,0.7124675828963518,0.7124675828963518,0.0,0.0,0.0,0.0,0.0,0.0,0.0,0.0,0.0,0.0,0.0,0.0,0.0,0.0,4.0,0.0,0.0,0.0,0.0,0.0,0.0,0.0,0.0,0.0,1,0.0,0.0,0.0,0.0,0.0,0.0,0.0,0.0,0.0,0.0,0.0,0.0,0.0,0.0,0.0,0.0,0.0,0.0,0.0,0.0,0.0,0,0.0,0.0,0.0,0.0,0.0,0.0,0,0.0,0.0,0.0,0.0,0.0,0.0,0.0,0.0,0.0,0.0,0.0,0.0,0.0,0.0,0.0,0.0,0,6,4,1,0.0,0.0,0,0.0,0.0,0.0,0.0
Gianluca Gaetano,it ITA,"MF,FW",Cagliari,24,2000,28,8,"1,009",2,4,0,0,0,0,0.18,0.36,0.54,0.18,0.54,4.630177354440093,4.630177354440093,0.42696307571681186,0.42696307571681186,11.2,6,0.0,20.0,0.54,0.07,0.33,0.1543392451480031,-2.630177354440093,-2.630177354440093,0.0,0.0,0.0,0.0,0.0,0.0,0.0,0.0,0.0,0.0,0.0,0.0,0.0,0.0,22.0,0.0,0.0,0.0,0.0,0.0,0.0,0.0,0.0,0.0,23,0.0,0.0,0.0,0.0,0.0,0.0,0.0,0.0,0.0,0.0,0.0,0.0,0.0,0.0,0.0,0.0,0.0,0.0,0.0,0.0,0.0,8,0.0,0.0,0.0,0.0,0.0,0.0,7,0.0,0.0,0.0,0.0,0.0,0.0,0.0,0.0,0.0,0.0,0.0,0.0,0.0,0.0,0.0,0.0,0,16,13,4,0.0,0.0,0,0.0,0.0,0.0,0.0
Roberto Gagliardini,it ITA,MF,Monza,30,1994,8,0,180,0,0,0,0,1,0,0.0,0.0,0.0,0.0,0.0,0.0,0.0,0.0,0.0,2.0,0,0.0,0.0,0.0,0.0,0.0,,0.0,0.0,0.0,0.0,0.0,0.0,0.0,0.0,0.0,0.0,0.0,0.0,0.0,0.0,0.0,0.0,1.0,0.0,0.0,0.0,0.0,0.0,0.0,0.0,0.0,0.0,1,0.0,0.0,0.0,0.0,0.0,0.0,0.0,0.0,0.0,0.0,0.0,0.0,0.0,0.0,0.0,0.0,0.0,0.0,0.0,0.0,0.0,1,0.0,0.0,0.0,0.0,0.0,0.0,2,0.0,0.0,0.0,0.0,0.0,0.0,0.0,0.0,0.0,0.0,0.0,0.0,0.0,0.0,0.0,0.0,0,6,7,0,0.0,0.0,0,0.0,0.0,0.0,0.0
Antonino Gallo,it ITA,DF,Lecce,24,2000,31,31,"2,609",0,2,0,0,3,1,0.0,0.07,0.07,0.0,0.07,0.3414014270529151,0.3414014270529151,0.011709652604711265,0.011709652604711265,29.0,3,0.0,33.3,0.1,0.0,0.0,0.03793349189476834,-0.3414014270529151,-0.3414014270529151,0.0,0.0,0.0,0.0,0.0,0.0,0.0,0.0,0.0,0.0,0.0,0.0,0.0,0.0,43.0,0.0,0.0,0.0,0.0,0.0,0.0,0.0,0.0,0.0,116,0.0,0.0,0.0,0.0,0.0,0.0,0.0,0.0,0.0,0.0,0.0,0.0,0.0,0.0,0.0,0.0,0.0,0.0,0.0,0.0,0.0,44,0.0,0.0,0.0,0.0,0.0,0.0,21,0.0,0.0,0.0,0.0,0.0,0.0,0.0,0.0,0.0,0.0,0.0,0.0,0.0,0.0,0.0,0.0,0,12,15,3,0.0,0.0,2,0.0,0.0,0.0,0.0
Silvère Ganvoula,cg CGO,FW,Monza,28,1996,7,4,326,0,0,0,0,0,0,0.0,0.0,0.0,0.0,0.0,0.3896697089076042,0.3896697089076042,0.10824158580766784,0.10824158580766784,3.6,1,0.0,25.0,0.28,0.0,0.0,0.09741742722690105,-0.3896697089076042,-0.3896697089076042,0.0,0.0,0.0,0.0,0.0,0.0,0.0,0.0,0.0,0.0,0.0,0.0,0.0,0.0,1.0,0.0,0.0,0.0,0.0,0.0,0.0,0.0,0.0,0.0,0,0.0,0.0,0.0,0.0,0.0,0.0,0.0,0.0,0.0,0.0,0.0,0.0,0.0,0.0,0.0,0.0,0.0,0.0,0.0,0.0,0.0,0,0.0,0.0,0.0,0.0,0.0,0.0,1,0.0,0.0,0.0,0.0,0.0,0.0,0.0,0.0,0.0,0.0,0.0,0.0,0.0,0.0,0.0,0.0,0,4,8,1,0.0,0.0,0,0.0,0.0,0.0,0.0
Federico Gatti,it ITA,DF,Juventus,26,1998,30,26,"2,195",1,0,0,0,2,0,0.04,0.0,0.04,0.04,0.04,2.6437892597168684,2.6437892597168684,0.10781197706140379,0.10781197706140379,24.4,9,0.0,36.0,0.37,0.04,0.11,0.10575157038867473,-1.6437892597168684,-1.6437892597168684,0.0,0.0,0.0,0.0,0.0,0.0,0.0,0.0,0.0,0.0,0.0,0.0,0.0,0.0,6.0,0.0,0.0,0.0,0.0,0.0,0.0,0.0,0.0,0.0,1,0.0,0.0,0.0,0.0,0.0,0.0,0.0,0.0,0.0,0.0,0.0,0.0,0.0,0.0,0.0,0.0,0.0,0.0,0.0,0.0,0.0,23,0.0,0.0,0.0,0.0,0.0,0.0,16,0.0,0.0,0.0,0.0,0.0,0.0,0.0,0.0,0.0,0.0,0.0,0.0,0.0,0.0,0.0,0.0,0,20,19,1,0.0,0.0,0,0.0,0.0,0.0,0.0
David de Gea,es ESP,GK,Fiorentina,33,1990,35,35,"3,150",0,1,0,0,1,0,0.0,0.03,0.03,0.0,0.03,0.0,0.0,0.0,0.0,35.0,0,0.0,0.0,0.0,0.0,0.0,,0.0,0.0,0.0,0.0,0.0,0.0,0.0,0.0,0.0,0.0,0.0,0.0,0.0,0.0,0.0,0.0,3.0,0.0,0.0,0.0,0.0,0.0,0.0,0.0,0.0,0.0,0,0.0,0.0,0.0,0.0,0.0,0.0,0.0,0.0,0.0,0.0,0.0,0.0,0.0,0.0,0.0,0.0,0.0,0.0,0.0,0.0,0.0,0,0.0,0.0,0.0,0.0,0.0,0.0,0,0.0,0.0,0.0,0.0,0.0,0.0,0.0,0.0,0.0,0.0,0.0,0.0,0.0,0.0,0.0,0.0,0,0,2,0,0.0,0.0,0,0.0,0.0,0.0,0.0
Valentin Gendrey,fr FRA,DF,Lecce,24,2000,2,2,180,0,0,0,0,0,0,0.0,0.0,0.0,0.0,0.0,0.1657107193022966,0.1657107193022966,0.0828553596511483,0.0828553596511483,2.0,0,0.0,0.0,0.0,0.0,0.0,0.0828553596511483,-0.1657107193022966,-0.1657107193022966,0.0,0.0,0.0,0.0,0.0,0.0,0.0,0.0,0.0,0.0,0.0,0.0,0.0,0.0,2.0,0.0,0.0,0.0,0.0,0.0,0.0,0.0,0.0,0.0,3,0.0,0.0,0.0,0.0,0.0,0.0,0.0,0.0,0.0,0.0,0.0,0.0,0.0,0.0,0.0,0.0,0.0,0.0,0.0,0.0,0.0,2,0.0,0.0,0.0,0.0,0.0,0.0,2,0.0,0.0,0.0,0.0,0.0,0.0,0.0,0.0,0.0,0.0,0.0,0.0,0.0,0.0,0.0,0.0,0,1,2,0,0.0,0.0,0,0.0,0.0,0.0,0.0
Daniele Ghilardi,it ITA,DF,Hellas Verona,21,2003,24,21,"2,029",0,0,0,0,7,1,0.0,0.0,0.0,0.0,0.0,0.5332020772621036,0.5332020772621036,0.02365115177604205,0.02365115177604205,22.5,4,0.0,33.3,0.18,0.0,0.0,0.04443350643850863,-0.5332020772621036,-0.5332020772621036,0.0,0.0,0.0,0.0,0.0,0.0,0.0,0.0,0.0,0.0,0.0,0.0,0.0,0.0,6.0,0.0,0.0,0.0,0.0,0.0,0.0,0.0,0.0,0.0,10,0.0,0.0,0.0,0.0,0.0,0.0,0.0,0.0,0.0,0.0,0.0,0.0,0.0,0.0,0.0,0.0,0.0,0.0,0.0,0.0,0.0,28,0.0,0.0,0.0,0.0,0.0,0.0,30,0.0,0.0,0.0,0.0,0.0,0.0,0.0,0.0,0.0,0.0,0.0,0.0,0.0,0.0,0.0,0.0,0,33,29,0,0.0,0.0,0,0.0,0.0,0.0,0.0
Lautaro Gianetti,ar ARG,DF,Udinese,30,1993,15,11,878,1,0,0,0,4,0,0.1,0.0,0.1,0.1,0.1,0.0,0.0,0.0,0.0,9.8,2,0.0,100.0,0.21,0.5,0.5,0.0,0.0,0.0,0.0,0.0,0.0,0.0,0.0,0.0,0.0,0.0,0.0,0.0,0.0,0.0,0.0,0.0,0.0,0.0,0.0,0.0,0.0,0.0,0.0,0.0,0.0,0.0,0,0.0,0.0,0.0,0.0,0.0,0.0,0.0,0.0,0.0,0.0,0.0,0.0,0.0,0.0,0.0,0.0,0.0,0.0,0.0,0.0,0.0,11,0.0,0.0,0.0,0.0,0.0,0.0,15,0.0,0.0,0.0,0.0,0.0,0.0,0.0,0.0,0.0,0.0,0.0,0.0,0.0,0.0,0.0,0.0,0,7,0,0,0.0,0.0,2,0.0,0.0,0.0,0.0
Samuel Gigot,fr FRA,DF,Lazio,30,1993,15,7,683,2,0,0,0,2,0,0.26,0.0,0.26,0.26,0.26,1.3551291171461344,1.3551291171461344,0.1762451163918383,0.1762451163918383,7.6,3,0.0,75.0,0.4,0.5,0.67,0.3387822792865336,0.6448708828538656,0.6448708828538656,0.0,0.0,0.0,0.0,0.0,0.0,0.0,0.0,0.0,0.0,0.0,0.0,0.0,0.0,0.0,0.0,0.0,0.0,0.0,0.0,0.0,0.0,0.0,0.0,0,0.0,0.0,0.0,0.0,0.0,0.0,0.0,0.0,0.0,0.0,0.0,0.0,0.0,0.0,0.0,0.0,0.0,0.0,0.0,0.0,0.0,4,0.0,0.0,0.0,0.0,0.0,0.0,14,0.0,0.0,0.0,0.0,0.0,0.0,0.0,0.0,0.0,0.0,0.0,0.0,0.0,0.0,0.0,0.0,0,8,9,1,0.0,0.0,0,0.0,0.0,0.0,0.0
Mario Gila,es ESP,DF,Lazio,23,2000,32,31,"2,741",1,0,0,0,8,0,0.03,0.0,0.03,0.03,0.03,0.9575563902035356,0.9575563902035356,0.03145258215997015,0.03145258215997015,30.5,4,0.0,26.7,0.13,0.07,0.25,0.0638370926802357,0.04244360979646444,0.04244360979646444,0.0,0.0,0.0,0.0,0.0,0.0,0.0,0.0,0.0,0.0,0.0,0.0,0.0,0.0,15.0,0.0,0.0,0.0,0.0,0.0,0.0,0.0,0.0,0.0,5,0.0,0.0,0.0,0.0,0.0,0.0,0.0,0.0,0.0,0.0,0.0,0.0,0.0,0.0,0.0,0.0,0.0,0.0,0.0,0.0,0.0,38,0.0,0.0,0.0,0.0,0.0,0.0,30,0.0,0.0,0.0,0.0,0.0,0.0,0.0,0.0,0.0,0.0,0.0,0.0,0.0,0.0,0.0,0.0,0,32,30,0,0.0,0.0,1,0.0,0.0,0.0,0.0
Billy Gilmour,sct SCO,MF,Napoli,23,2001,26,13,"1,177",0,1,0,0,0,0,0.0,0.08,0.08,0.0,0.08,0.6270224712789059,0.6270224712789059,0.0486063931223958,0.0486063931223958,13.1,1,0.0,11.1,0.08,0.0,0.0,0.06966916347543399,-0.6270224712789059,-0.6270224712789059,0.0,0.0,0.0,0.0,0.0,0.0,0.0,0.0,0.0,0.0,0.0,0.0,0.0,0.0,21.0,0.0,0.0,0.0,0.0,0.0,0.0,0.0,0.0,0.0,18,0.0,0.0,0.0,0.0,0.0,0.0,0.0,0.0,0.0,0.0,0.0,0.0,0.0,0.0,0.0,0.0,0.0,0.0,0.0,0.0,0.0,14,0.0,0.0,0.0,0.0,0.0,0.0,9,0.0,0.0,0.0,0.0,0.0,0.0,0.0,0.0,0.0,0.0,0.0,0.0,0.0,0.0,0.0,0.0,0,14,16,0,0.0,0.0,0,0.0,0.0,0.0,0.0
Santiago Giménez,mx MEX,FW,Milan,23,2001,14,7,669,5,2,0,1,3,1,0.67,0.27,0.94,0.67,0.94,4.460054490715265,3.6987556889653206,0.6036163972396599,0.5005834767020735,7.4,10,0.0,43.5,1.35,0.22,0.5,0.16081546473762262,0.5399455092847347,1.3012443110346794,0.0,0.0,0.0,0.0,0.0,0.0,0.0,0.0,0.0,0.0,0.0,0.0,0.0,0.0,6.0,0.0,0.0,0.0,0.0,0.0,0.0,0.0,0.0,0.0,2,0.0,0.0,0.0,0.0,0.0,0.0,0.0,0.0,0.0,0.0,0.0,0.0,0.0,0.0,0.0,0.0,0.0,0.0,0.0,0.0,0.0,3,0.0,0.0,0.0,0.0,0.0,0.0,1,0.0,0.0,0.0,0.0,0.0,0.0,0.0,0.0,0.0,0.0,0.0,0.0,0.0,0.0,0.0,0.0,0,11,4,7,0.0,0.0,0,0.0,0.0,0.0,0.0
Gvidas Gineitis,lt LTU,MF,Torino,20,2004,30,15,"1,430",3,1,0,0,5,0,0.19,0.06,0.25,0.19,0.25,1.846869610249996,1.846869610249996,0.1161553213993708,0.1161553213993708,15.9,8,0.0,27.6,0.5,0.1,0.38,0.06368515897413779,1.153130389750004,1.153130389750004,0.0,0.0,0.0,0.0,0.0,0.0,0.0,0.0,0.0,0.0,0.0,0.0,0.0,0.0,21.0,0.0,0.0,0.0,0.0,0.0,0.0,0.0,0.0,0.0,50,0.0,0.0,0.0,0.0,0.0,0.0,0.0,0.0,0.0,0.0,0.0,0.0,0.0,0.0,0.0,0.0,0.0,0.0,0.0,0.0,0.0,15,0.0,0.0,0.0,0.0,0.0,0.0,18,0.0,0.0,0.0,0.0,0.0,0.0,0.0,0.0,0.0,0.0,0.0,0.0,0.0,0.0,0.0,0.0,0,23,23,2,0.0,0.0,0,0.0,0.0,0.0,0.0
Ben Godfrey,eng ENG,"DF,MF",Atalanta,26,1998,1,0,23,0,0,0,0,0,0,0.0,0.0,0.0,0.0,0.0,0.0,0.0,0.0,0.0,0.3,0,0.0,0.0,0.0,0.0,0.0,,0.0,0.0,0.0,0.0,0.0,0.0,0.0,0.0,0.0,0.0,0.0,0.0,0.0,0.0,0.0,0.0,0.0,0.0,0.0,0.0,0.0,0.0,0.0,0.0,0.0,0.0,0,0.0,0.0,0.0,0.0,0.0,0.0,0.0,0.0,0.0,0.0,0.0,0.0,0.0,0.0,0.0,0.0,0.0,0.0,0.0,0.0,0.0,0,0.0,0.0,0.0,0.0,0.0,0.0,0,0.0,0.0,0.0,0.0,0.0,0.0,0.0,0.0,0.0,0.0,0.0,0.0,0.0,0.0,0.0,0.0,0,1,0,0,0.0,0.0,0,0.0,0.0,0.0,0.0
Saba Goglichidze,ge GEO,DF,Empoli,20,2004,33,29,"2,539",0,1,0,0,3,1,0.0,0.04,0.04,0.0,0.04,0.2618827680125832,0.2618827680125832,0.009206816062942378,0.009206816062942378,28.2,0,0.0,0.0,0.0,0.0,0.0,0.0436471280020972,-0.2618827680125832,-0.2618827680125832,0.0,0.0,0.0,0.0,0.0,0.0,0.0,0.0,0.0,0.0,0.0,0.0,0.0,0.0,3.0,0.0,0.0,0.0,0.0,0.0,0.0,0.0,0.0,0.0,5,0.0,0.0,0.0,0.0,0.0,0.0,0.0,0.0,0.0,0.0,0.0,0.0,0.0,0.0,0.0,0.0,0.0,0.0,0.0,0.0,0.0,41,0.0,0.0,0.0,0.0,0.0,0.0,33,0.0,0.0,0.0,0.0,0.0,0.0,0.0,0.0,0.0,0.0,0.0,0.0,0.0,0.0,0.0,0.0,0,27,34,1,0.0,0.0,0,0.0,0.0,0.0,0.0
Edoardo Goldaniga,it ITA,DF,Como,30,1993,32,28,"2,532",1,0,0,0,12,1,0.04,0.0,0.04,0.04,0.04,2.380076947622001,2.380076947622001,0.0848344258558337,0.0848344258558337,28.1,5,0.0,41.7,0.18,0.08,0.2,0.19833974563516676,-1.3800769476220012,-1.3800769476220012,0.0,0.0,0.0,0.0,0.0,0.0,0.0,0.0,0.0,0.0,0.0,0.0,0.0,0.0,5.0,0.0,0.0,0.0,0.0,0.0,0.0,0.0,0.0,0.0,9,0.0,0.0,0.0,0.0,0.0,0.0,0.0,0.0,0.0,0.0,0.0,0.0,0.0,0.0,0.0,0.0,0.0,0.0,0.0,0.0,0.0,21,0.0,0.0,0.0,0.0,0.0,0.0,31,0.0,0.0,0.0,0.0,0.0,0.0,0.0,0.0,0.0,0.0,0.0,0.0,0.0,0.0,0.0,0.0,1,44,36,4,0.0,0.0,0,0.0,0.0,0.0,0.0
Pierluigi Gollini,it ITA,GK,Genoa,29,1995,7,7,630,0,0,0,0,1,0,0.0,0.0,0.0,0.0,0.0,0.0,0.0,0.0,0.0,7.0,0,0.0,0.0,0.0,0.0,0.0,,0.0,0.0,0.0,0.0,0.0,0.0,0.0,0.0,0.0,0.0,0.0,0.0,0.0,0.0,0.0,0.0,0.0,0.0,0.0,0.0,0.0,0.0,0.0,0.0,0.0,0.0,0,0.0,0.0,0.0,0.0,0.0,0.0,0.0,0.0,0.0,0.0,0.0,0.0,0.0,0.0,0.0,0.0,0.0,0.0,0.0,0.0,0.0,0,0.0,0.0,0.0,0.0,0.0,0.0,0,0.0,0.0,0.0,0.0,0.0,0.0,0.0,0.0,0.0,0.0,0.0,0.0,0.0,0.0,0.0,0.0,0,0,0,0,0.0,0.0,0,0.0,0.0,0.0,0.0
Nicolás González,ar ARG,"MF,FW",Juventus,26,1998,26,23,"1,750",3,2,0,0,3,0,0.15,0.1,0.26,0.15,0.26,4.388662149198353,4.388662149198353,0.22078233282719498,0.22078233282719498,19.4,21,0.0,46.7,1.08,0.07,0.14,0.09752582553774118,-1.3886621491983533,-1.3886621491983533,0.0,0.0,0.0,0.0,0.0,0.0,0.0,0.0,0.0,0.0,0.0,0.0,0.0,0.0,19.0,0.0,0.0,0.0,0.0,0.0,0.0,0.0,0.0,0.0,16,0.0,0.0,0.0,0.0,0.0,0.0,0.0,0.0,0.0,0.0,0.0,0.0,0.0,0.0,0.0,0.0,0.0,0.0,0.0,0.0,0.0,14,0.0,0.0,0.0,0.0,0.0,0.0,9,0.0,0.0,0.0,0.0,0.0,0.0,0.0,0.0,0.0,0.0,0.0,0.0,0.0,0.0,0.0,0.0,0,30,40,6,0.0,0.0,0,0.0,0.0,0.0,0.0
Robin Gosens,de GER,"DF,MF",Fiorentina,30,1994,32,29,"2,521",5,5,0,0,6,0,0.18,0.18,0.36,0.18,0.36,2.4154493268579245,2.4154493268579245,0.08545221675204921,0.08545221675204921,28.0,8,0.0,34.8,0.29,0.22,0.63,0.10501953595034454,2.5845506731420755,2.5845506731420755,0.0,0.0,0.0,0.0,0.0,0.0,0.0,0.0,0.0,0.0,0.0,0.0,0.0,0.0,27.0,0.0,0.0,0.0,0.0,0.0,0.0,0.0,0.0,0.0,65,0.0,0.0,0.0,0.0,0.0,0.0,0.0,0.0,0.0,0.0,0.0,0.0,0.0,0.0,0.0,0.0,0.0,0.0,0.0,0.0,0.0,34,0.0,0.0,0.0,0.0,0.0,0.0,20,0.0,0.0,0.0,0.0,0.0,0.0,0.0,0.0,0.0,0.0,0.0,0.0,0.0,0.0,0.0,0.0,0,24,22,9,0.0,0.0,0,0.0,0.0,0.0,0.0
Lucas Gourna-Douath,fr FRA,MF,Roma,20,2003,6,2,229,0,0,0,0,2,0,0.0,0.0,0.0,0.0,0.0,0.0,0.0,0.0,0.0,2.5,0,0.0,0.0,0.0,0.0,0.0,0.0,0.0,0.0,0.0,0.0,0.0,0.0,0.0,0.0,0.0,0.0,0.0,0.0,0.0,0.0,0.0,0.0,0.0,0.0,0.0,0.0,0.0,0.0,0.0,0.0,0.0,0.0,2,0.0,0.0,0.0,0.0,0.0,0.0,0.0,0.0,0.0,0.0,0.0,0.0,0.0,0.0,0.0,0.0,0.0,0.0,0.0,0.0,0.0,4,0.0,0.0,0.0,0.0,0.0,0.0,0,0.0,0.0,0.0,0.0,0.0,0.0,0.0,0.0,0.0,0.0,0.0,0.0,0.0,0.0,0.0,0.0,0,9,5,1,0.0,0.0,0,0.0,0.0,0.0,0.0
Alberto Grassi,it ITA,MF,Empoli,29,1995,28,27,"2,203",1,0,0,0,8,0,0.04,0.0,0.04,0.04,0.04,1.165816916152835,1.165816916152835,0.046736535614144835,0.046736535614144835,24.5,4,0.0,36.4,0.16,0.09,0.25,0.10598335601389408,-0.1658169161528349,-0.1658169161528349,0.0,0.0,0.0,0.0,0.0,0.0,0.0,0.0,0.0,0.0,0.0,0.0,0.0,0.0,7.0,0.0,0.0,0.0,0.0,0.0,0.0,0.0,0.0,0.0,11,0.0,0.0,0.0,0.0,0.0,0.0,0.0,0.0,0.0,0.0,0.0,0.0,0.0,0.0,0.0,0.0,0.0,0.0,0.0,0.0,0.0,20,0.0,0.0,0.0,0.0,0.0,0.0,32,0.0,0.0,0.0,0.0,0.0,0.0,0.0,0.0,0.0,0.0,0.0,0.0,0.0,0.0,0.0,0.0,0,28,34,1,0.0,0.0,0,0.0,0.0,0.0,0.0
Mattéo Guendouzi,fr FRA,MF,Lazio,25,1999,37,37,"3,270",1,3,0,0,7,0,0.03,0.08,0.11,0.03,0.11,1.5578105077147484,1.5578105077147484,0.04273177253713117,0.04273177253713117,36.3,9,0.0,33.3,0.25,0.04,0.11,0.05769668547091661,-0.5578105077147484,-0.5578105077147484,0.0,0.0,0.0,0.0,0.0,0.0,0.0,0.0,0.0,0.0,0.0,0.0,0.0,0.0,43.0,0.0,0.0,0.0,0.0,0.0,0.0,0.0,0.0,0.0,20,0.0,0.0,0.0,0.0,0.0,0.0,0.0,0.0,0.0,0.0,0.0,0.0,0.0,0.0,0.0,0.0,0.0,0.0,0.0,0.0,0.0,17,0.0,0.0,0.0,0.0,0.0,0.0,33,0.0,0.0,0.0,0.0,0.0,0.0,0.0,0.0,0.0,0.0,0.0,0.0,0.0,0.0,0.0,0.0,0,28,35,1,0.0,0.0,0,0.0,0.0,0.0,0.0
Frederic Guilbert,fr FRA,DF,Lecce,29,1994,31,31,"2,435",0,1,0,0,3,2,0.0,0.04,0.04,0.0,0.04,0.3119491282850504,0.3119491282850504,0.011284333418671437,0.011284333418671437,27.1,0,0.0,0.0,0.0,0.0,0.0,0.02835901166227731,-0.3119491282850504,-0.3119491282850504,0.0,0.0,0.0,0.0,0.0,0.0,0.0,0.0,0.0,0.0,0.0,0.0,0.0,0.0,18.0,0.0,0.0,0.0,0.0,0.0,0.0,0.0,0.0,0.0,54,0.0,0.0,0.0,0.0,0.0,0.0,0.0,0.0,0.0,0.0,0.0,0.0,0.0,0.0,0.0,0.0,0.0,0.0,0.0,0.0,0.0,37,0.0,0.0,0.0,0.0,0.0,0.0,47,0.0,0.0,0.0,0.0,0.0,0.0,0.0,0.0,0.0,0.0,0.0,0.0,0.0,0.0,0.0,0.0,0,33,24,1,0.0,0.0,0,0.0,0.0,0.0,0.0
Albert Guðmundsson,is ISL,"FW,MF",Fiorentina,27,1997,24,16,"1,273",6,1,2,2,2,0,0.42,0.07,0.49,0.28,0.35,0.0,0.0,0.0,0.0,14.1,15,0.0,55.6,1.06,0.15,0.27,0.0,0.0,0.0,0.0,0.0,0.0,0.0,0.0,0.0,0.0,0.0,0.0,0.0,0.0,0.0,0.0,0.0,0.0,0.0,0.0,0.0,0.0,0.0,0.0,0.0,0.0,0.0,24,0.0,0.0,0.0,0.0,0.0,0.0,0.0,0.0,0.0,0.0,0.0,0.0,0.0,0.0,0.0,0.0,0.0,0.0,0.0,0.0,0.0,5,0.0,0.0,0.0,0.0,0.0,0.0,6,0.0,0.0,0.0,0.0,0.0,0.0,0.0,0.0,0.0,0.0,0.0,0.0,0.0,0.0,0.0,0.0,0,13,18,3,0.0,0.0,0,0.0,0.0,0.0,0.0
Emmanuel Gyasi,gh GHA,MF,Empoli,30,1994,37,37,"3,217",2,1,0,0,5,0,0.06,0.03,0.08,0.06,0.08,5.1029623951762915,5.1029623951762915,0.1418365088220711,0.1418365088220711,35.7,8,0.0,36.4,0.22,0.09,0.25,0.2319528361443769,-3.1029623951762915,-3.1029623951762915,0.0,0.0,0.0,0.0,0.0,0.0,0.0,0.0,0.0,0.0,0.0,0.0,0.0,0.0,17.0,0.0,0.0,0.0,0.0,0.0,0.0,0.0,0.0,0.0,37,0.0,0.0,0.0,0.0,0.0,0.0,0.0,0.0,0.0,0.0,0.0,0.0,0.0,0.0,0.0,0.0,0.0,0.0,0.0,0.0,0.0,29,0.0,0.0,0.0,0.0,0.0,0.0,12,0.0,0.0,0.0,0.0,0.0,0.0,0.0,0.0,0.0,0.0,0.0,0.0,0.0,0.0,0.0,0.0,0,56,21,14,0.0,0.0,1,0.0,0.0,0.0,0.0
Christian Gytkjær,dk DEN,FW,Venezia,34,1990,29,6,754,2,1,1,1,0,0,0.24,0.12,0.36,0.12,0.24,3.4311846122145653,2.6698857471346855,0.42889807652682066,0.3337357183918357,8.4,6,0.0,33.3,0.72,0.06,0.17,0.14832698595192698,-1.4311846122145653,-1.6698857471346855,0.0,0.0,0.0,0.0,0.0,0.0,0.0,0.0,0.0,0.0,0.0,0.0,0.0,0.0,7.0,0.0,0.0,0.0,0.0,0.0,0.0,0.0,0.0,0.0,0,0.0,0.0,0.0,0.0,0.0,0.0,0.0,0.0,0.0,0.0,0.0,0.0,0.0,0.0,0.0,0.0,0.0,0.0,0.0,0.0,0.0,4,0.0,0.0,0.0,0.0,0.0,0.0,1,0.0,0.0,0.0,0.0,0.0,0.0,0.0,0.0,0.0,0.0,0.0,0.0,0.0,0.0,0.0,0.0,0,11,5,7,0.0,0.0,0,0.0,0.0,0.0,0.0
Nicolas Haas,ch SUI,MF,Empoli,28,1996,10,2,287,0,0,0,0,1,0,0.0,0.0,0.0,0.0,0.0,0.0143319033086299,0.0143319033086299,0.004777301102876633,0.004777301102876633,3.2,0,0.0,0.0,0.0,0.0,0.0,0.0143319033086299,-0.0143319033086299,-0.0143319033086299,0.0,0.0,0.0,0.0,0.0,0.0,0.0,0.0,0.0,0.0,0.0,0.0,0.0,0.0,3.0,0.0,0.0,0.0,0.0,0.0,0.0,0.0,0.0,0.0,0,0.0,0.0,0.0,0.0,0.0,0.0,0.0,0.0,0.0,0.0,0.0,0.0,0.0,0.0,0.0,0.0,0.0,0.0,0.0,0.0,0.0,8,0.0,0.0,0.0,0.0,0.0,0.0,3,0.0,0.0,0.0,0.0,0.0,0.0,0.0,0.0,0.0,0.0,0.0,0.0,0.0,0.0,0.0,0.0,0,11,3,0,0.0,0.0,0,0.0,0.0,0.0,0.0
Saad El Haddad,ma MAR,MF,Venezia,19,2005,3,0,30,0,0,0,0,0,0,0.0,0.0,0.0,0.0,0.0,0.0,0.0,0.0,0.0,0.3,0,0.0,0.0,0.0,0.0,0.0,,0.0,0.0,0.0,0.0,0.0,0.0,0.0,0.0,0.0,0.0,0.0,0.0,0.0,0.0,0.0,0.0,1.0,0.0,0.0,0.0,0.0,0.0,0.0,0.0,0.0,0.0,0,0.0,0.0,0.0,0.0,0.0,0.0,0.0,0.0,0.0,0.0,0.0,0.0,0.0,0.0,0.0,0.0,0.0,0.0,0.0,0.0,0.0,0,0.0,0.0,0.0,0.0,0.0,0.0,0,0.0,0.0,0.0,0.0,0.0,0.0,0.0,0.0,0.0,0.0,0.0,0.0,0.0,0.0,0.0,0.0,0,1,1,0,0.0,0.0,0,0.0,0.0,0.0,0.0
Antoine Hainaut,fr FRA,"DF,MF",Parma,22,2002,25,10,"1,206",2,0,0,0,4,0,0.15,0.0,0.15,0.15,0.15,0.853666452690959,0.853666452690959,0.06489018643765736,0.06489018643765736,13.4,3,0.0,50.0,0.22,0.33,0.67,0.14227774211515984,1.146333547309041,1.146333547309041,0.0,0.0,0.0,0.0,0.0,0.0,0.0,0.0,0.0,0.0,0.0,0.0,0.0,0.0,9.0,0.0,0.0,0.0,0.0,0.0,0.0,0.0,0.0,0.0,26,0.0,0.0,0.0,0.0,0.0,0.0,0.0,0.0,0.0,0.0,0.0,0.0,0.0,0.0,0.0,0.0,0.0,0.0,0.0,0.0,0.0,13,0.0,0.0,0.0,0.0,0.0,0.0,15,0.0,0.0,0.0,0.0,0.0,0.0,0.0,0.0,0.0,0.0,0.0,0.0,0.0,0.0,0.0,0.0,0,13,16,1,0.0,0.0,0,0.0,0.0,0.0,0.0
Mohamed Haj,tn TUN,MF,Parma,19,2005,15,3,453,1,2,0,0,4,0,0.2,0.4,0.6,0.2,0.6,0.0,0.0,0.0,0.0,5.0,3,0.0,42.9,0.6,0.14,0.33,0.0,0.0,0.0,0.0,0.0,0.0,0.0,0.0,0.0,0.0,0.0,0.0,0.0,0.0,0.0,0.0,0.0,0.0,0.0,0.0,0.0,0.0,0.0,0.0,0.0,0.0,0.0,7,0.0,0.0,0.0,0.0,0.0,0.0,0.0,0.0,0.0,0.0,0.0,0.0,0.0,0.0,0.0,0.0,0.0,0.0,0.0,0.0,0.0,1,0.0,0.0,0.0,0.0,0.0,0.0,3,0.0,0.0,0.0,0.0,0.0,0.0,0.0,0.0,0.0,0.0,0.0,0.0,0.0,0.0,0.0,0.0,0,6,11,0,0.0,0.0,0,0.0,0.0,0.0,0.0
Ridgeciano Haps,sr SUR,"MF,DF",Venezia,31,1993,25,14,"1,369",1,1,0,0,3,0,0.07,0.07,0.13,0.07,0.13,1.4896735288202765,1.4896735288202765,0.09793324879023002,0.09793324879023002,15.2,3,0.0,20.0,0.2,0.07,0.33,0.09931156858801843,-0.4896735288202765,-0.4896735288202765,0.0,0.0,0.0,0.0,0.0,0.0,0.0,0.0,0.0,0.0,0.0,0.0,0.0,0.0,7.0,0.0,0.0,0.0,0.0,0.0,0.0,0.0,0.0,0.0,26,0.0,0.0,0.0,0.0,0.0,0.0,0.0,0.0,0.0,0.0,0.0,0.0,0.0,0.0,0.0,0.0,0.0,0.0,0.0,0.0,0.0,16,0.0,0.0,0.0,0.0,0.0,0.0,8,0.0,0.0,0.0,0.0,0.0,0.0,0.0,0.0,0.0,0.0,0.0,0.0,0.0,0.0,0.0,0.0,0,14,15,1,0.0,0.0,0,0.0,0.0,0.0,0.0
Abdou Harroui,nl NED,"MF,FW",Hellas Verona,26,1998,10,5,463,1,2,0,0,1,0,0.19,0.39,0.58,0.19,0.58,2.4512249622493982,2.4512249622493982,0.48807576681957043,0.48807576681957043,5.1,4,0.0,26.7,0.78,0.07,0.25,0.16341499748329322,-1.4512249622493982,-1.4512249622493982,0.0,0.0,0.0,0.0,0.0,0.0,0.0,0.0,0.0,0.0,0.0,0.0,0.0,0.0,4.0,0.0,0.0,0.0,0.0,0.0,0.0,0.0,0.0,0.0,9,0.0,0.0,0.0,0.0,0.0,0.0,0.0,0.0,0.0,0.0,0.0,0.0,0.0,0.0,0.0,0.0,0.0,0.0,0.0,0.0,0.0,5,0.0,0.0,0.0,0.0,0.0,0.0,2,0.0,0.0,0.0,0.0,0.0,0.0,0.0,0.0,0.0,0.0,0.0,0.0,0.0,0.0,0.0,0.0,0,10,3,0,0.0,0.0,0,0.0,0.0,0.0,0.0
Liam Henderson,sct SCO,MF,Empoli,28,1996,36,27,"2,337",0,4,0,0,10,0,0.0,0.15,0.15,0.0,0.15,0.5047031184658408,0.5047031184658408,0.019263477804039725,0.019263477804039725,26.0,3,0.0,13.6,0.12,0.0,0.0,0.0229410508393564,-0.5047031184658408,-0.5047031184658408,0.0,0.0,0.0,0.0,0.0,0.0,0.0,0.0,0.0,0.0,0.0,0.0,0.0,0.0,32.0,0.0,0.0,0.0,0.0,0.0,0.0,0.0,0.0,0.0,97,0.0,0.0,0.0,0.0,0.0,0.0,0.0,0.0,0.0,0.0,0.0,0.0,0.0,0.0,0.0,0.0,0.0,0.0,0.0,0.0,0.0,22,0.0,0.0,0.0,0.0,0.0,0.0,15,0.0,0.0,0.0,0.0,0.0,0.0,0.0,0.0,0.0,0.0,0.0,0.0,0.0,0.0,0.0,0.0,0,83,23,2,0.0,0.0,0,0.0,0.0,0.0,0.0
Mario Hermoso,es ESP,DF,Roma,29,1995,8,2,251,0,0,0,0,2,1,0.0,0.0,0.0,0.0,0.0,0.0701736435294151,0.0701736435294151,0.02770012244582175,0.02770012244582175,2.8,0,0.0,0.0,0.0,0.0,0.0,0.0701736435294151,-0.0701736435294151,-0.0701736435294151,0.0,0.0,0.0,0.0,0.0,0.0,0.0,0.0,0.0,0.0,0.0,0.0,0.0,0.0,0.0,0.0,0.0,0.0,0.0,0.0,0.0,0.0,0.0,0.0,3,0.0,0.0,0.0,0.0,0.0,0.0,0.0,0.0,0.0,0.0,0.0,0.0,0.0,0.0,0.0,0.0,0.0,0.0,0.0,0.0,0.0,1,0.0,0.0,0.0,0.0,0.0,0.0,4,0.0,0.0,0.0,0.0,0.0,0.0,0.0,0.0,0.0,0.0,0.0,0.0,0.0,0.0,0.0,0.0,1,7,1,0,0.0,0.0,0,0.0,0.0,0.0,0.0
Theo Hernández,fr FRA,"DF,MF",Milan,26,1997,33,30,"2,696",4,3,0,1,4,1,0.13,0.1,0.23,0.13,0.23,3.1725775552913547,2.411278731189668,0.10583097849378129,0.0804355395874982,30.0,17,0.0,38.6,0.57,0.09,0.24,0.05480178934521973,0.8274224447086453,1.5887212688103318,0.0,0.0,0.0,0.0,0.0,0.0,0.0,0.0,0.0,0.0,0.0,0.0,0.0,0.0,48.0,0.0,0.0,0.0,0.0,0.0,0.0,0.0,0.0,0.0,111,0.0,0.0,0.0,0.0,0.0,0.0,0.0,0.0,0.0,0.0,0.0,0.0,0.0,0.0,0.0,0.0,0.0,0.0,0.0,0.0,0.0,30,0.0,0.0,0.0,0.0,0.0,0.0,16,0.0,0.0,0.0,0.0,0.0,0.0,0.0,0.0,0.0,0.0,0.0,0.0,0.0,0.0,0.0,0.0,0,17,43,3,0.0,0.0,0,0.0,0.0,0.0,0.0
Hernani,br BRA,MF,Parma,30,1994,25,15,"1,327",3,3,3,3,7,0,0.2,0.2,0.41,0.0,0.2,2.768267986364662,0.4843715196475386,0.18732640509234555,0.03277702012652517,14.7,6,0.0,30.0,0.41,0.0,0.0,0.02421857598237693,0.2317320136353378,-0.4843715196475386,0.0,0.0,0.0,0.0,0.0,0.0,0.0,0.0,0.0,0.0,0.0,0.0,0.0,0.0,24.0,0.0,0.0,0.0,0.0,0.0,0.0,0.0,0.0,0.0,33,0.0,0.0,0.0,0.0,0.0,0.0,0.0,0.0,0.0,0.0,0.0,0.0,0.0,0.0,0.0,0.0,0.0,0.0,0.0,0.0,0.0,26,0.0,0.0,0.0,0.0,0.0,0.0,19,0.0,0.0,0.0,0.0,0.0,0.0,0.0,0.0,0.0,0.0,0.0,0.0,0.0,0.0,0.0,0.0,0,33,25,1,0.0,0.0,0,0.0,0.0,0.0,0.0
Isak Hien,se SWE,DF,Atalanta,25,1999,30,27,"2,327",0,0,0,0,10,0,0.0,0.0,0.0,0.0,0.0,0.953118370845914,0.953118370845914,0.03672117010964566,0.03672117010964566,25.9,2,0.0,25.0,0.08,0.0,0.0,0.11913979635573925,-0.953118370845914,-0.953118370845914,0.0,0.0,0.0,0.0,0.0,0.0,0.0,0.0,0.0,0.0,0.0,0.0,0.0,0.0,2.0,0.0,0.0,0.0,0.0,0.0,0.0,0.0,0.0,0.0,1,0.0,0.0,0.0,0.0,0.0,0.0,0.0,0.0,0.0,0.0,0.0,0.0,0.0,0.0,0.0,0.0,0.0,0.0,0.0,0.0,0.0,30,0.0,0.0,0.0,0.0,0.0,0.0,30,0.0,0.0,0.0,0.0,0.0,0.0,0.0,0.0,0.0,0.0,0.0,0.0,0.0,0.0,0.0,0.0,0,36,19,0,0.0,0.0,0,0.0,0.0,0.0,0.0
Emil Holm,se SWE,DF,Bologna,24,2000,21,12,"1,137",1,1,0,0,3,0,0.08,0.08,0.16,0.08,0.16,0.7301032273098826,0.7301032273098826,0.05820132015756372,0.05820132015756372,12.6,3,0.0,30.0,0.24,0.1,0.33,0.07301032273098826,0.26989677269011736,0.26989677269011736,0.0,0.0,0.0,0.0,0.0,0.0,0.0,0.0,0.0,0.0,0.0,0.0,0.0,0.0,10.0,0.0,0.0,0.0,0.0,0.0,0.0,0.0,0.0,0.0,42,0.0,0.0,0.0,0.0,0.0,0.0,0.0,0.0,0.0,0.0,0.0,0.0,0.0,0.0,0.0,0.0,0.0,0.0,0.0,0.0,0.0,21,0.0,0.0,0.0,0.0,0.0,0.0,9,0.0,0.0,0.0,0.0,0.0,0.0,0.0,0.0,0.0,0.0,0.0,0.0,0.0,0.0,0.0,0.0,0,16,24,1,0.0,0.0,0,0.0,0.0,0.0,0.0
Mats Hummels,de GER,DF,Roma,35,1988,14,11,915,0,0,0,0,1,0,0.0,0.0,0.0,0.0,0.0,0.6159650785848498,0.6159650785848498,0.059931737375823226,0.059931737375823226,10.2,1,0.0,12.5,0.1,0.0,0.0,0.07699563482310623,-0.6159650785848498,-0.6159650785848498,0.0,0.0,0.0,0.0,0.0,0.0,0.0,0.0,0.0,0.0,0.0,0.0,0.0,0.0,2.0,0.0,0.0,0.0,0.0,0.0,0.0,0.0,0.0,0.0,2,0.0,0.0,0.0,0.0,0.0,0.0,0.0,0.0,0.0,0.0,0.0,0.0,0.0,0.0,0.0,0.0,0.0,0.0,0.0,0.0,0.0,13,0.0,0.0,0.0,0.0,0.0,0.0,25,0.0,0.0,0.0,0.0,0.0,0.0,0.0,0.0,0.0,0.0,0.0,0.0,0.0,0.0,0.0,0.0,0,10,4,0,0.0,0.0,1,0.0,0.0,0.0,0.0
Elseid Hysaj,al ALB,DF,Lazio,30,1994,11,4,424,0,3,0,0,2,1,0.0,0.64,0.64,0.0,0.64,0.0913472548127174,0.0913472548127174,0.019906181436185392,0.019906181436185392,4.7,0,0.0,0.0,0.0,0.0,0.0,0.0456736274063587,-0.0913472548127174,-0.0913472548127174,0.0,0.0,0.0,0.0,0.0,0.0,0.0,0.0,0.0,0.0,0.0,0.0,0.0,0.0,6.0,0.0,0.0,0.0,0.0,0.0,0.0,0.0,0.0,0.0,18,0.0,0.0,0.0,0.0,0.0,0.0,0.0,0.0,0.0,0.0,0.0,0.0,0.0,0.0,0.0,0.0,0.0,0.0,0.0,0.0,0.0,6,0.0,0.0,0.0,0.0,0.0,0.0,5,0.0,0.0,0.0,0.0,0.0,0.0,0.0,0.0,0.0,0.0,0.0,0.0,0.0,0.0,0.0,0.0,1,5,1,0,0.0,0.0,0,0.0,0.0,0.0,0.0
Arijon Ibrahimović,de GER,MF,Lazio,18,2005,1,0,8,0,0,0,0,0,0,0.0,0.0,0.0,0.0,0.0,0.0620220825076103,0.0620220825076103,0.9303312376141545,0.9303312376141545,0.1,0,0.0,0.0,0.0,0.0,0.0,0.03101104125380515,-0.0620220825076103,-0.0620220825076103,0.0,0.0,0.0,0.0,0.0,0.0,0.0,0.0,0.0,0.0,0.0,0.0,0.0,0.0,0.0,0.0,0.0,0.0,0.0,0.0,0.0,0.0,0.0,0.0,0,0.0,0.0,0.0,0.0,0.0,0.0,0.0,0.0,0.0,0.0,0.0,0.0,0.0,0.0,0.0,0.0,0.0,0.0,0.0,0.0,0.0,0,0.0,0.0,0.0,0.0,0.0,0.0,0,0.0,0.0,0.0,0.0,0.0,0.0,0.0,0.0,0.0,0.0,0.0,0.0,0.0,0.0,0.0,0.0,0,0,0,0,0.0,0.0,0,0.0,0.0,0.0,0.0
Jay Idzes,id IDN,DF,Venezia,24,2000,35,35,"3,127",1,0,0,0,5,0,0.03,0.0,0.03,0.03,0.03,2.105722848325968,2.105722848325968,0.06054794132566681,0.06054794132566681,34.7,3,0.0,20.0,0.09,0.07,0.33,0.131607678020373,-1.1057228483259678,-1.1057228483259678,0.0,0.0,0.0,0.0,0.0,0.0,0.0,0.0,0.0,0.0,0.0,0.0,0.0,0.0,8.0,0.0,0.0,0.0,0.0,0.0,0.0,0.0,0.0,0.0,6,0.0,0.0,0.0,0.0,0.0,0.0,0.0,0.0,0.0,0.0,0.0,0.0,0.0,0.0,0.0,0.0,0.0,0.0,0.0,0.0,0.0,30,0.0,0.0,0.0,0.0,0.0,0.0,28,0.0,0.0,0.0,0.0,0.0,0.0,0.0,0.0,0.0,0.0,0.0,0.0,0.0,0.0,0.0,0.0,0,50,12,3,0.0,0.0,0,0.0,0.0,0.0,0.0
Jonathan Ikone,fr FRA,"MF,FW",Como,26,1998,13,5,540,2,0,0,0,1,0,0.33,0.0,0.33,0.33,0.33,3.4286174327135086,3.4286174327135086,0.3713304078751093,0.3713304078751093,6.0,5,0.0,31.3,0.83,0.13,0.4,0.13714469730854034,-1.4286174327135086,-1.4286174327135086,0.0,0.0,0.0,0.0,0.0,0.0,0.0,0.0,0.0,0.0,0.0,0.0,0.0,0.0,4.0,0.0,0.0,0.0,0.0,0.0,0.0,0.0,0.0,0.0,1,0.0,0.0,0.0,0.0,0.0,0.0,0.0,0.0,0.0,0.0,0.0,0.0,0.0,0.0,0.0,0.0,0.0,0.0,0.0,0.0,0.0,9,0.0,0.0,0.0,0.0,0.0,0.0,0,0.0,0.0,0.0,0.0,0.0,0.0,0.0,0.0,0.0,0.0,0.0,0.0,0.0,0.0,0.0,0.0,0,3,7,2,0.0,0.0,0,0.0,0.0,0.0,0.0
Jonathan Ikone,fr FRA,MF,Fiorentina,26,1998,14,1,334,0,0,0,0,0,0,0.0,0.0,0.0,0.0,0.0,3.4286174327135086,3.4286174327135086,0.3713304078751093,0.3713304078751093,3.7,5,0.0,55.6,1.35,0.0,0.0,0.13714469730854034,-1.4286174327135086,-1.4286174327135086,0.0,0.0,0.0,0.0,0.0,0.0,0.0,0.0,0.0,0.0,0.0,0.0,0.0,0.0,4.0,0.0,0.0,0.0,0.0,0.0,0.0,0.0,0.0,0.0,1,0.0,0.0,0.0,0.0,0.0,0.0,0.0,0.0,0.0,0.0,0.0,0.0,0.0,0.0,0.0,0.0,0.0,0.0,0.0,0.0,0.0,2,0.0,0.0,0.0,0.0,0.0,0.0,1,0.0,0.0,0.0,0.0,0.0,0.0,0.0,0.0,0.0,0.0,0.0,0.0,0.0,0.0,0.0,0.0,0,3,7,0,0.0,0.0,0,0.0,0.0,0.0,0.0
Ivan Ilić,rs SRB,MF,Torino,23,2001,19,9,920,1,0,0,0,4,0,0.1,0.0,0.1,0.1,0.1,1.1345241209492087,1.1345241209492087,0.11370509007286056,0.11370509007286056,10.2,4,0.0,36.4,0.39,0.09,0.25,0.10313855644992807,-0.13452412094920874,-0.13452412094920874,0.0,0.0,0.0,0.0,0.0,0.0,0.0,0.0,0.0,0.0,0.0,0.0,0.0,0.0,9.0,0.0,0.0,0.0,0.0,0.0,0.0,0.0,0.0,0.0,27,0.0,0.0,0.0,0.0,0.0,0.0,0.0,0.0,0.0,0.0,0.0,0.0,0.0,0.0,0.0,0.0,0.0,0.0,0.0,0.0,0.0,2,0.0,0.0,0.0,0.0,0.0,0.0,5,0.0,0.0,0.0,0.0,0.0,0.0,0.0,0.0,0.0,0.0,0.0,0.0,0.0,0.0,0.0,0.0,0,11,22,1,0.0,0.0,0,0.0,0.0,0.0,0.0
Samuel Iling-Junior,eng ENG,MF,Bologna,20,2003,7,0,118,1,0,0,0,0,0,0.76,0.0,0.76,0.76,0.76,0.1766015514731407,0.1766015514731407,0.16218509829165983,0.16218509829165983,1.3,1,0.0,25.0,0.76,0.25,1.0,0.04415038786828517,0.8233984485268593,0.8233984485268593,0.0,0.0,0.0,0.0,0.0,0.0,0.0,0.0,0.0,0.0,0.0,0.0,0.0,0.0,1.0,0.0,0.0,0.0,0.0,0.0,0.0,0.0,0.0,0.0,9,0.0,0.0,0.0,0.0,0.0,0.0,0.0,0.0,0.0,0.0,0.0,0.0,0.0,0.0,0.0,0.0,0.0,0.0,0.0,0.0,0.0,2,0.0,0.0,0.0,0.0,0.0,0.0,2,0.0,0.0,0.0,0.0,0.0,0.0,0.0,0.0,0.0,0.0,0.0,0.0,0.0,0.0,0.0,0.0,0,2,1,0,0.0,0.0,0,0.0,0.0,0.0,0.0
Alessio Iovine,it ITA,DF,Como,33,1991,10,3,387,0,0,0,0,2,0,0.0,0.0,0.0,0.0,0.0,0.0153612773865461,0.0153612773865461,0.0037064744364320346,0.0037064744364320346,4.3,0,0.0,0.0,0.0,0.0,0.0,0.0153612773865461,-0.0153612773865461,-0.0153612773865461,0.0,0.0,0.0,0.0,0.0,0.0,0.0,0.0,0.0,0.0,0.0,0.0,0.0,0.0,3.0,0.0,0.0,0.0,0.0,0.0,0.0,0.0,0.0,0.0,17,0.0,0.0,0.0,0.0,0.0,0.0,0.0,0.0,0.0,0.0,0.0,0.0,0.0,0.0,0.0,0.0,0.0,0.0,0.0,0.0,0.0,2,0.0,0.0,0.0,0.0,0.0,0.0,3,0.0,0.0,0.0,0.0,0.0,0.0,0.0,0.0,0.0,0.0,0.0,0.0,0.0,0.0,0.0,0.0,0,5,6,0,0.0,0.0,0,0.0,0.0,0.0,0.0
Gustav Isaksen,dk DEN,MF,Lazio,23,2001,37,29,"2,210",4,2,0,0,5,0,0.16,0.08,0.24,0.16,0.24,5.236178271472454,5.236178271472454,0.20907544118567917,0.20907544118567917,24.6,25,0.0,45.5,1.02,0.07,0.16,0.09520324129949917,-1.236178271472454,-1.236178271472454,0.0,0.0,0.0,0.0,0.0,0.0,0.0,0.0,0.0,0.0,0.0,0.0,0.0,0.0,36.0,0.0,0.0,0.0,0.0,0.0,0.0,0.0,0.0,0.0,110,0.0,0.0,0.0,0.0,0.0,0.0,0.0,0.0,0.0,0.0,0.0,0.0,0.0,0.0,0.0,0.0,0.0,0.0,0.0,0.0,0.0,9,0.0,0.0,0.0,0.0,0.0,0.0,10,0.0,0.0,0.0,0.0,0.0,0.0,0.0,0.0,0.0,0.0,0.0,0.0,0.0,0.0,0.0,0.0,0,23,46,3,0.0,0.0,0,0.0,0.0,0.0,0.0
Ardian Ismajli,al ALB,DF,Empoli,27,1996,29,29,"2,508",0,0,0,0,3,0,0.0,0.0,0.0,0.0,0.0,0.5098618930205703,0.5098618930205703,0.018281900546554312,0.018281900546554312,27.9,0,0.0,0.0,0.0,0.0,0.0,0.10197237860411405,-0.5098618930205703,-0.5098618930205703,0.0,0.0,0.0,0.0,0.0,0.0,0.0,0.0,0.0,0.0,0.0,0.0,0.0,0.0,2.0,0.0,0.0,0.0,0.0,0.0,0.0,0.0,0.0,0.0,0,0.0,0.0,0.0,0.0,0.0,0.0,0.0,0.0,0.0,0.0,0.0,0.0,0.0,0.0,0.0,0.0,0.0,0.0,0.0,0.0,0.0,21,0.0,0.0,0.0,0.0,0.0,0.0,53,0.0,0.0,0.0,0.0,0.0,0.0,0.0,0.0,0.0,0.0,0.0,0.0,0.0,0.0,0.0,0.0,0,21,29,0,0.0,0.0,0,0.0,0.0,0.0,0.0
Armando Izzo,it ITA,DF,Monza,32,1992,30,28,"2,435",1,1,0,0,12,0,0.04,0.04,0.07,0.04,0.07,0.4861759934574365,0.4861759934574365,0.017823152509641255,0.017823152509641255,27.1,2,0.0,33.3,0.07,0.17,0.5,0.08102933224290608,0.5138240065425634,0.5138240065425634,0.0,0.0,0.0,0.0,0.0,0.0,0.0,0.0,0.0,0.0,0.0,0.0,0.0,0.0,11.0,0.0,0.0,0.0,0.0,0.0,0.0,0.0,0.0,0.0,8,0.0,0.0,0.0,0.0,0.0,0.0,0.0,0.0,0.0,0.0,0.0,0.0,0.0,0.0,0.0,0.0,0.0,0.0,0.0,0.0,0.0,15,0.0,0.0,0.0,0.0,0.0,0.0,43,0.0,0.0,0.0,0.0,0.0,0.0,0.0,0.0,0.0,0.0,0.0,0.0,0.0,0.0,0.0,0.0,0,65,47,0,0.0,0.0,0,0.0,0.0,0.0,0.0
Fellipe Jack,br BRA,DF,Como,18,2006,7,1,171,0,0,0,0,2,0,0.0,0.0,0.0,0.0,0.0,0.0,0.0,0.0,0.0,1.9,0,0.0,0.0,0.0,0.0,0.0,,0.0,0.0,0.0,0.0,0.0,0.0,0.0,0.0,0.0,0.0,0.0,0.0,0.0,0.0,0.0,0.0,1.0,0.0,0.0,0.0,0.0,0.0,0.0,0.0,0.0,0.0,0,0.0,0.0,0.0,0.0,0.0,0.0,0.0,0.0,0.0,0.0,0.0,0.0,0.0,0.0,0.0,0.0,0.0,0.0,0.0,0.0,0.0,4,0.0,0.0,0.0,0.0,0.0,0.0,4,0.0,0.0,0.0,0.0,0.0,0.0,0.0,0.0,0.0,0.0,0.0,0.0,0.0,0.0,0.0,0.0,0,5,1,0,0.0,0.0,0,0.0,0.0,0.0,0.0
Ali Jasim,iq IRQ,MF,Como,20,2004,2,0,10,0,0,0,0,0,0,0.0,0.0,0.0,0.0,0.0,0.0,0.0,0.0,0.0,0.1,0,0.0,0.0,0.0,0.0,0.0,,0.0,0.0,0.0,0.0,0.0,0.0,0.0,0.0,0.0,0.0,0.0,0.0,0.0,0.0,0.0,0.0,0.0,0.0,0.0,0.0,0.0,0.0,0.0,0.0,0.0,0.0,1,0.0,0.0,0.0,0.0,0.0,0.0,0.0,0.0,0.0,0.0,0.0,0.0,0.0,0.0,0.0,0.0,0.0,0.0,0.0,0.0,0.0,0,0.0,0.0,0.0,0.0,0.0,0.0,0,0.0,0.0,0.0,0.0,0.0,0.0,0.0,0.0,0.0,0.0,0.0,0.0,0.0,0.0,0.0,0.0,0,1,0,0,0.0,0.0,0,0.0,0.0,0.0,0.0
Gaby Jean,fr FRA,DF,Lecce,24,2000,19,16,"1,388",0,0,0,0,0,0,0.0,0.0,0.0,0.0,0.0,0.0758519172668457,0.0758519172668457,0.004932566874289099,0.004932566874289099,15.4,1,0.0,100.0,0.06,0.0,0.0,0.0758519172668457,-0.0758519172668457,-0.0758519172668457,0.0,0.0,0.0,0.0,0.0,0.0,0.0,0.0,0.0,0.0,0.0,0.0,0.0,0.0,1.0,0.0,0.0,0.0,0.0,0.0,0.0,0.0,0.0,0.0,1,0.0,0.0,0.0,0.0,0.0,0.0,0.0,0.0,0.0,0.0,0.0,0.0,0.0,0.0,0.0,0.0,0.0,0.0,0.0,0.0,0.0,8,0.0,0.0,0.0,0.0,0.0,0.0,10,0.0,0.0,0.0,0.0,0.0,0.0,0.0,0.0,0.0,0.0,0.0,0.0,0.0,0.0,0.0,0.0,0,15,13,0,0.0,0.0,0,0.0,0.0,0.0,0.0
Juan Jesus,br BRA,DF,Napoli,33,1991,15,12,"1,074",0,1,0,0,2,0,0.0,0.08,0.08,0.0,0.08,0.2597546130418777,0.2597546130418777,0.021726686964469322,0.021726686964469322,11.9,0,0.0,0.0,0.0,0.0,0.0,0.08658487101395923,-0.2597546130418777,-0.2597546130418777,0.0,0.0,0.0,0.0,0.0,0.0,0.0,0.0,0.0,0.0,0.0,0.0,0.0,0.0,1.0,0.0,0.0,0.0,0.0,0.0,0.0,0.0,0.0,0.0,0,0.0,0.0,0.0,0.0,0.0,0.0,0.0,0.0,0.0,0.0,0.0,0.0,0.0,0.0,0.0,0.0,0.0,0.0,0.0,0.0,0.0,15,0.0,0.0,0.0,0.0,0.0,0.0,9,0.0,0.0,0.0,0.0,0.0,0.0,0.0,0.0,0.0,0.0,0.0,0.0,0.0,0.0,0.0,0.0,0,14,5,0,0.0,0.0,0,0.0,0.0,0.0,0.0
Álex Jiménez,es ESP,"MF,DF",Milan,19,2005,22,14,"1,266",0,1,0,0,6,0,0.0,0.07,0.07,0.0,0.07,0.0,0.0,0.0,0.0,14.1,5,0.0,33.3,0.36,0.0,0.0,0.0,0.0,0.0,0.0,0.0,0.0,0.0,0.0,0.0,0.0,0.0,0.0,0.0,0.0,0.0,0.0,0.0,0.0,0.0,0.0,0.0,0.0,0.0,0.0,0.0,0.0,0.0,37,0.0,0.0,0.0,0.0,0.0,0.0,0.0,0.0,0.0,0.0,0.0,0.0,0.0,0.0,0.0,0.0,0.0,0.0,0.0,0.0,0.0,13,0.0,0.0,0.0,0.0,0.0,0.0,17,0.0,0.0,0.0,0.0,0.0,0.0,0.0,0.0,0.0,0.0,0.0,0.0,0.0,0.0,0.0,0.0,0,12,18,5,0.0,0.0,0,0.0,0.0,0.0,0.0
Þórir Jóhann Helgason,is ISL,MF,Lecce,23,2000,21,13,"1,156",0,4,0,0,0,0,0.0,0.31,0.31,0.0,0.31,0.0,0.0,0.0,0.0,12.8,5,0.0,31.3,0.39,0.0,0.0,0.0,0.0,0.0,0.0,0.0,0.0,0.0,0.0,0.0,0.0,0.0,0.0,0.0,0.0,0.0,0.0,0.0,0.0,0.0,0.0,0.0,0.0,0.0,0.0,0.0,0.0,0.0,69,0.0,0.0,0.0,0.0,0.0,0.0,0.0,0.0,0.0,0.0,0.0,0.0,0.0,0.0,0.0,0.0,0.0,0.0,0.0,0.0,0.0,7,0.0,0.0,0.0,0.0,0.0,0.0,5,0.0,0.0,0.0,0.0,0.0,0.0,0.0,0.0,0.0,0.0,0.0,0.0,0.0,0.0,0.0,0.0,0,10,10,2,0.0,0.0,0,0.0,0.0,0.0,0.0
Jesse Joronen,fi FIN,GK,Venezia,31,1993,8,7,703,0,0,0,0,0,0,0.0,0.0,0.0,0.0,0.0,0.0,0.0,0.0,0.0,7.8,0,0.0,0.0,0.0,0.0,0.0,,0.0,0.0,0.0,0.0,0.0,0.0,0.0,0.0,0.0,0.0,0.0,0.0,0.0,0.0,0.0,0.0,0.0,0.0,0.0,0.0,0.0,0.0,0.0,0.0,0.0,0.0,0,0.0,0.0,0.0,0.0,0.0,0.0,0.0,0.0,0.0,0.0,0.0,0.0,0.0,0.0,0.0,0.0,0.0,0.0,0.0,0.0,0.0,0,0.0,0.0,0.0,0.0,0.0,0.0,0,0.0,0.0,0.0,0.0,0.0,0.0,0.0,0.0,0.0,0.0,0.0,0.0,0.0,0.0,0.0,0.0,0,1,0,0,0.0,0.0,1,0.0,0.0,0.0,0.0
Luka Jović,rs SRB,FW,Milan,26,1997,15,6,557,2,0,0,0,1,0,0.32,0.0,0.32,0.32,0.32,2.270533040165901,2.270533040165901,0.3722185311747379,0.3722185311747379,6.2,4,0.0,36.4,0.65,0.18,0.5,0.20641209456053647,-0.2705330401659012,-0.2705330401659012,0.0,0.0,0.0,0.0,0.0,0.0,0.0,0.0,0.0,0.0,0.0,0.0,0.0,0.0,12.0,0.0,0.0,0.0,0.0,0.0,0.0,0.0,0.0,0.0,2,0.0,0.0,0.0,0.0,0.0,0.0,0.0,0.0,0.0,0.0,0.0,0.0,0.0,0.0,0.0,0.0,0.0,0.0,0.0,0.0,0.0,0,0.0,0.0,0.0,0.0,0.0,0.0,1,0.0,0.0,0.0,0.0,0.0,0.0,0.0,0.0,0.0,0.0,0.0,0.0,0.0,0.0,0.0,0.0,0,4,7,0,0.0,0.0,0,0.0,0.0,0.0,0.0
Mohamed Kaba,gn GUI,MF,Lecce,22,2001,15,2,452,0,0,0,0,1,0,0.0,0.0,0.0,0.0,0.0,0.647593978792429,0.647593978792429,0.1381124599320346,0.1381124599320346,5.0,0,0.0,0.0,0.0,0.0,0.0,0.16189849469810724,-0.647593978792429,-0.647593978792429,0.0,0.0,0.0,0.0,0.0,0.0,0.0,0.0,0.0,0.0,0.0,0.0,0.0,0.0,1.0,0.0,0.0,0.0,0.0,0.0,0.0,0.0,0.0,0.0,1,0.0,0.0,0.0,0.0,0.0,0.0,0.0,0.0,0.0,0.0,0.0,0.0,0.0,0.0,0.0,0.0,0.0,0.0,0.0,0.0,0.0,8,0.0,0.0,0.0,0.0,0.0,0.0,4,0.0,0.0,0.0,0.0,0.0,0.0,0.0,0.0,0.0,0.0,0.0,0.0,0.0,0.0,0.0,0.0,0,6,10,0,0.0,0.0,0,0.0,0.0,0.0,0.0
Christian Kabasele,be BEL,DF,Udinese,33,1991,16,12,"1,161",2,0,0,0,0,0,0.16,0.0,0.16,0.16,0.16,2.2601508777588606,2.2601508777588606,0.1747539338473346,0.1747539338473346,12.9,4,0.0,26.7,0.31,0.13,0.5,0.15067672518392403,-0.2601508777588606,-0.2601508777588606,0.0,0.0,0.0,0.0,0.0,0.0,0.0,0.0,0.0,0.0,0.0,0.0,0.0,0.0,6.0,0.0,0.0,0.0,0.0,0.0,0.0,0.0,0.0,0.0,2,0.0,0.0,0.0,0.0,0.0,0.0,0.0,0.0,0.0,0.0,0.0,0.0,0.0,0.0,0.0,0.0,0.0,0.0,0.0,0.0,0.0,9,0.0,0.0,0.0,0.0,0.0,0.0,14,0.0,0.0,0.0,0.0,0.0,0.0,0.0,0.0,0.0,0.0,0.0,0.0,0.0,0.0,0.0,0.0,0,20,16,0,0.0,0.0,0,0.0,0.0,0.0,0.0
Pierre Kalulu,fr FRA,DF,Juventus,24,2000,29,25,"2,337",1,0,0,0,2,1,0.04,0.0,0.04,0.04,0.04,0.0,0.0,0.0,0.0,26.0,3,0.0,42.9,0.12,0.14,0.33,0.0,0.0,0.0,0.0,0.0,0.0,0.0,0.0,0.0,0.0,0.0,0.0,0.0,0.0,0.0,0.0,0.0,0.0,0.0,0.0,0.0,0.0,0.0,0.0,0.0,0.0,0.0,22,0.0,0.0,0.0,0.0,0.0,0.0,0.0,0.0,0.0,0.0,0.0,0.0,0.0,0.0,0.0,0.0,0.0,0.0,0.0,0.0,0.0,25,0.0,0.0,0.0,0.0,0.0,0.0,17,0.0,0.0,0.0,0.0,0.0,0.0,0.0,0.0,0.0,0.0,0.0,0.0,0.0,0.0,0.0,0.0,0,26,19,2,0.0,0.0,0,0.0,0.0,0.0,0.0
Hassane Kamara,ci CIV,"MF,DF",Udinese,30,1994,30,25,"2,001",1,4,0,0,8,1,0.04,0.18,0.22,0.04,0.22,0.7477439409121871,0.7477439409121871,0.03331532410004794,0.03331532410004794,22.2,3,0.0,17.6,0.13,0.06,0.33,0.04398493770071689,0.2522560590878129,0.2522560590878129,0.0,0.0,0.0,0.0,0.0,0.0,0.0,0.0,0.0,0.0,0.0,0.0,0.0,0.0,25.0,0.0,0.0,0.0,0.0,0.0,0.0,0.0,0.0,0.0,107,0.0,0.0,0.0,0.0,0.0,0.0,0.0,0.0,0.0,0.0,0.0,0.0,0.0,0.0,0.0,0.0,0.0,0.0,0.0,0.0,0.0,25,0.0,0.0,0.0,0.0,0.0,0.0,28,0.0,0.0,0.0,0.0,0.0,0.0,0.0,0.0,0.0,0.0,0.0,0.0,0.0,0.0,0.0,0.0,1,25,22,1,0.0,0.0,0,0.0,0.0,0.0,0.0
Yann Karamoh,fr FRA,"MF,FW",Torino,26,1998,29,10,"1,046",0,1,0,0,2,0,0.0,0.09,0.09,0.0,0.09,1.7456839065998793,1.7456839065998793,0.15238753791851517,0.15238753791851517,11.6,6,0.0,24.0,0.52,0.0,0.0,0.06982735626399517,-1.7456839065998793,-1.7456839065998793,0.0,0.0,0.0,0.0,0.0,0.0,0.0,0.0,0.0,0.0,0.0,0.0,0.0,0.0,9.0,0.0,0.0,0.0,0.0,0.0,0.0,0.0,0.0,0.0,24,0.0,0.0,0.0,0.0,0.0,0.0,0.0,0.0,0.0,0.0,0.0,0.0,0.0,0.0,0.0,0.0,0.0,0.0,0.0,0.0,0.0,2,0.0,0.0,0.0,0.0,0.0,0.0,3,0.0,0.0,0.0,0.0,0.0,0.0,0.0,0.0,0.0,0.0,0.0,0.0,0.0,0.0,0.0,0.0,0,12,14,4,0.0,0.0,0,0.0,0.0,0.0,0.0
Jesper Karlsson,se SWE,"MF,FW",Bologna,26,1998,7,3,298,1,0,0,0,1,0,0.3,0.0,0.3,0.3,0.3,2.348971612751484,1.587672770023346,0.263600305670366,0.1781677672096024,3.3,2,0.0,33.3,0.6,0.17,0.5,0.09922954812645912,-0.3489716127514839,-0.587672770023346,0.0,0.0,0.0,0.0,0.0,0.0,0.0,0.0,0.0,0.0,0.0,0.0,0.0,0.0,12.0,0.0,0.0,0.0,0.0,0.0,0.0,0.0,0.0,0.0,4,0.0,0.0,0.0,0.0,0.0,0.0,0.0,0.0,0.0,0.0,0.0,0.0,0.0,0.0,0.0,0.0,0.0,0.0,0.0,0.0,0.0,0,0.0,0.0,0.0,0.0,0.0,0.0,0,0.0,0.0,0.0,0.0,0.0,0.0,0.0,0.0,0.0,0.0,0.0,0.0,0.0,0.0,0.0,0.0,0,6,4,1,0.0,0.0,0,0.0,0.0,0.0,0.0
Jesper Karlsson,se SWE,"MF,FW",Lecce,26,1998,13,6,495,1,0,1,1,2,0,0.18,0.0,0.18,0.0,0.0,2.348971612751484,1.587672770023346,0.263600305670366,0.1781677672096024,5.5,5,0.0,50.0,0.91,0.0,0.0,0.09922954812645912,-0.3489716127514839,-0.587672770023346,0.0,0.0,0.0,0.0,0.0,0.0,0.0,0.0,0.0,0.0,0.0,0.0,0.0,0.0,12.0,0.0,0.0,0.0,0.0,0.0,0.0,0.0,0.0,0.0,27,0.0,0.0,0.0,0.0,0.0,0.0,0.0,0.0,0.0,0.0,0.0,0.0,0.0,0.0,0.0,0.0,0.0,0.0,0.0,0.0,0.0,2,0.0,0.0,0.0,0.0,0.0,0.0,0,0.0,0.0,0.0,0.0,0.0,0.0,0.0,0.0,0.0,0.0,0.0,0.0,0.0,0.0,0.0,0.0,0,4,0,0,0.0,0.0,0,0.0,0.0,0.0,0.0
Jesper Karlström,se SWE,MF,Udinese,29,1995,37,36,"3,186",0,3,0,0,9,0,0.0,0.08,0.08,0.0,0.08,1.0215017618611455,1.0215017618611455,0.028720761814277754,0.028720761814277754,35.4,2,0.0,15.4,0.06,0.0,0.0,0.0785770586047035,-1.0215017618611455,-1.0215017618611455,0.0,0.0,0.0,0.0,0.0,0.0,0.0,0.0,0.0,0.0,0.0,0.0,0.0,0.0,21.0,0.0,0.0,0.0,0.0,0.0,0.0,0.0,0.0,0.0,15,0.0,0.0,0.0,0.0,0.0,0.0,0.0,0.0,0.0,0.0,0.0,0.0,0.0,0.0,0.0,0.0,0.0,0.0,0.0,0.0,0.0,34,0.0,0.0,0.0,0.0,0.0,0.0,35,0.0,0.0,0.0,0.0,0.0,0.0,0.0,0.0,0.0,0.0,0.0,0.0,0.0,0.0,0.0,0.0,0,41,25,1,0.0,0.0,0,0.0,0.0,0.0,0.0
Lior Kasa,il ISR,MF,Genoa,18,2005,8,2,230,0,0,0,0,2,0,0.0,0.0,0.0,0.0,0.0,0.8909140527248383,0.8909140527248383,0.36281567758025085,0.36281567758025085,2.6,2,0.0,40.0,0.78,0.0,0.0,0.17818281054496765,-0.8909140527248383,-0.8909140527248383,0.0,0.0,0.0,0.0,0.0,0.0,0.0,0.0,0.0,0.0,0.0,0.0,0.0,0.0,2.0,0.0,0.0,0.0,0.0,0.0,0.0,0.0,0.0,0.0,2,0.0,0.0,0.0,0.0,0.0,0.0,0.0,0.0,0.0,0.0,0.0,0.0,0.0,0.0,0.0,0.0,0.0,0.0,0.0,0.0,0.0,2,0.0,0.0,0.0,0.0,0.0,0.0,3,0.0,0.0,0.0,0.0,0.0,0.0,0.0,0.0,0.0,0.0,0.0,0.0,0.0,0.0,0.0,0.0,0,4,3,0,0.0,0.0,0,0.0,0.0,0.0,0.0
Grigoris Kastanos,cy CYP,"MF,FW",Hellas Verona,26,1998,27,8,872,1,1,0,0,4,0,0.1,0.1,0.21,0.1,0.21,1.0893141850829124,1.0893141850829124,0.11506839983270202,0.11506839983270202,9.7,5,0.0,22.7,0.52,0.05,0.2,0.049514281140132385,-0.08931418508291245,-0.08931418508291245,0.0,0.0,0.0,0.0,0.0,0.0,0.0,0.0,0.0,0.0,0.0,0.0,0.0,0.0,12.0,0.0,0.0,0.0,0.0,0.0,0.0,0.0,0.0,0.0,24,0.0,0.0,0.0,0.0,0.0,0.0,0.0,0.0,0.0,0.0,0.0,0.0,0.0,0.0,0.0,0.0,0.0,0.0,0.0,0.0,0.0,15,0.0,0.0,0.0,0.0,0.0,0.0,7,0.0,0.0,0.0,0.0,0.0,0.0,0.0,0.0,0.0,0.0,0.0,0.0,0.0,0.0,0.0,0.0,0,16,19,1,0.0,0.0,0,0.0,0.0,0.0,0.0
Michael Kayode,it ITA,DF,Fiorentina,20,2004,5,1,127,0,0,0,0,0,0,0.0,0.0,0.0,0.0,0.0,0.0939566791057586,0.0939566791057586,0.07166187389422266,0.07166187389422266,1.4,0,0.0,0.0,0.0,0.0,0.0,0.0939566791057586,-0.0939566791057586,-0.0939566791057586,0.0,0.0,0.0,0.0,0.0,0.0,0.0,0.0,0.0,0.0,0.0,0.0,0.0,0.0,1.0,0.0,0.0,0.0,0.0,0.0,0.0,0.0,0.0,0.0,6,0.0,0.0,0.0,0.0,0.0,0.0,0.0,0.0,0.0,0.0,0.0,0.0,0.0,0.0,0.0,0.0,0.0,0.0,0.0,0.0,0.0,1,0.0,0.0,0.0,0.0,0.0,0.0,2,0.0,0.0,0.0,0.0,0.0,0.0,0.0,0.0,0.0,0.0,0.0,0.0,0.0,0.0,0.0,0.0,0,1,2,0,0.0,0.0,0,0.0,0.0,0.0,0.0
Moise Kean,it ITA,FW,Fiorentina,24,2000,32,31,"2,704",19,3,1,2,6,0,0.63,0.1,0.73,0.6,0.7,21.887753661721945,20.365155961364508,0.7236950145315852,0.6733519605153585,30.0,51,0.0,48.6,1.7,0.17,0.35,0.1939538662987096,-2.887753661721945,-2.3651559613645077,0.0,0.0,0.0,0.0,0.0,0.0,0.0,0.0,0.0,0.0,0.0,0.0,0.0,0.0,19.0,0.0,0.0,0.0,0.0,0.0,0.0,0.0,0.0,0.0,9,0.0,0.0,0.0,0.0,0.0,0.0,0.0,0.0,0.0,0.0,0.0,0.0,0.0,0.0,0.0,0.0,0.0,0.0,0.0,0.0,0.0,5,0.0,0.0,0.0,0.0,0.0,0.0,6,0.0,0.0,0.0,0.0,0.0,0.0,0.0,0.0,0.0,0.0,0.0,0.0,0.0,0.0,0.0,0.0,0,41,52,57,0.0,0.0,0,0.0,0.0,0.0,0.0
Mandela Keita,be BEL,MF,Parma,22,2002,30,24,"1,826",0,2,0,0,6,1,0.0,0.1,0.1,0.0,0.1,0.0985107105225324,0.0985107105225324,0.004787237552390883,0.004787237552390883,20.3,4,0.0,80.0,0.2,0.0,0.0,0.01970214210450648,-0.0985107105225324,-0.0985107105225324,0.0,0.0,0.0,0.0,0.0,0.0,0.0,0.0,0.0,0.0,0.0,0.0,0.0,0.0,16.0,0.0,0.0,0.0,0.0,0.0,0.0,0.0,0.0,0.0,0,0.0,0.0,0.0,0.0,0.0,0.0,0.0,0.0,0.0,0.0,0.0,0.0,0.0,0.0,0.0,0.0,0.0,0.0,0.0,0.0,0.0,25,0.0,0.0,0.0,0.0,0.0,0.0,17,0.0,0.0,0.0,0.0,0.0,0.0,0.0,0.0,0.0,0.0,0.0,0.0,0.0,0.0,0.0,0.0,1,29,33,1,0.0,0.0,0,0.0,0.0,0.0,0.0
Lloyd Kelly,eng ENG,DF,Juventus,25,1998,12,11,"1,013",0,0,0,0,1,0,0.0,0.0,0.0,0.0,0.0,0.6167027596384287,0.6167027596384287,0.05452185497785715,0.05452185497785715,11.3,1,0.0,14.3,0.09,0.0,0.0,0.08810039423406124,-0.6167027596384287,-0.6167027596384287,0.0,0.0,0.0,0.0,0.0,0.0,0.0,0.0,0.0,0.0,0.0,0.0,0.0,0.0,3.0,0.0,0.0,0.0,0.0,0.0,0.0,0.0,0.0,0.0,13,0.0,0.0,0.0,0.0,0.0,0.0,0.0,0.0,0.0,0.0,0.0,0.0,0.0,0.0,0.0,0.0,0.0,0.0,0.0,0.0,0.0,11,0.0,0.0,0.0,0.0,0.0,0.0,2,0.0,0.0,0.0,0.0,0.0,0.0,0.0,0.0,0.0,0.0,0.0,0.0,0.0,0.0,0.0,0.0,0,14,4,0,0.0,0.0,0,0.0,0.0,0.0,0.0
Marc-Oliver Kempf,de GER,DF,Como,29,1995,31,30,"2,615",0,0,0,0,6,1,0.0,0.0,0.0,0.0,0.0,1.4569693058729172,1.4569693058729172,0.050010388073441096,0.050010388073441096,29.1,4,0.0,20.0,0.14,0.0,0.0,0.07284846529364586,-1.4569693058729172,-1.4569693058729172,0.0,0.0,0.0,0.0,0.0,0.0,0.0,0.0,0.0,0.0,0.0,0.0,0.0,0.0,10.0,0.0,0.0,0.0,0.0,0.0,0.0,0.0,0.0,0.0,4,0.0,0.0,0.0,0.0,0.0,0.0,0.0,0.0,0.0,0.0,0.0,0.0,0.0,0.0,0.0,0.0,0.0,0.0,0.0,0.0,0.0,21,0.0,0.0,0.0,0.0,0.0,0.0,29,0.0,0.0,0.0,0.0,0.0,0.0,0.0,0.0,0.0,0.0,0.0,0.0,0.0,0.0,0.0,0.0,1,21,20,0,0.0,0.0,0,0.0,0.0,0.0,0.0
Kialonda,ao ANG,DF,Lecce,26,1997,24,24,"2,144",0,1,0,0,3,0,0.0,0.04,0.04,0.0,0.04,0.0,0.0,0.0,0.0,23.8,1,0.0,6.3,0.04,0.0,0.0,0.0,0.0,0.0,0.0,0.0,0.0,0.0,0.0,0.0,0.0,0.0,0.0,0.0,0.0,0.0,0.0,0.0,0.0,0.0,0.0,0.0,0.0,0.0,0.0,0.0,0.0,0.0,3,0.0,0.0,0.0,0.0,0.0,0.0,0.0,0.0,0.0,0.0,0.0,0.0,0.0,0.0,0.0,0.0,0.0,0.0,0.0,0.0,0.0,12,0.0,0.0,0.0,0.0,0.0,0.0,31,0.0,0.0,0.0,0.0,0.0,0.0,0.0,0.0,0.0,0.0,0.0,0.0,0.0,0.0,0.0,0.0,0,9,20,0,0.0,0.0,0,0.0,0.0,0.0,0.0
Magnus Kofod Andersen,dk DEN,MF,Venezia,25,1999,14,7,695,1,1,0,0,1,0,0.13,0.13,0.26,0.13,0.26,0.2297064270824194,0.2297064270824194,0.029875113348869574,0.029875113348869574,7.7,2,0.0,25.0,0.26,0.13,0.5,0.028713303385302424,0.7702935729175806,0.7702935729175806,0.0,0.0,0.0,0.0,0.0,0.0,0.0,0.0,0.0,0.0,0.0,0.0,0.0,0.0,10.0,0.0,0.0,0.0,0.0,0.0,0.0,0.0,0.0,0.0,16,0.0,0.0,0.0,0.0,0.0,0.0,0.0,0.0,0.0,0.0,0.0,0.0,0.0,0.0,0.0,0.0,0.0,0.0,0.0,0.0,0.0,4,0.0,0.0,0.0,0.0,0.0,0.0,6,0.0,0.0,0.0,0.0,0.0,0.0,0.0,0.0,0.0,0.0,0.0,0.0,0.0,0.0,0.0,0.0,0,7,5,0,0.0,0.0,0,0.0,0.0,0.0,0.0
Sead Kolašinac,ba BIH,DF,Atalanta,31,1993,23,23,"1,903",0,2,0,0,7,0,0.0,0.09,0.09,0.0,0.09,0.8305487222969532,0.8305487222969532,0.038992897760420336,0.038992897760420336,21.1,3,0.0,30.0,0.14,0.0,0.0,0.08305487222969532,-0.8305487222969532,-0.8305487222969532,0.0,0.0,0.0,0.0,0.0,0.0,0.0,0.0,0.0,0.0,0.0,0.0,0.0,0.0,17.0,0.0,0.0,0.0,0.0,0.0,0.0,0.0,0.0,0.0,10,0.0,0.0,0.0,0.0,0.0,0.0,0.0,0.0,0.0,0.0,0.0,0.0,0.0,0.0,0.0,0.0,0.0,0.0,0.0,0.0,0.0,26,0.0,0.0,0.0,0.0,0.0,0.0,27,0.0,0.0,0.0,0.0,0.0,0.0,0.0,0.0,0.0,0.0,0.0,0.0,0.0,0.0,0.0,0.0,0,38,20,3,0.0,0.0,1,0.0,0.0,0.0,0.0
Randal Kolo Muani,fr FRA,FW,Juventus,25,1998,16,13,"1,160",8,1,1,1,0,0,0.62,0.08,0.7,0.54,0.62,4.807359151542187,4.046060346066952,0.36822325416067814,0.3099110052306601,12.9,14,0.0,53.8,1.09,0.27,0.5,0.15561770561795968,3.1926408484578133,2.9539396539330482,0.0,0.0,0.0,0.0,0.0,0.0,0.0,0.0,0.0,0.0,0.0,0.0,0.0,0.0,17.0,0.0,0.0,0.0,0.0,0.0,0.0,0.0,0.0,0.0,8,0.0,0.0,0.0,0.0,0.0,0.0,0.0,0.0,0.0,0.0,0.0,0.0,0.0,0.0,0.0,0.0,0.0,0.0,0.0,0.0,0.0,7,0.0,0.0,0.0,0.0,0.0,0.0,4,0.0,0.0,0.0,0.0,0.0,0.0,0.0,0.0,0.0,0.0,0.0,0.0,0.0,0.0,0.0,0.0,0,27,20,6,0.0,0.0,0,0.0,0.0,0.0,0.0
Ismael Konate,it ITA,FW,Empoli,18,2006,12,0,116,0,1,0,0,0,0,0.0,0.78,0.78,0.0,0.78,0.4259603722020983,0.4259603722020983,0.4406486608987224,0.4406486608987224,1.3,2,0.0,66.7,1.55,0.0,0.0,0.14198679073403278,-0.4259603722020983,-0.4259603722020983,0.0,0.0,0.0,0.0,0.0,0.0,0.0,0.0,0.0,0.0,0.0,0.0,0.0,0.0,2.0,0.0,0.0,0.0,0.0,0.0,0.0,0.0,0.0,0.0,1,0.0,0.0,0.0,0.0,0.0,0.0,0.0,0.0,0.0,0.0,0.0,0.0,0.0,0.0,0.0,0.0,0.0,0.0,0.0,0.0,0.0,2,0.0,0.0,0.0,0.0,0.0,0.0,0,0.0,0.0,0.0,0.0,0.0,0.0,0.0,0.0,0.0,0.0,0.0,0.0,0.0,0.0,0.0,0.0,0,5,2,0,0.0,0.0,0,0.0,0.0,0.0,0.0
Manu Koné,fr FRA,MF,Roma,23,2001,34,31,"2,572",2,1,0,0,6,0,0.07,0.03,0.1,0.07,0.1,0.0,0.0,0.0,0.0,28.6,9,0.0,26.5,0.31,0.06,0.22,0.0,0.0,0.0,0.0,0.0,0.0,0.0,0.0,0.0,0.0,0.0,0.0,0.0,0.0,0.0,0.0,0.0,0.0,0.0,0.0,0.0,0.0,0.0,0.0,0.0,0.0,0.0,2,0.0,0.0,0.0,0.0,0.0,0.0,0.0,0.0,0.0,0.0,0.0,0.0,0.0,0.0,0.0,0.0,0.0,0.0,0.0,0.0,0.0,26,0.0,0.0,0.0,0.0,0.0,0.0,26,0.0,0.0,0.0,0.0,0.0,0.0,0.0,0.0,0.0,0.0,0.0,0.0,0.0,0.0,0.0,0.0,0,27,86,2,0.0,0.0,0,0.0,0.0,0.0,0.0
Teun Koopmeiners,nl NED,MF,Juventus,26,1998,28,23,"1,994",3,3,0,0,3,0,0.14,0.14,0.27,0.14,0.27,4.893107362091541,4.893107362091541,0.22041024153565503,0.22041024153565503,22.2,11,0.0,26.2,0.5,0.07,0.27,0.1165025562402748,-1.8931073620915413,-1.8931073620915413,0.0,0.0,0.0,0.0,0.0,0.0,0.0,0.0,0.0,0.0,0.0,0.0,0.0,0.0,37.0,0.0,0.0,0.0,0.0,0.0,0.0,0.0,0.0,0.0,113,0.0,0.0,0.0,0.0,0.0,0.0,0.0,0.0,0.0,0.0,0.0,0.0,0.0,0.0,0.0,0.0,0.0,0.0,0.0,0.0,0.0,17,0.0,0.0,0.0,0.0,0.0,0.0,8,0.0,0.0,0.0,0.0,0.0,0.0,0.0,0.0,0.0,0.0,0.0,0.0,0.0,0.0,0.0,0.0,0,32,9,3,0.0,0.0,0,0.0,0.0,0.0,0.0
Odilon Kossounou,ci CIV,DF,Atalanta,23,2001,18,12,"1,125",0,0,0,0,1,0,0.0,0.0,0.0,0.0,0.0,1.0900323893874884,1.0900323893874884,0.0871251465762646,0.0871251465762646,12.5,4,0.0,66.7,0.32,0.0,0.0,0.18167206489791474,-1.0900323893874884,-1.0900323893874884,0.0,0.0,0.0,0.0,0.0,0.0,0.0,0.0,0.0,0.0,0.0,0.0,0.0,0.0,1.0,0.0,0.0,0.0,0.0,0.0,0.0,0.0,0.0,0.0,3,0.0,0.0,0.0,0.0,0.0,0.0,0.0,0.0,0.0,0.0,0.0,0.0,0.0,0.0,0.0,0.0,0.0,0.0,0.0,0.0,0.0,10,0.0,0.0,0.0,0.0,0.0,0.0,13,0.0,0.0,0.0,0.0,0.0,0.0,0.0,0.0,0.0,0.0,0.0,0.0,0.0,0.0,0.0,0.0,0,15,6,1,0.0,0.0,0,0.0,0.0,0.0,0.0
Christian Kouamé,ci CIV,"MF,FW",Fiorentina,26,1997,18,5,622,0,1,0,0,1,0,0.0,0.14,0.14,0.0,0.14,3.358484502881766,3.358484502881766,0.27478509569032633,0.27478509569032633,6.9,1,0.0,9.1,0.14,0.0,0.0,0.13433938011527063,-2.358484502881766,-2.358484502881766,0.0,0.0,0.0,0.0,0.0,0.0,0.0,0.0,0.0,0.0,0.0,0.0,0.0,0.0,18.0,0.0,0.0,0.0,0.0,0.0,0.0,0.0,0.0,0.0,6,0.0,0.0,0.0,0.0,0.0,0.0,0.0,0.0,0.0,0.0,0.0,0.0,0.0,0.0,0.0,0.0,0.0,0.0,0.0,0.0,0.0,8,0.0,0.0,0.0,0.0,0.0,0.0,1,0.0,0.0,0.0,0.0,0.0,0.0,0.0,0.0,0.0,0.0,0.0,0.0,0.0,0.0,0.0,0.0,0,13,14,2,0.0,0.0,0,0.0,0.0,0.0,0.0
Christian Kouamé,ci CIV,"FW,MF",Empoli,26,1997,8,5,507,1,0,0,0,0,0,0.18,0.0,0.18,0.18,0.18,3.358484502881766,3.358484502881766,0.27478509569032633,0.27478509569032633,5.6,5,0.0,31.3,0.89,0.06,0.2,0.13433938011527063,-2.358484502881766,-2.358484502881766,0.0,0.0,0.0,0.0,0.0,0.0,0.0,0.0,0.0,0.0,0.0,0.0,0.0,0.0,18.0,0.0,0.0,0.0,0.0,0.0,0.0,0.0,0.0,0.0,2,0.0,0.0,0.0,0.0,0.0,0.0,0.0,0.0,0.0,0.0,0.0,0.0,0.0,0.0,0.0,0.0,0.0,0.0,0.0,0.0,0.0,4,0.0,0.0,0.0,0.0,0.0,0.0,0,0.0,0.0,0.0,0.0,0.0,0.0,0.0,0.0,0.0,0.0,0.0,0.0,0.0,0.0,0.0,0.0,0,7,15,2,0.0,0.0,0,0.0,0.0,0.0,0.0
Viktor Kovalenko,ua UKR,MF,Empoli,28,1996,6,0,77,0,0,0,0,0,0,0.0,0.0,0.0,0.0,0.0,0.1474630162119865,0.1474630162119865,0.21756838457506203,0.21756838457506203,0.9,1,0.0,33.3,1.17,0.0,0.0,0.04915433873732883,-0.1474630162119865,-0.1474630162119865,0.0,0.0,0.0,0.0,0.0,0.0,0.0,0.0,0.0,0.0,0.0,0.0,0.0,0.0,0.0,0.0,0.0,0.0,0.0,0.0,0.0,0.0,0.0,0.0,1,0.0,0.0,0.0,0.0,0.0,0.0,0.0,0.0,0.0,0.0,0.0,0.0,0.0,0.0,0.0,0.0,0.0,0.0,0.0,0.0,0.0,1,0.0,0.0,0.0,0.0,0.0,0.0,0,0.0,0.0,0.0,0.0,0.0,0.0,0.0,0.0,0.0,0.0,0.0,0.0,0.0,0.0,0.0,0.0,0,2,2,0,0.0,0.0,0,0.0,0.0,0.0,0.0
Mateusz Kowalski,pl POL,MF,Parma,19,2005,1,1,56,0,0,0,0,0,0,0.0,0.0,0.0,0.0,0.0,0.5485414266586304,0.5485414266586304,0.8093234163815858,0.8093234163815858,0.6,0,0.0,0.0,0.0,0.0,0.0,0.5485414266586304,-0.5485414266586304,-0.5485414266586304,0.0,0.0,0.0,0.0,0.0,0.0,0.0,0.0,0.0,0.0,0.0,0.0,0.0,0.0,0.0,0.0,0.0,0.0,0.0,0.0,0.0,0.0,0.0,0.0,0,0.0,0.0,0.0,0.0,0.0,0.0,0.0,0.0,0.0,0.0,0.0,0.0,0.0,0.0,0.0,0.0,0.0,0.0,0.0,0.0,0.0,0,0.0,0.0,0.0,0.0,0.0,0.0,0,0.0,0.0,0.0,0.0,0.0,0.0,0.0,0.0,0.0,0.0,0.0,0.0,0.0,0.0,0.0,0.0,0,1,0,0,0.0,0.0,0,0.0,0.0,0.0,0.0
Thomas Kristensen,dk DEN,DF,Udinese,22,2002,24,19,"1,754",1,0,0,0,5,0,0.05,0.0,0.05,0.05,0.05,0.0,0.0,0.0,0.0,19.5,1,0.0,25.0,0.05,0.25,1.0,0.0,0.0,0.0,0.0,0.0,0.0,0.0,0.0,0.0,0.0,0.0,0.0,0.0,0.0,0.0,0.0,0.0,0.0,0.0,0.0,0.0,0.0,0.0,0.0,0.0,0.0,0.0,10,0.0,0.0,0.0,0.0,0.0,0.0,0.0,0.0,0.0,0.0,0.0,0.0,0.0,0.0,0.0,0.0,0.0,0.0,0.0,0.0,0.0,20,0.0,0.0,0.0,0.0,0.0,0.0,21,0.0,0.0,0.0,0.0,0.0,0.0,0.0,0.0,0.0,0.0,0.0,0.0,0.0,0.0,0.0,0.0,0,31,3,1,0.0,0.0,0,0.0,0.0,0.0,0.0
Nikola Krstović,me MNE,FW,Lecce,24,2000,37,37,"3,057",11,5,2,3,6,0,0.32,0.15,0.47,0.26,0.41,12.192179908044636,9.908283424563706,0.3544238345361813,0.28803149490010777,34.0,42,0.0,30.7,1.24,0.07,0.21,0.0723232366756475,-1.1921799080446362,-0.9082834245637059,0.0,0.0,0.0,0.0,0.0,0.0,0.0,0.0,0.0,0.0,0.0,0.0,0.0,0.0,30.0,0.0,0.0,0.0,0.0,0.0,0.0,0.0,0.0,0.0,8,0.0,0.0,0.0,0.0,0.0,0.0,0.0,0.0,0.0,0.0,0.0,0.0,0.0,0.0,0.0,0.0,0.0,0.0,0.0,0.0,0.0,8,0.0,0.0,0.0,0.0,0.0,0.0,6,0.0,0.0,0.0,0.0,0.0,0.0,0.0,0.0,0.0,0.0,0.0,0.0,0.0,0.0,0.0,0.0,0,57,55,20,0.0,0.0,0,0.0,0.0,0.0,0.0
Khvicha Kvaratskhelia,ge GEO,"FW,MF",Napoli,23,2001,17,15,"1,178",5,3,1,1,1,0,0.38,0.23,0.61,0.31,0.53,4.196013361215591,3.434714525938034,0.31443896961648893,0.25738909852991093,13.1,17,0.0,34.7,1.3,0.08,0.24,0.06869429051876068,0.8039866387844086,0.5652854740619659,0.0,0.0,0.0,0.0,0.0,0.0,0.0,0.0,0.0,0.0,0.0,0.0,0.0,0.0,27.0,0.0,0.0,0.0,0.0,0.0,0.0,0.0,0.0,0.0,50,0.0,0.0,0.0,0.0,0.0,0.0,0.0,0.0,0.0,0.0,0.0,0.0,0.0,0.0,0.0,0.0,0.0,0.0,0.0,0.0,0.0,9,0.0,0.0,0.0,0.0,0.0,0.0,4,0.0,0.0,0.0,0.0,0.0,0.0,0.0,0.0,0.0,0.0,0.0,0.0,0.0,0.0,0.0,0.0,0,12,33,0,0.0,0.0,0,0.0,0.0,0.0,0.0
Giorgos Kyriakopoulos,gr GRE,MF,Monza,28,1996,34,33,"2,845",2,4,0,0,5,0,0.06,0.13,0.19,0.06,0.19,0.0,0.0,0.0,0.0,31.6,9,0.0,33.3,0.28,0.07,0.22,0.0,0.0,0.0,0.0,0.0,0.0,0.0,0.0,0.0,0.0,0.0,0.0,0.0,0.0,0.0,0.0,0.0,0.0,0.0,0.0,0.0,0.0,0.0,0.0,0.0,0.0,0.0,171,0.0,0.0,0.0,0.0,0.0,0.0,0.0,0.0,0.0,0.0,0.0,0.0,0.0,0.0,0.0,0.0,0.0,0.0,0.0,0.0,0.0,28,0.0,0.0,0.0,0.0,0.0,0.0,25,0.0,0.0,0.0,0.0,0.0,0.0,0.0,0.0,0.0,0.0,0.0,0.0,0.0,0.0,0.0,0.0,0,24,36,6,0.0,0.0,1,0.0,0.0,0.0,0.0
Mathis Lambourde,fr FRA,FW,Hellas Verona,18,2006,7,0,89,1,0,0,0,1,0,1.01,0.0,1.01,1.01,1.01,0.3416186347603798,0.3416186347603798,0.44558952360049536,0.44558952360049536,1.0,1,0.0,50.0,1.01,0.5,1.0,0.1708093173801899,0.6583813652396202,0.6583813652396202,0.0,0.0,0.0,0.0,0.0,0.0,0.0,0.0,0.0,0.0,0.0,0.0,0.0,0.0,1.0,0.0,0.0,0.0,0.0,0.0,0.0,0.0,0.0,0.0,1,0.0,0.0,0.0,0.0,0.0,0.0,0.0,0.0,0.0,0.0,0.0,0.0,0.0,0.0,0.0,0.0,0.0,0.0,0.0,0.0,0.0,1,0.0,0.0,0.0,0.0,0.0,0.0,0,0.0,0.0,0.0,0.0,0.0,0.0,0.0,0.0,0.0,0.0,0.0,0.0,0.0,0.0,0.0,0.0,0,4,1,0,0.0,0.0,0,0.0,0.0,0.0,0.0
Gianluca Lapadula,pe PER,FW,Cagliari,34,1990,12,1,310,0,0,0,0,1,0,0.0,0.0,0.0,0.0,0.0,1.5435456782579422,1.5435456782579422,0.49437406065200995,0.49437406065200995,3.4,3,0.0,20.0,0.87,0.0,0.0,0.10290304521719615,-1.5435456782579422,-1.5435456782579422,0.0,0.0,0.0,0.0,0.0,0.0,0.0,0.0,0.0,0.0,0.0,0.0,0.0,0.0,3.0,0.0,0.0,0.0,0.0,0.0,0.0,0.0,0.0,0.0,3,0.0,0.0,0.0,0.0,0.0,0.0,0.0,0.0,0.0,0.0,0.0,0.0,0.0,0.0,0.0,0.0,0.0,0.0,0.0,0.0,0.0,0,0.0,0.0,0.0,0.0,0.0,0.0,0,0.0,0.0,0.0,0.0,0.0,0.0,0.0,0.0,0.0,0.0,0.0,0.0,0.0,0.0,0.0,0.0,0,9,1,1,0.0,0.0,0,0.0,0.0,0.0,0.0
Valentino Lazaro,at AUT,MF,Torino,28,1996,33,26,"2,307",0,6,0,0,6,0,0.0,0.23,0.23,0.0,0.23,1.252574815414846,1.252574815414846,0.04827911494104332,0.04827911494104332,25.6,2,0.0,12.5,0.08,0.0,0.0,0.07828592596342787,-1.252574815414846,-1.252574815414846,0.0,0.0,0.0,0.0,0.0,0.0,0.0,0.0,0.0,0.0,0.0,0.0,0.0,0.0,33.0,0.0,0.0,0.0,0.0,0.0,0.0,0.0,0.0,0.0,142,0.0,0.0,0.0,0.0,0.0,0.0,0.0,0.0,0.0,0.0,0.0,0.0,0.0,0.0,0.0,0.0,0.0,0.0,0.0,0.0,0.0,12,0.0,0.0,0.0,0.0,0.0,0.0,10,0.0,0.0,0.0,0.0,0.0,0.0,0.0,0.0,0.0,0.0,0.0,0.0,0.0,0.0,0.0,0.0,0,30,13,2,0.0,0.0,0,0.0,0.0,0.0,0.0
Darko Lazović,rs SRB,MF,Hellas Verona,33,1990,27,17,"1,459",2,3,1,1,0,0,0.12,0.19,0.31,0.06,0.25,2.923182776197791,2.161883970722556,0.17933636663790128,0.13263091844923658,16.2,4,0.0,20.0,0.25,0.05,0.25,0.10809419853612781,-0.9231827761977911,-1.1618839707225561,0.0,0.0,0.0,0.0,0.0,0.0,0.0,0.0,0.0,0.0,0.0,0.0,0.0,0.0,19.0,0.0,0.0,0.0,0.0,0.0,0.0,0.0,0.0,0.0,69,0.0,0.0,0.0,0.0,0.0,0.0,0.0,0.0,0.0,0.0,0.0,0.0,0.0,0.0,0.0,0.0,0.0,0.0,0.0,0.0,0.0,11,0.0,0.0,0.0,0.0,0.0,0.0,11,0.0,0.0,0.0,0.0,0.0,0.0,0.0,0.0,0.0,0.0,0.0,0.0,0.0,0.0,0.0,0.0,0,9,5,4,0.0,0.0,0,0.0,0.0,0.0,0.0
Manuel Lazzari,it ITA,DF,Lazio,30,1993,25,16,"1,406",0,1,0,0,3,0,0.0,0.06,0.06,0.0,0.06,0.1302815210074186,0.1302815210074186,0.008327654041667383,0.008327654041667383,15.6,2,0.0,33.3,0.13,0.0,0.0,0.021713586834569767,-0.1302815210074186,-0.1302815210074186,0.0,0.0,0.0,0.0,0.0,0.0,0.0,0.0,0.0,0.0,0.0,0.0,0.0,0.0,20.0,0.0,0.0,0.0,0.0,0.0,0.0,0.0,0.0,0.0,97,0.0,0.0,0.0,0.0,0.0,0.0,0.0,0.0,0.0,0.0,0.0,0.0,0.0,0.0,0.0,0.0,0.0,0.0,0.0,0.0,0.0,15,0.0,0.0,0.0,0.0,0.0,0.0,9,0.0,0.0,0.0,0.0,0.0,0.0,0.0,0.0,0.0,0.0,0.0,0.0,0.0,0.0,0.0,0.0,0,12,29,1,0.0,0.0,0,0.0,0.0,0.0,0.0
Enzo Le Fée,fr FRA,MF,Roma,24,2000,6,4,318,0,0,0,0,1,0,0.0,0.0,0.0,0.0,0.0,0.1899425163865089,0.1899425163865089,0.05392689739680063,0.05392689739680063,3.5,2,0.0,50.0,0.57,0.0,0.0,0.04748562909662722,-0.1899425163865089,-0.1899425163865089,0.0,0.0,0.0,0.0,0.0,0.0,0.0,0.0,0.0,0.0,0.0,0.0,0.0,0.0,3.0,0.0,0.0,0.0,0.0,0.0,0.0,0.0,0.0,0.0,7,0.0,0.0,0.0,0.0,0.0,0.0,0.0,0.0,0.0,0.0,0.0,0.0,0.0,0.0,0.0,0.0,0.0,0.0,0.0,0.0,0.0,4,0.0,0.0,0.0,0.0,0.0,0.0,5,0.0,0.0,0.0,0.0,0.0,0.0,0.0,0.0,0.0,0.0,0.0,0.0,0.0,0.0,0.0,0.0,0,6,5,0,0.0,0.0,0,0.0,0.0,0.0,0.0
Nicola Leali,it ITA,GK,Genoa,31,1993,29,29,"2,610",0,0,0,0,1,0,0.0,0.0,0.0,0.0,0.0,0.0,0.0,0.0,0.0,29.0,0,0.0,0.0,0.0,0.0,0.0,,0.0,0.0,0.0,0.0,0.0,0.0,0.0,0.0,0.0,0.0,0.0,0.0,0.0,0.0,0.0,0.0,0.0,0.0,0.0,0.0,0.0,0.0,0.0,0.0,0.0,0.0,0,0.0,0.0,0.0,0.0,0.0,0.0,0.0,0.0,0.0,0.0,0.0,0.0,0.0,0.0,0.0,0.0,0.0,0.0,0.0,0.0,0.0,0,0.0,0.0,0.0,0.0,0.0,0.0,0,0.0,0.0,0.0,0.0,0.0,0.0,0.0,0.0,0.0,0.0,0.0,0.0,0.0,0.0,0.0,0.0,0,1,6,0,0.0,0.0,1,0.0,0.0,0.0,0.0
Rafael Leão,pt POR,"MF,FW",Milan,25,1999,34,25,"2,323",8,8,0,0,5,0,0.31,0.31,0.62,0.31,0.62,8.671459373086691,8.671459373086691,0.335092891188408,0.335092891188408,25.8,29,0.0,43.3,1.12,0.12,0.28,0.12942476676248793,-0.6714593730866909,-0.6714593730866909,0.0,0.0,0.0,0.0,0.0,0.0,0.0,0.0,0.0,0.0,0.0,0.0,0.0,0.0,58.0,0.0,0.0,0.0,0.0,0.0,0.0,0.0,0.0,0.0,55,0.0,0.0,0.0,0.0,0.0,0.0,0.0,0.0,0.0,0.0,0.0,0.0,0.0,0.0,0.0,0.0,0.0,0.0,0.0,0.0,0.0,11,0.0,0.0,0.0,0.0,0.0,0.0,6,0.0,0.0,0.0,0.0,0.0,0.0,0.0,0.0,0.0,0.0,0.0,0.0,0.0,0.0,0.0,0.0,0,19,52,7,0.0,0.0,0,0.0,0.0,0.0,0.0
Stefan Lekovic,rs SRB,DF,Monza,20,2004,7,3,367,0,0,0,0,0,0,0.0,0.0,0.0,0.0,0.0,0.0651790769770741,0.0651790769770741,0.01652427303644132,0.01652427303644132,4.1,0,0.0,0.0,0.0,0.0,0.0,0.021726358992358034,-0.0651790769770741,-0.0651790769770741,0.0,0.0,0.0,0.0,0.0,0.0,0.0,0.0,0.0,0.0,0.0,0.0,0.0,0.0,0.0,0.0,0.0,0.0,0.0,0.0,0.0,0.0,0.0,0.0,0,0.0,0.0,0.0,0.0,0.0,0.0,0.0,0.0,0.0,0.0,0.0,0.0,0.0,0.0,0.0,0.0,0.0,0.0,0.0,0.0,0.0,4,0.0,0.0,0.0,0.0,0.0,0.0,8,0.0,0.0,0.0,0.0,0.0,0.0,0.0,0.0,0.0,0.0,0.0,0.0,0.0,0.0,0.0,0.0,0,5,3,0,0.0,0.0,1,0.0,0.0,0.0,0.0
Nunzio Lella,it ITA,MF,Venezia,24,2000,1,0,5,0,0,0,0,0,0,0.0,0.0,0.0,0.0,0.0,0.0,0.0,0.0,0.0,0.1,0,0.0,0.0,0.0,0.0,0.0,,0.0,0.0,0.0,0.0,0.0,0.0,0.0,0.0,0.0,0.0,0.0,0.0,0.0,0.0,0.0,0.0,0.0,0.0,0.0,0.0,0.0,0.0,0.0,0.0,0.0,0.0,0,0.0,0.0,0.0,0.0,0.0,0.0,0.0,0.0,0.0,0.0,0.0,0.0,0.0,0.0,0.0,0.0,0.0,0.0,0.0,0.0,0.0,0,0.0,0.0,0.0,0.0,0.0,0.0,0,0.0,0.0,0.0,0.0,0.0,0.0,0.0,0.0,0.0,0.0,0.0,0.0,0.0,0.0,0.0,0.0,0,1,1,0,0.0,0.0,0,0.0,0.0,0.0,0.0
Giovanni Leoni,it ITA,DF,Parma,17,2006,17,14,"1,199",1,0,0,0,3,1,0.08,0.0,0.08,0.08,0.08,0.3942391201853752,0.3942391201853752,0.02932357092287915,0.02932357092287915,13.3,1,0.0,50.0,0.08,0.5,1.0,0.1971195600926876,0.6057608798146248,0.6057608798146248,0.0,0.0,0.0,0.0,0.0,0.0,0.0,0.0,0.0,0.0,0.0,0.0,0.0,0.0,1.0,0.0,0.0,0.0,0.0,0.0,0.0,0.0,0.0,0.0,3,0.0,0.0,0.0,0.0,0.0,0.0,0.0,0.0,0.0,0.0,0.0,0.0,0.0,0.0,0.0,0.0,0.0,0.0,0.0,0.0,0.0,9,0.0,0.0,0.0,0.0,0.0,0.0,16,0.0,0.0,0.0,0.0,0.0,0.0,0.0,0.0,0.0,0.0,0.0,0.0,0.0,0.0,0.0,0.0,0,11,9,0,0.0,0.0,0,0.0,0.0,0.0,0.0
Ben Lhassine Kone,ci CIV,MF,Como,24,2000,4,0,51,0,0,0,0,1,0,0.0,0.0,0.0,0.0,0.0,0.0,0.0,0.0,0.0,0.6,0,0.0,0.0,0.0,0.0,0.0,0.0,0.0,0.0,0.0,0.0,0.0,0.0,0.0,0.0,0.0,0.0,0.0,0.0,0.0,0.0,0.0,0.0,0.0,0.0,0.0,0.0,0.0,0.0,0.0,0.0,0.0,0.0,0,0.0,0.0,0.0,0.0,0.0,0.0,0.0,0.0,0.0,0.0,0.0,0.0,0.0,0.0,0.0,0.0,0.0,0.0,0.0,0.0,0.0,2,0.0,0.0,0.0,0.0,0.0,0.0,1,0.0,0.0,0.0,0.0,0.0,0.0,0.0,0.0,0.0,0.0,0.0,0.0,0.0,0.0,0.0,0.0,0,1,1,0,0.0,0.0,0,0.0,0.0,0.0,0.0
Mattia Liberali,it ITA,MF,Milan,17,2007,1,1,61,0,0,0,0,0,0,0.0,0.0,0.0,0.0,0.0,0.0684014484286308,0.0684014484286308,0.097716354898044,0.097716354898044,0.7,0,0.0,0.0,0.0,0.0,0.0,0.0342007242143154,-0.0684014484286308,-0.0684014484286308,0.0,0.0,0.0,0.0,0.0,0.0,0.0,0.0,0.0,0.0,0.0,0.0,0.0,0.0,1.0,0.0,0.0,0.0,0.0,0.0,0.0,0.0,0.0,0.0,2,0.0,0.0,0.0,0.0,0.0,0.0,0.0,0.0,0.0,0.0,0.0,0.0,0.0,0.0,0.0,0.0,0.0,0.0,0.0,0.0,0.0,1,0.0,0.0,0.0,0.0,0.0,0.0,0,0.0,0.0,0.0,0.0,0.0,0.0,0.0,0.0,0.0,0.0,0.0,0.0,0.0,0.0,0.0,0.0,0,1,0,0,0.0,0.0,0,0.0,0.0,0.0,0.0
Karol Linetty,pl POL,MF,Torino,29,1995,28,18,"1,540",1,0,0,0,6,0,0.06,0.0,0.06,0.06,0.06,0.8516321126371622,0.8516321126371622,0.04951349492076525,0.04951349492076525,17.1,4,0.0,23.5,0.23,0.06,0.25,0.05009600662571542,0.1483678873628378,0.1483678873628378,0.0,0.0,0.0,0.0,0.0,0.0,0.0,0.0,0.0,0.0,0.0,0.0,0.0,0.0,10.0,0.0,0.0,0.0,0.0,0.0,0.0,0.0,0.0,0.0,3,0.0,0.0,0.0,0.0,0.0,0.0,0.0,0.0,0.0,0.0,0.0,0.0,0.0,0.0,0.0,0.0,0.0,0.0,0.0,0.0,0.0,22,0.0,0.0,0.0,0.0,0.0,0.0,9,0.0,0.0,0.0,0.0,0.0,0.0,0.0,0.0,0.0,0.0,0.0,0.0,0.0,0.0,0.0,0.0,0,39,14,0,0.0,0.0,0,0.0,0.0,0.0,0.0
Dailon Livramento,cv CPV,"MF,FW",Hellas Verona,23,2001,29,8,940,1,1,0,0,2,1,0.1,0.1,0.19,0.1,0.19,2.382310029119253,2.382310029119253,0.23254653212660825,0.23254653212660825,10.4,4,0.0,30.8,0.38,0.08,0.25,0.18325461762455794,-1.3823100291192532,-1.3823100291192532,0.0,0.0,0.0,0.0,0.0,0.0,0.0,0.0,0.0,0.0,0.0,0.0,0.0,0.0,8.0,0.0,0.0,0.0,0.0,0.0,0.0,0.0,0.0,0.0,18,0.0,0.0,0.0,0.0,0.0,0.0,0.0,0.0,0.0,0.0,0.0,0.0,0.0,0.0,0.0,0.0,0.0,0.0,0.0,0.0,0.0,11,0.0,0.0,0.0,0.0,0.0,0.0,3,0.0,0.0,0.0,0.0,0.0,0.0,0.0,0.0,0.0,0.0,0.0,0.0,0.0,0.0,0.0,0.0,0,21,6,8,0.0,0.0,0,0.0,0.0,0.0,0.0
Stanislav Lobotka,sk SVK,MF,Napoli,29,1994,32,31,"2,636",0,1,0,0,3,0,0.0,0.03,0.03,0.0,0.03,0.2537906588986516,0.2537906588986516,0.008529185698610397,0.008529185698610397,29.3,0,0.0,0.0,0.0,0.0,0.0,0.03625580841409309,-0.2537906588986516,-0.2537906588986516,0.0,0.0,0.0,0.0,0.0,0.0,0.0,0.0,0.0,0.0,0.0,0.0,0.0,0.0,17.0,0.0,0.0,0.0,0.0,0.0,0.0,0.0,0.0,0.0,3,0.0,0.0,0.0,0.0,0.0,0.0,0.0,0.0,0.0,0.0,0.0,0.0,0.0,0.0,0.0,0.0,0.0,0.0,0.0,0.0,0.0,32,0.0,0.0,0.0,0.0,0.0,0.0,21,0.0,0.0,0.0,0.0,0.0,0.0,0.0,0.0,0.0,0.0,0.0,0.0,0.0,0.0,0.0,0.0,0,24,31,0,0.0,0.0,0,0.0,0.0,0.0,0.0
Manuel Locatelli,it ITA,MF,Juventus,26,1998,36,34,"2,822",2,2,1,1,9,0,0.06,0.06,0.13,0.03,0.1,1.728091100230813,0.9667923059314488,0.05453302910966801,0.030508873609337444,31.4,9,0.0,36.0,0.29,0.04,0.11,0.03867169223725795,0.271908899769187,0.033207694068551175,0.0,0.0,0.0,0.0,0.0,0.0,0.0,0.0,0.0,0.0,0.0,0.0,0.0,0.0,29.0,0.0,0.0,0.0,0.0,0.0,0.0,0.0,0.0,0.0,24,0.0,0.0,0.0,0.0,0.0,0.0,0.0,0.0,0.0,0.0,0.0,0.0,0.0,0.0,0.0,0.0,0.0,0.0,0.0,0.0,0.0,49,0.0,0.0,0.0,0.0,0.0,0.0,21,0.0,0.0,0.0,0.0,0.0,0.0,0.0,0.0,0.0,0.0,0.0,0.0,0.0,0.0,0.0,0.0,0,46,22,1,0.0,0.0,0,0.0,0.0,0.0,0.0
Ruben Loftus-Cheek,eng ENG,MF,Milan,28,1996,19,10,"1,037",0,0,0,0,3,0,0.0,0.0,0.0,0.0,0.0,0.7318667685613036,0.7318667685613036,0.06445010682046705,0.06445010682046705,11.5,2,0.0,22.2,0.17,0.0,0.0,0.08131852984014484,-0.7318667685613036,-0.7318667685613036,0.0,0.0,0.0,0.0,0.0,0.0,0.0,0.0,0.0,0.0,0.0,0.0,0.0,0.0,16.0,0.0,0.0,0.0,0.0,0.0,0.0,0.0,0.0,0.0,7,0.0,0.0,0.0,0.0,0.0,0.0,0.0,0.0,0.0,0.0,0.0,0.0,0.0,0.0,0.0,0.0,0.0,0.0,0.0,0.0,0.0,8,0.0,0.0,0.0,0.0,0.0,0.0,3,0.0,0.0,0.0,0.0,0.0,0.0,0.0,0.0,0.0,0.0,0.0,0.0,0.0,0.0,0.0,0.0,0,23,27,0,0.0,0.0,0,0.0,0.0,0.0,0.0
Ademola Lookman,ng NGA,"MF,FW",Atalanta,26,1997,31,28,"2,247",15,5,1,1,4,0,0.6,0.2,0.8,0.56,0.76,13.808704778552055,13.047405943274498,0.5415178344530218,0.5116629781676274,25.0,35,0.0,42.7,1.4,0.17,0.4,0.15911470662529875,1.1912952214479446,0.952594056725502,0.0,0.0,0.0,0.0,0.0,0.0,0.0,0.0,0.0,0.0,0.0,0.0,0.0,0.0,60.0,0.0,0.0,0.0,0.0,0.0,0.0,0.0,0.0,0.0,123,0.0,0.0,0.0,0.0,0.0,0.0,0.0,0.0,0.0,0.0,0.0,0.0,0.0,0.0,0.0,0.0,0.0,0.0,0.0,0.0,0.0,16,0.0,0.0,0.0,0.0,0.0,0.0,4,0.0,0.0,0.0,0.0,0.0,0.0,0.0,0.0,0.0,0.0,0.0,0.0,0.0,0.0,0.0,0.0,0,31,20,26,0.0,0.0,0,0.0,0.0,0.0,0.0
Sandi Lovrić,si SVN,MF,Udinese,26,1998,36,31,"2,308",2,3,0,0,5,0,0.08,0.12,0.19,0.08,0.19,2.558918621391058,2.558918621391058,0.09717412486295157,0.09717412486295157,25.6,12,0.0,24.5,0.47,0.04,0.17,0.052222829007980774,-0.558918621391058,-0.558918621391058,0.0,0.0,0.0,0.0,0.0,0.0,0.0,0.0,0.0,0.0,0.0,0.0,0.0,0.0,32.0,0.0,0.0,0.0,0.0,0.0,0.0,0.0,0.0,0.0,89,0.0,0.0,0.0,0.0,0.0,0.0,0.0,0.0,0.0,0.0,0.0,0.0,0.0,0.0,0.0,0.0,0.0,0.0,0.0,0.0,0.0,30,0.0,0.0,0.0,0.0,0.0,0.0,22,0.0,0.0,0.0,0.0,0.0,0.0,0.0,0.0,0.0,0.0,0.0,0.0,0.0,0.0,0.0,0.0,0,54,34,0,0.0,0.0,0,0.0,0.0,0.0,0.0
Lorenzo Lucca,it ITA,FW,Udinese,23,2000,33,27,"2,353",12,1,1,1,10,0,0.46,0.04,0.5,0.42,0.46,9.25349983945489,8.492201004177332,0.3515470601734656,0.32262477432501474,26.1,26,0.0,39.4,0.99,0.17,0.42,0.12866971218450504,2.7465001605451107,2.507798995822668,0.0,0.0,0.0,0.0,0.0,0.0,0.0,0.0,0.0,0.0,0.0,0.0,0.0,0.0,14.0,0.0,0.0,0.0,0.0,0.0,0.0,0.0,0.0,0.0,5,0.0,0.0,0.0,0.0,0.0,0.0,0.0,0.0,0.0,0.0,0.0,0.0,0.0,0.0,0.0,0.0,0.0,0.0,0.0,0.0,0.0,6,0.0,0.0,0.0,0.0,0.0,0.0,6,0.0,0.0,0.0,0.0,0.0,0.0,0.0,0.0,0.0,0.0,0.0,0.0,0.0,0.0,0.0,0.0,0,65,55,16,0.0,0.0,0,0.0,0.0,0.0,0.0
Jhon Lucumí,co COL,DF,Bologna,26,1998,32,29,"2,614",0,1,0,0,8,1,0.0,0.03,0.03,0.0,0.03,0.7916854955255985,0.7916854955255985,0.027133166259445493,0.027133166259445493,29.0,2,0.0,15.4,0.07,0.0,0.0,0.06597379129379988,-0.7916854955255985,-0.7916854955255985,0.0,0.0,0.0,0.0,0.0,0.0,0.0,0.0,0.0,0.0,0.0,0.0,0.0,0.0,9.0,0.0,0.0,0.0,0.0,0.0,0.0,0.0,0.0,0.0,4,0.0,0.0,0.0,0.0,0.0,0.0,0.0,0.0,0.0,0.0,0.0,0.0,0.0,0.0,0.0,0.0,0.0,0.0,0.0,0.0,0.0,29,0.0,0.0,0.0,0.0,0.0,0.0,24,0.0,0.0,0.0,0.0,0.0,0.0,0.0,0.0,0.0,0.0,0.0,0.0,0.0,0.0,0.0,0.0,0,22,16,0,0.0,0.0,0,0.0,0.0,0.0,0.0
José Luis Palomino,ar ARG,DF,Cagliari,34,1990,18,10,"1,081",1,0,0,0,3,0,0.08,0.0,0.08,0.08,0.08,0.2968503274023533,0.2968503274023533,0.0250389217115387,0.0250389217115387,12.0,1,0.0,50.0,0.08,0.5,1.0,0.14842516370117664,0.7031496725976467,0.7031496725976467,0.0,0.0,0.0,0.0,0.0,0.0,0.0,0.0,0.0,0.0,0.0,0.0,0.0,0.0,1.0,0.0,0.0,0.0,0.0,0.0,0.0,0.0,0.0,0.0,0,0.0,0.0,0.0,0.0,0.0,0.0,0.0,0.0,0.0,0.0,0.0,0.0,0.0,0.0,0.0,0.0,0.0,0.0,0.0,0.0,0.0,17,0.0,0.0,0.0,0.0,0.0,0.0,21,0.0,0.0,0.0,0.0,0.0,0.0,0.0,0.0,0.0,0.0,0.0,0.0,0.0,0.0,0.0,0.0,0,11,2,0,0.0,0.0,0,0.0,0.0,0.0,0.0
Douglas Luiz,br BRA,MF,Juventus,26,1998,19,3,529,0,0,0,0,2,0,0.0,0.0,0.0,0.0,0.0,0.6867432445287704,0.6867432445287704,0.12587961712339987,0.12587961712339987,5.9,2,0.0,25.0,0.34,0.0,0.0,0.0858429055660963,-0.6867432445287704,-0.6867432445287704,0.0,0.0,0.0,0.0,0.0,0.0,0.0,0.0,0.0,0.0,0.0,0.0,0.0,0.0,14.0,0.0,0.0,0.0,0.0,0.0,0.0,0.0,0.0,0.0,26,0.0,0.0,0.0,0.0,0.0,0.0,0.0,0.0,0.0,0.0,0.0,0.0,0.0,0.0,0.0,0.0,0.0,0.0,0.0,0.0,0.0,8,0.0,0.0,0.0,0.0,0.0,0.0,5,0.0,0.0,0.0,0.0,0.0,0.0,0.0,0.0,0.0,0.0,0.0,0.0,0.0,0.0,0.0,0.0,0,14,7,0,0.0,0.0,0,0.0,0.0,0.0,0.0
Romelu Lukaku,be BEL,FW,Napoli,31,1993,36,35,"2,843",14,10,3,4,4,0,0.44,0.32,0.76,0.35,0.66,13.292909391224384,10.247714065015316,0.4106975095125968,0.31661320489233724,31.6,24,0.0,37.5,0.76,0.17,0.46,0.1601205322658643,0.7070906087756157,0.752285934984684,0.0,0.0,0.0,0.0,0.0,0.0,0.0,0.0,0.0,0.0,0.0,0.0,0.0,0.0,34.0,0.0,0.0,0.0,0.0,0.0,0.0,0.0,0.0,0.0,4,0.0,0.0,0.0,0.0,0.0,0.0,0.0,0.0,0.0,0.0,0.0,0.0,0.0,0.0,0.0,0.0,0.0,0.0,0.0,0.0,0.0,2,0.0,0.0,0.0,0.0,0.0,0.0,1,0.0,0.0,0.0,0.0,0.0,0.0,0.0,0.0,0.0,0.0,0.0,0.0,0.0,0.0,0.0,0.0,0,47,36,24,0.0,0.0,0,0.0,0.0,0.0,0.0
Sebastiano Luperto,it ITA,DF,Cagliari,27,1996,36,36,"3,240",1,3,0,0,4,0,0.03,0.08,0.11,0.03,0.11,2.471910698339343,2.471910698339343,0.06866418606498176,0.06866418606498176,36.0,5,0.0,23.8,0.14,0.05,0.2,0.11771003325425443,-1.471910698339343,-1.471910698339343,0.0,0.0,0.0,0.0,0.0,0.0,0.0,0.0,0.0,0.0,0.0,0.0,0.0,0.0,7.0,0.0,0.0,0.0,0.0,0.0,0.0,0.0,0.0,0.0,8,0.0,0.0,0.0,0.0,0.0,0.0,0.0,0.0,0.0,0.0,0.0,0.0,0.0,0.0,0.0,0.0,0.0,0.0,0.0,0.0,0.0,28,0.0,0.0,0.0,0.0,0.0,0.0,30,0.0,0.0,0.0,0.0,0.0,0.0,0.0,0.0,0.0,0.0,0.0,0.0,0.0,0.0,0.0,0.0,0,23,20,1,0.0,0.0,0,0.0,0.0,0.0,0.0
Zito Luvumbo,ao ANG,"FW,MF",Cagliari,22,2002,26,19,"1,606",2,2,0,0,2,0,0.11,0.11,0.22,0.11,0.22,0.0,0.0,0.0,0.0,17.8,4,0.0,17.4,0.22,0.09,0.5,0.0,0.0,0.0,0.0,0.0,0.0,0.0,0.0,0.0,0.0,0.0,0.0,0.0,0.0,0.0,0.0,0.0,0.0,0.0,0.0,0.0,0.0,0.0,0.0,0.0,0.0,0.0,65,0.0,0.0,0.0,0.0,0.0,0.0,0.0,0.0,0.0,0.0,0.0,0.0,0.0,0.0,0.0,0.0,0.0,0.0,0.0,0.0,0.0,7,0.0,0.0,0.0,0.0,0.0,0.0,4,0.0,0.0,0.0,0.0,0.0,0.0,0.0,0.0,0.0,0.0,0.0,0.0,0.0,0.0,0.0,0.0,0,38,51,11,0.0,0.0,0,0.0,0.0,0.0,0.0
Babis Lykogiannis,gr GRE,DF,Bologna,30,1993,17,12,"1,048",0,4,0,0,3,0,0.0,0.34,0.34,0.0,0.34,0.0,0.0,0.0,0.0,11.6,2,0.0,33.3,0.17,0.0,0.0,0.0,0.0,0.0,0.0,0.0,0.0,0.0,0.0,0.0,0.0,0.0,0.0,0.0,0.0,0.0,0.0,0.0,0.0,0.0,0.0,0.0,0.0,0.0,0.0,0.0,0.0,0.0,105,0.0,0.0,0.0,0.0,0.0,0.0,0.0,0.0,0.0,0.0,0.0,0.0,0.0,0.0,0.0,0.0,0.0,0.0,0.0,0.0,0.0,14,0.0,0.0,0.0,0.0,0.0,0.0,14,0.0,0.0,0.0,0.0,0.0,0.0,0.0,0.0,0.0,0.0,0.0,0.0,0.0,0.0,0.0,0.0,0,10,7,2,0.0,0.0,0,0.0,0.0,0.0,0.0
Mathias Løvik,no NOR,"DF,MF",Parma,20,2003,6,0,92,0,0,0,0,0,0,0.0,0.0,0.0,0.0,0.0,0.1374384760856628,0.1374384760856628,0.1606423746455799,0.1606423746455799,1.0,0,0.0,0.0,0.0,0.0,0.0,0.1374384760856628,-0.1374384760856628,-0.1374384760856628,0.0,0.0,0.0,0.0,0.0,0.0,0.0,0.0,0.0,0.0,0.0,0.0,0.0,0.0,1.0,0.0,0.0,0.0,0.0,0.0,0.0,0.0,0.0,0.0,3,0.0,0.0,0.0,0.0,0.0,0.0,0.0,0.0,0.0,0.0,0.0,0.0,0.0,0.0,0.0,0.0,0.0,0.0,0.0,0.0,0.0,1,0.0,0.0,0.0,0.0,0.0,0.0,2,0.0,0.0,0.0,0.0,0.0,0.0,0.0,0.0,0.0,0.0,0.0,0.0,0.0,0.0,0.0,0.0,0,2,0,0,0.0,0.0,0,0.0,0.0,0.0,0.0
Giangiacomo Magnani,it ITA,DF,Hellas Verona,28,1995,17,11,"1,065",1,0,0,0,2,0,0.08,0.0,0.08,0.08,0.08,1.5168068408966064,1.5168068408966064,0.13013595393774507,0.13013595393774507,11.8,2,0.0,18.2,0.17,0.09,0.5,0.13789153099060059,-0.5168068408966064,-0.5168068408966064,0.0,0.0,0.0,0.0,0.0,0.0,0.0,0.0,0.0,0.0,0.0,0.0,0.0,0.0,1.0,0.0,0.0,0.0,0.0,0.0,0.0,0.0,0.0,0.0,2,0.0,0.0,0.0,0.0,0.0,0.0,0.0,0.0,0.0,0.0,0.0,0.0,0.0,0.0,0.0,0.0,0.0,0.0,0.0,0.0,0.0,15,0.0,0.0,0.0,0.0,0.0,0.0,17,0.0,0.0,0.0,0.0,0.0,0.0,0.0,0.0,0.0,0.0,0.0,0.0,0.0,0.0,0.0,0.0,0,8,11,0,0.0,0.0,0,0.0,0.0,0.0,0.0
Mike Maignan,fr FRA,GK,Milan,29,1995,37,37,"3,294",0,0,0,0,1,0,0.0,0.0,0.0,0.0,0.0,0.0,0.0,0.0,0.0,36.6,0,0.0,0.0,0.0,0.0,0.0,,0.0,0.0,0.0,0.0,0.0,0.0,0.0,0.0,0.0,0.0,0.0,0.0,0.0,0.0,0.0,0.0,5.0,0.0,0.0,0.0,0.0,0.0,0.0,0.0,0.0,0.0,0,0.0,0.0,0.0,0.0,0.0,0.0,0.0,0.0,0.0,0.0,0.0,0.0,0.0,0.0,0.0,0.0,0.0,0.0,0.0,0.0,0.0,0,0.0,0.0,0.0,0.0,0.0,0.0,0,0.0,0.0,0.0,0.0,0.0,0.0,0.0,0.0,0.0,0.0,0.0,0.0,0.0,0.0,0.0,0.0,0,1,7,0,0.0,0.0,0,0.0,0.0,0.0,0.0
Antoine Makoumbou,cg CGO,MF,Cagliari,26,1998,33,27,"2,150",0,3,0,0,4,1,0.0,0.13,0.13,0.0,0.13,0.1962309386581182,0.1962309386581182,0.008067969154513768,0.008067969154513768,23.9,1,0.0,14.3,0.04,0.0,0.0,0.028032991236874027,-0.1962309386581182,-0.1962309386581182,0.0,0.0,0.0,0.0,0.0,0.0,0.0,0.0,0.0,0.0,0.0,0.0,0.0,0.0,8.0,0.0,0.0,0.0,0.0,0.0,0.0,0.0,0.0,0.0,7,0.0,0.0,0.0,0.0,0.0,0.0,0.0,0.0,0.0,0.0,0.0,0.0,0.0,0.0,0.0,0.0,0.0,0.0,0.0,0.0,0.0,22,0.0,0.0,0.0,0.0,0.0,0.0,17,0.0,0.0,0.0,0.0,0.0,0.0,0.0,0.0,0.0,0.0,0.0,0.0,0.0,0.0,0.0,0.0,1,27,15,0,0.0,0.0,0,0.0,0.0,0.0,0.0
Daniel Maldini,it ITA,MF,Atalanta,22,2001,10,2,258,3,0,0,0,0,0,1.05,0.0,1.05,1.05,1.05,6.705157367512584,6.705157367512584,0.38339527514366745,0.38339527514366745,2.9,5,0.0,50.0,1.74,0.3,0.6,0.136839946275767,-0.7051573675125837,-0.7051573675125837,0.0,0.0,0.0,0.0,0.0,0.0,0.0,0.0,0.0,0.0,0.0,0.0,0.0,0.0,16.0,0.0,0.0,0.0,0.0,0.0,0.0,0.0,0.0,0.0,5,0.0,0.0,0.0,0.0,0.0,0.0,0.0,0.0,0.0,0.0,0.0,0.0,0.0,0.0,0.0,0.0,0.0,0.0,0.0,0.0,0.0,2,0.0,0.0,0.0,0.0,0.0,0.0,2,0.0,0.0,0.0,0.0,0.0,0.0,0.0,0.0,0.0,0.0,0.0,0.0,0.0,0.0,0.0,0.0,0,3,7,1,0.0,0.0,0,0.0,0.0,0.0,0.0
Daniel Maldini,it ITA,"MF,FW",Monza,22,2001,20,16,"1,306",3,0,0,0,5,0,0.21,0.0,0.21,0.21,0.21,6.705157367512584,6.705157367512584,0.38339527514366745,0.38339527514366745,14.5,14,0.0,35.9,0.96,0.08,0.21,0.136839946275767,-0.7051573675125837,-0.7051573675125837,0.0,0.0,0.0,0.0,0.0,0.0,0.0,0.0,0.0,0.0,0.0,0.0,0.0,0.0,16.0,0.0,0.0,0.0,0.0,0.0,0.0,0.0,0.0,0.0,38,0.0,0.0,0.0,0.0,0.0,0.0,0.0,0.0,0.0,0.0,0.0,0.0,0.0,0.0,0.0,0.0,0.0,0.0,0.0,0.0,0.0,6,0.0,0.0,0.0,0.0,0.0,0.0,4,0.0,0.0,0.0,0.0,0.0,0.0,0.0,0.0,0.0,0.0,0.0,0.0,0.0,0.0,0.0,0.0,0,15,39,2,0.0,0.0,0,0.0,0.0,0.0,0.0
Youssef Maleh,ma MAR,MF,Empoli,25,1998,22,17,"1,510",0,1,0,0,5,1,0.0,0.06,0.06,0.0,0.06,0.9958969270810484,0.9958969270810484,0.05881281065439262,0.05881281065439262,16.8,3,0.0,17.6,0.18,0.0,0.0,0.05858217218123814,-0.9958969270810484,-0.9958969270810484,0.0,0.0,0.0,0.0,0.0,0.0,0.0,0.0,0.0,0.0,0.0,0.0,0.0,0.0,12.0,0.0,0.0,0.0,0.0,0.0,0.0,0.0,0.0,0.0,16,0.0,0.0,0.0,0.0,0.0,0.0,0.0,0.0,0.0,0.0,0.0,0.0,0.0,0.0,0.0,0.0,0.0,0.0,0.0,0.0,0.0,24,0.0,0.0,0.0,0.0,0.0,0.0,14,0.0,0.0,0.0,0.0,0.0,0.0,0.0,0.0,0.0,0.0,0.0,0.0,0.0,0.0,0.0,0.0,1,32,29,1,0.0,0.0,0,0.0,0.0,0.0,0.0
Ruslan Malinovskyi,ua UKR,MF,Genoa,31,1993,9,4,383,0,2,0,0,2,0,0.0,0.47,0.47,0.0,0.47,0.0,0.0,0.0,0.0,4.3,3,0.0,33.3,0.7,0.0,0.0,0.0,0.0,0.0,0.0,0.0,0.0,0.0,0.0,0.0,0.0,0.0,0.0,0.0,0.0,0.0,0.0,0.0,0.0,0.0,0.0,0.0,0.0,0.0,0.0,0.0,0.0,0.0,3,0.0,0.0,0.0,0.0,0.0,0.0,0.0,0.0,0.0,0.0,0.0,0.0,0.0,0.0,0.0,0.0,0.0,0.0,0.0,0.0,0.0,10,0.0,0.0,0.0,0.0,0.0,0.0,1,0.0,0.0,0.0,0.0,0.0,0.0,0.0,0.0,0.0,0.0,0.0,0.0,0.0,0.0,0.0,0.0,0,9,5,0,0.0,0.0,0,0.0,0.0,0.0,0.0
Dennis Man,ro ROU,"MF,FW",Parma,25,1998,33,23,"1,995",4,4,0,0,0,0,0.18,0.18,0.36,0.18,0.36,7.004470095038414,7.004470095038414,0.3156746662761428,0.3156746662761428,22.2,20,0.0,40.8,0.9,0.08,0.2,0.14294836928649823,-3.004470095038414,-3.004470095038414,0.0,0.0,0.0,0.0,0.0,0.0,0.0,0.0,0.0,0.0,0.0,0.0,0.0,0.0,45.0,0.0,0.0,0.0,0.0,0.0,0.0,0.0,0.0,0.0,33,0.0,0.0,0.0,0.0,0.0,0.0,0.0,0.0,0.0,0.0,0.0,0.0,0.0,0.0,0.0,0.0,0.0,0.0,0.0,0.0,0.0,6,0.0,0.0,0.0,0.0,0.0,0.0,8,0.0,0.0,0.0,0.0,0.0,0.0,0.0,0.0,0.0,0.0,0.0,0.0,0.0,0.0,0.0,0.0,0,8,17,4,0.0,0.0,0,0.0,0.0,0.0,0.0
Gianluca Mancini,it ITA,DF,Roma,28,1996,37,36,"3,143",2,0,0,0,8,0,0.06,0.0,0.06,0.06,0.06,2.963864615187049,2.963864615187049,0.08462811401232055,0.08462811401232055,34.9,7,0.0,31.8,0.2,0.09,0.29,0.13472111887213858,-0.9638646151870489,-0.9638646151870489,0.0,0.0,0.0,0.0,0.0,0.0,0.0,0.0,0.0,0.0,0.0,0.0,0.0,0.0,15.0,0.0,0.0,0.0,0.0,0.0,0.0,0.0,0.0,0.0,32,0.0,0.0,0.0,0.0,0.0,0.0,0.0,0.0,0.0,0.0,0.0,0.0,0.0,0.0,0.0,0.0,0.0,0.0,0.0,0.0,0.0,26,0.0,0.0,0.0,0.0,0.0,0.0,33,0.0,0.0,0.0,0.0,0.0,0.0,0.0,0.0,0.0,0.0,0.0,0.0,0.0,0.0,0.0,0.0,0,49,34,6,0.0,0.0,0,0.0,0.0,0.0,0.0
Christos Mandas,gr GRE,GK,Lazio,22,2001,9,9,810,0,0,0,0,0,0,0.0,0.0,0.0,0.0,0.0,0.0,0.0,0.0,0.0,9.0,0,0.0,0.0,0.0,0.0,0.0,,0.0,0.0,0.0,0.0,0.0,0.0,0.0,0.0,0.0,0.0,0.0,0.0,0.0,0.0,0.0,0.0,0.0,0.0,0.0,0.0,0.0,0.0,0.0,0.0,0.0,0.0,0,0.0,0.0,0.0,0.0,0.0,0.0,0.0,0.0,0.0,0.0,0.0,0.0,0.0,0.0,0.0,0.0,0.0,0.0,0.0,0.0,0.0,0,0.0,0.0,0.0,0.0,0.0,0.0,0,0.0,0.0,0.0,0.0,0.0,0.0,0.0,0.0,0.0,0.0,0.0,0.0,0.0,0.0,0.0,0.0,0,0,3,0,0.0,0.0,0,0.0,0.0,0.0,0.0
Rolando Mandragora,it ITA,MF,Fiorentina,27,1997,29,22,"1,931",4,3,1,1,7,0,0.19,0.14,0.33,0.14,0.28,2.280061637982726,1.5187628027051687,0.10577605537033265,0.07045806816673462,21.5,15,0.0,39.5,0.7,0.08,0.2,0.03996744217645181,1.719938362017274,1.4812371972948313,0.0,0.0,0.0,0.0,0.0,0.0,0.0,0.0,0.0,0.0,0.0,0.0,0.0,0.0,31.0,0.0,0.0,0.0,0.0,0.0,0.0,0.0,0.0,0.0,42,0.0,0.0,0.0,0.0,0.0,0.0,0.0,0.0,0.0,0.0,0.0,0.0,0.0,0.0,0.0,0.0,0.0,0.0,0.0,0.0,0.0,14,0.0,0.0,0.0,0.0,0.0,0.0,14,0.0,0.0,0.0,0.0,0.0,0.0,0.0,0.0,0.0,0.0,0.0,0.0,0.0,0.0,0.0,0.0,0,21,39,2,0.0,0.0,0,0.0,0.0,0.0,0.0
Alberto Manzoni,it ITA,MF,Atalanta,19,2005,1,0,6,0,0,0,0,0,0,0.0,0.0,0.0,0.0,0.0,0.0327237732708454,0.0327237732708454,2.945139594376086,2.945139594376086,0.1,0,0.0,0.0,0.0,0.0,0.0,0.0327237732708454,-0.0327237732708454,-0.0327237732708454,0.0,0.0,0.0,0.0,0.0,0.0,0.0,0.0,0.0,0.0,0.0,0.0,0.0,0.0,0.0,0.0,0.0,0.0,0.0,0.0,0.0,0.0,0.0,0.0,0,0.0,0.0,0.0,0.0,0.0,0.0,0.0,0.0,0.0,0.0,0.0,0.0,0.0,0.0,0.0,0.0,0.0,0.0,0.0,0.0,0.0,0,0.0,0.0,0.0,0.0,0.0,0.0,0,0.0,0.0,0.0,0.0,0.0,0.0,0.0,0.0,0.0,0.0,0.0,0.0,0.0,0.0,0.0,0.0,0,1,1,0,0.0,0.0,0,0.0,0.0,0.0,0.0
Alessandro Marcandalli,it ITA,DF,Genoa,21,2002,2,1,46,0,0,0,0,0,0,0.0,0.0,0.0,0.0,0.0,0.5659685600548983,0.5659685600548983,0.1251527528376925,0.1251527528376925,0.5,0,0.0,0.0,0.0,0.0,0.0,0.28298428002744913,-0.5659685600548983,-0.5659685600548983,0.0,0.0,0.0,0.0,0.0,0.0,0.0,0.0,0.0,0.0,0.0,0.0,0.0,0.0,0.0,0.0,0.0,0.0,0.0,0.0,0.0,0.0,0.0,0.0,0,0.0,0.0,0.0,0.0,0.0,0.0,0.0,0.0,0.0,0.0,0.0,0.0,0.0,0.0,0.0,0.0,0.0,0.0,0.0,0.0,0.0,0,0.0,0.0,0.0,0.0,0.0,0.0,0,0.0,0.0,0.0,0.0,0.0,0.0,0.0,0.0,0.0,0.0,0.0,0.0,0.0,0.0,0.0,0.0,0,0,0,0,0.0,0.0,0,0.0,0.0,0.0,0.0
Alessandro Marcandalli,it ITA,DF,Venezia,21,2002,8,5,354,0,0,0,0,2,0,0.0,0.0,0.0,0.0,0.0,0.5659685600548983,0.5659685600548983,0.1251527528376925,0.1251527528376925,3.9,1,0.0,50.0,0.25,0.0,0.0,0.28298428002744913,-0.5659685600548983,-0.5659685600548983,0.0,0.0,0.0,0.0,0.0,0.0,0.0,0.0,0.0,0.0,0.0,0.0,0.0,0.0,0.0,0.0,0.0,0.0,0.0,0.0,0.0,0.0,0.0,0.0,0,0.0,0.0,0.0,0.0,0.0,0.0,0.0,0.0,0.0,0.0,0.0,0.0,0.0,0.0,0.0,0.0,0.0,0.0,0.0,0.0,0.0,6,0.0,0.0,0.0,0.0,0.0,0.0,2,0.0,0.0,0.0,0.0,0.0,0.0,0.0,0.0,0.0,0.0,0.0,0.0,0.0,0.0,0.0,0.0,0,9,0,0,0.0,0.0,0,0.0,0.0,0.0,0.0
Filip Marchwiński,pl POL,MF,Lecce,22,2002,1,0,15,0,0,0,0,0,0,0.0,0.0,0.0,0.0,0.0,0.0,0.0,0.0,0.0,0.2,0,0.0,0.0,0.0,0.0,0.0,,0.0,0.0,0.0,0.0,0.0,0.0,0.0,0.0,0.0,0.0,0.0,0.0,0.0,0.0,0.0,0.0,0.0,0.0,0.0,0.0,0.0,0.0,0.0,0.0,0.0,0.0,0,0.0,0.0,0.0,0.0,0.0,0.0,0.0,0.0,0.0,0.0,0.0,0.0,0.0,0.0,0.0,0.0,0.0,0.0,0.0,0.0,0.0,0,0.0,0.0,0.0,0.0,0.0,0.0,0,0.0,0.0,0.0,0.0,0.0,0.0,0.0,0.0,0.0,0.0,0.0,0.0,0.0,0.0,0.0,0.0,0,0,1,0,0.0,0.0,0,0.0,0.0,0.0,0.0
Pablo Marí,es ESP,DF,Monza,30,1993,19,19,"1,628",0,0,0,0,4,1,0.0,0.0,0.0,0.0,0.0,0.3249391512945294,0.3249391512945294,0.010708357237827771,0.010708357237827771,18.1,0,0.0,0.0,0.0,0.0,0.0,0.04641987875636134,-0.3249391512945294,-0.3249391512945294,0.0,0.0,0.0,0.0,0.0,0.0,0.0,0.0,0.0,0.0,0.0,0.0,0.0,0.0,3.0,0.0,0.0,0.0,0.0,0.0,0.0,0.0,0.0,0.0,1,0.0,0.0,0.0,0.0,0.0,0.0,0.0,0.0,0.0,0.0,0.0,0.0,0.0,0.0,0.0,0.0,0.0,0.0,0.0,0.0,0.0,14,0.0,0.0,0.0,0.0,0.0,0.0,36,0.0,0.0,0.0,0.0,0.0,0.0,0.0,0.0,0.0,0.0,0.0,0.0,0.0,0.0,0.0,0.0,1,27,5,0,0.0,0.0,0,0.0,0.0,0.0,0.0
Pablo Marí,es ESP,DF,Fiorentina,30,1993,13,12,"1,098",0,0,0,0,2,0,0.0,0.0,0.0,0.0,0.0,0.3249391512945294,0.3249391512945294,0.010708357237827771,0.010708357237827771,12.2,1,0.0,20.0,0.08,0.0,0.0,0.04641987875636134,-0.3249391512945294,-0.3249391512945294,0.0,0.0,0.0,0.0,0.0,0.0,0.0,0.0,0.0,0.0,0.0,0.0,0.0,0.0,3.0,0.0,0.0,0.0,0.0,0.0,0.0,0.0,0.0,0.0,0,0.0,0.0,0.0,0.0,0.0,0.0,0.0,0.0,0.0,0.0,0.0,0.0,0.0,0.0,0.0,0.0,0.0,0.0,0.0,0.0,0.0,10,0.0,0.0,0.0,0.0,0.0,0.0,25,0.0,0.0,0.0,0.0,0.0,0.0,0.0,0.0,0.0,0.0,0.0,0.0,0.0,0.0,0.0,0.0,0,14,5,0,0.0,0.0,0,0.0,0.0,0.0,0.0
Luca Marianucci,it ITA,DF,Empoli,20,2004,18,12,"1,069",0,0,0,0,0,1,0.0,0.0,0.0,0.0,0.0,0.6265358319506049,0.6265358319506049,0.05329699893719701,0.05329699893719701,11.9,2,0.0,25.0,0.17,0.0,0.0,0.07831697899382561,-0.6265358319506049,-0.6265358319506049,0.0,0.0,0.0,0.0,0.0,0.0,0.0,0.0,0.0,0.0,0.0,0.0,0.0,0.0,3.0,0.0,0.0,0.0,0.0,0.0,0.0,0.0,0.0,0.0,6,0.0,0.0,0.0,0.0,0.0,0.0,0.0,0.0,0.0,0.0,0.0,0.0,0.0,0.0,0.0,0.0,0.0,0.0,0.0,0.0,0.0,12,0.0,0.0,0.0,0.0,0.0,0.0,21,0.0,0.0,0.0,0.0,0.0,0.0,0.0,0.0,0.0,0.0,0.0,0.0,0.0,0.0,0.0,0.0,0,11,5,0,0.0,0.0,0,0.0,0.0,0.0,0.0
Mirko Marić,hr CRO,FW,Venezia,29,1995,10,4,356,0,0,0,0,0,0,0.0,0.0,0.0,0.0,0.0,1.1305477246642113,1.1305477246642113,0.23177515995393852,0.23177515995393852,4.0,1,0.0,16.7,0.25,0.0,0.0,0.16150681780917303,-1.1305477246642113,-1.1305477246642113,0.0,0.0,0.0,0.0,0.0,0.0,0.0,0.0,0.0,0.0,0.0,0.0,0.0,0.0,3.0,0.0,0.0,0.0,0.0,0.0,0.0,0.0,0.0,0.0,3,0.0,0.0,0.0,0.0,0.0,0.0,0.0,0.0,0.0,0.0,0.0,0.0,0.0,0.0,0.0,0.0,0.0,0.0,0.0,0.0,0.0,3,0.0,0.0,0.0,0.0,0.0,0.0,1,0.0,0.0,0.0,0.0,0.0,0.0,0.0,0.0,0.0,0.0,0.0,0.0,0.0,0.0,0.0,0.0,0,3,4,3,0.0,0.0,0,0.0,0.0,0.0,0.0
Mirko Marić,hr CRO,FW,Monza,29,1995,8,1,106,0,0,0,0,0,0,0.0,0.0,0.0,0.0,0.0,1.1305477246642113,1.1305477246642113,0.23177515995393852,0.23177515995393852,1.2,0,0.0,0.0,0.0,0.0,0.0,0.16150681780917303,-1.1305477246642113,-1.1305477246642113,0.0,0.0,0.0,0.0,0.0,0.0,0.0,0.0,0.0,0.0,0.0,0.0,0.0,0.0,3.0,0.0,0.0,0.0,0.0,0.0,0.0,0.0,0.0,0.0,2,0.0,0.0,0.0,0.0,0.0,0.0,0.0,0.0,0.0,0.0,0.0,0.0,0.0,0.0,0.0,0.0,0.0,0.0,0.0,0.0,0.0,0,0.0,0.0,0.0,0.0,0.0,0.0,1,0.0,0.0,0.0,0.0,0.0,0.0,0.0,0.0,0.0,0.0,0.0,0.0,0.0,0.0,0.0,0.0,0,2,2,0,0.0,0.0,0,0.0,0.0,0.0,0.0
Rafa Marín,es ESP,DF,Napoli,22,2002,4,1,142,0,0,0,0,1,0,0.0,0.0,0.0,0.0,0.0,0.0963965579867363,0.0963965579867363,0.06523075352485914,0.06523075352485914,1.6,1,0.0,50.0,0.63,0.0,0.0,0.04819827899336815,-0.0963965579867363,-0.0963965579867363,0.0,0.0,0.0,0.0,0.0,0.0,0.0,0.0,0.0,0.0,0.0,0.0,0.0,0.0,0.0,0.0,0.0,0.0,0.0,0.0,0.0,0.0,0.0,0.0,0,0.0,0.0,0.0,0.0,0.0,0.0,0.0,0.0,0.0,0.0,0.0,0.0,0.0,0.0,0.0,0.0,0.0,0.0,0.0,0.0,0.0,0,0.0,0.0,0.0,0.0,0.0,0.0,1,0.0,0.0,0.0,0.0,0.0,0.0,0.0,0.0,0.0,0.0,0.0,0.0,0.0,0.0,0.0,0.0,0,2,1,0,0.0,0.0,0,0.0,0.0,0.0,0.0
Răzvan Marin,ro ROU,MF,Cagliari,28,1996,33,13,"1,406",3,2,2,2,4,0,0.19,0.13,0.32,0.06,0.19,2.198327684774995,0.6757300570607185,0.14399526319486866,0.04426179413061475,15.6,10,0.0,41.7,0.64,0.04,0.1,0.028155419044196606,0.8016723152250051,0.32426994293928146,0.0,0.0,0.0,0.0,0.0,0.0,0.0,0.0,0.0,0.0,0.0,0.0,0.0,0.0,33.0,0.0,0.0,0.0,0.0,0.0,0.0,0.0,0.0,0.0,77,0.0,0.0,0.0,0.0,0.0,0.0,0.0,0.0,0.0,0.0,0.0,0.0,0.0,0.0,0.0,0.0,0.0,0.0,0.0,0.0,0.0,14,0.0,0.0,0.0,0.0,0.0,0.0,2,0.0,0.0,0.0,0.0,0.0,0.0,0.0,0.0,0.0,0.0,0.0,0.0,0.0,0.0,0.0,0.0,0,25,13,0,0.0,0.0,0,0.0,0.0,0.0,0.0
Guillermo Maripán,cl CHI,DF,Torino,30,1994,28,27,"2,340",1,1,0,0,4,1,0.04,0.04,0.08,0.04,0.08,1.0367044052109122,1.0367044052109122,0.039873246354265854,0.039873246354265854,26.0,5,0.0,41.7,0.19,0.08,0.2,0.08639203376757602,-0.03670440521091223,-0.03670440521091223,0.0,0.0,0.0,0.0,0.0,0.0,0.0,0.0,0.0,0.0,0.0,0.0,0.0,0.0,5.0,0.0,0.0,0.0,0.0,0.0,0.0,0.0,0.0,0.0,1,0.0,0.0,0.0,0.0,0.0,0.0,0.0,0.0,0.0,0.0,0.0,0.0,0.0,0.0,0.0,0.0,0.0,0.0,0.0,0.0,0.0,23,0.0,0.0,0.0,0.0,0.0,0.0,38,0.0,0.0,0.0,0.0,0.0,0.0,0.0,0.0,0.0,0.0,0.0,0.0,0.0,0.0,0.0,0.0,0,29,8,1,0.0,0.0,0,0.0,0.0,0.0,0.0
Aarón Martín,es ESP,"DF,MF",Genoa,27,1997,36,35,"3,085",0,8,0,0,5,0,0.0,0.23,0.23,0.0,0.23,0.7377785928547382,0.7377785928547382,0.021419378502234337,0.021419378502234337,34.3,4,0.0,25.0,0.12,0.0,0.0,0.04611116205342114,-0.7377785928547382,-0.7377785928547382,0.0,0.0,0.0,0.0,0.0,0.0,0.0,0.0,0.0,0.0,0.0,0.0,0.0,0.0,65.0,0.0,0.0,0.0,0.0,0.0,0.0,0.0,0.0,0.0,257,0.0,0.0,0.0,0.0,0.0,0.0,0.0,0.0,0.0,0.0,0.0,0.0,0.0,0.0,0.0,0.0,0.0,0.0,0.0,0.0,0.0,48,0.0,0.0,0.0,0.0,0.0,0.0,20,0.0,0.0,0.0,0.0,0.0,0.0,0.0,0.0,0.0,0.0,0.0,0.0,0.0,0.0,0.0,0.0,0,38,28,4,0.0,0.0,0,0.0,0.0,0.0,0.0
Josep Martinez,es ESP,GK,Inter,26,1998,5,5,450,0,0,0,0,0,0,0.0,0.0,0.0,0.0,0.0,0.0,0.0,0.0,0.0,5.0,0,0.0,0.0,0.0,0.0,0.0,,0.0,0.0,0.0,0.0,0.0,0.0,0.0,0.0,0.0,0.0,0.0,0.0,0.0,0.0,0.0,0.0,1.0,0.0,0.0,0.0,0.0,0.0,0.0,0.0,0.0,0.0,0,0.0,0.0,0.0,0.0,0.0,0.0,0.0,0.0,0.0,0.0,0.0,0.0,0.0,0.0,0.0,0.0,0.0,0.0,0.0,0.0,0.0,0,0.0,0.0,0.0,0.0,0.0,0.0,0,0.0,0.0,0.0,0.0,0.0,0.0,0.0,0.0,0.0,0.0,0.0,0.0,0.0,0.0,0.0,0.0,0,0,1,0,0.0,0.0,0,0.0,0.0,0.0,0.0
Lautaro Martínez,ar ARG,FW,Inter,26,1997,31,31,"2,564",12,3,0,0,1,0,0.42,0.11,0.53,0.42,0.53,14.972904972732069,14.972904972732069,0.5172980604782673,0.5172980604782673,28.5,34,0.0,33.7,1.19,0.12,0.35,0.14679318600717714,-2.972904972732069,-2.972904972732069,0.0,0.0,0.0,0.0,0.0,0.0,0.0,0.0,0.0,0.0,0.0,0.0,0.0,0.0,37.0,0.0,0.0,0.0,0.0,0.0,0.0,0.0,0.0,0.0,13,0.0,0.0,0.0,0.0,0.0,0.0,0.0,0.0,0.0,0.0,0.0,0.0,0.0,0.0,0.0,0.0,0.0,0.0,0.0,0.0,0.0,15,0.0,0.0,0.0,0.0,0.0,0.0,9,0.0,0.0,0.0,0.0,0.0,0.0,0.0,0.0,0.0,0.0,0.0,0.0,0.0,0.0,0.0,0.0,0,42,42,21,0.0,0.0,0,0.0,0.0,0.0,0.0
Lucas Martínez Quarta,ar ARG,DF,Fiorentina,28,1996,8,4,351,1,0,0,0,1,0,0.26,0.0,0.26,0.26,0.26,0.9090237375348806,0.9090237375348806,0.23991828849894212,0.23991828849894212,3.9,1,0.0,33.3,0.26,0.33,1.0,0.3030079125116269,0.09097626246511936,0.09097626246511936,0.0,0.0,0.0,0.0,0.0,0.0,0.0,0.0,0.0,0.0,0.0,0.0,0.0,0.0,1.0,0.0,0.0,0.0,0.0,0.0,0.0,0.0,0.0,0.0,0,0.0,0.0,0.0,0.0,0.0,0.0,0.0,0.0,0.0,0.0,0.0,0.0,0.0,0.0,0.0,0.0,0.0,0.0,0.0,0.0,0.0,7,0.0,0.0,0.0,0.0,0.0,0.0,1,0.0,0.0,0.0,0.0,0.0,0.0,0.0,0.0,0.0,0.0,0.0,0.0,0.0,0.0,0.0,0.0,0,8,2,0,0.0,0.0,0,0.0,0.0,0.0,0.0
Kevin Martins,it ITA,MF,Monza,19,2005,9,1,183,0,1,0,0,1,0,0.0,0.49,0.49,0.0,0.49,0.0,0.0,0.0,0.0,2.0,0,0.0,0.0,0.0,0.0,0.0,,0.0,0.0,0.0,0.0,0.0,0.0,0.0,0.0,0.0,0.0,0.0,0.0,0.0,0.0,0.0,0.0,2.0,0.0,0.0,0.0,0.0,0.0,0.0,0.0,0.0,0.0,6,0.0,0.0,0.0,0.0,0.0,0.0,0.0,0.0,0.0,0.0,0.0,0.0,0.0,0.0,0.0,0.0,0.0,0.0,0.0,0.0,0.0,4,0.0,0.0,0.0,0.0,0.0,0.0,1,0.0,0.0,0.0,0.0,0.0,0.0,0.0,0.0,0.0,0.0,0.0,0.0,0.0,0.0,0.0,0.0,0,3,4,0,0.0,0.0,0,0.0,0.0,0.0,0.0
Adam Marušić,me MNE,DF,Lazio,31,1992,35,26,"2,337",4,0,0,0,1,0,0.15,0.0,0.15,0.15,0.15,2.1844769613817334,2.1844769613817334,0.08416221169707021,0.08416221169707021,26.0,10,0.0,43.5,0.39,0.17,0.4,0.09929440733553334,1.8155230386182666,1.8155230386182666,0.0,0.0,0.0,0.0,0.0,0.0,0.0,0.0,0.0,0.0,0.0,0.0,0.0,0.0,13.0,0.0,0.0,0.0,0.0,0.0,0.0,0.0,0.0,0.0,54,0.0,0.0,0.0,0.0,0.0,0.0,0.0,0.0,0.0,0.0,0.0,0.0,0.0,0.0,0.0,0.0,0.0,0.0,0.0,0.0,0.0,19,0.0,0.0,0.0,0.0,0.0,0.0,16,0.0,0.0,0.0,0.0,0.0,0.0,0.0,0.0,0.0,0.0,0.0,0.0,0.0,0.0,0.0,0.0,0,20,14,2,0.0,0.0,1,0.0,0.0,0.0,0.0
Adam Masina,ma MAR,DF,Torino,30,1994,28,20,"1,919",1,2,0,0,5,0,0.05,0.09,0.14,0.05,0.14,0.8731769127771258,0.8731769127771258,0.04112293152796511,0.04112293152796511,21.3,2,0.0,28.6,0.09,0.14,0.5,0.12473955896816083,0.12682308722287416,0.12682308722287416,0.0,0.0,0.0,0.0,0.0,0.0,0.0,0.0,0.0,0.0,0.0,0.0,0.0,0.0,4.0,0.0,0.0,0.0,0.0,0.0,0.0,0.0,0.0,0.0,14,0.0,0.0,0.0,0.0,0.0,0.0,0.0,0.0,0.0,0.0,0.0,0.0,0.0,0.0,0.0,0.0,0.0,0.0,0.0,0.0,0.0,15,0.0,0.0,0.0,0.0,0.0,0.0,26,0.0,0.0,0.0,0.0,0.0,0.0,0.0,0.0,0.0,0.0,0.0,0.0,0.0,0.0,0.0,0.0,0,23,18,2,0.0,0.0,0,0.0,0.0,0.0,0.0
Patrizio Masini,it ITA,MF,Genoa,23,2001,26,16,"1,538",1,0,0,0,3,0,0.06,0.0,0.06,0.06,0.06,0.4354055868461728,0.4354055868461728,0.02564561702627981,0.02564561702627981,17.1,1,0.0,12.5,0.06,0.13,1.0,0.0544256983557716,0.5645944131538272,0.5645944131538272,0.0,0.0,0.0,0.0,0.0,0.0,0.0,0.0,0.0,0.0,0.0,0.0,0.0,0.0,6.0,0.0,0.0,0.0,0.0,0.0,0.0,0.0,0.0,0.0,26,0.0,0.0,0.0,0.0,0.0,0.0,0.0,0.0,0.0,0.0,0.0,0.0,0.0,0.0,0.0,0.0,0.0,0.0,0.0,0.0,0.0,28,0.0,0.0,0.0,0.0,0.0,0.0,16,0.0,0.0,0.0,0.0,0.0,0.0,0.0,0.0,0.0,0.0,0.0,0.0,0.0,0.0,0.0,0.0,0,36,48,0,0.0,0.0,0,0.0,0.0,0.0,0.0
Alan Matturro,uy URU,DF,Genoa,19,2004,13,9,900,0,0,0,0,2,0,0.0,0.0,0.0,0.0,0.0,0.1578726852312684,0.1578726852312684,0.016000609989655582,0.016000609989655582,10.0,3,0.0,75.0,0.3,0.0,0.0,0.0394681713078171,-0.1578726852312684,-0.1578726852312684,0.0,0.0,0.0,0.0,0.0,0.0,0.0,0.0,0.0,0.0,0.0,0.0,0.0,0.0,3.0,0.0,0.0,0.0,0.0,0.0,0.0,0.0,0.0,0.0,8,0.0,0.0,0.0,0.0,0.0,0.0,0.0,0.0,0.0,0.0,0.0,0.0,0.0,0.0,0.0,0.0,0.0,0.0,0.0,0.0,0.0,6,0.0,0.0,0.0,0.0,0.0,0.0,14,0.0,0.0,0.0,0.0,0.0,0.0,0.0,0.0,0.0,0.0,0.0,0.0,0.0,0.0,0.0,0.0,0,10,5,2,0.0,0.0,0,0.0,0.0,0.0,0.0
Andrea Mazza,it ITA,GK,Monza,20,2004,1,0,8,0,0,0,0,0,0,0.0,0.0,0.0,0.0,0.0,0.0,0.0,0.0,0.0,0.1,0,0.0,0.0,0.0,0.0,0.0,,0.0,0.0,0.0,0.0,0.0,0.0,0.0,0.0,0.0,0.0,0.0,0.0,0.0,0.0,0.0,0.0,0.0,0.0,0.0,0.0,0.0,0.0,0.0,0.0,0.0,0.0,0,0.0,0.0,0.0,0.0,0.0,0.0,0.0,0.0,0.0,0.0,0.0,0.0,0.0,0.0,0.0,0.0,0.0,0.0,0.0,0.0,0.0,0,0.0,0.0,0.0,0.0,0.0,0.0,0,0.0,0.0,0.0,0.0,0.0,0.0,0.0,0.0,0.0,0.0,0.0,0.0,0.0,0.0,0.0,0.0,0,0,0,0,0.0,0.0,0,0.0,0.0,0.0,0.0
Luca Mazzitelli,it ITA,MF,Como,28,1995,11,3,335,1,1,0,0,1,0,0.27,0.27,0.54,0.27,0.54,0.2186603108420968,0.2186603108420968,0.05963463022966277,0.05963463022966277,3.7,3,0.0,42.9,0.81,0.14,0.33,0.031237187263156687,0.7813396891579032,0.7813396891579032,0.0,0.0,0.0,0.0,0.0,0.0,0.0,0.0,0.0,0.0,0.0,0.0,0.0,0.0,6.0,0.0,0.0,0.0,0.0,0.0,0.0,0.0,0.0,0.0,12,0.0,0.0,0.0,0.0,0.0,0.0,0.0,0.0,0.0,0.0,0.0,0.0,0.0,0.0,0.0,0.0,0.0,0.0,0.0,0.0,0.0,7,0.0,0.0,0.0,0.0,0.0,0.0,3,0.0,0.0,0.0,0.0,0.0,0.0,0.0,0.0,0.0,0.0,0.0,0.0,0.0,0.0,0.0,0.0,0,8,4,0,0.0,0.0,0,0.0,0.0,0.0,0.0
Pasquale Mazzocchi,it ITA,"MF,DF",Napoli,29,1995,20,7,702,0,0,0,0,3,0,0.0,0.0,0.0,0.0,0.0,0.3297137916088104,0.3297137916088104,0.04294390918204477,0.04294390918204477,7.8,1,0.0,33.3,0.13,0.0,0.0,0.10990459720293681,-0.3297137916088104,-0.3297137916088104,0.0,0.0,0.0,0.0,0.0,0.0,0.0,0.0,0.0,0.0,0.0,0.0,0.0,0.0,5.0,0.0,0.0,0.0,0.0,0.0,0.0,0.0,0.0,0.0,12,0.0,0.0,0.0,0.0,0.0,0.0,0.0,0.0,0.0,0.0,0.0,0.0,0.0,0.0,0.0,0.0,0.0,0.0,0.0,0.0,0.0,7,0.0,0.0,0.0,0.0,0.0,0.0,5,0.0,0.0,0.0,0.0,0.0,0.0,0.0,0.0,0.0,0.0,0.0,0.0,0.0,0.0,0.0,0.0,0,9,5,1,0.0,0.0,0,0.0,0.0,0.0,0.0
Samuel Mbangula,be BEL,MF,Juventus,20,2004,23,7,709,3,3,0,0,1,0,0.38,0.38,0.76,0.38,0.76,0.4565087296068668,0.4565087296068668,0.05980463706640176,0.05980463706640176,7.9,5,0.0,55.6,0.63,0.33,0.6,0.05072319217854075,2.543491270393133,2.543491270393133,0.0,0.0,0.0,0.0,0.0,0.0,0.0,0.0,0.0,0.0,0.0,0.0,0.0,0.0,15.0,0.0,0.0,0.0,0.0,0.0,0.0,0.0,0.0,0.0,17,0.0,0.0,0.0,0.0,0.0,0.0,0.0,0.0,0.0,0.0,0.0,0.0,0.0,0.0,0.0,0.0,0.0,0.0,0.0,0.0,0.0,10,0.0,0.0,0.0,0.0,0.0,0.0,3,0.0,0.0,0.0,0.0,0.0,0.0,0.0,0.0,0.0,0.0,0.0,0.0,0.0,0.0,0.0,0.0,0,6,14,0,0.0,0.0,0,0.0,0.0,0.0,0.0
Weston McKennie,us USA,"MF,DF",Juventus,25,1998,32,27,"2,310",2,4,0,0,3,0,0.08,0.16,0.23,0.08,0.23,2.9408072270452976,2.9408072270452976,0.1133987362613868,0.1133987362613868,25.7,8,0.0,36.4,0.31,0.09,0.25,0.13367305577478625,-0.9408072270452976,-0.9408072270452976,0.0,0.0,0.0,0.0,0.0,0.0,0.0,0.0,0.0,0.0,0.0,0.0,0.0,0.0,32.0,0.0,0.0,0.0,0.0,0.0,0.0,0.0,0.0,0.0,19,0.0,0.0,0.0,0.0,0.0,0.0,0.0,0.0,0.0,0.0,0.0,0.0,0.0,0.0,0.0,0.0,0.0,0.0,0.0,0.0,0.0,13,0.0,0.0,0.0,0.0,0.0,0.0,15,0.0,0.0,0.0,0.0,0.0,0.0,0.0,0.0,0.0,0.0,0.0,0.0,0.0,0.0,0.0,0.0,0,31,19,1,0.0,0.0,0,0.0,0.0,0.0,0.0
Scott McTominay,sct SCO,MF,Napoli,27,1996,34,33,"2,938",12,4,0,0,3,0,0.37,0.12,0.49,0.37,0.49,8.857582463882864,8.857582463882864,0.27133506526530216,0.27133506526530216,32.6,33,0.0,43.4,1.01,0.16,0.36,0.11654713768266926,3.1424175361171365,3.1424175361171365,0.0,0.0,0.0,0.0,0.0,0.0,0.0,0.0,0.0,0.0,0.0,0.0,0.0,0.0,26.0,0.0,0.0,0.0,0.0,0.0,0.0,0.0,0.0,0.0,11,0.0,0.0,0.0,0.0,0.0,0.0,0.0,0.0,0.0,0.0,0.0,0.0,0.0,0.0,0.0,0.0,0.0,0.0,0.0,0.0,0.0,23,0.0,0.0,0.0,0.0,0.0,0.0,23,0.0,0.0,0.0,0.0,0.0,0.0,0.0,0.0,0.0,0.0,0.0,0.0,0.0,0.0,0.0,0.0,0,45,60,5,0.0,0.0,0,0.0,0.0,0.0,0.0
Filippo Melegoni,it ITA,MF,Genoa,25,1999,3,1,89,0,1,0,0,0,0,0.0,1.01,1.01,0.0,1.01,0.0368894226849079,0.0368894226849079,0.03816147174300817,0.03816147174300817,1.0,0,0.0,0.0,0.0,0.0,0.0,0.0368894226849079,-0.0368894226849079,-0.0368894226849079,0.0,0.0,0.0,0.0,0.0,0.0,0.0,0.0,0.0,0.0,0.0,0.0,0.0,0.0,1.0,0.0,0.0,0.0,0.0,0.0,0.0,0.0,0.0,0.0,2,0.0,0.0,0.0,0.0,0.0,0.0,0.0,0.0,0.0,0.0,0.0,0.0,0.0,0.0,0.0,0.0,0.0,0.0,0.0,0.0,0.0,1,0.0,0.0,0.0,0.0,0.0,0.0,0,0.0,0.0,0.0,0.0,0.0,0.0,0.0,0.0,0.0,0.0,0.0,0.0,0.0,0.0,0.0,0.0,0,0,1,0,0.0,0.0,0,0.0,0.0,0.0,0.0
Alex Meret,it ITA,GK,Napoli,27,1997,34,34,"3,005",0,0,0,0,0,0,0.0,0.0,0.0,0.0,0.0,0.0,0.0,0.0,0.0,33.4,0,0.0,0.0,0.0,0.0,0.0,,0.0,0.0,0.0,0.0,0.0,0.0,0.0,0.0,0.0,0.0,0.0,0.0,0.0,0.0,0.0,0.0,0.0,0.0,0.0,0.0,0.0,0.0,0.0,0.0,0.0,0.0,0,0.0,0.0,0.0,0.0,0.0,0.0,0.0,0.0,0.0,0.0,0.0,0.0,0.0,0.0,0.0,0.0,0.0,0.0,0.0,0.0,0.0,0,0.0,0.0,0.0,0.0,0.0,0.0,0,0.0,0.0,0.0,0.0,0.0,0.0,0.0,0.0,0.0,0.0,0.0,0.0,0.0,0.0,0.0,0.0,0,1,4,0,0.0,0.0,1,0.0,0.0,0.0,0.0
Junior Messias,br BRA,"MF,FW",Genoa,33,1991,17,8,847,1,1,0,1,1,0,0.11,0.11,0.21,0.11,0.21,2.6005900129675865,1.8392911776900291,0.2813138235181284,0.19896178604820028,9.4,6,0.0,33.3,0.64,0.06,0.17,0.10218284320500162,-1.6005900129675865,-0.8392911776900291,0.0,0.0,0.0,0.0,0.0,0.0,0.0,0.0,0.0,0.0,0.0,0.0,0.0,0.0,8.0,0.0,0.0,0.0,0.0,0.0,0.0,0.0,0.0,0.0,22,0.0,0.0,0.0,0.0,0.0,0.0,0.0,0.0,0.0,0.0,0.0,0.0,0.0,0.0,0.0,0.0,0.0,0.0,0.0,0.0,0.0,7,0.0,0.0,0.0,0.0,0.0,0.0,6,0.0,0.0,0.0,0.0,0.0,0.0,0.0,0.0,0.0,0.0,0.0,0.0,0.0,0.0,0.0,0.0,0,8,21,0,0.0,0.0,0,0.0,0.0,0.0,0.0
Valentin Mihaila,ro ROU,"MF,FW",Parma,24,2000,21,16,"1,288",0,3,0,0,2,0,0.0,0.21,0.21,0.0,0.21,0.0,0.0,0.0,0.0,14.3,11,0.0,35.5,0.77,0.0,0.0,0.0,0.0,0.0,0.0,0.0,0.0,0.0,0.0,0.0,0.0,0.0,0.0,0.0,0.0,0.0,0.0,0.0,0.0,0.0,0.0,0.0,0.0,0.0,0.0,0.0,0.0,0.0,33,0.0,0.0,0.0,0.0,0.0,0.0,0.0,0.0,0.0,0.0,0.0,0.0,0.0,0.0,0.0,0.0,0.0,0.0,0.0,0.0,0.0,15,0.0,0.0,0.0,0.0,0.0,0.0,7,0.0,0.0,0.0,0.0,0.0,0.0,0.0,0.0,0.0,0.0,0.0,0.0,0.0,0.0,0.0,0.0,0,17,20,1,0.0,0.0,0,0.0,0.0,0.0,0.0
Vanja Milinković-Savić,rs SRB,GK,Torino,27,1997,37,37,"3,330",0,0,0,0,3,0,0.0,0.0,0.0,0.0,0.0,0.0,0.0,0.0,0.0,37.0,0,0.0,0.0,0.0,0.0,0.0,,0.0,0.0,0.0,0.0,0.0,0.0,0.0,0.0,0.0,0.0,0.0,0.0,0.0,0.0,0.0,0.0,3.0,0.0,0.0,0.0,0.0,0.0,0.0,0.0,0.0,0.0,0,0.0,0.0,0.0,0.0,0.0,0.0,0.0,0.0,0.0,0.0,0.0,0.0,0.0,0.0,0.0,0.0,0.0,0.0,0.0,0.0,0.0,0,0.0,0.0,0.0,0.0,0.0,0.0,0,0.0,0.0,0.0,0.0,0.0,0.0,0.0,0.0,0.0,0.0,0.0,0.0,0.0,0.0,0.0,0.0,0,1,10,0,0.0,0.0,0,0.0,0.0,0.0,0.0
Yerry Mina,co COL,DF,Cagliari,29,1994,31,31,"2,569",1,0,0,0,6,1,0.04,0.0,0.04,0.04,0.04,2.4685893896967173,2.4685893896967173,0.08578109848366972,0.08578109848366972,28.5,8,0.0,30.8,0.28,0.04,0.13,0.09494574575756605,-1.4685893896967173,-1.4685893896967173,0.0,0.0,0.0,0.0,0.0,0.0,0.0,0.0,0.0,0.0,0.0,0.0,0.0,0.0,4.0,0.0,0.0,0.0,0.0,0.0,0.0,0.0,0.0,0.0,1,0.0,0.0,0.0,0.0,0.0,0.0,0.0,0.0,0.0,0.0,0.0,0.0,0.0,0.0,0.0,0.0,0.0,0.0,0.0,0.0,0.0,34,0.0,0.0,0.0,0.0,0.0,0.0,39,0.0,0.0,0.0,0.0,0.0,0.0,0.0,0.0,0.0,0.0,0.0,0.0,0.0,0.0,0.0,0.0,1,40,57,2,0.0,0.0,0,0.0,0.0,0.0,0.0
Juan Miranda,es ESP,DF,Bologna,24,2000,31,25,"2,277",0,6,0,0,4,1,0.0,0.24,0.24,0.0,0.24,0.7252577831968665,0.7252577831968665,0.028742052174248342,0.028742052174248342,25.3,5,0.0,22.7,0.2,0.0,0.0,0.03296626287258484,-0.7252577831968665,-0.7252577831968665,0.0,0.0,0.0,0.0,0.0,0.0,0.0,0.0,0.0,0.0,0.0,0.0,0.0,0.0,57.0,0.0,0.0,0.0,0.0,0.0,0.0,0.0,0.0,0.0,212,0.0,0.0,0.0,0.0,0.0,0.0,0.0,0.0,0.0,0.0,0.0,0.0,0.0,0.0,0.0,0.0,0.0,0.0,0.0,0.0,0.0,20,0.0,0.0,0.0,0.0,0.0,0.0,23,0.0,0.0,0.0,0.0,0.0,0.0,0.0,0.0,0.0,0.0,0.0,0.0,0.0,0.0,0.0,0.0,0,27,32,2,0.0,0.0,0,0.0,0.0,0.0,0.0
Fabio Miretti,it ITA,MF,Genoa,20,2003,25,22,"1,677",3,3,0,0,2,0,0.16,0.16,0.32,0.16,0.32,3.491154466755688,3.491154466755688,0.1828893492479697,0.1828893492479697,18.6,6,0.0,25.0,0.32,0.13,0.5,0.14546476944815367,-0.4911544667556882,-0.4911544667556882,0.0,0.0,0.0,0.0,0.0,0.0,0.0,0.0,0.0,0.0,0.0,0.0,0.0,0.0,22.0,0.0,0.0,0.0,0.0,0.0,0.0,0.0,0.0,0.0,61,0.0,0.0,0.0,0.0,0.0,0.0,0.0,0.0,0.0,0.0,0.0,0.0,0.0,0.0,0.0,0.0,0.0,0.0,0.0,0.0,0.0,15,0.0,0.0,0.0,0.0,0.0,0.0,7,0.0,0.0,0.0,0.0,0.0,0.0,0.0,0.0,0.0,0.0,0.0,0.0,0.0,0.0,0.0,0.0,0,23,55,3,0.0,0.0,0,0.0,0.0,0.0,0.0
Henrikh Mkhitaryan,am ARM,MF,Inter,35,1989,32,30,"2,396",1,4,0,0,4,0,0.04,0.15,0.19,0.04,0.19,1.7231267150491476,1.7231267150491476,0.06353191493421682,0.06353191493421682,26.6,2,0.0,8.7,0.08,0.04,0.5,0.07491855282822381,-0.7231267150491476,-0.7231267150491476,0.0,0.0,0.0,0.0,0.0,0.0,0.0,0.0,0.0,0.0,0.0,0.0,0.0,0.0,29.0,0.0,0.0,0.0,0.0,0.0,0.0,0.0,0.0,0.0,25,0.0,0.0,0.0,0.0,0.0,0.0,0.0,0.0,0.0,0.0,0.0,0.0,0.0,0.0,0.0,0.0,0.0,0.0,0.0,0.0,0.0,24,0.0,0.0,0.0,0.0,0.0,0.0,14,0.0,0.0,0.0,0.0,0.0,0.0,0.0,0.0,0.0,0.0,0.0,0.0,0.0,0.0,0.0,0.0,0,33,24,5,0.0,0.0,0,0.0,0.0,0.0,0.0
Rui Modesto,ao ANG,MF,Udinese,24,1999,20,4,608,0,1,0,0,1,0,0.0,0.15,0.15,0.0,0.15,0.5112633872777224,0.5112633872777224,0.07919742660067988,0.07919742660067988,6.8,2,0.0,66.7,0.3,0.0,0.0,0.17042112909257412,-0.5112633872777224,-0.5112633872777224,0.0,0.0,0.0,0.0,0.0,0.0,0.0,0.0,0.0,0.0,0.0,0.0,0.0,0.0,14.0,0.0,0.0,0.0,0.0,0.0,0.0,0.0,0.0,0.0,26,0.0,0.0,0.0,0.0,0.0,0.0,0.0,0.0,0.0,0.0,0.0,0.0,0.0,0.0,0.0,0.0,0.0,0.0,0.0,0.0,0.0,12,0.0,0.0,0.0,0.0,0.0,0.0,8,0.0,0.0,0.0,0.0,0.0,0.0,0.0,0.0,0.0,0.0,0.0,0.0,0.0,0.0,0.0,0.0,0,10,5,1,0.0,0.0,0,0.0,0.0,0.0,0.0
Lorenzo Montipò,it ITA,GK,Hellas Verona,28,1996,36,36,"3,240",0,0,0,0,0,0,0.0,0.0,0.0,0.0,0.0,0.0,0.0,0.0,0.0,36.0,0,0.0,0.0,0.0,0.0,0.0,,0.0,0.0,0.0,0.0,0.0,0.0,0.0,0.0,0.0,0.0,0.0,0.0,0.0,0.0,0.0,0.0,0.0,0.0,0.0,0.0,0.0,0.0,0.0,0.0,0.0,0.0,0,0.0,0.0,0.0,0.0,0.0,0.0,0.0,0.0,0.0,0.0,0.0,0.0,0.0,0.0,0.0,0.0,0.0,0.0,0.0,0.0,0.0,0,0.0,0.0,0.0,0.0,0.0,0.0,0,0.0,0.0,0.0,0.0,0.0,0.0,0.0,0.0,0.0,0.0,0.0,0.0,0.0,0.0,0.0,0.0,0,0,7,0,0.0,0.0,1,0.0,0.0,0.0,0.0
Álvaro Morata,es ESP,"FW,MF",Milan,31,1992,16,13,"1,099",5,0,0,0,5,0,0.41,0.0,0.41,0.41,0.41,4.817088529467583,4.817088529467583,0.3905747456325067,0.3905747456325067,12.2,10,0.0,37.0,0.82,0.19,0.5,0.17841068627657714,0.1829114705324173,0.1829114705324173,0.0,0.0,0.0,0.0,0.0,0.0,0.0,0.0,0.0,0.0,0.0,0.0,0.0,0.0,7.0,0.0,0.0,0.0,0.0,0.0,0.0,0.0,0.0,0.0,12,0.0,0.0,0.0,0.0,0.0,0.0,0.0,0.0,0.0,0.0,0.0,0.0,0.0,0.0,0.0,0.0,0.0,0.0,0.0,0.0,0.0,10,0.0,0.0,0.0,0.0,0.0,0.0,5,0.0,0.0,0.0,0.0,0.0,0.0,0.0,0.0,0.0,0.0,0.0,0.0,0.0,0.0,0.0,0.0,0,25,18,11,0.0,0.0,0,0.0,0.0,0.0,0.0
Alberto Moreno,es ESP,DF,Como,32,1992,24,21,"1,727",0,0,0,0,4,0,0.0,0.0,0.0,0.0,0.0,0.3882313752546906,0.3882313752546906,0.020080933202828825,0.020080933202828825,19.2,6,0.0,42.9,0.31,0.0,0.0,0.027730812518192184,-0.3882313752546906,-0.3882313752546906,0.0,0.0,0.0,0.0,0.0,0.0,0.0,0.0,0.0,0.0,0.0,0.0,0.0,0.0,19.0,0.0,0.0,0.0,0.0,0.0,0.0,0.0,0.0,0.0,49,0.0,0.0,0.0,0.0,0.0,0.0,0.0,0.0,0.0,0.0,0.0,0.0,0.0,0.0,0.0,0.0,0.0,0.0,0.0,0.0,0.0,13,0.0,0.0,0.0,0.0,0.0,0.0,13,0.0,0.0,0.0,0.0,0.0,0.0,0.0,0.0,0.0,0.0,0.0,0.0,0.0,0.0,0.0,0.0,0,17,14,1,0.0,0.0,0,0.0,0.0,0.0,0.0
Matias Moreno,ar ARG,DF,Fiorentina,20,2003,4,2,144,0,0,0,0,0,0,0.0,0.0,0.0,0.0,0.0,0.0,0.0,0.0,0.0,1.6,0,0.0,0.0,0.0,0.0,0.0,,0.0,0.0,0.0,0.0,0.0,0.0,0.0,0.0,0.0,0.0,0.0,0.0,0.0,0.0,0.0,0.0,2.0,0.0,0.0,0.0,0.0,0.0,0.0,0.0,0.0,0.0,2,0.0,0.0,0.0,0.0,0.0,0.0,0.0,0.0,0.0,0.0,0.0,0.0,0.0,0.0,0.0,0.0,0.0,0.0,0.0,0.0,0.0,8,0.0,0.0,0.0,0.0,0.0,0.0,1,0.0,0.0,0.0,0.0,0.0,0.0,0.0,0.0,0.0,0.0,0.0,0.0,0.0,0.0,0.0,0.0,0,4,0,0,0.0,0.0,0,0.0,0.0,0.0,0.0
Tete Morente,es ESP,"MF,FW",Lecce,27,1996,31,23,"2,021",3,2,0,0,5,0,0.13,0.09,0.22,0.13,0.22,3.1021080827340484,3.1021080827340484,0.13712658518961904,0.13712658518961904,22.5,13,0.0,31.7,0.58,0.07,0.23,0.07566117274961094,-0.10210808273404837,-0.10210808273404837,0.0,0.0,0.0,0.0,0.0,0.0,0.0,0.0,0.0,0.0,0.0,0.0,0.0,0.0,25.0,0.0,0.0,0.0,0.0,0.0,0.0,0.0,0.0,0.0,56,0.0,0.0,0.0,0.0,0.0,0.0,0.0,0.0,0.0,0.0,0.0,0.0,0.0,0.0,0.0,0.0,0.0,0.0,0.0,0.0,0.0,16,0.0,0.0,0.0,0.0,0.0,0.0,13,0.0,0.0,0.0,0.0,0.0,0.0,0.0,0.0,0.0,0.0,0.0,0.0,0.0,0.0,0.0,0.0,0,26,24,0,0.0,0.0,0,0.0,0.0,0.0,0.0
Nikola Moro,hr CRO,MF,Bologna,26,1998,22,15,"1,208",0,2,0,0,1,0,0.0,0.15,0.15,0.0,0.15,0.4687464339658618,0.4687464339658618,0.034494831608280915,0.034494831608280915,13.4,2,0.0,14.3,0.15,0.0,0.0,0.0334818881404187,-0.4687464339658618,-0.4687464339658618,0.0,0.0,0.0,0.0,0.0,0.0,0.0,0.0,0.0,0.0,0.0,0.0,0.0,0.0,20.0,0.0,0.0,0.0,0.0,0.0,0.0,0.0,0.0,0.0,33,0.0,0.0,0.0,0.0,0.0,0.0,0.0,0.0,0.0,0.0,0.0,0.0,0.0,0.0,0.0,0.0,0.0,0.0,0.0,0.0,0.0,27,0.0,0.0,0.0,0.0,0.0,0.0,12,0.0,0.0,0.0,0.0,0.0,0.0,0.0,0.0,0.0,0.0,0.0,0.0,0.0,0.0,0.0,0.0,0,22,9,0,0.0,0.0,0,0.0,0.0,0.0,0.0
Daniel Mosquera,co COL,FW,Hellas Verona,24,1999,35,12,"1,375",5,1,0,0,4,0,0.33,0.07,0.39,0.33,0.39,7.168538000434637,7.168538000434637,0.48363449778044776,0.48363449778044776,15.3,16,0.0,28.1,1.05,0.09,0.31,0.1257638245690287,-2.168538000434637,-2.168538000434637,0.0,0.0,0.0,0.0,0.0,0.0,0.0,0.0,0.0,0.0,0.0,0.0,0.0,0.0,12.0,0.0,0.0,0.0,0.0,0.0,0.0,0.0,0.0,0.0,2,0.0,0.0,0.0,0.0,0.0,0.0,0.0,0.0,0.0,0.0,0.0,0.0,0.0,0.0,0.0,0.0,0.0,0.0,0.0,0.0,0.0,8,0.0,0.0,0.0,0.0,0.0,0.0,3,0.0,0.0,0.0,0.0,0.0,0.0,0.0,0.0,0.0,0.0,0.0,0.0,0.0,0.0,0.0,0.0,0,44,17,8,0.0,0.0,0,0.0,0.0,0.0,0.0
Dany Mota,pt POR,"MF,FW",Monza,26,1998,31,24,"2,104",5,2,0,0,3,0,0.21,0.09,0.3,0.21,0.3,4.940644808113575,4.940644808113575,0.2096454656908165,0.2096454656908165,23.4,11,0.0,26.2,0.47,0.12,0.45,0.11763440019318036,0.05935519188642502,0.05935519188642502,0.0,0.0,0.0,0.0,0.0,0.0,0.0,0.0,0.0,0.0,0.0,0.0,0.0,0.0,21.0,0.0,0.0,0.0,0.0,0.0,0.0,0.0,0.0,0.0,38,0.0,0.0,0.0,0.0,0.0,0.0,0.0,0.0,0.0,0.0,0.0,0.0,0.0,0.0,0.0,0.0,0.0,0.0,0.0,0.0,0.0,4,0.0,0.0,0.0,0.0,0.0,0.0,8,0.0,0.0,0.0,0.0,0.0,0.0,0.0,0.0,0.0,0.0,0.0,0.0,0.0,0.0,0.0,0.0,0,30,36,7,0.0,0.0,0,0.0,0.0,0.0,0.0
Bob Murphy Omoregbe,it ITA,FW,Milan,20,2003,1,0,3,0,0,0,0,0,0,0.0,0.0,0.0,0.0,0.0,0.0,0.0,0.0,0.0,0.0,0,0.0,0.0,0.0,0.0,0.0,0.0,0.0,0.0,0.0,0.0,0.0,0.0,0.0,0.0,0.0,0.0,0.0,0.0,0.0,0.0,0.0,0.0,0.0,0.0,0.0,0.0,0.0,0.0,0.0,0.0,0.0,0.0,0,0.0,0.0,0.0,0.0,0.0,0.0,0.0,0.0,0.0,0.0,0.0,0.0,0.0,0.0,0.0,0.0,0.0,0.0,0.0,0.0,0.0,0,0.0,0.0,0.0,0.0,0.0,0.0,0,0.0,0.0,0.0,0.0,0.0,0.0,0.0,0.0,0.0,0.0,0.0,0.0,0.0,0.0,0.0,0.0,0,1,0,0,0.0,0.0,0,0.0,0.0,0.0,0.0
Yunus Musah,us USA,"MF,FW",Milan,21,2002,29,19,"1,571",0,2,0,0,5,0,0.0,0.11,0.11,0.0,0.11,2.601052531041205,2.601052531041205,0.14996459179609764,0.14996459179609764,17.5,5,0.0,22.7,0.29,0.0,0.0,0.11822966050187295,-2.601052531041205,-2.601052531041205,0.0,0.0,0.0,0.0,0.0,0.0,0.0,0.0,0.0,0.0,0.0,0.0,0.0,0.0,23.0,0.0,0.0,0.0,0.0,0.0,0.0,0.0,0.0,0.0,24,0.0,0.0,0.0,0.0,0.0,0.0,0.0,0.0,0.0,0.0,0.0,0.0,0.0,0.0,0.0,0.0,0.0,0.0,0.0,0.0,0.0,18,0.0,0.0,0.0,0.0,0.0,0.0,7,0.0,0.0,0.0,0.0,0.0,0.0,0.0,0.0,0.0,0.0,0.0,0.0,0.0,0.0,0.0,0.0,0,36,17,1,0.0,0.0,0,0.0,0.0,0.0,0.0
Juan Musso,ar ARG,GK,Atalanta,30,1994,1,1,90,0,0,0,0,0,0,0.0,0.0,0.0,0.0,0.0,0.0,0.0,0.0,0.0,1.0,0,0.0,0.0,0.0,0.0,0.0,,0.0,0.0,0.0,0.0,0.0,0.0,0.0,0.0,0.0,0.0,0.0,0.0,0.0,0.0,0.0,0.0,0.0,0.0,0.0,0.0,0.0,0.0,0.0,0.0,0.0,0.0,0,0.0,0.0,0.0,0.0,0.0,0.0,0.0,0.0,0.0,0.0,0.0,0.0,0.0,0.0,0.0,0.0,0.0,0.0,0.0,0.0,0.0,0,0.0,0.0,0.0,0.0,0.0,0.0,0,0.0,0.0,0.0,0.0,0.0,0.0,0.0,0.0,0.0,0.0,0.0,0.0,0.0,0.0,0.0,0.0,0,0,1,0,0.0,0.0,0,0.0,0.0,0.0,0.0
Kingstone Mutandwa,zm ZAM,FW,Cagliari,21,2003,6,0,127,0,0,0,0,0,0,0.0,0.0,0.0,0.0,0.0,0.2073217704892158,0.2073217704892158,0.18293097396107277,0.18293097396107277,1.4,0,0.0,0.0,0.0,0.0,0.0,0.05183044262230395,-0.2073217704892158,-0.2073217704892158,0.0,0.0,0.0,0.0,0.0,0.0,0.0,0.0,0.0,0.0,0.0,0.0,0.0,0.0,0.0,0.0,0.0,0.0,0.0,0.0,0.0,0.0,0.0,0.0,1,0.0,0.0,0.0,0.0,0.0,0.0,0.0,0.0,0.0,0.0,0.0,0.0,0.0,0.0,0.0,0.0,0.0,0.0,0.0,0.0,0.0,0,0.0,0.0,0.0,0.0,0.0,0.0,0,0.0,0.0,0.0,0.0,0.0,0.0,0.0,0.0,0.0,0.0,0.0,0.0,0.0,0.0,0.0,0.0,0,7,1,0,0.0,0.0,0,0.0,0.0,0.0,0.0
Obite N'Dicka,ci CIV,DF,Roma,24,1999,38,38,"3,420",0,1,0,0,2,0,0.0,0.03,0.03,0.0,0.03,0.0,0.0,0.0,0.0,38.0,5,0.0,27.8,0.13,0.0,0.0,0.0,0.0,0.0,0.0,0.0,0.0,0.0,0.0,0.0,0.0,0.0,0.0,0.0,0.0,0.0,0.0,0.0,0.0,0.0,0.0,0.0,0.0,0.0,0.0,0.0,0.0,0.0,0,0.0,0.0,0.0,0.0,0.0,0.0,0.0,0.0,0.0,0.0,0.0,0.0,0.0,0.0,0.0,0.0,0.0,0.0,0.0,0.0,0.0,27,0.0,0.0,0.0,0.0,0.0,0.0,35,0.0,0.0,0.0,0.0,0.0,0.0,0.0,0.0,0.0,0.0,0.0,0.0,0.0,0.0,0.0,0.0,0,37,23,1,0.0,0.0,0,0.0,0.0,0.0,0.0
Konan N'dri,ne NIG,MF,Lecce,23,2000,11,2,306,0,0,0,0,0,0,0.0,0.0,0.0,0.0,0.0,0.0,0.0,0.0,0.0,3.4,2,0.0,22.2,0.59,0.0,0.0,0.0,0.0,0.0,0.0,0.0,0.0,0.0,0.0,0.0,0.0,0.0,0.0,0.0,0.0,0.0,0.0,0.0,0.0,0.0,0.0,0.0,0.0,0.0,0.0,0.0,0.0,0.0,13,0.0,0.0,0.0,0.0,0.0,0.0,0.0,0.0,0.0,0.0,0.0,0.0,0.0,0.0,0.0,0.0,0.0,0.0,0.0,0.0,0.0,3,0.0,0.0,0.0,0.0,0.0,0.0,1,0.0,0.0,0.0,0.0,0.0,0.0,0.0,0.0,0.0,0.0,0.0,0.0,0.0,0.0,0.0,0.0,0,7,6,0,0.0,0.0,0,0.0,0.0,0.0,0.0
Michel Ndary Adopo,fr FRA,MF,Cagliari,24,2000,35,27,"2,409",1,1,0,0,5,1,0.04,0.04,0.07,0.04,0.07,0.0,0.0,0.0,0.0,26.8,4,0.0,20.0,0.15,0.05,0.25,0.0,0.0,0.0,0.0,0.0,0.0,0.0,0.0,0.0,0.0,0.0,0.0,0.0,0.0,0.0,0.0,0.0,0.0,0.0,0.0,0.0,0.0,0.0,0.0,0.0,0.0,0.0,8,0.0,0.0,0.0,0.0,0.0,0.0,0.0,0.0,0.0,0.0,0.0,0.0,0.0,0.0,0.0,0.0,0.0,0.0,0.0,0.0,0.0,34,0.0,0.0,0.0,0.0,0.0,0.0,26,0.0,0.0,0.0,0.0,0.0,0.0,0.0,0.0,0.0,0.0,0.0,0.0,0.0,0.0,0.0,0.0,1,29,16,0,0.0,0.0,0,0.0,0.0,0.0,0.0
Cher Ndour,it ITA,MF,Fiorentina,20,2004,9,4,406,0,0,0,0,1,0,0.0,0.0,0.0,0.0,0.0,0.1504337266087532,0.1504337266087532,0.0341033637148307,0.0341033637148307,4.5,0,0.0,0.0,0.0,0.0,0.0,0.0376084316521883,-0.1504337266087532,-0.1504337266087532,0.0,0.0,0.0,0.0,0.0,0.0,0.0,0.0,0.0,0.0,0.0,0.0,0.0,0.0,0.0,0.0,0.0,0.0,0.0,0.0,0.0,0.0,0.0,0.0,7,0.0,0.0,0.0,0.0,0.0,0.0,0.0,0.0,0.0,0.0,0.0,0.0,0.0,0.0,0.0,0.0,0.0,0.0,0.0,0.0,0.0,1,0.0,0.0,0.0,0.0,0.0,0.0,2,0.0,0.0,0.0,0.0,0.0,0.0,0.0,0.0,0.0,0.0,0.0,0.0,0.0,0.0,0.0,0.0,0,6,6,0,0.0,0.0,0,0.0,0.0,0.0,0.0
Dan Ndoye,ch SUI,"MF,FW",Bologna,23,2000,30,26,"2,143",8,4,2,2,4,0,0.34,0.17,0.5,0.25,0.42,8.556749558076262,7.034151768311858,0.3555436104463821,0.2922777743065869,23.8,20,0.0,38.5,0.84,0.12,0.3,0.13527214939061266,-0.5567495580762625,-1.0341517683118582,0.0,0.0,0.0,0.0,0.0,0.0,0.0,0.0,0.0,0.0,0.0,0.0,0.0,0.0,28.0,0.0,0.0,0.0,0.0,0.0,0.0,0.0,0.0,0.0,43,0.0,0.0,0.0,0.0,0.0,0.0,0.0,0.0,0.0,0.0,0.0,0.0,0.0,0.0,0.0,0.0,0.0,0.0,0.0,0.0,0.0,20,0.0,0.0,0.0,0.0,0.0,0.0,9,0.0,0.0,0.0,0.0,0.0,0.0,0.0,0.0,0.0,0.0,0.0,0.0,0.0,0.0,0.0,0.0,0,23,101,13,0.0,0.0,0,0.0,0.0,0.0,0.0
Victor Nelsson,dk DEN,DF,Roma,25,1998,4,1,187,0,0,0,0,0,0,0.0,0.0,0.0,0.0,0.0,0.0469137728214263,0.0469137728214263,0.023587930468873558,0.023587930468873558,2.1,0,0.0,0.0,0.0,0.0,0.0,0.0469137728214263,-0.0469137728214263,-0.0469137728214263,0.0,0.0,0.0,0.0,0.0,0.0,0.0,0.0,0.0,0.0,0.0,0.0,0.0,0.0,0.0,0.0,0.0,0.0,0.0,0.0,0.0,0.0,0.0,0.0,0,0.0,0.0,0.0,0.0,0.0,0.0,0.0,0.0,0.0,0.0,0.0,0.0,0.0,0.0,0.0,0.0,0.0,0.0,0.0,0.0,0.0,3,0.0,0.0,0.0,0.0,0.0,0.0,2,0.0,0.0,0.0,0.0,0.0,0.0,0.0,0.0,0.0,0.0,0.0,0.0,0.0,0.0,0.0,0.0,0,2,5,0,0.0,0.0,0,0.0,0.0,0.0,0.0
David Neres,br BRA,FW,Napoli,27,1997,28,13,"1,283",2,4,0,0,1,0,0.14,0.28,0.42,0.14,0.42,2.994298680685461,2.994298680685461,0.21252908616852642,0.21252908616852642,14.3,7,0.0,24.1,0.49,0.07,0.29,0.10325167864432624,-0.994298680685461,-0.994298680685461,0.0,0.0,0.0,0.0,0.0,0.0,0.0,0.0,0.0,0.0,0.0,0.0,0.0,0.0,26.0,0.0,0.0,0.0,0.0,0.0,0.0,0.0,0.0,0.0,92,0.0,0.0,0.0,0.0,0.0,0.0,0.0,0.0,0.0,0.0,0.0,0.0,0.0,0.0,0.0,0.0,0.0,0.0,0.0,0.0,0.0,11,0.0,0.0,0.0,0.0,0.0,0.0,7,0.0,0.0,0.0,0.0,0.0,0.0,0.0,0.0,0.0,0.0,0.0,0.0,0.0,0.0,0.0,0.0,0,14,10,4,0.0,0.0,0,0.0,0.0,0.0,0.0
Cyril Ngonge,be BEL,FW,Napoli,24,2000,18,1,216,0,0,0,0,2,0,0.0,0.0,0.0,0.0,0.0,0.5907556600868702,0.5907556600868702,0.3003842339424764,0.3003842339424764,2.4,6,0.0,46.2,2.5,0.0,0.0,0.0454427430836054,-0.5907556600868702,-0.5907556600868702,0.0,0.0,0.0,0.0,0.0,0.0,0.0,0.0,0.0,0.0,0.0,0.0,0.0,0.0,3.0,0.0,0.0,0.0,0.0,0.0,0.0,0.0,0.0,0.0,11,0.0,0.0,0.0,0.0,0.0,0.0,0.0,0.0,0.0,0.0,0.0,0.0,0.0,0.0,0.0,0.0,0.0,0.0,0.0,0.0,0.0,5,0.0,0.0,0.0,0.0,0.0,0.0,2,0.0,0.0,0.0,0.0,0.0,0.0,0.0,0.0,0.0,0.0,0.0,0.0,0.0,0.0,0.0,0.0,0,8,14,1,0.0,0.0,0,0.0,0.0,0.0,0.0
Cheikh Niasse,sn SEN,MF,Hellas Verona,24,2000,11,8,755,0,0,0,0,4,0,0.0,0.0,0.0,0.0,0.0,0.1723746107891202,0.1723746107891202,0.02041278285660634,0.02041278285660634,8.4,1,0.0,33.3,0.12,0.0,0.0,0.0574582035963734,-0.1723746107891202,-0.1723746107891202,0.0,0.0,0.0,0.0,0.0,0.0,0.0,0.0,0.0,0.0,0.0,0.0,0.0,0.0,4.0,0.0,0.0,0.0,0.0,0.0,0.0,0.0,0.0,0.0,2,0.0,0.0,0.0,0.0,0.0,0.0,0.0,0.0,0.0,0.0,0.0,0.0,0.0,0.0,0.0,0.0,0.0,0.0,0.0,0.0,0.0,15,0.0,0.0,0.0,0.0,0.0,0.0,16,0.0,0.0,0.0,0.0,0.0,0.0,0.0,0.0,0.0,0.0,0.0,0.0,0.0,0.0,0.0,0.0,0,11,14,0,0.0,0.0,0,0.0,0.0,0.0,0.0
Hans Nicolussi Caviglia,it ITA,MF,Venezia,24,2000,35,33,"2,861",4,2,0,0,7,1,0.13,0.06,0.19,0.13,0.19,2.2404830921441317,2.2404830921441317,0.06994224012936937,0.06994224012936937,31.8,20,0.0,37.7,0.63,0.08,0.2,0.04227326588951192,1.7595169078558683,1.7595169078558683,0.0,0.0,0.0,0.0,0.0,0.0,0.0,0.0,0.0,0.0,0.0,0.0,0.0,0.0,29.0,0.0,0.0,0.0,0.0,0.0,0.0,0.0,0.0,0.0,69,0.0,0.0,0.0,0.0,0.0,0.0,0.0,0.0,0.0,0.0,0.0,0.0,0.0,0.0,0.0,0.0,0.0,0.0,0.0,0.0,0.0,29,0.0,0.0,0.0,0.0,0.0,0.0,29,0.0,0.0,0.0,0.0,0.0,0.0,0.0,0.0,0.0,0.0,0.0,0.0,0.0,0.0,0.0,0.0,1,50,38,0,0.0,0.0,0,0.0,0.0,0.0,0.0
Oliver Nielsen,dk DEN,DF,Lazio,21,2003,2,0,35,0,0,0,0,1,0,0.0,0.0,0.0,0.0,0.0,0.0,0.0,0.0,0.0,0.4,0,0.0,0.0,0.0,0.0,0.0,0.0,0.0,0.0,0.0,0.0,0.0,0.0,0.0,0.0,0.0,0.0,0.0,0.0,0.0,0.0,0.0,0.0,0.0,0.0,0.0,0.0,0.0,0.0,0.0,0.0,0.0,0.0,0,0.0,0.0,0.0,0.0,0.0,0.0,0.0,0.0,0.0,0.0,0.0,0.0,0.0,0.0,0.0,0.0,0.0,0.0,0.0,0.0,0.0,0,0.0,0.0,0.0,0.0,0.0,0.0,1,0.0,0.0,0.0,0.0,0.0,0.0,0.0,0.0,0.0,0.0,0.0,0.0,0.0,0.0,0.0,0.0,0,2,0,1,0.0,0.0,0,0.0,0.0,0.0,0.0
Alieu Njie,se SWE,FW,Torino,19,2005,16,0,394,1,0,0,0,1,0,0.23,0.0,0.23,0.23,0.23,1.2351643005385995,1.2351643005385995,0.3079356981952187,0.3079356981952187,4.4,5,0.0,55.6,1.14,0.11,0.2,0.13724047783762217,-0.2351643005385995,-0.2351643005385995,0.0,0.0,0.0,0.0,0.0,0.0,0.0,0.0,0.0,0.0,0.0,0.0,0.0,0.0,4.0,0.0,0.0,0.0,0.0,0.0,0.0,0.0,0.0,0.0,6,0.0,0.0,0.0,0.0,0.0,0.0,0.0,0.0,0.0,0.0,0.0,0.0,0.0,0.0,0.0,0.0,0.0,0.0,0.0,0.0,0.0,1,0.0,0.0,0.0,0.0,0.0,0.0,0,0.0,0.0,0.0,0.0,0.0,0.0,0.0,0.0,0.0,0.0,0.0,0.0,0.0,0.0,0.0,0.0,0,12,12,2,0.0,0.0,0,0.0,0.0,0.0,0.0
Brooke Norton-Cuffy,eng ENG,"MF,DF",Genoa,20,2004,14,8,719,0,0,0,0,0,0,0.0,0.0,0.0,0.0,0.0,0.2189343944191932,0.2189343944191932,0.027140627407338,0.027140627407338,8.0,2,0.0,40.0,0.25,0.0,0.0,0.04378687888383864,-0.2189343944191932,-0.2189343944191932,0.0,0.0,0.0,0.0,0.0,0.0,0.0,0.0,0.0,0.0,0.0,0.0,0.0,0.0,2.0,0.0,0.0,0.0,0.0,0.0,0.0,0.0,0.0,0.0,12,0.0,0.0,0.0,0.0,0.0,0.0,0.0,0.0,0.0,0.0,0.0,0.0,0.0,0.0,0.0,0.0,0.0,0.0,0.0,0.0,0.0,7,0.0,0.0,0.0,0.0,0.0,0.0,3,0.0,0.0,0.0,0.0,0.0,0.0,0.0,0.0,0.0,0.0,0.0,0.0,0.0,0.0,0.0,0.0,0,7,3,0,0.0,0.0,0,0.0,0.0,0.0,0.0
Tijjani Noslin,nl NED,"MF,FW",Lazio,25,1999,30,8,861,2,2,0,0,2,0,0.21,0.21,0.42,0.21,0.42,2.656429646536708,2.656429646536708,0.2880465881786792,0.2880465881786792,9.6,6,0.0,31.6,0.63,0.11,0.33,0.13981208665982672,-0.6564296465367079,-0.6564296465367079,0.0,0.0,0.0,0.0,0.0,0.0,0.0,0.0,0.0,0.0,0.0,0.0,0.0,0.0,12.0,0.0,0.0,0.0,0.0,0.0,0.0,0.0,0.0,0.0,15,0.0,0.0,0.0,0.0,0.0,0.0,0.0,0.0,0.0,0.0,0.0,0.0,0.0,0.0,0.0,0.0,0.0,0.0,0.0,0.0,0.0,5,0.0,0.0,0.0,0.0,0.0,0.0,1,0.0,0.0,0.0,0.0,0.0,0.0,0.0,0.0,0.0,0.0,0.0,0.0,0.0,0.0,0.0,0.0,0,20,15,1,0.0,0.0,0,0.0,0.0,0.0,0.0
Adam Obert,sk SVK,"DF,MF",Cagliari,21,2002,21,13,"1,077",1,1,0,0,4,0,0.08,0.08,0.17,0.08,0.17,1.016501558944583,1.016501558944583,0.08534061595616835,0.08534061595616835,12.0,2,0.0,22.2,0.17,0.11,0.5,0.11294461766050921,-0.01650155894458294,-0.01650155894458294,0.0,0.0,0.0,0.0,0.0,0.0,0.0,0.0,0.0,0.0,0.0,0.0,0.0,0.0,10.0,0.0,0.0,0.0,0.0,0.0,0.0,0.0,0.0,0.0,10,0.0,0.0,0.0,0.0,0.0,0.0,0.0,0.0,0.0,0.0,0.0,0.0,0.0,0.0,0.0,0.0,0.0,0.0,0.0,0.0,0.0,17,0.0,0.0,0.0,0.0,0.0,0.0,21,0.0,0.0,0.0,0.0,0.0,0.0,0.0,0.0,0.0,0.0,0.0,0.0,0.0,0.0,0.0,0.0,0,22,7,0,0.0,0.0,0,0.0,0.0,0.0,0.0
Jens Odgaard,dk DEN,MF,Bologna,25,1999,29,24,"1,952",6,1,0,0,1,0,0.28,0.05,0.32,0.28,0.32,5.312568726018071,5.312568726018071,0.24062968562739123,0.24062968562739123,21.7,22,0.0,44.9,1.01,0.12,0.27,0.10841976991873614,0.6874312739819288,0.6874312739819288,0.0,0.0,0.0,0.0,0.0,0.0,0.0,0.0,0.0,0.0,0.0,0.0,0.0,0.0,17.0,0.0,0.0,0.0,0.0,0.0,0.0,0.0,0.0,0.0,23,0.0,0.0,0.0,0.0,0.0,0.0,0.0,0.0,0.0,0.0,0.0,0.0,0.0,0.0,0.0,0.0,0.0,0.0,0.0,0.0,0.0,13,0.0,0.0,0.0,0.0,0.0,0.0,10,0.0,0.0,0.0,0.0,0.0,0.0,0.0,0.0,0.0,0.0,0.0,0.0,0.0,0.0,0.0,0.0,0,42,44,4,0.0,0.0,0,0.0,0.0,0.0,0.0
Noah Okafor,ch SUI,"FW,MF",Milan,24,2000,11,5,414,1,0,0,0,0,0,0.22,0.0,0.22,0.22,0.22,2.230065990239382,2.230065990239382,0.4613929634978032,0.4613929634978032,4.6,6,0.0,50.0,1.3,0.08,0.17,0.17154353771072167,-1.2300659902393818,-1.2300659902393818,0.0,0.0,0.0,0.0,0.0,0.0,0.0,0.0,0.0,0.0,0.0,0.0,0.0,0.0,7.0,0.0,0.0,0.0,0.0,0.0,0.0,0.0,0.0,0.0,13,0.0,0.0,0.0,0.0,0.0,0.0,0.0,0.0,0.0,0.0,0.0,0.0,0.0,0.0,0.0,0.0,0.0,0.0,0.0,0.0,0.0,1,0.0,0.0,0.0,0.0,0.0,0.0,2,0.0,0.0,0.0,0.0,0.0,0.0,0.0,0.0,0.0,0.0,0.0,0.0,0.0,0.0,0.0,0.0,0,6,5,1,0.0,0.0,0,0.0,0.0,0.0,0.0
Noah Okafor,ch SUI,"FW,MF",Napoli,24,2000,4,0,40,0,0,0,0,0,0,0.0,0.0,0.0,0.0,0.0,2.230065990239382,2.230065990239382,0.4613929634978032,0.4613929634978032,0.4,0,0.0,0.0,0.0,0.0,0.0,0.17154353771072167,-1.2300659902393818,-1.2300659902393818,0.0,0.0,0.0,0.0,0.0,0.0,0.0,0.0,0.0,0.0,0.0,0.0,0.0,0.0,7.0,0.0,0.0,0.0,0.0,0.0,0.0,0.0,0.0,0.0,3,0.0,0.0,0.0,0.0,0.0,0.0,0.0,0.0,0.0,0.0,0.0,0.0,0.0,0.0,0.0,0.0,0.0,0.0,0.0,0.0,0.0,2,0.0,0.0,0.0,0.0,0.0,0.0,0,0.0,0.0,0.0,0.0,0.0,0.0,0.0,0.0,0.0,0.0,0.0,0.0,0.0,0.0,0.0,0.0,0,2,1,0,0.0,0.0,0,0.0,0.0,0.0,0.0
Yllan Okou,fr FRA,DF,Hellas Verona,21,2002,1,0,2,0,0,0,0,0,0,0.0,0.0,0.0,0.0,0.0,0.0,0.0,0.0,0.0,0.0,0,0.0,0.0,0.0,0.0,0.0,,0.0,0.0,0.0,0.0,0.0,0.0,0.0,0.0,0.0,0.0,0.0,0.0,0.0,0.0,0.0,0.0,0.0,0.0,0.0,0.0,0.0,0.0,0.0,0.0,0.0,0.0,0,0.0,0.0,0.0,0.0,0.0,0.0,0.0,0.0,0.0,0.0,0.0,0.0,0.0,0.0,0.0,0.0,0.0,0.0,0.0,0.0,0.0,0,0.0,0.0,0.0,0.0,0.0,0.0,0,0.0,0.0,0.0,0.0,0.0,0.0,0.0,0.0,0.0,0.0,0.0,0.0,0.0,0.0,0.0,0.0,0,0,0,0,0.0,0.0,0,0.0,0.0,0.0,0.0
Maduka Okoye,ng NGA,GK,Udinese,24,1999,25,25,"2,250",0,0,0,0,1,0,0.0,0.0,0.0,0.0,0.0,0.0,0.0,0.0,0.0,25.0,0,0.0,0.0,0.0,0.0,0.0,,0.0,0.0,0.0,0.0,0.0,0.0,0.0,0.0,0.0,0.0,0.0,0.0,0.0,0.0,0.0,0.0,0.0,0.0,0.0,0.0,0.0,0.0,0.0,0.0,0.0,0.0,0,0.0,0.0,0.0,0.0,0.0,0.0,0.0,0.0,0.0,0.0,0.0,0.0,0.0,0.0,0.0,0.0,0.0,0.0,0.0,0.0,0.0,0,0.0,0.0,0.0,0.0,0.0,0.0,0,0.0,0.0,0.0,0.0,0.0,0.0,0.0,0.0,0.0,0.0,0.0,0.0,0.0,0.0,0.0,0.0,0,0,1,0,0.0,0.0,1,0.0,0.0,0.0,0.0
Mathías Olivera,uy URU,DF,Napoli,26,1997,32,26,"2,370",0,2,0,0,4,0,0.0,0.08,0.08,0.0,0.08,1.097764770500362,1.097764770500362,0.041863910739420584,0.041863910739420584,26.3,2,0.0,12.5,0.08,0.0,0.0,0.06861029815627262,-1.097764770500362,-1.097764770500362,0.0,0.0,0.0,0.0,0.0,0.0,0.0,0.0,0.0,0.0,0.0,0.0,0.0,0.0,25.0,0.0,0.0,0.0,0.0,0.0,0.0,0.0,0.0,0.0,22,0.0,0.0,0.0,0.0,0.0,0.0,0.0,0.0,0.0,0.0,0.0,0.0,0.0,0.0,0.0,0.0,0.0,0.0,0.0,0.0,0.0,36,0.0,0.0,0.0,0.0,0.0,0.0,25,0.0,0.0,0.0,0.0,0.0,0.0,0.0,0.0,0.0,0.0,0.0,0.0,0.0,0.0,0.0,0.0,0,28,22,2,0.0,0.0,0,0.0,0.0,0.0,0.0
Jean Onana,cm CMR,MF,Genoa,24,2000,9,2,304,0,0,0,0,1,0,0.0,0.0,0.0,0.0,0.0,0.0098431883379817,0.0098431883379817,0.0030442850529840307,0.0030442850529840307,3.4,0,0.0,0.0,0.0,0.0,0.0,0.0098431883379817,-0.0098431883379817,-0.0098431883379817,0.0,0.0,0.0,0.0,0.0,0.0,0.0,0.0,0.0,0.0,0.0,0.0,0.0,0.0,2.0,0.0,0.0,0.0,0.0,0.0,0.0,0.0,0.0,0.0,1,0.0,0.0,0.0,0.0,0.0,0.0,0.0,0.0,0.0,0.0,0.0,0.0,0.0,0.0,0.0,0.0,0.0,0.0,0.0,0.0,0.0,6,0.0,0.0,0.0,0.0,0.0,0.0,4,0.0,0.0,0.0,0.0,0.0,0.0,0.0,0.0,0.0,0.0,0.0,0.0,0.0,0.0,0.0,0.0,0,12,2,0,0.0,0.0,0,0.0,0.0,0.0,0.0
Jacob Ondrejka,se SWE,MF,Parma,21,2002,12,3,422,5,0,0,0,0,0,1.07,0.0,1.07,1.07,1.07,1.3530066162347794,1.3530066162347794,0.29845734181649547,0.29845734181649547,4.7,10,0.0,71.4,2.13,0.36,0.5,0.09664332973105567,3.6469933837652206,3.6469933837652206,0.0,0.0,0.0,0.0,0.0,0.0,0.0,0.0,0.0,0.0,0.0,0.0,0.0,0.0,8.0,0.0,0.0,0.0,0.0,0.0,0.0,0.0,0.0,0.0,16,0.0,0.0,0.0,0.0,0.0,0.0,0.0,0.0,0.0,0.0,0.0,0.0,0.0,0.0,0.0,0.0,0.0,0.0,0.0,0.0,0.0,5,0.0,0.0,0.0,0.0,0.0,0.0,7,0.0,0.0,0.0,0.0,0.0,0.0,0.0,0.0,0.0,0.0,0.0,0.0,0.0,0.0,0.0,0.0,0,1,8,0,0.0,0.0,0,0.0,0.0,0.0,0.0
Gaetano Oristanio,it ITA,"FW,MF",Venezia,21,2002,37,29,"2,315",3,3,0,0,3,0,0.12,0.12,0.23,0.12,0.23,5.692690180614591,5.692690180614591,0.21773995590961034,0.21773995590961034,25.7,12,0.0,27.3,0.47,0.07,0.25,0.12937932228669524,-2.6926901806145906,-2.6926901806145906,0.0,0.0,0.0,0.0,0.0,0.0,0.0,0.0,0.0,0.0,0.0,0.0,0.0,0.0,33.0,0.0,0.0,0.0,0.0,0.0,0.0,0.0,0.0,0.0,56,0.0,0.0,0.0,0.0,0.0,0.0,0.0,0.0,0.0,0.0,0.0,0.0,0.0,0.0,0.0,0.0,0.0,0.0,0.0,0.0,0.0,14,0.0,0.0,0.0,0.0,0.0,0.0,7,0.0,0.0,0.0,0.0,0.0,0.0,0.0,0.0,0.0,0.0,0.0,0.0,0.0,0.0,0.0,0.0,0,50,71,11,0.0,0.0,0,0.0,0.0,0.0,0.0
Riccardo Orsolini,it ITA,"MF,FW",Bologna,27,1997,30,23,"1,878",15,4,3,3,2,0,0.72,0.19,0.91,0.58,0.77,10.357791488990188,8.073895009234548,0.4870434869431123,0.3796502355439443,20.9,28,0.0,37.3,1.34,0.16,0.43,0.10765193345646064,4.642208511009812,3.9261049907654524,0.0,0.0,0.0,0.0,0.0,0.0,0.0,0.0,0.0,0.0,0.0,0.0,0.0,0.0,30.0,0.0,0.0,0.0,0.0,0.0,0.0,0.0,0.0,0.0,70,0.0,0.0,0.0,0.0,0.0,0.0,0.0,0.0,0.0,0.0,0.0,0.0,0.0,0.0,0.0,0.0,0.0,0.0,0.0,0.0,0.0,14,0.0,0.0,0.0,0.0,0.0,0.0,9,0.0,0.0,0.0,0.0,0.0,0.0,0.0,0.0,0.0,0.0,0.0,0.0,0.0,0.0,0.0,0.0,0,27,46,12,0.0,0.0,0,0.0,0.0,0.0,0.0
Yordan Osorio,ve VEN,DF,Parma,30,1994,3,2,172,0,0,0,0,0,0,0.0,0.0,0.0,0.0,0.0,0.0262460224330425,0.0262460224330425,0.013894953052787205,0.013894953052787205,1.9,0,0.0,0.0,0.0,0.0,0.0,0.0262460224330425,-0.0262460224330425,-0.0262460224330425,0.0,0.0,0.0,0.0,0.0,0.0,0.0,0.0,0.0,0.0,0.0,0.0,0.0,0.0,1.0,0.0,0.0,0.0,0.0,0.0,0.0,0.0,0.0,0.0,0,0.0,0.0,0.0,0.0,0.0,0.0,0.0,0.0,0.0,0.0,0.0,0.0,0.0,0.0,0.0,0.0,0.0,0.0,0.0,0.0,0.0,2,0.0,0.0,0.0,0.0,0.0,0.0,4,0.0,0.0,0.0,0.0,0.0,0.0,0.0,0.0,0.0,0.0,0.0,0.0,0.0,0.0,0.0,0.0,0,5,2,0,0.0,0.0,0,0.0,0.0,0.0,0.0
Sebastian Otoa,dk DEN,DF,Genoa,20,2004,3,3,179,0,0,0,0,1,1,0.0,0.0,0.0,0.0,0.0,0.0,0.0,0.0,0.0,2.0,0,0.0,0.0,0.0,0.0,0.0,,0.0,0.0,0.0,0.0,0.0,0.0,0.0,0.0,0.0,0.0,0.0,0.0,0.0,0.0,0.0,0.0,0.0,0.0,0.0,0.0,0.0,0.0,0.0,0.0,0.0,0.0,0,0.0,0.0,0.0,0.0,0.0,0.0,0.0,0.0,0.0,0.0,0.0,0.0,0.0,0.0,0.0,0.0,0.0,0.0,0.0,0.0,0.0,0,0.0,0.0,0.0,0.0,0.0,0.0,3,0.0,0.0,0.0,0.0,0.0,0.0,0.0,0.0,0.0,0.0,0.0,0.0,0.0,0.0,0.0,0.0,0,5,0,0,0.0,0.0,0,0.0,0.0,0.0,0.0
Remi Oudin,fr FRA,MF,Lecce,27,1996,11,3,299,0,0,0,0,1,0,0.0,0.0,0.0,0.0,0.0,0.112958313897252,0.112958313897252,0.035671046493869055,0.035671046493869055,3.3,1,0.0,33.3,0.3,0.0,0.0,0.037652771299084,-0.112958313897252,-0.112958313897252,0.0,0.0,0.0,0.0,0.0,0.0,0.0,0.0,0.0,0.0,0.0,0.0,0.0,0.0,6.0,0.0,0.0,0.0,0.0,0.0,0.0,0.0,0.0,0.0,21,0.0,0.0,0.0,0.0,0.0,0.0,0.0,0.0,0.0,0.0,0.0,0.0,0.0,0.0,0.0,0.0,0.0,0.0,0.0,0.0,0.0,1,0.0,0.0,0.0,0.0,0.0,0.0,2,0.0,0.0,0.0,0.0,0.0,0.0,0.0,0.0,0.0,0.0,0.0,0.0,0.0,0.0,0.0,0.0,0,2,1,0,0.0,0.0,0,0.0,0.0,0.0,0.0
Cheick Oumar Conde,gn GUI,MF,Venezia,24,2000,9,1,151,0,0,0,0,2,0,0.0,0.0,0.0,0.0,0.0,0.0,0.0,0.0,0.0,1.7,0,0.0,0.0,0.0,0.0,0.0,0.0,0.0,0.0,0.0,0.0,0.0,0.0,0.0,0.0,0.0,0.0,0.0,0.0,0.0,0.0,0.0,0.0,0.0,0.0,0.0,0.0,0.0,0.0,0.0,0.0,0.0,0.0,0,0.0,0.0,0.0,0.0,0.0,0.0,0.0,0.0,0.0,0.0,0.0,0.0,0.0,0.0,0.0,0.0,0.0,0.0,0.0,0.0,0.0,6,0.0,0.0,0.0,0.0,0.0,0.0,3,0.0,0.0,0.0,0.0,0.0,0.0,0.0,0.0,0.0,0.0,0.0,0.0,0.0,0.0,0.0,0.0,0,5,4,0,0.0,0.0,0,0.0,0.0,0.0,0.0
Daniel Oyegoke,eng ENG,"DF,MF",Hellas Verona,21,2003,5,0,103,0,0,0,0,1,0,0.0,0.0,0.0,0.0,0.0,0.013305271975696,0.013305271975696,0.013159060195743297,0.013159060195743297,1.1,0,0.0,0.0,0.0,0.0,0.0,0.013305271975696,-0.013305271975696,-0.013305271975696,0.0,0.0,0.0,0.0,0.0,0.0,0.0,0.0,0.0,0.0,0.0,0.0,0.0,0.0,0.0,0.0,0.0,0.0,0.0,0.0,0.0,0.0,0.0,0.0,4,0.0,0.0,0.0,0.0,0.0,0.0,0.0,0.0,0.0,0.0,0.0,0.0,0.0,0.0,0.0,0.0,0.0,0.0,0.0,0.0,0.0,2,0.0,0.0,0.0,0.0,0.0,0.0,1,0.0,0.0,0.0,0.0,0.0,0.0,0.0,0.0,0.0,0.0,0.0,0.0,0.0,0.0,0.0,0.0,0,2,0,0,0.0,0.0,0,0.0,0.0,0.0,0.0
Daniele Padelli,it ITA,GK,Udinese,38,1985,1,1,90,0,0,0,0,0,0,0.0,0.0,0.0,0.0,0.0,0.0,0.0,0.0,0.0,1.0,0,0.0,0.0,0.0,0.0,0.0,,0.0,0.0,0.0,0.0,0.0,0.0,0.0,0.0,0.0,0.0,0.0,0.0,0.0,0.0,0.0,0.0,0.0,0.0,0.0,0.0,0.0,0.0,0.0,0.0,0.0,0.0,0,0.0,0.0,0.0,0.0,0.0,0.0,0.0,0.0,0.0,0.0,0.0,0.0,0.0,0.0,0.0,0.0,0.0,0.0,0.0,0.0,0.0,0,0.0,0.0,0.0,0.0,0.0,0.0,0,0.0,0.0,0.0,0.0,0.0,0.0,0.0,0.0,0.0,0.0,0.0,0.0,0.0,0.0,0.0,0.0,0,0,0,0,0.0,0.0,0,0.0,0.0,0.0,0.0
Simone Pafundi,it ITA,FW,Udinese,18,2006,9,0,116,0,0,0,0,0,0,0.0,0.0,0.0,0.0,0.0,0.0618065930902957,0.0618065930902957,0.05917652529921928,0.05917652529921928,1.3,1,0.0,50.0,0.78,0.0,0.0,0.03090329654514785,-0.0618065930902957,-0.0618065930902957,0.0,0.0,0.0,0.0,0.0,0.0,0.0,0.0,0.0,0.0,0.0,0.0,0.0,0.0,3.0,0.0,0.0,0.0,0.0,0.0,0.0,0.0,0.0,0.0,13,0.0,0.0,0.0,0.0,0.0,0.0,0.0,0.0,0.0,0.0,0.0,0.0,0.0,0.0,0.0,0.0,0.0,0.0,0.0,0.0,0.0,3,0.0,0.0,0.0,0.0,0.0,0.0,0,0.0,0.0,0.0,0.0,0.0,0.0,0.0,0.0,0.0,0.0,0.0,0.0,0.0,0.0,0.0,0.0,0,1,6,0,0.0,0.0,0,0.0,0.0,0.0,0.0
Tomás Palacios,ar ARG,DF,Inter,21,2003,2,0,11,0,0,0,0,0,0,0.0,0.0,0.0,0.0,0.0,0.0448183268308639,0.0448183268308639,0.00902382419413367,0.00902382419413367,0.1,0,0.0,0.0,0.0,0.0,0.0,0.0448183268308639,-0.0448183268308639,-0.0448183268308639,0.0,0.0,0.0,0.0,0.0,0.0,0.0,0.0,0.0,0.0,0.0,0.0,0.0,0.0,0.0,0.0,0.0,0.0,0.0,0.0,0.0,0.0,0.0,0.0,0,0.0,0.0,0.0,0.0,0.0,0.0,0.0,0.0,0.0,0.0,0.0,0.0,0.0,0.0,0.0,0.0,0.0,0.0,0.0,0.0,0.0,0,0.0,0.0,0.0,0.0,0.0,0.0,1,0.0,0.0,0.0,0.0,0.0,0.0,0.0,0.0,0.0,0.0,0.0,0.0,0.0,0.0,0.0,0.0,0,0,0,0,0.0,0.0,0,0.0,0.0,0.0,0.0
Tomás Palacios,ar ARG,DF,Monza,21,2003,8,5,446,0,0,0,0,2,0,0.0,0.0,0.0,0.0,0.0,0.0448183268308639,0.0448183268308639,0.00902382419413367,0.00902382419413367,5.0,0,0.0,0.0,0.0,0.0,0.0,0.0448183268308639,-0.0448183268308639,-0.0448183268308639,0.0,0.0,0.0,0.0,0.0,0.0,0.0,0.0,0.0,0.0,0.0,0.0,0.0,0.0,0.0,0.0,0.0,0.0,0.0,0.0,0.0,0.0,0.0,0.0,1,0.0,0.0,0.0,0.0,0.0,0.0,0.0,0.0,0.0,0.0,0.0,0.0,0.0,0.0,0.0,0.0,0.0,0.0,0.0,0.0,0.0,5,0.0,0.0,0.0,0.0,0.0,0.0,9,0.0,0.0,0.0,0.0,0.0,0.0,0.0,0.0,0.0,0.0,0.0,0.0,0.0,0.0,0.0,0.0,0,2,10,1,0.0,0.0,0,0.0,0.0,0.0,0.0
Alberto Paleari,it ITA,GK,Torino,31,1992,1,1,90,0,0,0,0,0,0,0.0,0.0,0.0,0.0,0.0,0.0,0.0,0.0,0.0,1.0,0,0.0,0.0,0.0,0.0,0.0,,0.0,0.0,0.0,0.0,0.0,0.0,0.0,0.0,0.0,0.0,0.0,0.0,0.0,0.0,0.0,0.0,0.0,0.0,0.0,0.0,0.0,0.0,0.0,0.0,0.0,0.0,0,0.0,0.0,0.0,0.0,0.0,0.0,0.0,0.0,0.0,0.0,0.0,0.0,0.0,0.0,0.0,0.0,0.0,0.0,0.0,0.0,0.0,0,0.0,0.0,0.0,0.0,0.0,0.0,0,0.0,0.0,0.0,0.0,0.0,0.0,0.0,0.0,0.0,0.0,0.0,0.0,0.0,0.0,0.0,0.0,0,0,1,0,0.0,0.0,0,0.0,0.0,0.0,0.0
Marco Palestra,it ITA,MF,Atalanta,19,2005,9,2,222,0,0,0,0,0,0,0.0,0.0,0.0,0.0,0.0,0.0,0.0,0.0,0.0,2.5,0,0.0,0.0,0.0,0.0,0.0,,0.0,0.0,0.0,0.0,0.0,0.0,0.0,0.0,0.0,0.0,0.0,0.0,0.0,0.0,0.0,0.0,3.0,0.0,0.0,0.0,0.0,0.0,0.0,0.0,0.0,0.0,11,0.0,0.0,0.0,0.0,0.0,0.0,0.0,0.0,0.0,0.0,0.0,0.0,0.0,0.0,0.0,0.0,0.0,0.0,0.0,0.0,0.0,4,0.0,0.0,0.0,0.0,0.0,0.0,1,0.0,0.0,0.0,0.0,0.0,0.0,0.0,0.0,0.0,0.0,0.0,0.0,0.0,0.0,0.0,0.0,0,1,10,1,0.0,0.0,0,0.0,0.0,0.0,0.0
Matteo Palma,de GER,DF,Udinese,16,2008,1,0,5,0,0,0,0,0,0,0.0,0.0,0.0,0.0,0.0,0.0,0.0,0.0,0.0,0.1,0,0.0,0.0,0.0,0.0,0.0,,0.0,0.0,0.0,0.0,0.0,0.0,0.0,0.0,0.0,0.0,0.0,0.0,0.0,0.0,0.0,0.0,0.0,0.0,0.0,0.0,0.0,0.0,0.0,0.0,0.0,0.0,0,0.0,0.0,0.0,0.0,0.0,0.0,0.0,0.0,0.0,0.0,0.0,0.0,0.0,0.0,0.0,0.0,0.0,0.0,0.0,0.0,0.0,0,0.0,0.0,0.0,0.0,0.0,0.0,0,0.0,0.0,0.0,0.0,0.0,0.0,0.0,0.0,0.0,0.0,0.0,0.0,0.0,0.0,0.0,0.0,0,1,0,0,0.0,0.0,0,0.0,0.0,0.0,0.0
Leandro Paredes,ar ARG,MF,Roma,30,1994,22,15,"1,373",3,1,2,2,4,0,0.2,0.07,0.26,0.07,0.13,2.1564809433184564,0.6338833100162446,0.1416666313128913,0.04164196927114016,15.3,9,0.0,34.6,0.59,0.04,0.11,0.024380127308317102,0.8435190566815436,0.36611668998375535,0.0,0.0,0.0,0.0,0.0,0.0,0.0,0.0,0.0,0.0,0.0,0.0,0.0,0.0,21.0,0.0,0.0,0.0,0.0,0.0,0.0,0.0,0.0,0.0,57,0.0,0.0,0.0,0.0,0.0,0.0,0.0,0.0,0.0,0.0,0.0,0.0,0.0,0.0,0.0,0.0,0.0,0.0,0.0,0.0,0.0,14,0.0,0.0,0.0,0.0,0.0,0.0,20,0.0,0.0,0.0,0.0,0.0,0.0,0.0,0.0,0.0,0.0,0.0,0.0,0.0,0.0,0.0,0.0,0,15,16,0,0.0,0.0,0,0.0,0.0,0.0,0.0
Fabiano Parisi,it ITA,"MF,DF",Fiorentina,23,2000,26,11,"1,124",2,0,0,0,3,0,0.16,0.0,0.16,0.16,0.16,0.4368079118430614,0.4368079118430614,0.0355128383612245,0.0355128383612245,12.5,5,0.0,55.6,0.4,0.22,0.4,0.04853421242700682,1.5631920881569386,1.5631920881569386,0.0,0.0,0.0,0.0,0.0,0.0,0.0,0.0,0.0,0.0,0.0,0.0,0.0,0.0,4.0,0.0,0.0,0.0,0.0,0.0,0.0,0.0,0.0,0.0,13,0.0,0.0,0.0,0.0,0.0,0.0,0.0,0.0,0.0,0.0,0.0,0.0,0.0,0.0,0.0,0.0,0.0,0.0,0.0,0.0,0.0,17,0.0,0.0,0.0,0.0,0.0,0.0,17,0.0,0.0,0.0,0.0,0.0,0.0,0.0,0.0,0.0,0.0,0.0,0.0,0.0,0.0,0.0,0.0,0,17,28,0,0.0,0.0,0,0.0,0.0,0.0,0.0
Mario Pašalić,hr CRO,MF,Atalanta,29,1995,34,23,"1,967",3,4,0,1,1,0,0.14,0.18,0.32,0.14,0.32,7.044077763333917,6.282778928056359,0.3213213374049937,0.2865940717309034,21.9,12,0.0,26.1,0.55,0.07,0.25,0.13658215060992085,-4.044077763333917,-3.2827789280563593,0.0,0.0,0.0,0.0,0.0,0.0,0.0,0.0,0.0,0.0,0.0,0.0,0.0,0.0,32.0,0.0,0.0,0.0,0.0,0.0,0.0,0.0,0.0,0.0,11,0.0,0.0,0.0,0.0,0.0,0.0,0.0,0.0,0.0,0.0,0.0,0.0,0.0,0.0,0.0,0.0,0.0,0.0,0.0,0.0,0.0,16,0.0,0.0,0.0,0.0,0.0,0.0,12,0.0,0.0,0.0,0.0,0.0,0.0,0.0,0.0,0.0,0.0,0.0,0.0,0.0,0.0,0.0,0.0,0,19,10,2,0.0,0.0,0,0.0,0.0,0.0,0.0
Patric,es ESP,DF,Lazio,31,1993,10,5,607,1,0,0,0,2,0,0.15,0.0,0.15,0.15,0.15,0.877030536532402,0.877030536532402,0.1331075013286951,0.1331075013286951,6.7,1,0.0,50.0,0.15,0.5,1.0,0.438515268266201,0.12296946346759796,0.12296946346759796,0.0,0.0,0.0,0.0,0.0,0.0,0.0,0.0,0.0,0.0,0.0,0.0,0.0,0.0,1.0,0.0,0.0,0.0,0.0,0.0,0.0,0.0,0.0,0.0,2,0.0,0.0,0.0,0.0,0.0,0.0,0.0,0.0,0.0,0.0,0.0,0.0,0.0,0.0,0.0,0.0,0.0,0.0,0.0,0.0,0.0,7,0.0,0.0,0.0,0.0,0.0,0.0,3,0.0,0.0,0.0,0.0,0.0,0.0,0.0,0.0,0.0,0.0,0.0,0.0,0.0,0.0,0.0,0.0,0,5,5,0,0.0,0.0,0,0.0,0.0,0.0,0.0
Rui Patrício,pt POR,GK,Atalanta,36,1988,3,3,270,0,0,0,0,0,0,0.0,0.0,0.0,0.0,0.0,0.0,0.0,0.0,0.0,3.0,0,0.0,0.0,0.0,0.0,0.0,,0.0,0.0,0.0,0.0,0.0,0.0,0.0,0.0,0.0,0.0,0.0,0.0,0.0,0.0,0.0,0.0,0.0,0.0,0.0,0.0,0.0,0.0,0.0,0.0,0.0,0.0,0,0.0,0.0,0.0,0.0,0.0,0.0,0.0,0.0,0.0,0.0,0.0,0.0,0.0,0.0,0.0,0.0,0.0,0.0,0.0,0.0,0.0,0,0.0,0.0,0.0,0.0,0.0,0.0,0,0.0,0.0,0.0,0.0,0.0,0.0,0.0,0.0,0.0,0.0,0.0,0.0,0.0,0.0,0.0,0.0,0,0,0,0,0.0,0.0,0,0.0,0.0,0.0,0.0
Benjamin Pavard,fr FRA,DF,Inter,28,1996,23,18,"1,584",0,1,0,0,4,0,0.0,0.06,0.06,0.0,0.06,0.4774392433464527,0.4774392433464527,0.02717870455482653,0.02717870455482653,17.6,1,0.0,12.5,0.06,0.0,0.0,0.05967990541830659,-0.4774392433464527,-0.4774392433464527,0.0,0.0,0.0,0.0,0.0,0.0,0.0,0.0,0.0,0.0,0.0,0.0,0.0,0.0,8.0,0.0,0.0,0.0,0.0,0.0,0.0,0.0,0.0,0.0,11,0.0,0.0,0.0,0.0,0.0,0.0,0.0,0.0,0.0,0.0,0.0,0.0,0.0,0.0,0.0,0.0,0.0,0.0,0.0,0.0,0.0,16,0.0,0.0,0.0,0.0,0.0,0.0,16,0.0,0.0,0.0,0.0,0.0,0.0,0.0,0.0,0.0,0.0,0.0,0.0,0.0,0.0,0.0,0.0,0,18,9,2,0.0,0.0,0,0.0,0.0,0.0,0.0
Strahinja Pavlović,rs SRB,DF,Milan,23,2001,24,21,"1,864",2,1,0,0,3,1,0.1,0.05,0.14,0.1,0.14,2.1691710744053125,2.1691710744053125,0.10462239908707295,0.10462239908707295,20.7,8,0.0,47.1,0.39,0.12,0.25,0.12759829849443016,-0.16917107440531254,-0.16917107440531254,0.0,0.0,0.0,0.0,0.0,0.0,0.0,0.0,0.0,0.0,0.0,0.0,0.0,0.0,6.0,0.0,0.0,0.0,0.0,0.0,0.0,0.0,0.0,0.0,10,0.0,0.0,0.0,0.0,0.0,0.0,0.0,0.0,0.0,0.0,0.0,0.0,0.0,0.0,0.0,0.0,0.0,0.0,0.0,0.0,0.0,31,0.0,0.0,0.0,0.0,0.0,0.0,16,0.0,0.0,0.0,0.0,0.0,0.0,0.0,0.0,0.0,0.0,0.0,0.0,0.0,0.0,0.0,0.0,0,20,18,2,0.0,0.0,0,0.0,0.0,0.0,0.0
Leonardo Pavoletti,it ITA,FW,Cagliari,35,1988,26,1,445,2,0,0,0,5,0,0.4,0.0,0.4,0.4,0.4,2.766921676695347,2.766921676695347,0.6605383313065815,0.6605383313065815,4.9,7,0.0,38.9,1.42,0.11,0.29,0.15371787092751926,-0.7669216766953468,-0.7669216766953468,0.0,0.0,0.0,0.0,0.0,0.0,0.0,0.0,0.0,0.0,0.0,0.0,0.0,0.0,9.0,0.0,0.0,0.0,0.0,0.0,0.0,0.0,0.0,0.0,0,0.0,0.0,0.0,0.0,0.0,0.0,0.0,0.0,0.0,0.0,0.0,0.0,0.0,0.0,0.0,0.0,0.0,0.0,0.0,0.0,0.0,0,0.0,0.0,0.0,0.0,0.0,0.0,0,0.0,0.0,0.0,0.0,0.0,0.0,0.0,0.0,0.0,0.0,0.0,0.0,0.0,0.0,0.0,0.0,0,25,7,7,0.0,0.0,0,0.0,0.0,0.0,0.0
Martín Payero,ar ARG,MF,Udinese,25,1998,25,16,"1,381",1,1,0,0,5,0,0.07,0.07,0.13,0.07,0.13,1.3691439758986237,1.3691439758986237,0.08858587910199578,0.08858587910199578,15.3,5,0.0,16.1,0.33,0.03,0.2,0.044165934706407214,-0.3691439758986237,-0.3691439758986237,0.0,0.0,0.0,0.0,0.0,0.0,0.0,0.0,0.0,0.0,0.0,0.0,0.0,0.0,15.0,0.0,0.0,0.0,0.0,0.0,0.0,0.0,0.0,0.0,39,0.0,0.0,0.0,0.0,0.0,0.0,0.0,0.0,0.0,0.0,0.0,0.0,0.0,0.0,0.0,0.0,0.0,0.0,0.0,0.0,0.0,15,0.0,0.0,0.0,0.0,0.0,0.0,13,0.0,0.0,0.0,0.0,0.0,0.0,0.0,0.0,0.0,0.0,0.0,0.0,0.0,0.0,0.0,0.0,0,35,39,0,0.0,0.0,0,0.0,0.0,0.0,0.0
Nicolás Paz,ar ARG,"MF,FW",Como,19,2004,35,30,"2,687",6,8,0,1,6,0,0.2,0.27,0.47,0.2,0.47,0.0,0.0,0.0,0.0,29.9,38,0.0,34.5,1.27,0.05,0.16,0.0,0.0,0.0,0.0,0.0,0.0,0.0,0.0,0.0,0.0,0.0,0.0,0.0,0.0,0.0,0.0,0.0,0.0,0.0,0.0,0.0,0.0,0.0,0.0,0.0,0.0,0.0,42,0.0,0.0,0.0,0.0,0.0,0.0,0.0,0.0,0.0,0.0,0.0,0.0,0.0,0.0,0.0,0.0,0.0,0.0,0.0,0.0,0.0,32,0.0,0.0,0.0,0.0,0.0,0.0,20,0.0,0.0,0.0,0.0,0.0,0.0,0.0,0.0,0.0,0.0,0.0,0.0,0.0,0.0,0.0,0.0,0,47,33,2,0.0,0.0,0,0.0,0.0,0.0,0.0
Marcus Pedersen,no NOR,"MF,DF",Torino,24,2000,29,15,"1,362",0,0,0,0,3,0,0.0,0.0,0.0,0.0,0.0,0.8383578862994909,0.8383578862994909,0.05593195683243453,0.05593195683243453,15.1,3,0.0,37.5,0.2,0.0,0.0,0.10479473578743637,-0.8383578862994909,-0.8383578862994909,0.0,0.0,0.0,0.0,0.0,0.0,0.0,0.0,0.0,0.0,0.0,0.0,0.0,0.0,7.0,0.0,0.0,0.0,0.0,0.0,0.0,0.0,0.0,0.0,56,0.0,0.0,0.0,0.0,0.0,0.0,0.0,0.0,0.0,0.0,0.0,0.0,0.0,0.0,0.0,0.0,0.0,0.0,0.0,0.0,0.0,8,0.0,0.0,0.0,0.0,0.0,0.0,13,0.0,0.0,0.0,0.0,0.0,0.0,0.0,0.0,0.0,0.0,0.0,0.0,0.0,0.0,0.0,0.0,0,16,4,4,0.0,0.0,0,0.0,0.0,0.0,0.0
Pedro,es ESP,"MF,FW",Lazio,37,1987,30,6,"1,102",10,1,2,2,2,0,0.82,0.08,0.9,0.65,0.74,6.393306020647287,4.870708409696817,0.5443685353436669,0.41472446250966283,12.2,18,0.0,46.2,1.47,0.21,0.44,0.12488995922299531,3.6066939793527126,3.1292915903031826,0.0,0.0,0.0,0.0,0.0,0.0,0.0,0.0,0.0,0.0,0.0,0.0,0.0,0.0,22.0,0.0,0.0,0.0,0.0,0.0,0.0,0.0,0.0,0.0,65,0.0,0.0,0.0,0.0,0.0,0.0,0.0,0.0,0.0,0.0,0.0,0.0,0.0,0.0,0.0,0.0,0.0,0.0,0.0,0.0,0.0,14,0.0,0.0,0.0,0.0,0.0,0.0,2,0.0,0.0,0.0,0.0,0.0,0.0,0.0,0.0,0.0,0.0,0.0,0.0,0.0,0.0,0.0,0.0,0,17,24,1,0.0,0.0,0,0.0,0.0,0.0,0.0
Pietro Pellegri,it ITA,FW,Empoli,23,2001,11,5,414,3,0,0,0,2,0,0.65,0.0,0.65,0.65,0.65,0.5232967622578144,0.5232967622578144,0.11459053188127323,0.11459053188127323,4.6,4,0.0,50.0,0.87,0.38,0.75,0.0654120952822268,2.4767032377421856,2.4767032377421856,0.0,0.0,0.0,0.0,0.0,0.0,0.0,0.0,0.0,0.0,0.0,0.0,0.0,0.0,6.0,0.0,0.0,0.0,0.0,0.0,0.0,0.0,0.0,0.0,3,0.0,0.0,0.0,0.0,0.0,0.0,0.0,0.0,0.0,0.0,0.0,0.0,0.0,0.0,0.0,0.0,0.0,0.0,0.0,0.0,0.0,2,0.0,0.0,0.0,0.0,0.0,0.0,0,0.0,0.0,0.0,0.0,0.0,0.0,0.0,0.0,0.0,0.0,0.0,0.0,0.0,0.0,0.0,0.0,0,10,5,1,0.0,0.0,0,0.0,0.0,0.0,0.0
Lorenzo Pellegrini,it ITA,MF,Roma,28,1996,25,20,"1,626",2,1,1,1,4,0,0.11,0.06,0.17,0.06,0.11,5.427780851721764,4.666482016444206,0.2964200707857759,0.25484428487862776,18.1,14,0.0,33.3,0.77,0.02,0.07,0.11110671467724301,-3.4277808517217636,-3.6664820164442062,0.0,0.0,0.0,0.0,0.0,0.0,0.0,0.0,0.0,0.0,0.0,0.0,0.0,0.0,27.0,0.0,0.0,0.0,0.0,0.0,0.0,0.0,0.0,0.0,49,0.0,0.0,0.0,0.0,0.0,0.0,0.0,0.0,0.0,0.0,0.0,0.0,0.0,0.0,0.0,0.0,0.0,0.0,0.0,0.0,0.0,16,0.0,0.0,0.0,0.0,0.0,0.0,6,0.0,0.0,0.0,0.0,0.0,0.0,0.0,0.0,0.0,0.0,0.0,0.0,0.0,0.0,0.0,0.0,0,26,26,4,0.0,0.0,0,0.0,0.0,0.0,0.0
Luca Pellegrini,it ITA,DF,Lazio,25,1999,22,10,"1,067",0,4,0,0,5,0,0.0,0.34,0.34,0.0,0.34,0.7439164789393544,0.7439164789393544,0.06406936182252813,0.06406936182252813,11.9,4,0.0,30.8,0.34,0.0,0.0,0.057224344533796496,-0.7439164789393544,-0.7439164789393544,0.0,0.0,0.0,0.0,0.0,0.0,0.0,0.0,0.0,0.0,0.0,0.0,0.0,0.0,21.0,0.0,0.0,0.0,0.0,0.0,0.0,0.0,0.0,0.0,86,0.0,0.0,0.0,0.0,0.0,0.0,0.0,0.0,0.0,0.0,0.0,0.0,0.0,0.0,0.0,0.0,0.0,0.0,0.0,0.0,0.0,10,0.0,0.0,0.0,0.0,0.0,0.0,18,0.0,0.0,0.0,0.0,0.0,0.0,0.0,0.0,0.0,0.0,0.0,0.0,0.0,0.0,0.0,0.0,0,18,11,0,0.0,0.0,0,0.0,0.0,0.0,0.0
Mateo Pellegrino,ar ARG,FW,Parma,23,2001,13,8,737,3,1,0,0,2,0,0.37,0.12,0.49,0.37,0.49,4.878659307956696,4.878659307956696,0.5917511289974429,0.5917511289974429,8.2,9,0.0,40.9,1.1,0.14,0.33,0.22175724127075888,-1.8786593079566956,-1.8786593079566956,0.0,0.0,0.0,0.0,0.0,0.0,0.0,0.0,0.0,0.0,0.0,0.0,0.0,0.0,5.0,0.0,0.0,0.0,0.0,0.0,0.0,0.0,0.0,0.0,4,0.0,0.0,0.0,0.0,0.0,0.0,0.0,0.0,0.0,0.0,0.0,0.0,0.0,0.0,0.0,0.0,0.0,0.0,0.0,0.0,0.0,2,0.0,0.0,0.0,0.0,0.0,0.0,1,0.0,0.0,0.0,0.0,0.0,0.0,0.0,0.0,0.0,0.0,0.0,0.0,0.0,0.0,0.0,0.0,0,27,16,0,0.0,0.0,0,0.0,0.0,0.0,0.0
Andy Pelmard,mg MAD,DF,Lecce,24,2000,3,1,129,0,0,0,0,1,0,0.0,0.0,0.0,0.0,0.0,0.0,0.0,0.0,0.0,1.4,0,0.0,0.0,0.0,0.0,0.0,,0.0,0.0,0.0,0.0,0.0,0.0,0.0,0.0,0.0,0.0,0.0,0.0,0.0,0.0,0.0,0.0,0.0,0.0,0.0,0.0,0.0,0.0,0.0,0.0,0.0,0.0,0,0.0,0.0,0.0,0.0,0.0,0.0,0.0,0.0,0.0,0.0,0.0,0.0,0.0,0.0,0.0,0.0,0.0,0.0,0.0,0.0,0.0,6,0.0,0.0,0.0,0.0,0.0,0.0,0,0.0,0.0,0.0,0.0,0.0,0.0,0.0,0.0,0.0,0.0,0.0,0.0,0.0,0.0,0.0,0.0,0,2,0,0,0.0,0.0,0,0.0,0.0,0.0,0.0
Sergiu Perciun,md MDA,MF,Torino,18,2006,5,0,152,0,0,0,0,0,0,0.0,0.0,0.0,0.0,0.0,0.0616049394011497,0.0616049394011497,0.0416875529782216,0.0416875529782216,1.7,1,0.0,50.0,0.59,0.0,0.0,0.03080246970057485,-0.0616049394011497,-0.0616049394011497,0.0,0.0,0.0,0.0,0.0,0.0,0.0,0.0,0.0,0.0,0.0,0.0,0.0,0.0,2.0,0.0,0.0,0.0,0.0,0.0,0.0,0.0,0.0,0.0,5,0.0,0.0,0.0,0.0,0.0,0.0,0.0,0.0,0.0,0.0,0.0,0.0,0.0,0.0,0.0,0.0,0.0,0.0,0.0,0.0,0.0,2,0.0,0.0,0.0,0.0,0.0,0.0,1,0.0,0.0,0.0,0.0,0.0,0.0,0.0,0.0,0.0,0.0,0.0,0.0,0.0,0.0,0.0,0.0,0,3,4,0,0.0,0.0,0,0.0,0.0,0.0,0.0
Pedro Pereira,pt POR,"MF,DF",Monza,26,1998,35,32,"2,665",1,3,0,0,10,0,0.03,0.1,0.14,0.03,0.14,1.7392617259174583,1.7392617259174583,0.05821255311735636,0.05821255311735636,29.6,6,0.0,46.2,0.2,0.08,0.17,0.13378936353211218,-0.7392617259174583,-0.7392617259174583,0.0,0.0,0.0,0.0,0.0,0.0,0.0,0.0,0.0,0.0,0.0,0.0,0.0,0.0,14.0,0.0,0.0,0.0,0.0,0.0,0.0,0.0,0.0,0.0,58,0.0,0.0,0.0,0.0,0.0,0.0,0.0,0.0,0.0,0.0,0.0,0.0,0.0,0.0,0.0,0.0,0.0,0.0,0.0,0.0,0.0,30,0.0,0.0,0.0,0.0,0.0,0.0,23,0.0,0.0,0.0,0.0,0.0,0.0,0.0,0.0,0.0,0.0,0.0,0.0,0.0,0.0,0.0,0.0,0,48,9,0,0.0,0.0,0,0.0,0.0,0.0,0.0
Gastón Pereiro,uy URU,"FW,MF",Genoa,29,1995,2,0,31,0,0,0,0,0,0,0.0,0.0,0.0,0.0,0.0,0.0,0.0,0.0,0.0,0.3,0,0.0,0.0,0.0,0.0,0.0,,0.0,0.0,0.0,0.0,0.0,0.0,0.0,0.0,0.0,0.0,0.0,0.0,0.0,0.0,0.0,0.0,0.0,0.0,0.0,0.0,0.0,0.0,0.0,0.0,0.0,0.0,1,0.0,0.0,0.0,0.0,0.0,0.0,0.0,0.0,0.0,0.0,0.0,0.0,0.0,0.0,0.0,0.0,0.0,0.0,0.0,0.0,0.0,0,0.0,0.0,0.0,0.0,0.0,0.0,0,0.0,0.0,0.0,0.0,0.0,0.0,0.0,0.0,0.0,0.0,0.0,0.0,0.0,0.0,0.0,0.0,0,0,1,0,0.0,0.0,0,0.0,0.0,0.0,0.0
Kike Pérez,es ESP,MF,Venezia,27,1997,16,13,"1,114",1,0,0,0,4,0,0.08,0.0,0.08,0.08,0.08,1.3553542979061604,1.3553542979061604,0.10794857239960569,0.10794857239960569,12.4,7,0.0,53.8,0.57,0.08,0.14,0.10425802291585849,-0.35535429790616035,-0.35535429790616035,0.0,0.0,0.0,0.0,0.0,0.0,0.0,0.0,0.0,0.0,0.0,0.0,0.0,0.0,18.0,0.0,0.0,0.0,0.0,0.0,0.0,0.0,0.0,0.0,48,0.0,0.0,0.0,0.0,0.0,0.0,0.0,0.0,0.0,0.0,0.0,0.0,0.0,0.0,0.0,0.0,0.0,0.0,0.0,0.0,0.0,25,0.0,0.0,0.0,0.0,0.0,0.0,11,0.0,0.0,0.0,0.0,0.0,0.0,0.0,0.0,0.0,0.0,0.0,0.0,0.0,0.0,0.0,0.0,0,31,16,1,0.0,0.0,0,0.0,0.0,0.0,0.0
Nehuén Pérez,ar ARG,DF,Udinese,24,2000,2,2,180,0,0,0,0,0,0,0.0,0.0,0.0,0.0,0.0,0.0,0.0,0.0,0.0,2.0,0,0.0,0.0,0.0,0.0,0.0,,0.0,0.0,0.0,0.0,0.0,0.0,0.0,0.0,0.0,0.0,0.0,0.0,0.0,0.0,0.0,0.0,0.0,0.0,0.0,0.0,0.0,0.0,0.0,0.0,0.0,0.0,0,0.0,0.0,0.0,0.0,0.0,0.0,0.0,0.0,0.0,0.0,0.0,0.0,0.0,0.0,0.0,0.0,0.0,0.0,0.0,0.0,0.0,1,0.0,0.0,0.0,0.0,0.0,0.0,1,0.0,0.0,0.0,0.0,0.0,0.0,0.0,0.0,0.0,0.0,0.0,0.0,0.0,0.0,0.0,0.0,0,3,2,0,0.0,0.0,0,0.0,0.0,0.0,0.0
Simone Perilli,it ITA,GK,Hellas Verona,29,1995,2,2,180,0,0,0,0,0,0,0.0,0.0,0.0,0.0,0.0,0.0,0.0,0.0,0.0,2.0,0,0.0,0.0,0.0,0.0,0.0,,0.0,0.0,0.0,0.0,0.0,0.0,0.0,0.0,0.0,0.0,0.0,0.0,0.0,0.0,0.0,0.0,0.0,0.0,0.0,0.0,0.0,0.0,0.0,0.0,0.0,0.0,0,0.0,0.0,0.0,0.0,0.0,0.0,0.0,0.0,0.0,0.0,0.0,0.0,0.0,0.0,0.0,0.0,0.0,0.0,0.0,0.0,0.0,0,0.0,0.0,0.0,0.0,0.0,0.0,0,0.0,0.0,0.0,0.0,0.0,0.0,0.0,0.0,0.0,0.0,0.0,0.0,0.0,0.0,0.0,0.0,0,0,0,0,0.0,0.0,0,0.0,0.0,0.0,0.0
Mattia Perin,it ITA,GK,Juventus,31,1992,5,5,450,0,0,0,0,0,0,0.0,0.0,0.0,0.0,0.0,0.0,0.0,0.0,0.0,5.0,0,0.0,0.0,0.0,0.0,0.0,,0.0,0.0,0.0,0.0,0.0,0.0,0.0,0.0,0.0,0.0,0.0,0.0,0.0,0.0,0.0,0.0,0.0,0.0,0.0,0.0,0.0,0.0,0.0,0.0,0.0,0.0,0,0.0,0.0,0.0,0.0,0.0,0.0,0.0,0.0,0.0,0.0,0.0,0.0,0.0,0.0,0.0,0.0,0.0,0.0,0.0,0.0,0.0,0,0.0,0.0,0.0,0.0,0.0,0.0,0,0.0,0.0,0.0,0.0,0.0,0.0,0.0,0.0,0.0,0.0,0.0,0.0,0.0,0.0,0.0,0.0,0,0,0,0,0.0,0.0,0,0.0,0.0,0.0,0.0
Máximo Perrone,ar ARG,MF,Como,21,2003,26,20,"1,857",0,3,0,0,6,0,0.0,0.15,0.15,0.0,0.15,0.9457318838685752,0.9457318838685752,0.04561407800009205,0.04561407800009205,20.6,2,0.0,20.0,0.1,0.0,0.0,0.09457318838685752,-0.9457318838685752,-0.9457318838685752,0.0,0.0,0.0,0.0,0.0,0.0,0.0,0.0,0.0,0.0,0.0,0.0,0.0,0.0,30.0,0.0,0.0,0.0,0.0,0.0,0.0,0.0,0.0,0.0,4,0.0,0.0,0.0,0.0,0.0,0.0,0.0,0.0,0.0,0.0,0.0,0.0,0.0,0.0,0.0,0.0,0.0,0.0,0.0,0.0,0.0,26,0.0,0.0,0.0,0.0,0.0,0.0,20,0.0,0.0,0.0,0.0,0.0,0.0,0.0,0.0,0.0,0.0,0.0,0.0,0.0,0.0,0.0,0.0,0,26,13,0,0.0,0.0,0,0.0,0.0,0.0,0.0
Matteo Pessina,it ITA,MF,Monza,27,1997,11,10,854,0,0,0,0,2,0,0.0,0.0,0.0,0.0,0.0,0.1847082301974296,0.1847082301974296,0.01919600544776982,0.01919600544776982,9.5,0,0.0,0.0,0.0,0.0,0.0,0.06156941006580987,-0.1847082301974296,-0.1847082301974296,0.0,0.0,0.0,0.0,0.0,0.0,0.0,0.0,0.0,0.0,0.0,0.0,0.0,0.0,4.0,0.0,0.0,0.0,0.0,0.0,0.0,0.0,0.0,0.0,6,0.0,0.0,0.0,0.0,0.0,0.0,0.0,0.0,0.0,0.0,0.0,0.0,0.0,0.0,0.0,0.0,0.0,0.0,0.0,0.0,0.0,4,0.0,0.0,0.0,0.0,0.0,0.0,11,0.0,0.0,0.0,0.0,0.0,0.0,0.0,0.0,0.0,0.0,0.0,0.0,0.0,0.0,0.0,0.0,0,5,13,0,0.0,0.0,0,0.0,0.0,0.0,0.0
Andrea Petagna,it ITA,FW,Monza,29,1995,13,2,335,0,0,0,0,1,0,0.0,0.0,0.0,0.0,0.0,0.2489668056368827,0.2489668056368827,0.07024141851824277,0.07024141851824277,3.7,0,0.0,0.0,0.0,0.0,0.0,0.062241701409220675,-0.2489668056368827,-0.2489668056368827,0.0,0.0,0.0,0.0,0.0,0.0,0.0,0.0,0.0,0.0,0.0,0.0,0.0,0.0,1.0,0.0,0.0,0.0,0.0,0.0,0.0,0.0,0.0,0.0,1,0.0,0.0,0.0,0.0,0.0,0.0,0.0,0.0,0.0,0.0,0.0,0.0,0.0,0.0,0.0,0.0,0.0,0.0,0.0,0.0,0.0,1,0.0,0.0,0.0,0.0,0.0,0.0,1,0.0,0.0,0.0,0.0,0.0,0.0,0.0,0.0,0.0,0.0,0.0,0.0,0.0,0.0,0.0,0.0,0,6,4,4,0.0,0.0,0,0.0,0.0,0.0,0.0
Giuseppe Pezzella,it ITA,MF,Empoli,26,1997,35,34,"2,878",0,3,0,0,7,0,0.0,0.09,0.09,0.0,0.09,0.5580153008922935,0.5580153008922935,0.01723451512707838,0.01723451512707838,32.0,3,0.0,20.0,0.09,0.0,0.0,0.03720102005948623,-0.5580153008922935,-0.5580153008922935,0.0,0.0,0.0,0.0,0.0,0.0,0.0,0.0,0.0,0.0,0.0,0.0,0.0,0.0,36.0,0.0,0.0,0.0,0.0,0.0,0.0,0.0,0.0,0.0,177,0.0,0.0,0.0,0.0,0.0,0.0,0.0,0.0,0.0,0.0,0.0,0.0,0.0,0.0,0.0,0.0,0.0,0.0,0.0,0.0,0.0,32,0.0,0.0,0.0,0.0,0.0,0.0,16,0.0,0.0,0.0,0.0,0.0,0.0,0.0,0.0,0.0,0.0,0.0,0.0,0.0,0.0,0.0,0.0,0,48,33,6,0.0,0.0,0,0.0,0.0,0.0,0.0
Roberto Piccoli,it ITA,FW,Cagliari,23,2001,37,37,"3,127",10,1,1,1,6,0,0.29,0.03,0.32,0.26,0.29,17.91569169005379,17.154392854776233,0.5070478780203903,0.48550168456913867,34.7,31,0.0,31.6,0.89,0.09,0.29,0.1768494108739818,-7.915691690053791,-8.154392854776233,0.0,0.0,0.0,0.0,0.0,0.0,0.0,0.0,0.0,0.0,0.0,0.0,0.0,0.0,11.0,0.0,0.0,0.0,0.0,0.0,0.0,0.0,0.0,0.0,8,0.0,0.0,0.0,0.0,0.0,0.0,0.0,0.0,0.0,0.0,0.0,0.0,0.0,0.0,0.0,0.0,0.0,0.0,0.0,0.0,0.0,10,0.0,0.0,0.0,0.0,0.0,0.0,3,0.0,0.0,0.0,0.0,0.0,0.0,0.0,0.0,0.0,0.0,0.0,0.0,0.0,0.0,0.0,0.0,0,60,54,23,0.0,0.0,0,0.0,0.0,0.0,0.0
Nicholas Pierini,it ITA,"FW,MF",Venezia,25,1998,2,0,83,0,0,0,0,0,0,0.0,0.0,0.0,0.0,0.0,0.0391007140278816,0.0391007140278816,0.04570213327934213,0.04570213327934213,0.9,0,0.0,0.0,0.0,0.0,0.0,0.0391007140278816,-0.0391007140278816,-0.0391007140278816,0.0,0.0,0.0,0.0,0.0,0.0,0.0,0.0,0.0,0.0,0.0,0.0,0.0,0.0,2.0,0.0,0.0,0.0,0.0,0.0,0.0,0.0,0.0,0.0,3,0.0,0.0,0.0,0.0,0.0,0.0,0.0,0.0,0.0,0.0,0.0,0.0,0.0,0.0,0.0,0.0,0.0,0.0,0.0,0.0,0.0,0,0.0,0.0,0.0,0.0,0.0,0.0,0,0.0,0.0,0.0,0.0,0.0,0.0,0.0,0.0,0.0,0.0,0.0,0.0,0.0,0.0,0.0,0.0,0,1,2,0,0.0,0.0,0,0.0,0.0,0.0,0.0
Santiago Pierotti,ar ARG,"MF,FW",Lecce,23,2001,36,22,"1,937",4,2,0,0,6,1,0.19,0.09,0.28,0.19,0.28,4.261026685126126,4.261026685126126,0.19536036763186518,0.19536036763186518,21.5,7,0.0,21.9,0.33,0.13,0.57,0.13315708391019143,-0.2610266851261258,-0.2610266851261258,0.0,0.0,0.0,0.0,0.0,0.0,0.0,0.0,0.0,0.0,0.0,0.0,0.0,0.0,25.0,0.0,0.0,0.0,0.0,0.0,0.0,0.0,0.0,0.0,17,0.0,0.0,0.0,0.0,0.0,0.0,0.0,0.0,0.0,0.0,0.0,0.0,0.0,0.0,0.0,0.0,0.0,0.0,0.0,0.0,0.0,25,0.0,0.0,0.0,0.0,0.0,0.0,11,0.0,0.0,0.0,0.0,0.0,0.0,0.0,0.0,0.0,0.0,0.0,0.0,0.0,0.0,0.0,0.0,1,54,13,12,0.0,0.0,0,0.0,0.0,0.0,0.0
Balthazar Pierret,fr FRA,MF,Lecce,24,2000,30,21,"1,723",0,0,0,0,2,0,0.0,0.0,0.0,0.0,0.0,0.1400149362161755,0.1400149362161755,0.007237992107671335,0.007237992107671335,19.1,0,0.0,0.0,0.0,0.0,0.0,0.023335822702695918,-0.1400149362161755,-0.1400149362161755,0.0,0.0,0.0,0.0,0.0,0.0,0.0,0.0,0.0,0.0,0.0,0.0,0.0,0.0,10.0,0.0,0.0,0.0,0.0,0.0,0.0,0.0,0.0,0.0,9,0.0,0.0,0.0,0.0,0.0,0.0,0.0,0.0,0.0,0.0,0.0,0.0,0.0,0.0,0.0,0.0,0.0,0.0,0.0,0.0,0.0,34,0.0,0.0,0.0,0.0,0.0,0.0,23,0.0,0.0,0.0,0.0,0.0,0.0,0.0,0.0,0.0,0.0,0.0,0.0,0.0,0.0,0.0,0.0,0,34,20,0,0.0,0.0,0,0.0,0.0,0.0,0.0
Andrea Pinamonti,it ITA,FW,Genoa,25,1999,36,33,"2,850",10,1,0,1,4,0,0.32,0.03,0.35,0.32,0.35,7.931828275322914,7.1705294996500015,0.24735431212025716,0.22361318605977135,31.7,30,0.0,38.0,0.95,0.13,0.33,0.09076619619810128,2.068171724677086,2.8294705003499985,0.0,0.0,0.0,0.0,0.0,0.0,0.0,0.0,0.0,0.0,0.0,0.0,0.0,0.0,15.0,0.0,0.0,0.0,0.0,0.0,0.0,0.0,0.0,0.0,17,0.0,0.0,0.0,0.0,0.0,0.0,0.0,0.0,0.0,0.0,0.0,0.0,0.0,0.0,0.0,0.0,0.0,0.0,0.0,0.0,0.0,6,0.0,0.0,0.0,0.0,0.0,0.0,1,0.0,0.0,0.0,0.0,0.0,0.0,0.0,0.0,0.0,0.0,0.0,0.0,0.0,0.0,0.0,0.0,0,21,43,15,0.0,0.0,0,0.0,0.0,0.0,0.0
Nicola Pintus,it ITA,DF,Cagliari,19,2005,1,0,4,0,0,0,0,0,0,0.0,0.0,0.0,0.0,0.0,0.0,0.0,0.0,0.0,0.0,0,0.0,0.0,0.0,0.0,0.0,,0.0,0.0,0.0,0.0,0.0,0.0,0.0,0.0,0.0,0.0,0.0,0.0,0.0,0.0,0.0,0.0,0.0,0.0,0.0,0.0,0.0,0.0,0.0,0.0,0.0,0.0,0,0.0,0.0,0.0,0.0,0.0,0.0,0.0,0.0,0.0,0.0,0.0,0.0,0.0,0.0,0.0,0.0,0.0,0.0,0.0,0.0,0.0,0,0.0,0.0,0.0,0.0,0.0,0.0,0,0.0,0.0,0.0,0.0,0.0,0.0,0.0,0.0,0.0,0.0,0.0,0.0,0.0,0.0,0.0,0.0,0,0,0,0,0.0,0.0,0,0.0,0.0,0.0,0.0
Niccolò Pisilli,it ITA,MF,Roma,19,2004,28,11,"1,227",2,1,0,0,7,0,0.15,0.07,0.22,0.15,0.22,3.067274132743478,3.067274132743478,0.23042960930460182,0.23042960930460182,13.6,8,0.0,29.6,0.59,0.07,0.25,0.11360274565716584,-1.0672741327434778,-1.0672741327434778,0.0,0.0,0.0,0.0,0.0,0.0,0.0,0.0,0.0,0.0,0.0,0.0,0.0,0.0,10.0,0.0,0.0,0.0,0.0,0.0,0.0,0.0,0.0,0.0,10,0.0,0.0,0.0,0.0,0.0,0.0,0.0,0.0,0.0,0.0,0.0,0.0,0.0,0.0,0.0,0.0,0.0,0.0,0.0,0.0,0.0,12,0.0,0.0,0.0,0.0,0.0,0.0,11,0.0,0.0,0.0,0.0,0.0,0.0,0.0,0.0,0.0,0.0,0.0,0.0,0.0,0.0,0.0,0.0,0,19,13,1,0.0,0.0,0,0.0,0.0,0.0,0.0
Damián Pizarro,cl CHI,FW,Udinese,19,2005,2,0,16,0,0,0,0,0,0,0.0,0.0,0.0,0.0,0.0,0.0,0.0,0.0,0.0,0.2,0,0.0,0.0,0.0,0.0,0.0,,0.0,0.0,0.0,0.0,0.0,0.0,0.0,0.0,0.0,0.0,0.0,0.0,0.0,0.0,0.0,0.0,0.0,0.0,0.0,0.0,0.0,0.0,0.0,0.0,0.0,0.0,0,0.0,0.0,0.0,0.0,0.0,0.0,0.0,0.0,0.0,0.0,0.0,0.0,0.0,0.0,0.0,0.0,0.0,0.0,0.0,0.0,0.0,0,0.0,0.0,0.0,0.0,0.0,0.0,0,0.0,0.0,0.0,0.0,0.0,0.0,0.0,0.0,0.0,0.0,0.0,0.0,0.0,0.0,0.0,0.0,0,0,0,0,0.0,0.0,0,0.0,0.0,0.0,0.0
Semuel Pizzignacco,it ITA,GK,Monza,22,2001,9,8,736,0,0,0,0,0,0,0.0,0.0,0.0,0.0,0.0,0.0,0.0,0.0,0.0,8.2,0,0.0,0.0,0.0,0.0,0.0,,0.0,0.0,0.0,0.0,0.0,0.0,0.0,0.0,0.0,0.0,0.0,0.0,0.0,0.0,0.0,0.0,0.0,0.0,0.0,0.0,0.0,0.0,0.0,0.0,0.0,0.0,0,0.0,0.0,0.0,0.0,0.0,0.0,0.0,0.0,0.0,0.0,0.0,0.0,0.0,0.0,0.0,0.0,0.0,0.0,0.0,0.0,0.0,0,0.0,0.0,0.0,0.0,0.0,0.0,0,0.0,0.0,0.0,0.0,0.0,0.0,0.0,0.0,0.0,0.0,0.0,0.0,0.0,0.0,0.0,0.0,0,0,2,0,0.0,0.0,1,0.0,0.0,0.0,0.0
Tommaso Pobega,it ITA,MF,Bologna,25,1999,21,13,"1,178",2,2,0,0,6,2,0.15,0.15,0.31,0.15,0.31,2.5043334010988474,2.5043334010988474,0.19100847974482735,0.19100847974482735,13.1,8,0.0,33.3,0.61,0.08,0.25,0.10434722504578531,-0.5043334010988474,-0.5043334010988474,0.0,0.0,0.0,0.0,0.0,0.0,0.0,0.0,0.0,0.0,0.0,0.0,0.0,0.0,11.0,0.0,0.0,0.0,0.0,0.0,0.0,0.0,0.0,0.0,8,0.0,0.0,0.0,0.0,0.0,0.0,0.0,0.0,0.0,0.0,0.0,0.0,0.0,0.0,0.0,0.0,0.0,0.0,0.0,0.0,0.0,20,0.0,0.0,0.0,0.0,0.0,0.0,15,0.0,0.0,0.0,0.0,0.0,0.0,0.0,0.0,0.0,0.0,0.0,0.0,0.0,0.0,0.0,0.0,1,33,14,0,0.0,0.0,0,0.0,0.0,0.0,0.0
Joel Pohjanpalo,fi FIN,FW,Venezia,29,1994,20,19,"1,603",6,0,3,4,1,0,0.34,0.0,0.34,0.17,0.17,7.442887621931732,4.397692278958857,0.40970023606963657,0.24207480434635908,17.8,17,0.0,44.7,0.95,0.08,0.18,0.11572874418312781,-1.4428876219317317,-1.397692278958857,0.0,0.0,0.0,0.0,0.0,0.0,0.0,0.0,0.0,0.0,0.0,0.0,0.0,0.0,14.0,0.0,0.0,0.0,0.0,0.0,0.0,0.0,0.0,0.0,3,0.0,0.0,0.0,0.0,0.0,0.0,0.0,0.0,0.0,0.0,0.0,0.0,0.0,0.0,0.0,0.0,0.0,0.0,0.0,0.0,0.0,3,0.0,0.0,0.0,0.0,0.0,0.0,4,0.0,0.0,0.0,0.0,0.0,0.0,0.0,0.0,0.0,0.0,0.0,0.0,0.0,0.0,0.0,0.0,0,12,15,10,0.0,0.0,0,0.0,0.0,0.0,0.0
Matteo Politano,it ITA,"FW,MF",Napoli,30,1993,37,34,"2,804",3,4,0,0,3,0,0.1,0.13,0.22,0.1,0.22,3.645138157531619,3.645138157531619,0.11387102887117172,0.11387102887117172,31.2,14,0.0,25.0,0.45,0.05,0.21,0.06509175281306463,-0.6451381575316191,-0.6451381575316191,0.0,0.0,0.0,0.0,0.0,0.0,0.0,0.0,0.0,0.0,0.0,0.0,0.0,0.0,55.0,0.0,0.0,0.0,0.0,0.0,0.0,0.0,0.0,0.0,229,0.0,0.0,0.0,0.0,0.0,0.0,0.0,0.0,0.0,0.0,0.0,0.0,0.0,0.0,0.0,0.0,0.0,0.0,0.0,0.0,0.0,16,0.0,0.0,0.0,0.0,0.0,0.0,13,0.0,0.0,0.0,0.0,0.0,0.0,0.0,0.0,0.0,0.0,0.0,0.0,0.0,0.0,0.0,0.0,0,14,31,6,0.0,0.0,0,0.0,0.0,0.0,0.0
Marin Pongračić,hr CRO,DF,Fiorentina,26,1997,20,14,"1,367",0,0,0,0,3,1,0.0,0.0,0.0,0.0,0.0,0.0933051649481058,0.0933051649481058,0.006085119453137334,0.006085119453137334,15.2,1,0.0,50.0,0.07,0.0,0.0,0.0311017216493686,-0.0933051649481058,-0.0933051649481058,0.0,0.0,0.0,0.0,0.0,0.0,0.0,0.0,0.0,0.0,0.0,0.0,0.0,0.0,5.0,0.0,0.0,0.0,0.0,0.0,0.0,0.0,0.0,0.0,1,0.0,0.0,0.0,0.0,0.0,0.0,0.0,0.0,0.0,0.0,0.0,0.0,0.0,0.0,0.0,0.0,0.0,0.0,0.0,0.0,0.0,12,0.0,0.0,0.0,0.0,0.0,0.0,12,0.0,0.0,0.0,0.0,0.0,0.0,0.0,0.0,0.0,0.0,0.0,0.0,0.0,0.0,0.0,0.0,1,26,7,0,0.0,0.0,1,0.0,0.0,0.0,0.0
Stefan Posch,at AUT,DF,Atalanta,27,1997,5,4,387,0,0,0,0,0,0,0.0,0.0,0.0,0.0,0.0,0.6908558821305633,0.6908558821305633,0.057200579017249946,0.057200579017249946,4.3,2,0.0,66.7,0.47,0.0,0.0,0.13817117642611265,-0.6908558821305633,-0.6908558821305633,0.0,0.0,0.0,0.0,0.0,0.0,0.0,0.0,0.0,0.0,0.0,0.0,0.0,0.0,10.0,0.0,0.0,0.0,0.0,0.0,0.0,0.0,0.0,0.0,5,0.0,0.0,0.0,0.0,0.0,0.0,0.0,0.0,0.0,0.0,0.0,0.0,0.0,0.0,0.0,0.0,0.0,0.0,0.0,0.0,0.0,11,0.0,0.0,0.0,0.0,0.0,0.0,4,0.0,0.0,0.0,0.0,0.0,0.0,0.0,0.0,0.0,0.0,0.0,0.0,0.0,0.0,0.0,0.0,0,11,0,0,0.0,0.0,0,0.0,0.0,0.0,0.0
Stefan Posch,at AUT,DF,Bologna,27,1997,14,7,714,0,0,0,0,1,0,0.0,0.0,0.0,0.0,0.0,0.6908558821305633,0.6908558821305633,0.057200579017249946,0.057200579017249946,7.9,0,0.0,0.0,0.0,0.0,0.0,0.13817117642611265,-0.6908558821305633,-0.6908558821305633,0.0,0.0,0.0,0.0,0.0,0.0,0.0,0.0,0.0,0.0,0.0,0.0,0.0,0.0,10.0,0.0,0.0,0.0,0.0,0.0,0.0,0.0,0.0,0.0,18,0.0,0.0,0.0,0.0,0.0,0.0,0.0,0.0,0.0,0.0,0.0,0.0,0.0,0.0,0.0,0.0,0.0,0.0,0.0,0.0,0.0,14,0.0,0.0,0.0,0.0,0.0,0.0,5,0.0,0.0,0.0,0.0,0.0,0.0,0.0,0.0,0.0,0.0,0.0,0.0,0.0,0.0,0.0,0.0,0,16,17,1,0.0,0.0,0,0.0,0.0,0.0,0.0
Matteo Prati,it ITA,MF,Cagliari,20,2003,12,8,570,0,0,0,0,1,0,0.0,0.0,0.0,0.0,0.0,0.0736525598913431,0.0736525598913431,0.011448584439068876,0.011448584439068876,6.3,0,0.0,0.0,0.0,0.0,0.0,0.018413139972835776,-0.0736525598913431,-0.0736525598913431,0.0,0.0,0.0,0.0,0.0,0.0,0.0,0.0,0.0,0.0,0.0,0.0,0.0,0.0,6.0,0.0,0.0,0.0,0.0,0.0,0.0,0.0,0.0,0.0,5,0.0,0.0,0.0,0.0,0.0,0.0,0.0,0.0,0.0,0.0,0.0,0.0,0.0,0.0,0.0,0.0,0.0,0.0,0.0,0.0,0.0,4,0.0,0.0,0.0,0.0,0.0,0.0,7,0.0,0.0,0.0,0.0,0.0,0.0,0.0,0.0,0.0,0.0,0.0,0.0,0.0,0.0,0.0,0.0,0,8,6,0,0.0,0.0,0,0.0,0.0,0.0,0.0
Ivan Provedel,it ITA,GK,Lazio,30,1994,29,29,"2,610",0,0,0,0,0,0,0.0,0.0,0.0,0.0,0.0,0.0,0.0,0.0,0.0,29.0,0,0.0,0.0,0.0,0.0,0.0,,0.0,0.0,0.0,0.0,0.0,0.0,0.0,0.0,0.0,0.0,0.0,0.0,0.0,0.0,0.0,0.0,3.0,0.0,0.0,0.0,0.0,0.0,0.0,0.0,0.0,0.0,0,0.0,0.0,0.0,0.0,0.0,0.0,0.0,0.0,0.0,0.0,0.0,0.0,0.0,0.0,0.0,0.0,0.0,0.0,0.0,0.0,0.0,0,0.0,0.0,0.0,0.0,0.0,0.0,1,0.0,0.0,0.0,0.0,0.0,0.0,0.0,0.0,0.0,0.0,0.0,0.0,0.0,0.0,0.0,0.0,0,0,5,0,0.0,0.0,0,0.0,0.0,0.0,0.0
Diego Pugno,it ITA,DF,Juventus,18,2006,1,0,7,0,0,0,0,0,0,0.0,0.0,0.0,0.0,0.0,0.0,0.0,0.0,0.0,0.1,0,0.0,0.0,0.0,0.0,0.0,,0.0,0.0,0.0,0.0,0.0,0.0,0.0,0.0,0.0,0.0,0.0,0.0,0.0,0.0,0.0,0.0,1.0,0.0,0.0,0.0,0.0,0.0,0.0,0.0,0.0,0.0,0,0.0,0.0,0.0,0.0,0.0,0.0,0.0,0.0,0.0,0.0,0.0,0.0,0.0,0.0,0.0,0.0,0.0,0.0,0.0,0.0,0.0,0,0.0,0.0,0.0,0.0,0.0,0.0,0,0.0,0.0,0.0,0.0,0.0,0.0,0.0,0.0,0.0,0.0,0.0,0.0,0.0,0.0,0.0,0.0,0,0,0,0,0.0,0.0,0,0.0,0.0,0.0,0.0
Christian Pulisic,us USA,"MF,FW",Milan,25,1998,34,29,"2,478",11,9,3,4,1,0,0.4,0.33,0.73,0.29,0.62,11.676121918484569,8.63092665374279,0.4173355729402745,0.30849221558254614,27.5,24,0.0,42.1,0.87,0.14,0.33,0.15141976585513667,-0.6761219184845686,-0.6309266537427902,0.0,0.0,0.0,0.0,0.0,0.0,0.0,0.0,0.0,0.0,0.0,0.0,0.0,0.0,69.0,0.0,0.0,0.0,0.0,0.0,0.0,0.0,0.0,0.0,118,0.0,0.0,0.0,0.0,0.0,0.0,0.0,0.0,0.0,0.0,0.0,0.0,0.0,0.0,0.0,0.0,0.0,0.0,0.0,0.0,0.0,29,0.0,0.0,0.0,0.0,0.0,0.0,5,0.0,0.0,0.0,0.0,0.0,0.0,0.0,0.0,0.0,0.0,0.0,0.0,0.0,0.0,0.0,0.0,0,20,37,3,0.0,0.0,0,0.0,0.0,0.0,0.0
Ionuț Radu,ro ROU,GK,Venezia,27,1997,15,15,"1,350",0,0,0,0,1,0,0.0,0.0,0.0,0.0,0.0,0.0,0.0,0.0,0.0,15.0,0,0.0,0.0,0.0,0.0,0.0,,0.0,0.0,0.0,0.0,0.0,0.0,0.0,0.0,0.0,0.0,0.0,0.0,0.0,0.0,0.0,0.0,0.0,0.0,0.0,0.0,0.0,0.0,0.0,0.0,0.0,0.0,0,0.0,0.0,0.0,0.0,0.0,0.0,0.0,0.0,0.0,0.0,0.0,0.0,0.0,0.0,0.0,0.0,0.0,0.0,0.0,0.0,0.0,0,0.0,0.0,0.0,0.0,0.0,0.0,0,0.0,0.0,0.0,0.0,0.0,0.0,0.0,0.0,0.0,0.0,0.0,0.0,0.0,0.0,0.0,0.0,0,0,1,0,0.0,0.0,0,0.0,0.0,0.0,0.0
Hamza Rafia,tn TUN,MF,Lecce,25,1999,18,14,"1,058",0,0,0,0,4,0,0.0,0.0,0.0,0.0,0.0,0.4039858905598521,0.4039858905598521,0.033572234672563886,0.033572234672563886,11.8,2,0.0,20.0,0.17,0.0,0.0,0.040398589055985215,-0.4039858905598521,-0.4039858905598521,0.0,0.0,0.0,0.0,0.0,0.0,0.0,0.0,0.0,0.0,0.0,0.0,0.0,0.0,16.0,0.0,0.0,0.0,0.0,0.0,0.0,0.0,0.0,0.0,44,0.0,0.0,0.0,0.0,0.0,0.0,0.0,0.0,0.0,0.0,0.0,0.0,0.0,0.0,0.0,0.0,0.0,0.0,0.0,0.0,0.0,28,0.0,0.0,0.0,0.0,0.0,0.0,4,0.0,0.0,0.0,0.0,0.0,0.0,0.0,0.0,0.0,0.0,0.0,0.0,0.0,0.0,0.0,0.0,0,26,25,0,0.0,0.0,0,0.0,0.0,0.0,0.0
Antonio Raimondo,it ITA,FW,Venezia,20,2004,9,0,94,0,0,0,0,0,0,0.0,0.0,0.0,0.0,0.0,0.5108163952827454,0.5108163952827454,0.6475137404992547,0.6475137404992547,1.0,1,0.0,100.0,0.96,0.0,0.0,0.5108163952827454,-0.5108163952827454,-0.5108163952827454,0.0,0.0,0.0,0.0,0.0,0.0,0.0,0.0,0.0,0.0,0.0,0.0,0.0,0.0,1.0,0.0,0.0,0.0,0.0,0.0,0.0,0.0,0.0,0.0,1,0.0,0.0,0.0,0.0,0.0,0.0,0.0,0.0,0.0,0.0,0.0,0.0,0.0,0.0,0.0,0.0,0.0,0.0,0.0,0.0,0.0,1,0.0,0.0,0.0,0.0,0.0,0.0,0,0.0,0.0,0.0,0.0,0.0,0.0,0.0,0.0,0.0,0.0,0.0,0.0,0.0,0.0,0.0,0.0,0,2,1,1,0.0,0.0,0,0.0,0.0,0.0,0.0
Ylber Ramadani,al ALB,MF,Lecce,28,1996,29,21,"1,807",1,1,0,0,4,0,0.05,0.05,0.1,0.05,0.1,0.5368887726217508,0.5368887726217508,0.026389945131598893,0.026389945131598893,20.1,6,0.0,35.3,0.3,0.06,0.17,0.031581692507161814,0.46311122737824917,0.46311122737824917,0.0,0.0,0.0,0.0,0.0,0.0,0.0,0.0,0.0,0.0,0.0,0.0,0.0,0.0,16.0,0.0,0.0,0.0,0.0,0.0,0.0,0.0,0.0,0.0,6,0.0,0.0,0.0,0.0,0.0,0.0,0.0,0.0,0.0,0.0,0.0,0.0,0.0,0.0,0.0,0.0,0.0,0.0,0.0,0.0,0.0,29,0.0,0.0,0.0,0.0,0.0,0.0,22,0.0,0.0,0.0,0.0,0.0,0.0,0.0,0.0,0.0,0.0,0.0,0.0,0.0,0.0,0.0,0.0,0,18,11,0,0.0,0.0,0,0.0,0.0,0.0,0.0
Luca Ranieri,it ITA,DF,Fiorentina,25,1999,36,35,"3,071",1,3,0,0,7,0,0.03,0.09,0.12,0.03,0.12,1.383564260788262,1.383564260788262,0.04036330096302871,0.04036330096302871,34.1,5,0.0,45.5,0.15,0.09,0.2,0.12577856916256927,-0.3835642607882619,-0.3835642607882619,0.0,0.0,0.0,0.0,0.0,0.0,0.0,0.0,0.0,0.0,0.0,0.0,0.0,0.0,16.0,0.0,0.0,0.0,0.0,0.0,0.0,0.0,0.0,0.0,8,0.0,0.0,0.0,0.0,0.0,0.0,0.0,0.0,0.0,0.0,0.0,0.0,0.0,0.0,0.0,0.0,0.0,0.0,0.0,0.0,0.0,25,0.0,0.0,0.0,0.0,0.0,0.0,28,0.0,0.0,0.0,0.0,0.0,0.0,0.0,0.0,0.0,0.0,0.0,0.0,0.0,0.0,0.0,0.0,0,25,23,1,0.0,0.0,0,0.0,0.0,0.0,0.0
Giacomo Raspadori,it ITA,"FW,MF",Napoli,24,2000,26,11,"1,103",6,1,0,0,1,0,0.49,0.08,0.57,0.49,0.57,5.084815743379295,5.084815743379295,0.41228235757129417,0.41228235757129417,12.3,14,0.0,33.3,1.14,0.14,0.43,0.12106704150903083,0.9151842566207051,0.9151842566207051,0.0,0.0,0.0,0.0,0.0,0.0,0.0,0.0,0.0,0.0,0.0,0.0,0.0,0.0,29.0,0.0,0.0,0.0,0.0,0.0,0.0,0.0,0.0,0.0,67,0.0,0.0,0.0,0.0,0.0,0.0,0.0,0.0,0.0,0.0,0.0,0.0,0.0,0.0,0.0,0.0,0.0,0.0,0.0,0.0,0.0,9,0.0,0.0,0.0,0.0,0.0,0.0,3,0.0,0.0,0.0,0.0,0.0,0.0,0.0,0.0,0.0,0.0,0.0,0.0,0.0,0.0,0.0,0.0,0,12,20,1,0.0,0.0,0,0.0,0.0,0.0,0.0
Federico Ravaglia,it ITA,GK,Bologna,24,1999,12,11,"1,056",0,0,0,0,0,0,0.0,0.0,0.0,0.0,0.0,0.0,0.0,0.0,0.0,11.7,0,0.0,0.0,0.0,0.0,0.0,,0.0,0.0,0.0,0.0,0.0,0.0,0.0,0.0,0.0,0.0,0.0,0.0,0.0,0.0,0.0,0.0,1.0,0.0,0.0,0.0,0.0,0.0,0.0,0.0,0.0,0.0,0,0.0,0.0,0.0,0.0,0.0,0.0,0.0,0.0,0.0,0.0,0.0,0.0,0.0,0.0,0.0,0.0,0.0,0.0,0.0,0.0,0.0,0,0.0,0.0,0.0,0.0,0.0,0.0,0,0.0,0.0,0.0,0.0,0.0,0.0,0.0,0.0,0.0,0.0,0.0,0.0,0.0,0.0,0.0,0.0,0,0,4,0,0.0,0.0,0,0.0,0.0,0.0,0.0
Ante Rebić,hr CRO,"FW,MF",Lecce,30,1993,27,7,788,1,0,0,0,3,2,0.11,0.0,0.11,0.11,0.11,1.7934200260788202,1.7934200260788202,0.21435299116479922,0.21435299116479922,8.8,5,0.0,38.5,0.57,0.08,0.2,0.1379553866214477,-0.7934200260788202,-0.7934200260788202,0.0,0.0,0.0,0.0,0.0,0.0,0.0,0.0,0.0,0.0,0.0,0.0,0.0,0.0,18.0,0.0,0.0,0.0,0.0,0.0,0.0,0.0,0.0,0.0,32,0.0,0.0,0.0,0.0,0.0,0.0,0.0,0.0,0.0,0.0,0.0,0.0,0.0,0.0,0.0,0.0,0.0,0.0,0.0,0.0,0.0,10,0.0,0.0,0.0,0.0,0.0,0.0,2,0.0,0.0,0.0,0.0,0.0,0.0,0.0,0.0,0.0,0.0,0.0,0.0,0.0,0.0,0.0,0.0,0,19,14,7,0.0,0.0,0,0.0,0.0,0.0,0.0
Tijjani Reijnders,nl NED,MF,Milan,26,1998,37,36,"3,128",10,4,0,0,2,1,0.29,0.12,0.4,0.29,0.4,8.066354492679238,8.066354492679238,0.23149614296592202,0.23149614296592202,34.8,28,0.0,36.4,0.81,0.13,0.36,0.10475785055427582,1.9336455073207617,1.9336455073207617,0.0,0.0,0.0,0.0,0.0,0.0,0.0,0.0,0.0,0.0,0.0,0.0,0.0,0.0,46.0,0.0,0.0,0.0,0.0,0.0,0.0,0.0,0.0,0.0,46,0.0,0.0,0.0,0.0,0.0,0.0,0.0,0.0,0.0,0.0,0.0,0.0,0.0,0.0,0.0,0.0,0.0,0.0,0.0,0.0,0.0,13,0.0,0.0,0.0,0.0,0.0,0.0,37,0.0,0.0,0.0,0.0,0.0,0.0,0.0,0.0,0.0,0.0,0.0,0.0,0.0,0.0,0.0,0.0,0,28,22,2,0.0,0.0,0,0.0,0.0,0.0,0.0
Pepe Reina,es ESP,GK,Como,41,1982,12,12,"1,034",0,0,0,0,0,1,0.0,0.0,0.0,0.0,0.0,0.0,0.0,0.0,0.0,11.5,0,0.0,0.0,0.0,0.0,0.0,0.0,0.0,0.0,0.0,0.0,0.0,0.0,0.0,0.0,0.0,0.0,0.0,0.0,0.0,0.0,0.0,0.0,0.0,0.0,0.0,0.0,0.0,0.0,0.0,0.0,0.0,0.0,0,0.0,0.0,0.0,0.0,0.0,0.0,0.0,0.0,0.0,0.0,0.0,0.0,0.0,0.0,0.0,0.0,0.0,0.0,0.0,0.0,0.0,0,0.0,0.0,0.0,0.0,0.0,0.0,0,0.0,0.0,0.0,0.0,0.0,0.0,0.0,0.0,0.0,0.0,0.0,0.0,0.0,0.0,0.0,0.0,0,1,1,0,0.0,0.0,0,0.0,0.0,0.0,0.0
Devyne Rensch,nl NED,"MF,DF",Roma,21,2003,14,5,469,0,1,0,0,0,0,0.0,0.19,0.19,0.0,0.19,0.6233813874423504,0.6233813874423504,0.12249852591661908,0.12249852591661908,5.2,2,0.0,66.7,0.38,0.0,0.0,0.2077937958141168,-0.6233813874423504,-0.6233813874423504,0.0,0.0,0.0,0.0,0.0,0.0,0.0,0.0,0.0,0.0,0.0,0.0,0.0,0.0,2.0,0.0,0.0,0.0,0.0,0.0,0.0,0.0,0.0,0.0,11,0.0,0.0,0.0,0.0,0.0,0.0,0.0,0.0,0.0,0.0,0.0,0.0,0.0,0.0,0.0,0.0,0.0,0.0,0.0,0.0,0.0,12,0.0,0.0,0.0,0.0,0.0,0.0,6,0.0,0.0,0.0,0.0,0.0,0.0,0.0,0.0,0.0,0.0,0.0,0.0,0.0,0.0,0.0,0.0,0,1,7,1,0.0,0.0,0,0.0,0.0,0.0,0.0
Mateo Retegui,it ITA,FW,Atalanta,25,1999,36,32,"2,383",25,8,4,5,3,0,0.94,0.3,1.25,0.79,1.1,23.05881144106388,19.252317164093256,0.8522763982323405,0.7115846179746994,26.5,38,0.0,36.5,1.44,0.2,0.55,0.18511843427012747,1.941188558936119,1.747682835906744,0.0,0.0,0.0,0.0,0.0,0.0,0.0,0.0,0.0,0.0,0.0,0.0,0.0,0.0,38.0,0.0,0.0,0.0,0.0,0.0,0.0,0.0,0.0,0.0,14,0.0,0.0,0.0,0.0,0.0,0.0,0.0,0.0,0.0,0.0,0.0,0.0,0.0,0.0,0.0,0.0,0.0,0.0,0.0,0.0,0.0,10,0.0,0.0,0.0,0.0,0.0,0.0,3,0.0,0.0,0.0,0.0,0.0,0.0,0.0,0.0,0.0,0.0,0.0,0.0,0.0,0.0,0.0,0.0,0,32,34,6,0.0,0.0,0,0.0,0.0,0.0,0.0
Samuele Ricci,it ITA,MF,Torino,22,2001,34,34,"2,825",1,1,0,0,8,1,0.03,0.03,0.06,0.03,0.06,1.2636383641511202,1.2636383641511202,0.0397231759600422,0.0397231759600422,31.4,7,0.0,31.8,0.22,0.05,0.14,0.057438107461414555,-0.2636383641511202,-0.2636383641511202,0.0,0.0,0.0,0.0,0.0,0.0,0.0,0.0,0.0,0.0,0.0,0.0,0.0,0.0,15.0,0.0,0.0,0.0,0.0,0.0,0.0,0.0,0.0,0.0,30,0.0,0.0,0.0,0.0,0.0,0.0,0.0,0.0,0.0,0.0,0.0,0.0,0.0,0.0,0.0,0.0,0.0,0.0,0.0,0.0,0.0,21,0.0,0.0,0.0,0.0,0.0,0.0,27,0.0,0.0,0.0,0.0,0.0,0.0,0.0,0.0,0.0,0.0,0.0,0.0,0.0,0.0,0.0,0.0,0,38,70,0,0.0,0.0,0,0.0,0.0,0.0,0.0
Amir Richardson,ma MAR,MF,Fiorentina,22,2002,27,10,"1,099",1,1,0,0,6,0,0.08,0.08,0.16,0.08,0.16,1.0827028583735228,1.0827028583735228,0.08997530679004344,0.08997530679004344,12.2,5,0.0,45.5,0.41,0.09,0.2,0.09842753257941116,-0.08270285837352276,-0.08270285837352276,0.0,0.0,0.0,0.0,0.0,0.0,0.0,0.0,0.0,0.0,0.0,0.0,0.0,0.0,8.0,0.0,0.0,0.0,0.0,0.0,0.0,0.0,0.0,0.0,5,0.0,0.0,0.0,0.0,0.0,0.0,0.0,0.0,0.0,0.0,0.0,0.0,0.0,0.0,0.0,0.0,0.0,0.0,0.0,0.0,0.0,12,0.0,0.0,0.0,0.0,0.0,0.0,5,0.0,0.0,0.0,0.0,0.0,0.0,0.0,0.0,0.0,0.0,0.0,0.0,0.0,0.0,0.0,0.0,0,31,19,1,0.0,0.0,0,0.0,0.0,0.0,0.0
Sergi Roberto,es ESP,MF,Como,32,1992,13,8,696,0,1,0,0,4,0,0.0,0.13,0.13,0.0,0.13,0.5105091407895088,0.5105091407895088,0.06639569750152571,0.06639569750152571,7.7,1,0.0,16.7,0.13,0.0,0.0,0.08508485679825147,-0.5105091407895088,-0.5105091407895088,0.0,0.0,0.0,0.0,0.0,0.0,0.0,0.0,0.0,0.0,0.0,0.0,0.0,0.0,14.0,0.0,0.0,0.0,0.0,0.0,0.0,0.0,0.0,0.0,6,0.0,0.0,0.0,0.0,0.0,0.0,0.0,0.0,0.0,0.0,0.0,0.0,0.0,0.0,0.0,0.0,0.0,0.0,0.0,0.0,0.0,10,0.0,0.0,0.0,0.0,0.0,0.0,9,0.0,0.0,0.0,0.0,0.0,0.0,0.0,0.0,0.0,0.0,0.0,0.0,0.0,0.0,0.0,0.0,0,7,14,0,0.0,0.0,0,0.0,0.0,0.0,0.0
Alessio Romagnoli,it ITA,DF,Lazio,29,1995,32,31,"2,672",2,0,0,0,4,2,0.07,0.0,0.07,0.07,0.07,3.565914835780859,3.565914835780859,0.11992987115854907,0.11992987115854907,29.7,8,0.0,40.0,0.27,0.1,0.25,0.17829574178904295,-1.565914835780859,-1.565914835780859,0.0,0.0,0.0,0.0,0.0,0.0,0.0,0.0,0.0,0.0,0.0,0.0,0.0,0.0,10.0,0.0,0.0,0.0,0.0,0.0,0.0,0.0,0.0,0.0,0,0.0,0.0,0.0,0.0,0.0,0.0,0.0,0.0,0.0,0.0,0.0,0.0,0.0,0.0,0.0,0.0,0.0,0.0,0.0,0.0,0.0,27,0.0,0.0,0.0,0.0,0.0,0.0,27,0.0,0.0,0.0,0.0,0.0,0.0,0.0,0.0,0.0,0.0,0.0,0.0,0.0,0.0,0.0,0.0,0,28,14,2,0.0,0.0,0,0.0,0.0,0.0,0.0
Marten de Roon,nl NED,"MF,DF",Atalanta,33,1991,36,34,"3,058",4,4,0,0,5,0,0.12,0.12,0.24,0.12,0.24,1.263384023681283,1.263384023681283,0.03715835363768479,0.03715835363768479,34.0,4,0.0,28.6,0.12,0.29,1.0,0.0902417159772345,2.736615976318717,2.736615976318717,0.0,0.0,0.0,0.0,0.0,0.0,0.0,0.0,0.0,0.0,0.0,0.0,0.0,0.0,25.0,0.0,0.0,0.0,0.0,0.0,0.0,0.0,0.0,0.0,28,0.0,0.0,0.0,0.0,0.0,0.0,0.0,0.0,0.0,0.0,0.0,0.0,0.0,0.0,0.0,0.0,0.0,0.0,0.0,0.0,0.0,47,0.0,0.0,0.0,0.0,0.0,0.0,48,0.0,0.0,0.0,0.0,0.0,0.0,0.0,0.0,0.0,0.0,0.0,0.0,0.0,0.0,0.0,0.0,0,48,23,1,0.0,0.0,0,0.0,0.0,0.0,0.0
Jonas Rouhi,se SWE,DF,Juventus,20,2004,5,1,210,0,0,0,0,0,0,0.0,0.0,0.0,0.0,0.0,0.0,0.0,0.0,0.0,2.3,0,0.0,0.0,0.0,0.0,0.0,,0.0,0.0,0.0,0.0,0.0,0.0,0.0,0.0,0.0,0.0,0.0,0.0,0.0,0.0,0.0,0.0,0.0,0.0,0.0,0.0,0.0,0.0,0.0,0.0,0.0,0.0,3,0.0,0.0,0.0,0.0,0.0,0.0,0.0,0.0,0.0,0.0,0.0,0.0,0.0,0.0,0.0,0.0,0.0,0.0,0.0,0.0,0.0,1,0.0,0.0,0.0,0.0,0.0,0.0,2,0.0,0.0,0.0,0.0,0.0,0.0,0.0,0.0,0.0,0.0,0.0,0.0,0.0,0.0,0.0,0.0,0,4,2,0,0.0,0.0,0,0.0,0.0,0.0,0.0
Nicolò Rovella,it ITA,MF,Lazio,22,2001,33,31,"2,718",0,3,0,0,13,0,0.0,0.1,0.1,0.0,0.1,1.6033612098544836,1.6033612098544836,0.052530946081872414,0.052530946081872414,30.2,8,0.0,28.6,0.26,0.0,0.0,0.057262900351945846,-1.6033612098544836,-1.6033612098544836,0.0,0.0,0.0,0.0,0.0,0.0,0.0,0.0,0.0,0.0,0.0,0.0,0.0,0.0,30.0,0.0,0.0,0.0,0.0,0.0,0.0,0.0,0.0,0.0,35,0.0,0.0,0.0,0.0,0.0,0.0,0.0,0.0,0.0,0.0,0.0,0.0,0.0,0.0,0.0,0.0,0.0,0.0,0.0,0.0,0.0,52,0.0,0.0,0.0,0.0,0.0,0.0,43,0.0,0.0,0.0,0.0,0.0,0.0,0.0,0.0,0.0,0.0,0.0,0.0,0.0,0.0,0.0,0.0,0,43,33,2,0.0,0.0,0,0.0,0.0,0.0,0.0
Amir Rrahmani,xk KVX,DF,Napoli,30,1994,38,38,"3,406",1,3,0,0,2,0,0.03,0.08,0.11,0.03,0.11,2.2584940614178777,2.2584940614178777,0.05960834766205543,0.05960834766205543,37.8,4,0.0,14.3,0.11,0.04,0.25,0.08066050219349563,-1.2584940614178777,-1.2584940614178777,0.0,0.0,0.0,0.0,0.0,0.0,0.0,0.0,0.0,0.0,0.0,0.0,0.0,0.0,11.0,0.0,0.0,0.0,0.0,0.0,0.0,0.0,0.0,0.0,1,0.0,0.0,0.0,0.0,0.0,0.0,0.0,0.0,0.0,0.0,0.0,0.0,0.0,0.0,0.0,0.0,0.0,0.0,0.0,0.0,0.0,30,0.0,0.0,0.0,0.0,0.0,0.0,27,0.0,0.0,0.0,0.0,0.0,0.0,0.0,0.0,0.0,0.0,0.0,0.0,0.0,0.0,0.0,0.0,0,42,16,0,0.0,0.0,1,0.0,0.0,0.0,0.0
Tommaso Rubino,it ITA,FW,Fiorentina,17,2006,1,0,8,0,0,0,0,0,0,0.0,0.0,0.0,0.0,0.0,0.0,0.0,0.0,0.0,0.1,0,0.0,0.0,0.0,0.0,0.0,,0.0,0.0,0.0,0.0,0.0,0.0,0.0,0.0,0.0,0.0,0.0,0.0,0.0,0.0,0.0,0.0,1.0,0.0,0.0,0.0,0.0,0.0,0.0,0.0,0.0,0.0,0,0.0,0.0,0.0,0.0,0.0,0.0,0.0,0.0,0.0,0.0,0.0,0.0,0.0,0.0,0.0,0.0,0.0,0.0,0.0,0.0,0.0,0,0.0,0.0,0.0,0.0,0.0,0.0,0,0.0,0.0,0.0,0.0,0.0,0.0,0.0,0.0,0.0,0.0,0.0,0.0,0.0,0.0,0.0,0.0,0,1,0,0,0.0,0.0,0,0.0,0.0,0.0,0.0
Matteo Ruggeri,it ITA,"MF,DF",Atalanta,22,2002,30,19,"1,751",0,3,0,0,2,0,0.0,0.15,0.15,0.0,0.15,0.4958635475486517,0.4958635475486517,0.025662863300390255,0.025662863300390255,19.5,2,0.0,66.7,0.1,0.0,0.0,0.1652878491828839,-0.4958635475486517,-0.4958635475486517,0.0,0.0,0.0,0.0,0.0,0.0,0.0,0.0,0.0,0.0,0.0,0.0,0.0,0.0,24.0,0.0,0.0,0.0,0.0,0.0,0.0,0.0,0.0,0.0,82,0.0,0.0,0.0,0.0,0.0,0.0,0.0,0.0,0.0,0.0,0.0,0.0,0.0,0.0,0.0,0.0,0.0,0.0,0.0,0.0,0.0,24,0.0,0.0,0.0,0.0,0.0,0.0,24,0.0,0.0,0.0,0.0,0.0,0.0,0.0,0.0,0.0,0.0,0.0,0.0,0.0,0.0,0.0,0.0,0,12,5,2,0.0,0.0,0,0.0,0.0,0.0,0.0
Stefano Sabelli,it ITA,"DF,MF",Genoa,31,1993,34,23,"2,058",0,2,0,0,3,0,0.0,0.09,0.09,0.0,0.09,0.1367928409017622,0.1367928409017622,0.005941773977393146,0.005941773977393146,22.9,1,0.0,16.7,0.04,0.0,0.0,0.022798806816960365,-0.1367928409017622,-0.1367928409017622,0.0,0.0,0.0,0.0,0.0,0.0,0.0,0.0,0.0,0.0,0.0,0.0,0.0,0.0,18.0,0.0,0.0,0.0,0.0,0.0,0.0,0.0,0.0,0.0,59,0.0,0.0,0.0,0.0,0.0,0.0,0.0,0.0,0.0,0.0,0.0,0.0,0.0,0.0,0.0,0.0,0.0,0.0,0.0,0.0,0.0,31,0.0,0.0,0.0,0.0,0.0,0.0,21,0.0,0.0,0.0,0.0,0.0,0.0,0.0,0.0,0.0,0.0,0.0,0.0,0.0,0.0,0.0,0.0,0,25,23,0,0.0,0.0,0,0.0,0.0,0.0,0.0
Alexis Saelemaekers,be BEL,"MF,FW",Roma,25,1999,22,17,"1,389",7,3,0,0,4,0,0.45,0.19,0.65,0.45,0.65,3.0717705376446247,3.0717705376446247,0.1830856611841167,0.1830856611841167,15.4,12,0.0,48.0,0.78,0.28,0.58,0.12287082150578499,3.9282294623553753,3.9282294623553753,0.0,0.0,0.0,0.0,0.0,0.0,0.0,0.0,0.0,0.0,0.0,0.0,0.0,0.0,26.0,0.0,0.0,0.0,0.0,0.0,0.0,0.0,0.0,0.0,52,0.0,0.0,0.0,0.0,0.0,0.0,0.0,0.0,0.0,0.0,0.0,0.0,0.0,0.0,0.0,0.0,0.0,0.0,0.0,0.0,0.0,20,0.0,0.0,0.0,0.0,0.0,0.0,9,0.0,0.0,0.0,0.0,0.0,0.0,0.0,0.0,0.0,0.0,0.0,0.0,0.0,0.0,0.0,0.0,0,13,30,0,0.0,0.0,0,0.0,0.0,0.0,0.0
Alexis Saelemaekers,be BEL,DF,Milan,25,1999,1,1,90,0,0,0,0,0,0,0.0,0.0,0.0,0.0,0.0,3.0717705376446247,3.0717705376446247,0.1830856611841167,0.1830856611841167,1.0,0,0.0,0.0,0.0,0.0,0.0,0.12287082150578499,3.9282294623553753,3.9282294623553753,0.0,0.0,0.0,0.0,0.0,0.0,0.0,0.0,0.0,0.0,0.0,0.0,0.0,0.0,26.0,0.0,0.0,0.0,0.0,0.0,0.0,0.0,0.0,0.0,10,0.0,0.0,0.0,0.0,0.0,0.0,0.0,0.0,0.0,0.0,0.0,0.0,0.0,0.0,0.0,0.0,0.0,0.0,0.0,0.0,0.0,1,0.0,0.0,0.0,0.0,0.0,0.0,1,0.0,0.0,0.0,0.0,0.0,0.0,0.0,0.0,0.0,0.0,0.0,0.0,0.0,0.0,0.0,0.0,0,0,2,0,0.0,0.0,0,0.0,0.0,0.0,0.0
Richie Sagrado,be BEL,"MF,DF",Venezia,20,2004,3,3,140,0,0,0,0,1,0,0.0,0.0,0.0,0.0,0.0,0.0341544412076473,0.0341544412076473,0.021199308335781084,0.021199308335781084,1.6,0,0.0,0.0,0.0,0.0,0.0,0.0341544412076473,-0.0341544412076473,-0.0341544412076473,0.0,0.0,0.0,0.0,0.0,0.0,0.0,0.0,0.0,0.0,0.0,0.0,0.0,0.0,0.0,0.0,0.0,0.0,0.0,0.0,0.0,0.0,0.0,0.0,0,0.0,0.0,0.0,0.0,0.0,0.0,0.0,0.0,0.0,0.0,0.0,0.0,0.0,0.0,0.0,0.0,0.0,0.0,0.0,0.0,0.0,2,0.0,0.0,0.0,0.0,0.0,0.0,3,0.0,0.0,0.0,0.0,0.0,0.0,0.0,0.0,0.0,0.0,0.0,0.0,0.0,0.0,0.0,0.0,0,2,2,0,0.0,0.0,0,0.0,0.0,0.0,0.0
Marco Sala,it ITA,"DF,MF",Lecce,25,1999,2,0,72,0,0,0,0,0,0,0.0,0.0,0.0,0.0,0.0,0.0,0.0,0.0,0.0,0.8,0,0.0,0.0,0.0,0.0,0.0,,0.0,0.0,0.0,0.0,0.0,0.0,0.0,0.0,0.0,0.0,0.0,0.0,0.0,0.0,0.0,0.0,2.0,0.0,0.0,0.0,0.0,0.0,0.0,0.0,0.0,0.0,8,0.0,0.0,0.0,0.0,0.0,0.0,0.0,0.0,0.0,0.0,0.0,0.0,0.0,0.0,0.0,0.0,0.0,0.0,0.0,0.0,0.0,0,0.0,0.0,0.0,0.0,0.0,0.0,0,0.0,0.0,0.0,0.0,0.0,0.0,0.0,0.0,0.0,0.0,0.0,0.0,0.0,0.0,0.0,0.0,0,1,1,0,0.0,0.0,0,0.0,0.0,0.0,0.0
Marco Sala,it ITA,DF,Como,25,1999,8,3,261,0,0,0,0,3,0,0.0,0.0,0.0,0.0,0.0,0.0,0.0,0.0,0.0,2.9,0,0.0,0.0,0.0,0.0,0.0,,0.0,0.0,0.0,0.0,0.0,0.0,0.0,0.0,0.0,0.0,0.0,0.0,0.0,0.0,0.0,0.0,2.0,0.0,0.0,0.0,0.0,0.0,0.0,0.0,0.0,0.0,9,0.0,0.0,0.0,0.0,0.0,0.0,0.0,0.0,0.0,0.0,0.0,0.0,0.0,0.0,0.0,0.0,0.0,0.0,0.0,0.0,0.0,7,0.0,0.0,0.0,0.0,0.0,0.0,1,0.0,0.0,0.0,0.0,0.0,0.0,0.0,0.0,0.0,0.0,0.0,0.0,0.0,0.0,0.0,0.0,0,5,1,0,0.0,0.0,0,0.0,0.0,0.0,0.0
Anass Salah-Eddine,ma MAR,MF,Roma,22,2002,3,2,152,0,1,0,0,0,0,0.0,0.59,0.59,0.0,0.59,0.4623778164386749,0.4623778164386749,0.26675643256077397,0.26675643256077397,1.7,1,0.0,50.0,0.59,0.0,0.0,0.23118890821933746,-0.4623778164386749,-0.4623778164386749,0.0,0.0,0.0,0.0,0.0,0.0,0.0,0.0,0.0,0.0,0.0,0.0,0.0,0.0,2.0,0.0,0.0,0.0,0.0,0.0,0.0,0.0,0.0,0.0,6,0.0,0.0,0.0,0.0,0.0,0.0,0.0,0.0,0.0,0.0,0.0,0.0,0.0,0.0,0.0,0.0,0.0,0.0,0.0,0.0,0.0,1,0.0,0.0,0.0,0.0,0.0,0.0,1,0.0,0.0,0.0,0.0,0.0,0.0,0.0,0.0,0.0,0.0,0.0,0.0,0.0,0.0,0.0,0.0,0,2,1,0,0.0,0.0,0,0.0,0.0,0.0,0.0
Lazar Samardzic,rs SRB,MF,Atalanta,22,2002,31,7,"1,169",2,1,0,0,3,0,0.15,0.08,0.23,0.15,0.23,1.92628039047122,1.92628039047122,0.1549287177322697,0.1549287177322697,13.0,13,0.0,39.4,1.0,0.06,0.15,0.05837213304458243,0.07371960952877998,0.07371960952877998,0.0,0.0,0.0,0.0,0.0,0.0,0.0,0.0,0.0,0.0,0.0,0.0,0.0,0.0,35.0,0.0,0.0,0.0,0.0,0.0,0.0,0.0,0.0,0.0,60,0.0,0.0,0.0,0.0,0.0,0.0,0.0,0.0,0.0,0.0,0.0,0.0,0.0,0.0,0.0,0.0,0.0,0.0,0.0,0.0,0.0,14,0.0,0.0,0.0,0.0,0.0,0.0,3,0.0,0.0,0.0,0.0,0.0,0.0,0.0,0.0,0.0,0.0,0.0,0.0,0.0,0.0,0.0,0.0,0,19,10,1,0.0,0.0,0,0.0,0.0,0.0,0.0
Junior Sambia,cf CTA,MF,Empoli,27,1996,17,2,387,0,0,0,0,0,0,0.0,0.0,0.0,0.0,0.0,0.539000703021884,0.539000703021884,0.13860018077705588,0.13860018077705588,4.3,1,0.0,10.0,0.23,0.0,0.0,0.053900070302188394,-0.539000703021884,-0.539000703021884,0.0,0.0,0.0,0.0,0.0,0.0,0.0,0.0,0.0,0.0,0.0,0.0,0.0,0.0,5.0,0.0,0.0,0.0,0.0,0.0,0.0,0.0,0.0,0.0,28,0.0,0.0,0.0,0.0,0.0,0.0,0.0,0.0,0.0,0.0,0.0,0.0,0.0,0.0,0.0,0.0,0.0,0.0,0.0,0.0,0.0,10,0.0,0.0,0.0,0.0,0.0,0.0,3,0.0,0.0,0.0,0.0,0.0,0.0,0.0,0.0,0.0,0.0,0.0,0.0,0.0,0.0,0.0,0.0,0,5,9,0,0.0,0.0,0,0.0,0.0,0.0,0.0
Antonio Sanabria,py PAR,FW,Torino,28,1996,26,16,"1,318",2,1,0,1,2,0,0.14,0.07,0.2,0.14,0.2,2.5742118433117867,1.812913067638874,0.17538157902956913,0.12351413784065002,14.6,4,0.0,21.1,0.27,0.11,0.5,0.09541647724415127,-0.5742118433117867,0.18708693236112595,0.0,0.0,0.0,0.0,0.0,0.0,0.0,0.0,0.0,0.0,0.0,0.0,0.0,0.0,8.0,0.0,0.0,0.0,0.0,0.0,0.0,0.0,0.0,0.0,0,0.0,0.0,0.0,0.0,0.0,0.0,0.0,0.0,0.0,0.0,0.0,0.0,0.0,0.0,0.0,0.0,0.0,0.0,0.0,0.0,0.0,3,0.0,0.0,0.0,0.0,0.0,0.0,1,0.0,0.0,0.0,0.0,0.0,0.0,0.0,0.0,0.0,0.0,0.0,0.0,0.0,0.0,0.0,0.0,0,16,14,1,0.0,0.0,0,0.0,0.0,0.0,0.0
Alexis Sánchez,cl CHI,FW,Udinese,35,1988,13,6,437,0,0,0,0,0,0,0.0,0.0,0.0,0.0,0.0,1.230900346301496,1.230900346301496,0.2546690371658268,0.2546690371658268,4.9,0,0.0,0.0,0.0,0.0,0.0,0.17584290661449944,-1.230900346301496,-1.230900346301496,0.0,0.0,0.0,0.0,0.0,0.0,0.0,0.0,0.0,0.0,0.0,0.0,0.0,0.0,3.0,0.0,0.0,0.0,0.0,0.0,0.0,0.0,0.0,0.0,9,0.0,0.0,0.0,0.0,0.0,0.0,0.0,0.0,0.0,0.0,0.0,0.0,0.0,0.0,0.0,0.0,0.0,0.0,0.0,0.0,0.0,1,0.0,0.0,0.0,0.0,0.0,0.0,4,0.0,0.0,0.0,0.0,0.0,0.0,0.0,0.0,0.0,0.0,0.0,0.0,0.0,0.0,0.0,0.0,0,4,11,4,0.0,0.0,0,0.0,0.0,0.0,0.0
Nicola Sansone,it ITA,"FW,MF",Lecce,32,1991,5,0,65,0,0,0,0,1,0,0.0,0.0,0.0,0.0,0.0,0.1622256785631179,0.1622256785631179,0.27037613093852986,0.27037613093852986,0.7,1,0.0,33.3,1.38,0.0,0.0,0.054075226187705966,-0.1622256785631179,-0.1622256785631179,0.0,0.0,0.0,0.0,0.0,0.0,0.0,0.0,0.0,0.0,0.0,0.0,0.0,0.0,1.0,0.0,0.0,0.0,0.0,0.0,0.0,0.0,0.0,0.0,4,0.0,0.0,0.0,0.0,0.0,0.0,0.0,0.0,0.0,0.0,0.0,0.0,0.0,0.0,0.0,0.0,0.0,0.0,0.0,0.0,0.0,0,0.0,0.0,0.0,0.0,0.0,0.0,0,0.0,0.0,0.0,0.0,0.0,0.0,0.0,0.0,0.0,0.0,0.0,0.0,0.0,0.0,0.0,0.0,0,0,1,1,0.0,0.0,0,0.0,0.0,0.0,0.0
Amin Sarr,se SWE,FW,Hellas Verona,23,2001,32,25,"1,907",4,1,0,0,1,0,0.19,0.05,0.24,0.19,0.24,4.79459623247385,4.79459623247385,0.2224297221250755,0.2224297221250755,21.2,7,0.0,30.4,0.33,0.17,0.57,0.2084607057597326,-0.7945962324738503,-0.7945962324738503,0.0,0.0,0.0,0.0,0.0,0.0,0.0,0.0,0.0,0.0,0.0,0.0,0.0,0.0,22.0,0.0,0.0,0.0,0.0,0.0,0.0,0.0,0.0,0.0,7,0.0,0.0,0.0,0.0,0.0,0.0,0.0,0.0,0.0,0.0,0.0,0.0,0.0,0.0,0.0,0.0,0.0,0.0,0.0,0.0,0.0,11,0.0,0.0,0.0,0.0,0.0,0.0,3,0.0,0.0,0.0,0.0,0.0,0.0,0.0,0.0,0.0,0.0,0.0,0.0,0.0,0.0,0.0,0.0,0,47,20,13,0.0,0.0,0,0.0,0.0,0.0,0.0
Razvan Sava,ro ROU,GK,Udinese,22,2002,12,12,"1,080",0,0,0,0,1,0,0.0,0.0,0.0,0.0,0.0,0.0,0.0,0.0,0.0,12.0,0,0.0,0.0,0.0,0.0,0.0,,0.0,0.0,0.0,0.0,0.0,0.0,0.0,0.0,0.0,0.0,0.0,0.0,0.0,0.0,0.0,0.0,0.0,0.0,0.0,0.0,0.0,0.0,0.0,0.0,0.0,0.0,0,0.0,0.0,0.0,0.0,0.0,0.0,0.0,0.0,0.0,0.0,0.0,0.0,0.0,0.0,0.0,0.0,0.0,0.0,0.0,0.0,0.0,0,0.0,0.0,0.0,0.0,0.0,0.0,0,0.0,0.0,0.0,0.0,0.0,0.0,0.0,0.0,0.0,0.0,0.0,0.0,0.0,0.0,0.0,0.0,0,1,1,0,0.0,0.0,0,0.0,0.0,0.0,0.0
Nicolò Savona,it ITA,DF,Juventus,21,2003,28,19,"1,724",2,1,0,0,5,0,0.1,0.05,0.16,0.1,0.16,0.6217741407454014,0.6217741407454014,0.03245920688346063,0.03245920688346063,19.2,4,0.0,66.7,0.21,0.33,0.5,0.1036290234575669,1.3782258592545986,1.3782258592545986,0.0,0.0,0.0,0.0,0.0,0.0,0.0,0.0,0.0,0.0,0.0,0.0,0.0,0.0,16.0,0.0,0.0,0.0,0.0,0.0,0.0,0.0,0.0,0.0,34,0.0,0.0,0.0,0.0,0.0,0.0,0.0,0.0,0.0,0.0,0.0,0.0,0.0,0.0,0.0,0.0,0.0,0.0,0.0,0.0,0.0,13,0.0,0.0,0.0,0.0,0.0,0.0,11,0.0,0.0,0.0,0.0,0.0,0.0,0.0,0.0,0.0,0.0,0.0,0.0,0.0,0.0,0.0,0.0,0,13,9,1,0.0,0.0,0,0.0,0.0,0.0,0.0
Saba Sazonov,ge GEO,DF,Torino,22,2002,1,0,3,0,0,0,0,0,0,0.0,0.0,0.0,0.0,0.0,0.0,0.0,0.0,0.0,0.0,0,0.0,0.0,0.0,0.0,0.0,,0.0,0.0,0.0,0.0,0.0,0.0,0.0,0.0,0.0,0.0,0.0,0.0,0.0,0.0,0.0,0.0,0.0,0.0,0.0,0.0,0.0,0.0,0.0,0.0,0.0,0.0,0,0.0,0.0,0.0,0.0,0.0,0.0,0.0,0.0,0.0,0.0,0.0,0.0,0.0,0.0,0.0,0.0,0.0,0.0,0.0,0.0,0.0,0,0.0,0.0,0.0,0.0,0.0,0.0,0,0.0,0.0,0.0,0.0,0.0,0.0,0.0,0.0,0.0,0.0,0.0,0.0,0.0,0.0,0.0,0.0,0,0,0,0,0.0,0.0,0,0.0,0.0,0.0,0.0
Giorgio Scalvini,it ITA,DF,Atalanta,20,2003,6,4,272,0,0,0,0,2,0,0.0,0.0,0.0,0.0,0.0,0.0859476793557405,0.0859476793557405,0.027236940640903682,0.027236940640903682,3.0,0,0.0,0.0,0.0,0.0,0.0,0.021486919838935126,-0.0859476793557405,-0.0859476793557405,0.0,0.0,0.0,0.0,0.0,0.0,0.0,0.0,0.0,0.0,0.0,0.0,0.0,0.0,0.0,0.0,0.0,0.0,0.0,0.0,0.0,0.0,0.0,0.0,0,0.0,0.0,0.0,0.0,0.0,0.0,0.0,0.0,0.0,0.0,0.0,0.0,0.0,0.0,0.0,0.0,0.0,0.0,0.0,0.0,0.0,4,0.0,0.0,0.0,0.0,0.0,0.0,5,0.0,0.0,0.0,0.0,0.0,0.0,0.0,0.0,0.0,0.0,0.0,0.0,0.0,0.0,0.0,0.0,0,7,1,0,0.0,0.0,0,0.0,0.0,0.0,0.0
Gianluca Scamacca,it ITA,FW,Atalanta,25,1999,1,0,6,0,0,0,0,0,0,0.0,0.0,0.0,0.0,0.0,0.1265710592269897,0.1265710592269897,5.695697665214536,5.695697665214536,0.1,1,0.0,100.0,15.0,0.0,0.0,0.1265710592269897,-0.1265710592269897,-0.1265710592269897,0.0,0.0,0.0,0.0,0.0,0.0,0.0,0.0,0.0,0.0,0.0,0.0,0.0,0.0,0.0,0.0,0.0,0.0,0.0,0.0,0.0,0.0,0.0,0.0,0,0.0,0.0,0.0,0.0,0.0,0.0,0.0,0.0,0.0,0.0,0.0,0.0,0.0,0.0,0.0,0.0,0.0,0.0,0.0,0.0,0.0,0,0.0,0.0,0.0,0.0,0.0,0.0,0,0.0,0.0,0.0,0.0,0.0,0.0,0.0,0.0,0.0,0.0,0.0,0.0,0.0,0.0,0.0,0.0,0,0,0,0,0.0,0.0,0,0.0,0.0,0.0,0.0
Joël Schingtienne,be BEL,DF,Venezia,21,2002,16,12,"1,122",0,0,0,0,2,0,0.0,0.0,0.0,0.0,0.0,0.0,0.0,0.0,0.0,12.5,0,0.0,0.0,0.0,0.0,0.0,,0.0,0.0,0.0,0.0,0.0,0.0,0.0,0.0,0.0,0.0,0.0,0.0,0.0,0.0,0.0,0.0,3.0,0.0,0.0,0.0,0.0,0.0,0.0,0.0,0.0,0.0,0,0.0,0.0,0.0,0.0,0.0,0.0,0.0,0.0,0.0,0.0,0.0,0.0,0.0,0.0,0.0,0.0,0.0,0.0,0.0,0.0,0.0,17,0.0,0.0,0.0,0.0,0.0,0.0,11,0.0,0.0,0.0,0.0,0.0,0.0,0.0,0.0,0.0,0.0,0.0,0.0,0.0,0.0,0.0,0.0,0,7,1,0,0.0,0.0,0,0.0,0.0,0.0,0.0
Simone Scuffet,it ITA,GK,Napoli,28,1996,1,1,90,0,0,0,0,0,0,0.0,0.0,0.0,0.0,0.0,0.0,0.0,0.0,0.0,1.0,0,0.0,0.0,0.0,0.0,0.0,,0.0,0.0,0.0,0.0,0.0,0.0,0.0,0.0,0.0,0.0,0.0,0.0,0.0,0.0,0.0,0.0,0.0,0.0,0.0,0.0,0.0,0.0,0.0,0.0,0.0,0.0,0,0.0,0.0,0.0,0.0,0.0,0.0,0.0,0.0,0.0,0.0,0.0,0.0,0.0,0.0,0.0,0.0,0.0,0.0,0.0,0.0,0.0,0,0.0,0.0,0.0,0.0,0.0,0.0,0,0.0,0.0,0.0,0.0,0.0,0.0,0.0,0.0,0.0,0.0,0.0,0.0,0.0,0.0,0.0,0.0,0,0,0,0,0.0,0.0,0,0.0,0.0,0.0,0.0
Simone Scuffet,it ITA,GK,Cagliari,28,1996,13,13,"1,170",0,0,0,0,0,0,0.0,0.0,0.0,0.0,0.0,0.0,0.0,0.0,0.0,13.0,0,0.0,0.0,0.0,0.0,0.0,,0.0,0.0,0.0,0.0,0.0,0.0,0.0,0.0,0.0,0.0,0.0,0.0,0.0,0.0,0.0,0.0,0.0,0.0,0.0,0.0,0.0,0.0,0.0,0.0,0.0,0.0,0,0.0,0.0,0.0,0.0,0.0,0.0,0.0,0.0,0.0,0.0,0.0,0.0,0.0,0.0,0.0,0.0,0.0,0.0,0.0,0.0,0.0,0,0.0,0.0,0.0,0.0,0.0,0.0,0,0.0,0.0,0.0,0.0,0.0,0.0,0.0,0.0,0.0,0.0,0.0,0.0,0.0,0.0,0.0,0.0,0,0,1,0,0.0,0.0,0,0.0,0.0,0.0,0.0
Jacopo Seghetti,it ITA,GK,Empoli,19,2005,1,1,90,0,0,0,0,0,0,0.0,0.0,0.0,0.0,0.0,0.0,0.0,0.0,0.0,1.0,0,0.0,0.0,0.0,0.0,0.0,,0.0,0.0,0.0,0.0,0.0,0.0,0.0,0.0,0.0,0.0,0.0,0.0,0.0,0.0,0.0,0.0,0.0,0.0,0.0,0.0,0.0,0.0,0.0,0.0,0.0,0.0,0,0.0,0.0,0.0,0.0,0.0,0.0,0.0,0.0,0.0,0.0,0.0,0.0,0.0,0.0,0.0,0.0,0.0,0.0,0.0,0.0,0.0,0,0.0,0.0,0.0,0.0,0.0,0.0,0,0.0,0.0,0.0,0.0,0.0,0.0,0.0,0.0,0.0,0.0,0.0,0.0,0.0,0.0,0.0,0.0,0,0,0,0,0.0,0.0,0,0.0,0.0,0.0,0.0
Stefano Sensi,it ITA,MF,Monza,28,1995,12,2,274,1,0,1,1,0,0,0.33,0.0,0.33,0.0,0.0,0.8939067367464304,0.132607901468873,0.3179905387635523,0.04717277127351214,3.0,2,0.0,28.6,0.66,0.0,0.0,0.018943985924124714,0.1060932632535696,-0.132607901468873,0.0,0.0,0.0,0.0,0.0,0.0,0.0,0.0,0.0,0.0,0.0,0.0,0.0,0.0,3.0,0.0,0.0,0.0,0.0,0.0,0.0,0.0,0.0,0.0,12,0.0,0.0,0.0,0.0,0.0,0.0,0.0,0.0,0.0,0.0,0.0,0.0,0.0,0.0,0.0,0.0,0.0,0.0,0.0,0.0,0.0,5,0.0,0.0,0.0,0.0,0.0,0.0,3,0.0,0.0,0.0,0.0,0.0,0.0,0.0,0.0,0.0,0.0,0.0,0.0,0.0,0.0,0.0,0.0,0,3,6,0,0.0,0.0,0,0.0,0.0,0.0,0.0
Suat Serdar,de GER,MF,Hellas Verona,27,1997,22,16,"1,376",2,1,0,0,4,1,0.13,0.07,0.2,0.13,0.2,1.6178497727960348,1.6178497727960348,0.10551194170408923,0.10551194170408923,15.3,8,0.0,26.7,0.52,0.07,0.25,0.05392832575986783,0.3821502272039652,0.3821502272039652,0.0,0.0,0.0,0.0,0.0,0.0,0.0,0.0,0.0,0.0,0.0,0.0,0.0,0.0,10.0,0.0,0.0,0.0,0.0,0.0,0.0,0.0,0.0,0.0,9,0.0,0.0,0.0,0.0,0.0,0.0,0.0,0.0,0.0,0.0,0.0,0.0,0.0,0.0,0.0,0.0,0.0,0.0,0.0,0.0,0.0,24,0.0,0.0,0.0,0.0,0.0,0.0,7,0.0,0.0,0.0,0.0,0.0,0.0,0.0,0.0,0.0,0.0,0.0,0.0,0.0,0.0,0.0,0.0,1,32,18,0,0.0,0.0,0,0.0,0.0,0.0,0.0
Stephan El Shaarawy,it ITA,"MF,FW",Roma,31,1992,31,12,"1,098",3,4,0,0,2,0,0.25,0.33,0.57,0.25,0.57,2.968658696860075,2.968658696860075,0.2485388676440993,0.2485388676440993,12.2,12,0.0,42.9,0.98,0.11,0.25,0.10602352488785982,0.031341303139925,0.031341303139925,0.0,0.0,0.0,0.0,0.0,0.0,0.0,0.0,0.0,0.0,0.0,0.0,0.0,0.0,15.0,0.0,0.0,0.0,0.0,0.0,0.0,0.0,0.0,0.0,27,0.0,0.0,0.0,0.0,0.0,0.0,0.0,0.0,0.0,0.0,0.0,0.0,0.0,0.0,0.0,0.0,0.0,0.0,0.0,0.0,0.0,12,0.0,0.0,0.0,0.0,0.0,0.0,10,0.0,0.0,0.0,0.0,0.0,0.0,0.0,0.0,0.0,0.0,0.0,0.0,0.0,0.0,0.0,0.0,0,7,14,5,0.0,0.0,0,0.0,0.0,0.0,0.0
Alen Sherri,al ALB,GK,Cagliari,26,1997,7,7,621,0,0,0,0,0,0,0.0,0.0,0.0,0.0,0.0,0.0,0.0,0.0,0.0,6.9,0,0.0,0.0,0.0,0.0,0.0,,0.0,0.0,0.0,0.0,0.0,0.0,0.0,0.0,0.0,0.0,0.0,0.0,0.0,0.0,0.0,0.0,1.0,0.0,0.0,0.0,0.0,0.0,0.0,0.0,0.0,0.0,0,0.0,0.0,0.0,0.0,0.0,0.0,0.0,0.0,0.0,0.0,0.0,0.0,0.0,0.0,0.0,0.0,0.0,0.0,0.0,0.0,0.0,0,0.0,0.0,0.0,0.0,0.0,0.0,1,0.0,0.0,0.0,0.0,0.0,0.0,0.0,0.0,0.0,0.0,0.0,0.0,0.0,0.0,0.0,0.0,0,0,0,0,0.0,0.0,0,0.0,0.0,0.0,0.0
Eldor Shomurodov,uz UZB,FW,Roma,29,1995,27,11,"1,097",4,4,0,0,1,0,0.33,0.33,0.66,0.33,0.66,5.652864208444953,5.652864208444953,0.4702012742699129,0.4702012742699129,12.2,14,0.0,48.3,1.15,0.14,0.29,0.1949263520153432,-1.652864208444953,-1.652864208444953,0.0,0.0,0.0,0.0,0.0,0.0,0.0,0.0,0.0,0.0,0.0,0.0,0.0,0.0,17.0,0.0,0.0,0.0,0.0,0.0,0.0,0.0,0.0,0.0,6,0.0,0.0,0.0,0.0,0.0,0.0,0.0,0.0,0.0,0.0,0.0,0.0,0.0,0.0,0.0,0.0,0.0,0.0,0.0,0.0,0.0,6,0.0,0.0,0.0,0.0,0.0,0.0,3,0.0,0.0,0.0,0.0,0.0,0.0,0.0,0.0,0.0,0.0,0.0,0.0,0.0,0.0,0.0,0.0,0,14,7,3,0.0,0.0,0,0.0,0.0,0.0,0.0
Benjamin Siegrist,ch SUI,GK,Genoa,32,1992,2,2,152,0,0,0,0,0,0,0.0,0.0,0.0,0.0,0.0,0.0,0.0,0.0,0.0,1.7,0,0.0,0.0,0.0,0.0,0.0,,0.0,0.0,0.0,0.0,0.0,0.0,0.0,0.0,0.0,0.0,0.0,0.0,0.0,0.0,0.0,0.0,0.0,0.0,0.0,0.0,0.0,0.0,0.0,0.0,0.0,0.0,0,0.0,0.0,0.0,0.0,0.0,0.0,0.0,0.0,0.0,0.0,0.0,0.0,0.0,0.0,0.0,0.0,0.0,0.0,0.0,0.0,0.0,0,0.0,0.0,0.0,0.0,0.0,0.0,1,0.0,0.0,0.0,0.0,0.0,0.0,0.0,0.0,0.0,0.0,0.0,0.0,0.0,0.0,0.0,0.0,0,0,0,0,0.0,0.0,0,0.0,0.0,0.0,0.0
Éderson Silva,br BRA,MF,Atalanta,25,1999,37,32,"2,881",4,1,0,0,5,1,0.12,0.03,0.16,0.12,0.16,0.0,0.0,0.0,0.0,32.0,12,0.0,30.8,0.37,0.1,0.33,0.0,0.0,0.0,0.0,0.0,0.0,0.0,0.0,0.0,0.0,0.0,0.0,0.0,0.0,0.0,0.0,0.0,0.0,0.0,0.0,0.0,0.0,0.0,0.0,0.0,0.0,0.0,23,0.0,0.0,0.0,0.0,0.0,0.0,0.0,0.0,0.0,0.0,0.0,0.0,0.0,0.0,0.0,0.0,0.0,0.0,0.0,0.0,0.0,33,0.0,0.0,0.0,0.0,0.0,0.0,33,0.0,0.0,0.0,0.0,0.0,0.0,0.0,0.0,0.0,0.0,0.0,0.0,0.0,0.0,0.0,0.0,1,31,53,0,0.0,0.0,0,0.0,0.0,0.0,0.0
Marco Silvestri,it ITA,GK,Empoli,33,1991,5,5,450,0,0,0,0,0,0,0.0,0.0,0.0,0.0,0.0,0.0,0.0,0.0,0.0,5.0,0,0.0,0.0,0.0,0.0,0.0,,0.0,0.0,0.0,0.0,0.0,0.0,0.0,0.0,0.0,0.0,0.0,0.0,0.0,0.0,0.0,0.0,0.0,0.0,0.0,0.0,0.0,0.0,0.0,0.0,0.0,0.0,0,0.0,0.0,0.0,0.0,0.0,0.0,0.0,0.0,0.0,0.0,0.0,0.0,0.0,0.0,0.0,0.0,0.0,0.0,0.0,0.0,0.0,0,0.0,0.0,0.0,0.0,0.0,0.0,0,0.0,0.0,0.0,0.0,0.0,0.0,0.0,0.0,0.0,0.0,0.0,0.0,0.0,0.0,0.0,0.0,0,0,0,0,0.0,0.0,0,0.0,0.0,0.0,0.0
Giovanni Simeone,ar ARG,FW,Napoli,29,1995,30,1,419,1,1,0,0,1,0,0.21,0.21,0.43,0.21,0.43,2.2662558434531093,2.2662558434531093,0.5844212776813176,0.5844212776813176,4.7,3,0.0,23.1,0.64,0.08,0.33,0.1743273725733161,-1.2662558434531093,-1.2662558434531093,0.0,0.0,0.0,0.0,0.0,0.0,0.0,0.0,0.0,0.0,0.0,0.0,0.0,0.0,8.0,0.0,0.0,0.0,0.0,0.0,0.0,0.0,0.0,0.0,3,0.0,0.0,0.0,0.0,0.0,0.0,0.0,0.0,0.0,0.0,0.0,0.0,0.0,0.0,0.0,0.0,0.0,0.0,0.0,0.0,0.0,0,0.0,0.0,0.0,0.0,0.0,0.0,1,0.0,0.0,0.0,0.0,0.0,0.0,0.0,0.0,0.0,0.0,0.0,0.0,0.0,0.0,0.0,0.0,0,7,16,2,0.0,0.0,0,0.0,0.0,0.0,0.0
Łukasz Skorupski,pl POL,GK,Bologna,33,1991,27,27,"2,364",0,0,0,0,1,0,0.0,0.0,0.0,0.0,0.0,0.0,0.0,0.0,0.0,26.3,0,0.0,0.0,0.0,0.0,0.0,0.0,0.0,0.0,0.0,0.0,0.0,0.0,0.0,0.0,0.0,0.0,0.0,0.0,0.0,0.0,0.0,0.0,0.0,0.0,0.0,0.0,0.0,0.0,0.0,0.0,0.0,0.0,0,0.0,0.0,0.0,0.0,0.0,0.0,0.0,0.0,0.0,0.0,0.0,0.0,0.0,0.0,0.0,0.0,0.0,0.0,0.0,0.0,0.0,0,0.0,0.0,0.0,0.0,0.0,0.0,1,0.0,0.0,0.0,0.0,0.0,0.0,0.0,0.0,0.0,0.0,0.0,0.0,0.0,0.0,0.0,0.0,0,1,4,0,0.0,0.0,0,0.0,0.0,0.0,0.0
Ivan Smolčić,hr CRO,DF,Como,23,2000,9,7,630,0,0,0,0,2,0,0.0,0.0,0.0,0.0,0.0,0.7790971677750349,0.7790971677750349,0.11183212934569879,0.11183212934569879,7.0,3,0.0,42.9,0.43,0.0,0.0,0.11129959539643355,-0.7790971677750349,-0.7790971677750349,0.0,0.0,0.0,0.0,0.0,0.0,0.0,0.0,0.0,0.0,0.0,0.0,0.0,0.0,2.0,0.0,0.0,0.0,0.0,0.0,0.0,0.0,0.0,0.0,4,0.0,0.0,0.0,0.0,0.0,0.0,0.0,0.0,0.0,0.0,0.0,0.0,0.0,0.0,0.0,0.0,0.0,0.0,0.0,0.0,0.0,9,0.0,0.0,0.0,0.0,0.0,0.0,10,0.0,0.0,0.0,0.0,0.0,0.0,0.0,0.0,0.0,0.0,0.0,0.0,0.0,0.0,0.0,0.0,0,11,5,0,0.0,0.0,0,0.0,0.0,0.0,0.0
Simon Sohm,ch SUI,MF,Parma,23,2001,37,36,"2,989",4,0,0,0,6,0,0.12,0.0,0.12,0.12,0.12,4.3499494809657335,4.3499494809657335,0.12984923823778308,0.12984923823778308,33.2,13,0.0,38.2,0.39,0.12,0.31,0.12793969061663923,-0.34994948096573353,-0.34994948096573353,0.0,0.0,0.0,0.0,0.0,0.0,0.0,0.0,0.0,0.0,0.0,0.0,0.0,0.0,20.0,0.0,0.0,0.0,0.0,0.0,0.0,0.0,0.0,0.0,15,0.0,0.0,0.0,0.0,0.0,0.0,0.0,0.0,0.0,0.0,0.0,0.0,0.0,0.0,0.0,0.0,0.0,0.0,0.0,0.0,0.0,16,0.0,0.0,0.0,0.0,0.0,0.0,26,0.0,0.0,0.0,0.0,0.0,0.0,0.0,0.0,0.0,0.0,0.0,0.0,0.0,0.0,0.0,0.0,0,19,30,1,0.0,0.0,0,0.0,0.0,0.0,0.0
Ola Solbakken,no NOR,"MF,FW",Empoli,25,1998,21,8,760,0,0,0,0,2,0,0.0,0.0,0.0,0.0,0.0,0.7903557196259499,0.7903557196259499,0.09484268635511398,0.09484268635511398,8.4,3,0.0,75.0,0.36,0.0,0.0,0.19758892990648746,-0.7903557196259499,-0.7903557196259499,0.0,0.0,0.0,0.0,0.0,0.0,0.0,0.0,0.0,0.0,0.0,0.0,0.0,0.0,9.0,0.0,0.0,0.0,0.0,0.0,0.0,0.0,0.0,0.0,7,0.0,0.0,0.0,0.0,0.0,0.0,0.0,0.0,0.0,0.0,0.0,0.0,0.0,0.0,0.0,0.0,0.0,0.0,0.0,0.0,0.0,3,0.0,0.0,0.0,0.0,0.0,0.0,3,0.0,0.0,0.0,0.0,0.0,0.0,0.0,0.0,0.0,0.0,0.0,0.0,0.0,0.0,0.0,0.0,0,8,2,2,0.0,0.0,0,0.0,0.0,0.0,0.0
Oumar Solet,fr FRA,DF,Udinese,24,2000,19,19,"1,672",1,2,0,0,3,1,0.05,0.11,0.16,0.05,0.16,0.8947085021063685,0.8947085021063685,0.04804520596036585,0.04804520596036585,18.6,7,0.0,58.3,0.38,0.08,0.14,0.07455904184219737,0.10529149789363146,0.10529149789363146,0.0,0.0,0.0,0.0,0.0,0.0,0.0,0.0,0.0,0.0,0.0,0.0,0.0,0.0,18.0,0.0,0.0,0.0,0.0,0.0,0.0,0.0,0.0,0.0,9,0.0,0.0,0.0,0.0,0.0,0.0,0.0,0.0,0.0,0.0,0.0,0.0,0.0,0.0,0.0,0.0,0.0,0.0,0.0,0.0,0.0,19,0.0,0.0,0.0,0.0,0.0,0.0,16,0.0,0.0,0.0,0.0,0.0,0.0,0.0,0.0,0.0,0.0,0.0,0.0,0.0,0.0,0.0,0.0,1,17,14,0,0.0,0.0,0,0.0,0.0,0.0,0.0
Daniele Sommariva,it ITA,GK,Genoa,27,1997,1,0,28,0,0,0,0,0,0,0.0,0.0,0.0,0.0,0.0,0.0,0.0,0.0,0.0,0.3,0,0.0,0.0,0.0,0.0,0.0,,0.0,0.0,0.0,0.0,0.0,0.0,0.0,0.0,0.0,0.0,0.0,0.0,0.0,0.0,0.0,0.0,0.0,0.0,0.0,0.0,0.0,0.0,0.0,0.0,0.0,0.0,0,0.0,0.0,0.0,0.0,0.0,0.0,0.0,0.0,0.0,0.0,0.0,0.0,0.0,0.0,0.0,0.0,0.0,0.0,0.0,0.0,0.0,0,0.0,0.0,0.0,0.0,0.0,0.0,0,0.0,0.0,0.0,0.0,0.0,0.0,0.0,0.0,0.0,0.0,0.0,0.0,0.0,0.0,0.0,0.0,0,0,0,0,0.0,0.0,0,0.0,0.0,0.0,0.0
Yann Sommer,ch SUI,GK,Inter,35,1988,33,33,"2,970",0,0,0,0,0,0,0.0,0.0,0.0,0.0,0.0,0.0,0.0,0.0,0.0,33.0,0,0.0,0.0,0.0,0.0,0.0,,0.0,0.0,0.0,0.0,0.0,0.0,0.0,0.0,0.0,0.0,0.0,0.0,0.0,0.0,0.0,0.0,0.0,0.0,0.0,0.0,0.0,0.0,0.0,0.0,0.0,0.0,0,0.0,0.0,0.0,0.0,0.0,0.0,0.0,0.0,0.0,0.0,0.0,0.0,0.0,0.0,0.0,0.0,0.0,0.0,0.0,0.0,0.0,0,0.0,0.0,0.0,0.0,0.0,0.0,0,0.0,0.0,0.0,0.0,0.0,0.0,0.0,0.0,0.0,0.0,0.0,0.0,0.0,0.0,0.0,0.0,0,0,1,0,0.0,0.0,0,0.0,0.0,0.0,0.0
Borna Sosa,hr CRO,"MF,DF",Torino,26,1998,19,14,"1,181",0,0,0,0,0,0,0.0,0.0,0.0,0.0,0.0,0.2137429593130946,0.2137429593130946,0.01609779609889415,0.01609779609889415,13.1,1,0.0,25.0,0.08,0.0,0.0,0.05343573982827365,-0.2137429593130946,-0.2137429593130946,0.0,0.0,0.0,0.0,0.0,0.0,0.0,0.0,0.0,0.0,0.0,0.0,0.0,0.0,11.0,0.0,0.0,0.0,0.0,0.0,0.0,0.0,0.0,0.0,52,0.0,0.0,0.0,0.0,0.0,0.0,0.0,0.0,0.0,0.0,0.0,0.0,0.0,0.0,0.0,0.0,0.0,0.0,0.0,0.0,0.0,16,0.0,0.0,0.0,0.0,0.0,0.0,12,0.0,0.0,0.0,0.0,0.0,0.0,0.0,0.0,0.0,0.0,0.0,0.0,0.0,0.0,0.0,0.0,0,12,7,1,0.0,0.0,0,0.0,0.0,0.0,0.0
Riccardo Sottil,it ITA,MF,Fiorentina,25,1999,18,8,833,1,1,0,0,1,0,0.11,0.11,0.22,0.11,0.22,1.176107570528984,1.176107570528984,0.11357261947168301,0.11357261947168301,9.3,6,0.0,27.3,0.65,0.05,0.17,0.049004482105374336,-0.17610757052898407,-0.17610757052898407,0.0,0.0,0.0,0.0,0.0,0.0,0.0,0.0,0.0,0.0,0.0,0.0,0.0,0.0,15.0,0.0,0.0,0.0,0.0,0.0,0.0,0.0,0.0,0.0,41,0.0,0.0,0.0,0.0,0.0,0.0,0.0,0.0,0.0,0.0,0.0,0.0,0.0,0.0,0.0,0.0,0.0,0.0,0.0,0.0,0.0,4,0.0,0.0,0.0,0.0,0.0,0.0,5,0.0,0.0,0.0,0.0,0.0,0.0,0.0,0.0,0.0,0.0,0.0,0.0,0.0,0.0,0.0,0.0,0,7,33,1,0.0,0.0,0,0.0,0.0,0.0,0.0
Riccardo Sottil,it ITA,MF,Milan,25,1999,6,1,123,0,0,0,0,0,0,0.0,0.0,0.0,0.0,0.0,1.176107570528984,1.176107570528984,0.11357261947168301,0.11357261947168301,1.4,0,0.0,0.0,0.0,0.0,0.0,0.049004482105374336,-0.17610757052898407,-0.17610757052898407,0.0,0.0,0.0,0.0,0.0,0.0,0.0,0.0,0.0,0.0,0.0,0.0,0.0,0.0,15.0,0.0,0.0,0.0,0.0,0.0,0.0,0.0,0.0,0.0,8,0.0,0.0,0.0,0.0,0.0,0.0,0.0,0.0,0.0,0.0,0.0,0.0,0.0,0.0,0.0,0.0,0.0,0.0,0.0,0.0,0.0,1,0.0,0.0,0.0,0.0,0.0,0.0,0,0.0,0.0,0.0,0.0,0.0,0.0,0.0,0.0,0.0,0.0,0.0,0.0,0.0,0.0,0.0,0.0,0,1,3,0,0.0,0.0,0,0.0,0.0,0.0,0.0
Matìas Soulé,ar ARG,MF,Roma,21,2003,27,22,"1,781",5,5,0,0,3,0,0.25,0.25,0.51,0.25,0.51,0.0,0.0,0.0,0.0,19.8,14,0.0,33.3,0.71,0.12,0.36,0.0,0.0,0.0,0.0,0.0,0.0,0.0,0.0,0.0,0.0,0.0,0.0,0.0,0.0,0.0,0.0,0.0,0.0,0.0,0.0,0.0,0.0,0.0,0.0,0.0,0.0,0.0,87,0.0,0.0,0.0,0.0,0.0,0.0,0.0,0.0,0.0,0.0,0.0,0.0,0.0,0.0,0.0,0.0,0.0,0.0,0.0,0.0,0.0,16,0.0,0.0,0.0,0.0,0.0,0.0,11,0.0,0.0,0.0,0.0,0.0,0.0,0.0,0.0,0.0,0.0,0.0,0.0,0.0,0.0,0.0,0.0,0,12,36,1,0.0,0.0,0,0.0,0.0,0.0,0.0
Leonardo Spinazzola,it ITA,"DF,MF",Napoli,31,1993,27,17,"1,517",1,1,0,0,1,0,0.06,0.06,0.12,0.06,0.12,1.021505981683731,1.021505981683731,0.06004933922373337,0.06004933922373337,16.9,4,0.0,30.8,0.24,0.08,0.25,0.08512549847364426,-0.02150598168373108,-0.02150598168373108,0.0,0.0,0.0,0.0,0.0,0.0,0.0,0.0,0.0,0.0,0.0,0.0,0.0,0.0,26.0,0.0,0.0,0.0,0.0,0.0,0.0,0.0,0.0,0.0,65,0.0,0.0,0.0,0.0,0.0,0.0,0.0,0.0,0.0,0.0,0.0,0.0,0.0,0.0,0.0,0.0,0.0,0.0,0.0,0.0,0.0,10,0.0,0.0,0.0,0.0,0.0,0.0,9,0.0,0.0,0.0,0.0,0.0,0.0,0.0,0.0,0.0,0.0,0.0,0.0,0.0,0.0,0.0,0.0,0,6,12,1,0.0,0.0,0,0.0,0.0,0.0,0.0
Marco Sportiello,it ITA,GK,Milan,32,1992,2,1,126,0,0,0,0,0,0,0.0,0.0,0.0,0.0,0.0,0.0,0.0,0.0,0.0,1.4,0,0.0,0.0,0.0,0.0,0.0,,0.0,0.0,0.0,0.0,0.0,0.0,0.0,0.0,0.0,0.0,0.0,0.0,0.0,0.0,0.0,0.0,0.0,0.0,0.0,0.0,0.0,0.0,0.0,0.0,0.0,0.0,0,0.0,0.0,0.0,0.0,0.0,0.0,0.0,0.0,0.0,0.0,0.0,0.0,0.0,0.0,0.0,0.0,0.0,0.0,0.0,0.0,0.0,0,0.0,0.0,0.0,0.0,0.0,0.0,0,0.0,0.0,0.0,0.0,0.0,0.0,0.0,0.0,0.0,0.0,0.0,0.0,0.0,0.0,0.0,0.0,0,0,0,0,0.0,0.0,0,0.0,0.0,0.0,0.0
Filip Stankovic,rs SRB,GK,Venezia,22,2002,16,16,"1,367",0,0,0,0,1,0,0.0,0.0,0.0,0.0,0.0,0.0,0.0,0.0,0.0,15.2,0,0.0,0.0,0.0,0.0,0.0,,0.0,0.0,0.0,0.0,0.0,0.0,0.0,0.0,0.0,0.0,0.0,0.0,0.0,0.0,0.0,0.0,0.0,0.0,0.0,0.0,0.0,0.0,0.0,0.0,0.0,0.0,0,0.0,0.0,0.0,0.0,0.0,0.0,0.0,0.0,0.0,0.0,0.0,0.0,0.0,0.0,0.0,0.0,0.0,0.0,0.0,0.0,0.0,0,0.0,0.0,0.0,0.0,0.0,0.0,0,0.0,0.0,0.0,0.0,0.0,0.0,0.0,0.0,0.0,0.0,0.0,0.0,0.0,0.0,0.0,0.0,0,0,1,0,0.0,0.0,0,0.0,0.0,0.0,0.0
Petar Stojanović,si SVN,"DF,MF",Empoli,28,1995,1,0,3,0,0,0,0,0,0,0.0,0.0,0.0,0.0,0.0,0.0,0.0,0.0,0.0,0.0,0,0.0,0.0,0.0,0.0,0.0,,0.0,0.0,0.0,0.0,0.0,0.0,0.0,0.0,0.0,0.0,0.0,0.0,0.0,0.0,0.0,0.0,0.0,0.0,0.0,0.0,0.0,0.0,0.0,0.0,0.0,0.0,0,0.0,0.0,0.0,0.0,0.0,0.0,0.0,0.0,0.0,0.0,0.0,0.0,0.0,0.0,0.0,0.0,0.0,0.0,0.0,0.0,0.0,0,0.0,0.0,0.0,0.0,0.0,0.0,0,0.0,0.0,0.0,0.0,0.0,0.0,0.0,0.0,0.0,0.0,0.0,0.0,0.0,0.0,0.0,0.0,0,0,0,0,0.0,0.0,0,0.0,0.0,0.0,0.0
Gabriel Strefezza,br BRA,"MF,FW",Como,27,1997,37,32,"2,619",6,4,0,0,5,0,0.21,0.14,0.34,0.21,0.34,3.988355965353549,3.988355965353549,0.13555590516685023,0.13555590516685023,29.1,22,0.0,38.6,0.76,0.11,0.27,0.06997115728690437,2.011644034646451,2.011644034646451,0.0,0.0,0.0,0.0,0.0,0.0,0.0,0.0,0.0,0.0,0.0,0.0,0.0,0.0,57.0,0.0,0.0,0.0,0.0,0.0,0.0,0.0,0.0,0.0,124,0.0,0.0,0.0,0.0,0.0,0.0,0.0,0.0,0.0,0.0,0.0,0.0,0.0,0.0,0.0,0.0,0.0,0.0,0.0,0.0,0.0,38,0.0,0.0,0.0,0.0,0.0,0.0,13,0.0,0.0,0.0,0.0,0.0,0.0,0.0,0.0,0.0,0.0,0.0,0.0,0.0,0.0,0.0,0.0,0,46,71,2,0.0,0.0,0,0.0,0.0,0.0,0.0
Ibrahim Sulemana,gh GHA,MF,Atalanta,21,2003,9,3,283,2,0,0,0,1,0,0.64,0.0,0.64,0.64,0.64,0.0,0.0,0.0,0.0,3.1,2,0.0,40.0,0.64,0.4,1.0,0.0,0.0,0.0,0.0,0.0,0.0,0.0,0.0,0.0,0.0,0.0,0.0,0.0,0.0,0.0,0.0,0.0,0.0,0.0,0.0,0.0,0.0,0.0,0.0,0.0,0.0,0.0,0,0.0,0.0,0.0,0.0,0.0,0.0,0.0,0.0,0.0,0.0,0.0,0.0,0.0,0.0,0.0,0.0,0.0,0.0,0.0,0.0,0.0,3,0.0,0.0,0.0,0.0,0.0,0.0,0,0.0,0.0,0.0,0.0,0.0,0.0,0.0,0.0,0.0,0.0,0.0,0.0,0.0,0.0,0.0,0.0,0,2,2,0,0.0,0.0,0,0.0,0.0,0.0,0.0
Tomáš Suslov,sk SVK,"MF,FW",Hellas Verona,22,2002,31,27,"2,080",0,1,0,0,7,1,0.0,0.04,0.04,0.0,0.04,1.6774194007739425,1.6774194007739425,0.07111057280718551,0.07111057280718551,23.1,7,0.0,21.9,0.3,0.0,0.0,0.0524193562741857,-1.6774194007739425,-1.6774194007739425,0.0,0.0,0.0,0.0,0.0,0.0,0.0,0.0,0.0,0.0,0.0,0.0,0.0,0.0,27.0,0.0,0.0,0.0,0.0,0.0,0.0,0.0,0.0,0.0,50,0.0,0.0,0.0,0.0,0.0,0.0,0.0,0.0,0.0,0.0,0.0,0.0,0.0,0.0,0.0,0.0,0.0,0.0,0.0,0.0,0.0,38,0.0,0.0,0.0,0.0,0.0,0.0,17,0.0,0.0,0.0,0.0,0.0,0.0,0.0,0.0,0.0,0.0,0.0,0.0,0.0,0.0,0.0,0.0,1,54,65,2,0.0,0.0,0,0.0,0.0,0.0,0.0
Zion Suzuki,jp JPN,GK,Parma,21,2002,37,37,"3,314",0,0,0,0,2,1,0.0,0.0,0.0,0.0,0.0,0.0,0.0,0.0,0.0,36.8,0,0.0,0.0,0.0,0.0,0.0,,0.0,0.0,0.0,0.0,0.0,0.0,0.0,0.0,0.0,0.0,0.0,0.0,0.0,0.0,0.0,0.0,0.0,0.0,0.0,0.0,0.0,0.0,0.0,0.0,0.0,0.0,0,0.0,0.0,0.0,0.0,0.0,0.0,0.0,0.0,0.0,0.0,0.0,0.0,0.0,0.0,0.0,0.0,0.0,0.0,0.0,0.0,0.0,0,0.0,0.0,0.0,0.0,0.0,0.0,0,0.0,0.0,0.0,0.0,0.0,0.0,0.0,0.0,0.0,0.0,0.0,0.0,0.0,0.0,0.0,0.0,1,3,6,0,0.0,0.0,0,0.0,0.0,0.0,0.0
Marin Šverko,hr CRO,DF,Venezia,26,1998,16,12,"1,117",1,0,0,0,3,0,0.08,0.0,0.08,0.08,0.08,0.2006810456514358,0.2006810456514358,0.016083075786847038,0.016083075786847038,12.4,1,0.0,33.3,0.08,0.33,1.0,0.06689368188381194,0.7993189543485641,0.7993189543485641,0.0,0.0,0.0,0.0,0.0,0.0,0.0,0.0,0.0,0.0,0.0,0.0,0.0,0.0,2.0,0.0,0.0,0.0,0.0,0.0,0.0,0.0,0.0,0.0,2,0.0,0.0,0.0,0.0,0.0,0.0,0.0,0.0,0.0,0.0,0.0,0.0,0.0,0.0,0.0,0.0,0.0,0.0,0.0,0.0,0.0,9,0.0,0.0,0.0,0.0,0.0,0.0,15,0.0,0.0,0.0,0.0,0.0,0.0,0.0,0.0,0.0,0.0,0.0,0.0,0.0,0.0,0.0,0.0,0,9,10,0,0.0,0.0,0,0.0,0.0,0.0,0.0
Mile Svilar,rs SRB,GK,Roma,24,1999,38,38,"3,420",0,0,0,0,1,0,0.0,0.0,0.0,0.0,0.0,0.0802524909377098,0.0802524909377098,0.002111907656255521,0.002111907656255521,38.0,0,0.0,0.0,0.0,0.0,0.0,0.0802524909377098,-0.0802524909377098,-0.0802524909377098,0.0,0.0,0.0,0.0,0.0,0.0,0.0,0.0,0.0,0.0,0.0,0.0,0.0,0.0,0.0,0.0,0.0,0.0,0.0,0.0,0.0,0.0,0.0,0.0,0,0.0,0.0,0.0,0.0,0.0,0.0,0.0,0.0,0.0,0.0,0.0,0.0,0.0,0.0,0.0,0.0,0.0,0.0,0.0,0.0,0.0,0,0.0,0.0,0.0,0.0,0.0,0.0,0,0.0,0.0,0.0,0.0,0.0,0.0,0.0,0.0,0.0,0.0,0.0,0.0,0.0,0.0,0.0,0.0,0,0,8,0,0.0,0.0,0,0.0,0.0,0.0,0.0
Michael Svoboda,at AUT,DF,Venezia,25,1998,16,15,"1,314",1,0,0,0,1,0,0.07,0.0,0.07,0.07,0.07,0.2000991841778159,0.2000991841778159,0.013736786099163562,0.013736786099163562,14.6,4,0.0,100.0,0.27,0.25,0.25,0.05002479604445397,0.7999008158221841,0.7999008158221841,0.0,0.0,0.0,0.0,0.0,0.0,0.0,0.0,0.0,0.0,0.0,0.0,0.0,0.0,5.0,0.0,0.0,0.0,0.0,0.0,0.0,0.0,0.0,0.0,2,0.0,0.0,0.0,0.0,0.0,0.0,0.0,0.0,0.0,0.0,0.0,0.0,0.0,0.0,0.0,0.0,0.0,0.0,0.0,0.0,0.0,16,0.0,0.0,0.0,0.0,0.0,0.0,22,0.0,0.0,0.0,0.0,0.0,0.0,0.0,0.0,0.0,0.0,0.0,0.0,0.0,0.0,0.0,0.0,0,6,11,0,0.0,0.0,0,0.0,0.0,0.0,0.0
Adrien Tameze,cm CMR,"MF,DF",Torino,30,1994,20,9,649,0,0,0,0,3,0,0.0,0.0,0.0,0.0,0.0,0.2971748486161232,0.2971748486161232,0.04133807786004805,0.04133807786004805,7.2,3,0.0,42.9,0.42,0.0,0.0,0.042453549802303314,-0.2971748486161232,-0.2971748486161232,0.0,0.0,0.0,0.0,0.0,0.0,0.0,0.0,0.0,0.0,0.0,0.0,0.0,0.0,6.0,0.0,0.0,0.0,0.0,0.0,0.0,0.0,0.0,0.0,9,0.0,0.0,0.0,0.0,0.0,0.0,0.0,0.0,0.0,0.0,0.0,0.0,0.0,0.0,0.0,0.0,0.0,0.0,0.0,0.0,0.0,3,0.0,0.0,0.0,0.0,0.0,0.0,5,0.0,0.0,0.0,0.0,0.0,0.0,0.0,0.0,0.0,0.0,0.0,0.0,0.0,0.0,0.0,0.0,0,8,4,0,0.0,0.0,0,0.0,0.0,0.0,0.0
Mehdi Taremi,ir IRN,FW,Inter,32,1992,26,7,816,1,2,1,1,1,0,0.11,0.22,0.33,0.0,0.22,3.3251225762069225,2.563823733478785,0.3831767373349847,0.2954470371486436,9.1,7,0.0,50.0,0.77,0.0,0.0,0.18313026667705606,-2.3251225762069225,-2.563823733478785,0.0,0.0,0.0,0.0,0.0,0.0,0.0,0.0,0.0,0.0,0.0,0.0,0.0,0.0,15.0,0.0,0.0,0.0,0.0,0.0,0.0,0.0,0.0,0.0,1,0.0,0.0,0.0,0.0,0.0,0.0,0.0,0.0,0.0,0.0,0.0,0.0,0.0,0.0,0.0,0.0,0.0,0.0,0.0,0.0,0.0,1,0.0,0.0,0.0,0.0,0.0,0.0,0,0.0,0.0,0.0,0.0,0.0,0.0,0.0,0.0,0.0,0.0,0.0,0.0,0.0,0.0,0.0,0.0,0,9,13,6,0.0,0.0,0,0.0,0.0,0.0,0.0
Nuno Tavares,pt POR,DF,Lazio,24,2000,23,22,"1,686",0,8,0,0,4,1,0.0,0.43,0.43,0.0,0.43,1.5730981789529324,1.5730981789529324,0.08207468759754429,0.08207468759754429,18.7,5,0.0,17.9,0.27,0.0,0.0,0.056182077819747586,-1.5730981789529324,-1.5730981789529324,0.0,0.0,0.0,0.0,0.0,0.0,0.0,0.0,0.0,0.0,0.0,0.0,0.0,0.0,34.0,0.0,0.0,0.0,0.0,0.0,0.0,0.0,0.0,0.0,125,0.0,0.0,0.0,0.0,0.0,0.0,0.0,0.0,0.0,0.0,0.0,0.0,0.0,0.0,0.0,0.0,0.0,0.0,0.0,0.0,0.0,22,0.0,0.0,0.0,0.0,0.0,0.0,22,0.0,0.0,0.0,0.0,0.0,0.0,0.0,0.0,0.0,0.0,0.0,0.0,0.0,0.0,0.0,0.0,1,18,30,1,0.0,0.0,0,0.0,0.0,0.0,0.0
Loum Tchaouna,fr FRA,"MF,FW",Lazio,20,2003,24,6,660,1,0,0,0,4,1,0.14,0.0,0.14,0.14,0.14,2.584312392398715,2.584312392398715,0.3727373642882762,0.3727373642882762,7.3,8,0.0,34.8,1.09,0.04,0.13,0.11236140836516152,-1.584312392398715,-1.584312392398715,0.0,0.0,0.0,0.0,0.0,0.0,0.0,0.0,0.0,0.0,0.0,0.0,0.0,0.0,10.0,0.0,0.0,0.0,0.0,0.0,0.0,0.0,0.0,0.0,32,0.0,0.0,0.0,0.0,0.0,0.0,0.0,0.0,0.0,0.0,0.0,0.0,0.0,0.0,0.0,0.0,0.0,0.0,0.0,0.0,0.0,3,0.0,0.0,0.0,0.0,0.0,0.0,4,0.0,0.0,0.0,0.0,0.0,0.0,0.0,0.0,0.0,0.0,0.0,0.0,0.0,0.0,0.0,0.0,1,11,7,0,0.0,0.0,0,0.0,0.0,0.0,0.0
Jackson Tchatchoua,cm CMR,"MF,DF",Hellas Verona,22,2001,36,36,"3,167",2,3,0,0,7,1,0.06,0.09,0.14,0.06,0.14,1.9549099691212175,1.9549099691212175,0.055467180712770986,0.055467180712770986,35.2,3,0.0,16.7,0.09,0.11,0.67,0.1086061093956232,0.045090030878782494,0.045090030878782494,0.0,0.0,0.0,0.0,0.0,0.0,0.0,0.0,0.0,0.0,0.0,0.0,0.0,0.0,34.0,0.0,0.0,0.0,0.0,0.0,0.0,0.0,0.0,0.0,118,0.0,0.0,0.0,0.0,0.0,0.0,0.0,0.0,0.0,0.0,0.0,0.0,0.0,0.0,0.0,0.0,0.0,0.0,0.0,0.0,0.0,31,0.0,0.0,0.0,0.0,0.0,0.0,14,0.0,0.0,0.0,0.0,0.0,0.0,0.0,0.0,0.0,0.0,0.0,0.0,0.0,0.0,0.0,0.0,0,26,11,8,0.0,0.0,0,0.0,0.0,0.0,0.0
Casper Tengstedt,dk DEN,FW,Hellas Verona,24,2000,25,20,"1,517",6,1,1,1,2,0,0.36,0.06,0.42,0.3,0.36,5.571623582392931,4.810324747115374,0.3230967283604148,0.2789492443559173,16.9,11,0.0,28.9,0.65,0.13,0.45,0.1265874933451414,0.428376417607069,0.1896752528846264,0.0,0.0,0.0,0.0,0.0,0.0,0.0,0.0,0.0,0.0,0.0,0.0,0.0,0.0,12.0,0.0,0.0,0.0,0.0,0.0,0.0,0.0,0.0,0.0,11,0.0,0.0,0.0,0.0,0.0,0.0,0.0,0.0,0.0,0.0,0.0,0.0,0.0,0.0,0.0,0.0,0.0,0.0,0.0,0.0,0.0,5,0.0,0.0,0.0,0.0,0.0,0.0,4,0.0,0.0,0.0,0.0,0.0,0.0,0.0,0.0,0.0,0.0,0.0,0.0,0.0,0.0,0.0,0.0,0,6,9,6,0.0,0.0,0,0.0,0.0,0.0,0.0
Filippo Terracciano,it ITA,"DF,MF",Milan,21,2003,13,6,539,0,0,0,0,3,0,0.0,0.0,0.0,0.0,0.0,0.1482792533934116,0.1482792533934116,0.025322832647831205,0.025322832647831205,6.0,1,0.0,33.3,0.17,0.0,0.0,0.04942641779780387,-0.1482792533934116,-0.1482792533934116,0.0,0.0,0.0,0.0,0.0,0.0,0.0,0.0,0.0,0.0,0.0,0.0,0.0,0.0,2.0,0.0,0.0,0.0,0.0,0.0,0.0,0.0,0.0,0.0,3,0.0,0.0,0.0,0.0,0.0,0.0,0.0,0.0,0.0,0.0,0.0,0.0,0.0,0.0,0.0,0.0,0.0,0.0,0.0,0.0,0.0,6,0.0,0.0,0.0,0.0,0.0,0.0,7,0.0,0.0,0.0,0.0,0.0,0.0,0.0,0.0,0.0,0.0,0.0,0.0,0.0,0.0,0.0,0.0,0,11,9,1,0.0,0.0,0,0.0,0.0,0.0,0.0
Pietro Terracciano,it ITA,GK,Fiorentina,34,1990,3,3,270,0,0,0,0,0,0,0.0,0.0,0.0,0.0,0.0,0.0,0.0,0.0,0.0,3.0,0,0.0,0.0,0.0,0.0,0.0,,0.0,0.0,0.0,0.0,0.0,0.0,0.0,0.0,0.0,0.0,0.0,0.0,0.0,0.0,0.0,0.0,0.0,0.0,0.0,0.0,0.0,0.0,0.0,0.0,0.0,0.0,0,0.0,0.0,0.0,0.0,0.0,0.0,0.0,0.0,0.0,0.0,0.0,0.0,0.0,0.0,0.0,0.0,0.0,0.0,0.0,0.0,0.0,0,0.0,0.0,0.0,0.0,0.0,0.0,0,0.0,0.0,0.0,0.0,0.0,0.0,0.0,0.0,0.0,0.0,0.0,0.0,0.0,0.0,0.0,0.0,0,0,0,0,0.0,0.0,0,0.0,0.0,0.0,0.0
Florian Thauvin,fr FRA,"FW,MF",Udinese,31,1993,25,24,"1,956",8,3,1,3,0,0,0.37,0.14,0.51,0.32,0.46,9.337323119863868,7.053426733240485,0.4180890949192777,0.31582507760778294,21.7,27,0.0,50.0,1.24,0.13,0.26,0.1306190135785275,-1.3373231198638678,-0.05342673324048519,0.0,0.0,0.0,0.0,0.0,0.0,0.0,0.0,0.0,0.0,0.0,0.0,0.0,0.0,38.0,0.0,0.0,0.0,0.0,0.0,0.0,0.0,0.0,0.0,165,0.0,0.0,0.0,0.0,0.0,0.0,0.0,0.0,0.0,0.0,0.0,0.0,0.0,0.0,0.0,0.0,0.0,0.0,0.0,0.0,0.0,14,0.0,0.0,0.0,0.0,0.0,0.0,7,0.0,0.0,0.0,0.0,0.0,0.0,0.0,0.0,0.0,0.0,0.0,0.0,0.0,0.0,0.0,0.0,0,10,27,3,0.0,0.0,0,0.0,0.0,0.0,0.0
Malick Thiaw,de GER,DF,Milan,22,2001,22,19,"1,806",0,0,0,0,2,0,0.0,0.0,0.0,0.0,0.0,0.4467847943305969,0.4467847943305969,0.022339239716529846,0.022339239716529846,20.1,1,0.0,14.3,0.05,0.0,0.0,0.06382639919008527,-0.4467847943305969,-0.4467847943305969,0.0,0.0,0.0,0.0,0.0,0.0,0.0,0.0,0.0,0.0,0.0,0.0,0.0,0.0,4.0,0.0,0.0,0.0,0.0,0.0,0.0,0.0,0.0,0.0,3,0.0,0.0,0.0,0.0,0.0,0.0,0.0,0.0,0.0,0.0,0.0,0.0,0.0,0.0,0.0,0.0,0.0,0.0,0.0,0.0,0.0,16,0.0,0.0,0.0,0.0,0.0,0.0,16,0.0,0.0,0.0,0.0,0.0,0.0,0.0,0.0,0.0,0.0,0.0,0.0,0.0,0.0,0.0,0.0,0,24,6,1,0.0,0.0,3,0.0,0.0,0.0,0.0
Morten Thorsby,no NOR,MF,Genoa,28,1996,30,22,"1,898",0,1,0,0,6,0,0.0,0.05,0.05,0.0,0.05,2.8997801784425974,2.8997801784425974,0.13685381020442253,0.13685381020442253,21.1,7,0.0,46.7,0.33,0.0,0.0,0.19331867856283982,-2.8997801784425974,-2.8997801784425974,0.0,0.0,0.0,0.0,0.0,0.0,0.0,0.0,0.0,0.0,0.0,0.0,0.0,0.0,26.0,0.0,0.0,0.0,0.0,0.0,0.0,0.0,0.0,0.0,9,0.0,0.0,0.0,0.0,0.0,0.0,0.0,0.0,0.0,0.0,0.0,0.0,0.0,0.0,0.0,0.0,0.0,0.0,0.0,0.0,0.0,28,0.0,0.0,0.0,0.0,0.0,0.0,5,0.0,0.0,0.0,0.0,0.0,0.0,0.0,0.0,0.0,0.0,0.0,0.0,0.0,0.0,0.0,0.0,0,53,15,9,0.0,0.0,1,0.0,0.0,0.0,0.0
Khéphren Thuram,fr FRA,MF,Juventus,23,2001,35,26,"2,326",4,5,0,0,5,0,0.15,0.19,0.35,0.15,0.35,0.0,0.0,0.0,0.0,25.8,11,0.0,30.6,0.43,0.11,0.36,0.0,0.0,0.0,0.0,0.0,0.0,0.0,0.0,0.0,0.0,0.0,0.0,0.0,0.0,0.0,0.0,0.0,0.0,0.0,0.0,0.0,0.0,0.0,0.0,0.0,0.0,0.0,13,0.0,0.0,0.0,0.0,0.0,0.0,0.0,0.0,0.0,0.0,0.0,0.0,0.0,0.0,0.0,0.0,0.0,0.0,0.0,0.0,0.0,24,0.0,0.0,0.0,0.0,0.0,0.0,11,0.0,0.0,0.0,0.0,0.0,0.0,0.0,0.0,0.0,0.0,0.0,0.0,0.0,0.0,0.0,0.0,0,36,22,0,0.0,0.0,0,0.0,0.0,0.0,0.0
Marcus Thuram,fr FRA,FW,Inter,26,1997,32,27,"2,290",14,4,0,0,1,0,0.55,0.16,0.71,0.55,0.71,12.12327221222222,12.12327221222222,0.47111161446459404,0.47111161446459404,25.4,27,0.0,41.5,1.06,0.22,0.52,0.18651188018803416,1.8767277877777797,1.8767277877777797,0.0,0.0,0.0,0.0,0.0,0.0,0.0,0.0,0.0,0.0,0.0,0.0,0.0,0.0,39.0,0.0,0.0,0.0,0.0,0.0,0.0,0.0,0.0,0.0,13,0.0,0.0,0.0,0.0,0.0,0.0,0.0,0.0,0.0,0.0,0.0,0.0,0.0,0.0,0.0,0.0,0.0,0.0,0.0,0.0,0.0,10,0.0,0.0,0.0,0.0,0.0,0.0,3,0.0,0.0,0.0,0.0,0.0,0.0,0.0,0.0,0.0,0.0,0.0,0.0,0.0,0.0,0.0,0.0,0,30,36,13,0.0,0.0,0,0.0,0.0,0.0,0.0
Rafael Tolói,it ITA,DF,Atalanta,33,1990,11,2,468,0,0,0,0,1,0,0.0,0.0,0.0,0.0,0.0,0.0903102029114961,0.0903102029114961,0.01814267469204163,0.01814267469204163,5.2,0,0.0,0.0,0.0,0.0,0.0,0.0301034009704987,-0.0903102029114961,-0.0903102029114961,0.0,0.0,0.0,0.0,0.0,0.0,0.0,0.0,0.0,0.0,0.0,0.0,0.0,0.0,3.0,0.0,0.0,0.0,0.0,0.0,0.0,0.0,0.0,0.0,2,0.0,0.0,0.0,0.0,0.0,0.0,0.0,0.0,0.0,0.0,0.0,0.0,0.0,0.0,0.0,0.0,0.0,0.0,0.0,0.0,0.0,5,0.0,0.0,0.0,0.0,0.0,0.0,7,0.0,0.0,0.0,0.0,0.0,0.0,0.0,0.0,0.0,0.0,0.0,0.0,0.0,0.0,0.0,0.0,0,6,2,0,0.0,0.0,0,0.0,0.0,0.0,0.0
Fikayo Tomori,eng ENG,DF,Milan,26,1997,22,19,"1,593",0,1,0,0,4,1,0.0,0.06,0.06,0.0,0.06,0.1242979001253843,0.1242979001253843,0.007035730195776469,0.007035730195776469,17.7,0,0.0,0.0,0.0,0.0,0.0,0.06214895006269215,-0.1242979001253843,-0.1242979001253843,0.0,0.0,0.0,0.0,0.0,0.0,0.0,0.0,0.0,0.0,0.0,0.0,0.0,0.0,8.0,0.0,0.0,0.0,0.0,0.0,0.0,0.0,0.0,0.0,6,0.0,0.0,0.0,0.0,0.0,0.0,0.0,0.0,0.0,0.0,0.0,0.0,0.0,0.0,0.0,0.0,0.0,0.0,0.0,0.0,0.0,25,0.0,0.0,0.0,0.0,0.0,0.0,20,0.0,0.0,0.0,0.0,0.0,0.0,0.0,0.0,0.0,0.0,0.0,0.0,0.0,0.0,0.0,0.0,1,10,8,0,0.0,0.0,0,0.0,0.0,0.0,0.0
Luka Topalović,si SVN,MF,Inter,18,2006,1,0,11,0,0,0,0,0,0,0.0,0.0,0.0,0.0,0.0,0.0,0.0,0.0,0.0,0.1,0,0.0,0.0,0.0,0.0,0.0,,0.0,0.0,0.0,0.0,0.0,0.0,0.0,0.0,0.0,0.0,0.0,0.0,0.0,0.0,0.0,0.0,0.0,0.0,0.0,0.0,0.0,0.0,0.0,0.0,0.0,0.0,0,0.0,0.0,0.0,0.0,0.0,0.0,0.0,0.0,0.0,0.0,0.0,0.0,0.0,0.0,0.0,0.0,0.0,0.0,0.0,0.0,0.0,1,0.0,0.0,0.0,0.0,0.0,0.0,0,0.0,0.0,0.0,0.0,0.0,0.0,0.0,0.0,0.0,0.0,0.0,0.0,0.0,0.0,0.0,0.0,0,0,0,0,0.0,0.0,0,0.0,0.0,0.0,0.0
Lorenzo Tosto,it ITA,DF,Empoli,18,2006,1,0,1,0,0,0,0,0,0,0.0,0.0,0.0,0.0,0.0,0.0,0.0,0.0,0.0,0.0,0,0.0,0.0,0.0,0.0,0.0,,0.0,0.0,0.0,0.0,0.0,0.0,0.0,0.0,0.0,0.0,0.0,0.0,0.0,0.0,0.0,0.0,0.0,0.0,0.0,0.0,0.0,0.0,0.0,0.0,0.0,0.0,0,0.0,0.0,0.0,0.0,0.0,0.0,0.0,0.0,0.0,0.0,0.0,0.0,0.0,0.0,0.0,0.0,0.0,0.0,0.0,0.0,0.0,0,0.0,0.0,0.0,0.0,0.0,0.0,0,0.0,0.0,0.0,0.0,0.0,0.0,0.0,0.0,0.0,0.0,0.0,0.0,0.0,0.0,0.0,0.0,0,0,0,0,0.0,0.0,0,0.0,0.0,0.0,0.0
Souleymane Touré,fr FRA,DF,Udinese,21,2003,12,11,733,1,0,0,0,2,2,0.12,0.0,0.12,0.12,0.12,0.0,0.0,0.0,0.0,8.1,2,0.0,50.0,0.25,0.25,0.5,0.0,0.0,0.0,0.0,0.0,0.0,0.0,0.0,0.0,0.0,0.0,0.0,0.0,0.0,0.0,0.0,0.0,0.0,0.0,0.0,0.0,0.0,0.0,0.0,0.0,0.0,0.0,6,0.0,0.0,0.0,0.0,0.0,0.0,0.0,0.0,0.0,0.0,0.0,0.0,0.0,0.0,0.0,0.0,0.0,0.0,0.0,0.0,0.0,6,0.0,0.0,0.0,0.0,0.0,0.0,9,0.0,0.0,0.0,0.0,0.0,0.0,0.0,0.0,0.0,0.0,0.0,0.0,0.0,0.0,0.0,0.0,0,15,6,1,0.0,0.0,1,0.0,0.0,0.0,0.0
Stefano Turati,it ITA,GK,Monza,22,2001,30,30,"2,676",0,0,0,0,1,0,0.0,0.0,0.0,0.0,0.0,0.0,0.0,0.0,0.0,29.7,0,0.0,0.0,0.0,0.0,0.0,,0.0,0.0,0.0,0.0,0.0,0.0,0.0,0.0,0.0,0.0,0.0,0.0,0.0,0.0,0.0,0.0,0.0,0.0,0.0,0.0,0.0,0.0,0.0,0.0,0.0,0.0,0,0.0,0.0,0.0,0.0,0.0,0.0,0.0,0.0,0.0,0.0,0.0,0.0,0.0,0.0,0.0,0.0,0.0,0.0,0.0,0.0,0.0,0,0.0,0.0,0.0,0.0,0.0,0.0,0,0.0,0.0,0.0,0.0,0.0,0.0,0.0,0.0,0.0,0.0,0.0,0.0,0.0,0.0,0.0,0.0,0,0,12,0,0.0,0.0,0,0.0,0.0,0.0,0.0
Kacper Urbanski,pl POL,MF,Bologna,19,2004,7,1,247,1,0,0,0,2,0,0.36,0.0,0.36,0.36,0.36,0.6933421511203051,0.6933421511203051,0.08466864803368719,0.08466864803368719,2.7,1,0.0,25.0,0.36,0.25,1.0,0.07703801679114501,0.30665784887969494,0.30665784887969494,0.0,0.0,0.0,0.0,0.0,0.0,0.0,0.0,0.0,0.0,0.0,0.0,0.0,0.0,13.0,0.0,0.0,0.0,0.0,0.0,0.0,0.0,0.0,0.0,8,0.0,0.0,0.0,0.0,0.0,0.0,0.0,0.0,0.0,0.0,0.0,0.0,0.0,0.0,0.0,0.0,0.0,0.0,0.0,0.0,0.0,2,0.0,0.0,0.0,0.0,0.0,0.0,2,0.0,0.0,0.0,0.0,0.0,0.0,0.0,0.0,0.0,0.0,0.0,0.0,0.0,0.0,0.0,0.0,0,5,3,0,0.0,0.0,0,0.0,0.0,0.0,0.0
Kacper Urbanski,pl POL,MF,Monza,19,2004,8,6,500,0,0,0,0,1,0,0.0,0.0,0.0,0.0,0.0,0.6933421511203051,0.6933421511203051,0.08466864803368719,0.08466864803368719,5.6,1,0.0,20.0,0.18,0.0,0.0,0.07703801679114501,0.30665784887969494,0.30665784887969494,0.0,0.0,0.0,0.0,0.0,0.0,0.0,0.0,0.0,0.0,0.0,0.0,0.0,0.0,13.0,0.0,0.0,0.0,0.0,0.0,0.0,0.0,0.0,0.0,4,0.0,0.0,0.0,0.0,0.0,0.0,0.0,0.0,0.0,0.0,0.0,0.0,0.0,0.0,0.0,0.0,0.0,0.0,0.0,0.0,0.0,3,0.0,0.0,0.0,0.0,0.0,0.0,2,0.0,0.0,0.0,0.0,0.0,0.0,0.0,0.0,0.0,0.0,0.0,0.0,0.0,0.0,0.0,0.0,0,8,4,0,0.0,0.0,0,0.0,0.0,0.0,0.0
Lautaro Valenti,ar ARG,DF,Parma,25,1999,20,18,"1,556",1,0,0,0,6,1,0.06,0.0,0.06,0.06,0.06,0.1997213764116168,0.1997213764116168,0.011529777983993272,0.011529777983993272,17.3,2,0.0,28.6,0.12,0.14,0.5,0.028531625201659545,0.8002786235883832,0.8002786235883832,0.0,0.0,0.0,0.0,0.0,0.0,0.0,0.0,0.0,0.0,0.0,0.0,0.0,0.0,4.0,0.0,0.0,0.0,0.0,0.0,0.0,0.0,0.0,0.0,2,0.0,0.0,0.0,0.0,0.0,0.0,0.0,0.0,0.0,0.0,0.0,0.0,0.0,0.0,0.0,0.0,0.0,0.0,0.0,0.0,0.0,12,0.0,0.0,0.0,0.0,0.0,0.0,13,0.0,0.0,0.0,0.0,0.0,0.0,0.0,0.0,0.0,0.0,0.0,0.0,0.0,0.0,0.0,0.0,1,24,7,0,0.0,0.0,0,0.0,0.0,0.0,0.0
Nicolás Valentini,ar ARG,DF,Hellas Verona,23,2001,14,13,"1,129",0,0,0,0,5,1,0.0,0.0,0.0,0.0,0.0,0.2727090008556843,0.2727090008556843,0.021548560208087434,0.021548560208087434,12.5,0,0.0,0.0,0.0,0.0,0.0,0.034088625106960535,-0.2727090008556843,-0.2727090008556843,0.0,0.0,0.0,0.0,0.0,0.0,0.0,0.0,0.0,0.0,0.0,0.0,0.0,0.0,6.0,0.0,0.0,0.0,0.0,0.0,0.0,0.0,0.0,0.0,5,0.0,0.0,0.0,0.0,0.0,0.0,0.0,0.0,0.0,0.0,0.0,0.0,0.0,0.0,0.0,0.0,0.0,0.0,0.0,0.0,0.0,22,0.0,0.0,0.0,0.0,0.0,0.0,15,0.0,0.0,0.0,0.0,0.0,0.0,0.0,0.0,0.0,0.0,0.0,0.0,0.0,0.0,0.0,0.0,1,22,5,0,0.0,0.0,0,0.0,0.0,0.0,0.0
Emanuele Valeri,it ITA,"DF,MF",Parma,25,1998,35,34,"2,873",2,6,1,1,1,0,0.06,0.19,0.25,0.03,0.22,1.603562337346375,0.8422635281458497,0.05005917806492326,0.026293346352107692,31.9,5,0.0,18.5,0.16,0.04,0.2,0.031194945486883324,0.396437662653625,0.1577364718541503,0.0,0.0,0.0,0.0,0.0,0.0,0.0,0.0,0.0,0.0,0.0,0.0,0.0,0.0,36.0,0.0,0.0,0.0,0.0,0.0,0.0,0.0,0.0,0.0,129,0.0,0.0,0.0,0.0,0.0,0.0,0.0,0.0,0.0,0.0,0.0,0.0,0.0,0.0,0.0,0.0,0.0,0.0,0.0,0.0,0.0,32,0.0,0.0,0.0,0.0,0.0,0.0,30,0.0,0.0,0.0,0.0,0.0,0.0,0.0,0.0,0.0,0.0,0.0,0.0,0.0,0.0,0.0,0.0,0,28,26,0,0.0,0.0,0,0.0,0.0,0.0,0.0
Álex Valle,es ESP,DF,Como,20,2004,15,12,"1,030",0,0,0,0,2,0,0.0,0.0,0.0,0.0,0.0,0.3290951885282993,0.3290951885282993,0.028424728375764815,0.028424728375764815,11.4,1,0.0,11.1,0.09,0.0,0.0,0.03656613205869992,-0.3290951885282993,-0.3290951885282993,0.0,0.0,0.0,0.0,0.0,0.0,0.0,0.0,0.0,0.0,0.0,0.0,0.0,0.0,11.0,0.0,0.0,0.0,0.0,0.0,0.0,0.0,0.0,0.0,15,0.0,0.0,0.0,0.0,0.0,0.0,0.0,0.0,0.0,0.0,0.0,0.0,0.0,0.0,0.0,0.0,0.0,0.0,0.0,0.0,0.0,11,0.0,0.0,0.0,0.0,0.0,0.0,6,0.0,0.0,0.0,0.0,0.0,0.0,0.0,0.0,0.0,0.0,0.0,0.0,0.0,0.0,0.0,0.0,0,14,18,1,0.0,0.0,0,0.0,0.0,0.0,0.0
Mattia Valoti,it ITA,"FW,MF",Monza,30,1993,5,0,40,0,0,0,0,1,0,0.0,0.0,0.0,0.0,0.0,0.0,0.0,0.0,0.0,0.4,0,0.0,0.0,0.0,0.0,0.0,,0.0,0.0,0.0,0.0,0.0,0.0,0.0,0.0,0.0,0.0,0.0,0.0,0.0,0.0,0.0,0.0,0.0,0.0,0.0,0.0,0.0,0.0,0.0,0.0,0.0,0.0,0,0.0,0.0,0.0,0.0,0.0,0.0,0.0,0.0,0.0,0.0,0.0,0.0,0.0,0.0,0.0,0.0,0.0,0.0,0.0,0.0,0.0,3,0.0,0.0,0.0,0.0,0.0,0.0,0,0.0,0.0,0.0,0.0,0.0,0.0,0.0,0.0,0.0,0.0,0.0,0.0,0.0,0.0,0.0,0.0,0,2,2,0,0.0,0.0,0,0.0,0.0,0.0,0.0
Ignace Van Der Brempt,be BEL,DF,Como,22,2002,20,14,"1,257",0,1,0,0,3,0,0.0,0.07,0.07,0.0,0.07,0.5743862800300121,0.5743862800300121,0.041158252549921254,0.041158252549921254,14.0,3,0.0,42.9,0.21,0.0,0.0,0.0820551828614303,-0.5743862800300121,-0.5743862800300121,0.0,0.0,0.0,0.0,0.0,0.0,0.0,0.0,0.0,0.0,0.0,0.0,0.0,0.0,10.0,0.0,0.0,0.0,0.0,0.0,0.0,0.0,0.0,0.0,20,0.0,0.0,0.0,0.0,0.0,0.0,0.0,0.0,0.0,0.0,0.0,0.0,0.0,0.0,0.0,0.0,0.0,0.0,0.0,0.0,0.0,30,0.0,0.0,0.0,0.0,0.0,0.0,16,0.0,0.0,0.0,0.0,0.0,0.0,0.0,0.0,0.0,0.0,0.0,0.0,0.0,0.0,0.0,0.0,0,21,15,0,0.0,0.0,0,0.0,0.0,0.0,0.0
Devis Vásquez,co COL,GK,Empoli,26,1998,32,32,"2,880",0,0,0,0,2,0,0.0,0.0,0.0,0.0,0.0,0.0,0.0,0.0,0.0,32.0,0,0.0,0.0,0.0,0.0,0.0,,0.0,0.0,0.0,0.0,0.0,0.0,0.0,0.0,0.0,0.0,0.0,0.0,0.0,0.0,0.0,0.0,0.0,0.0,0.0,0.0,0.0,0.0,0.0,0.0,0.0,0.0,1,0.0,0.0,0.0,0.0,0.0,0.0,0.0,0.0,0.0,0.0,0.0,0.0,0.0,0.0,0.0,0.0,0.0,0.0,0.0,0.0,0.0,0,0.0,0.0,0.0,0.0,0.0,0.0,0,0.0,0.0,0.0,0.0,0.0,0.0,0.0,0.0,0.0,0.0,0.0,0.0,0.0,0.0,0.0,0.0,0,1,4,0,0.0,0.0,0,0.0,0.0,0.0,0.0
Johan Vásquez,mx MEX,DF,Genoa,25,1998,36,34,"3,041",3,0,0,0,9,0,0.09,0.0,0.09,0.09,0.09,2.439728694036603,2.439728694036603,0.07232397314337756,0.07232397314337756,33.8,8,0.0,22.2,0.24,0.08,0.38,0.06777024150101675,0.560271305963397,0.560271305963397,0.0,0.0,0.0,0.0,0.0,0.0,0.0,0.0,0.0,0.0,0.0,0.0,0.0,0.0,7.0,0.0,0.0,0.0,0.0,0.0,0.0,0.0,0.0,0.0,7,0.0,0.0,0.0,0.0,0.0,0.0,0.0,0.0,0.0,0.0,0.0,0.0,0.0,0.0,0.0,0.0,0.0,0.0,0.0,0.0,0.0,32,0.0,0.0,0.0,0.0,0.0,0.0,50,0.0,0.0,0.0,0.0,0.0,0.0,0.0,0.0,0.0,0.0,0.0,0.0,0.0,0.0,0.0,0.0,0,31,32,1,0.0,0.0,0,0.0,0.0,0.0,0.0
Matías Vecino,uy URU,MF,Lazio,32,1991,20,7,877,2,3,0,0,7,0,0.21,0.31,0.51,0.21,0.51,3.101402133703232,3.101402133703232,0.33111054808219553,0.33111054808219553,9.7,5,0.0,31.3,0.51,0.13,0.4,0.193837633356452,-1.1014021337032318,-1.1014021337032318,0.0,0.0,0.0,0.0,0.0,0.0,0.0,0.0,0.0,0.0,0.0,0.0,0.0,0.0,11.0,0.0,0.0,0.0,0.0,0.0,0.0,0.0,0.0,0.0,2,0.0,0.0,0.0,0.0,0.0,0.0,0.0,0.0,0.0,0.0,0.0,0.0,0.0,0.0,0.0,0.0,0.0,0.0,0.0,0.0,0.0,7,0.0,0.0,0.0,0.0,0.0,0.0,6,0.0,0.0,0.0,0.0,0.0,0.0,0.0,0.0,0.0,0.0,0.0,0.0,0.0,0.0,0.0,0.0,0,20,2,0,0.0,0.0,0,0.0,0.0,0.0,0.0
Danilo Veiga,pt POR,"MF,DF",Lecce,21,2002,13,2,374,0,0,0,0,0,0,0.0,0.0,0.0,0.0,0.0,0.7220241073518991,0.7220241073518991,0.19572942669177987,0.19572942669177987,4.2,0,0.0,0.0,0.0,0.0,0.0,0.14440482147037983,-0.7220241073518991,-0.7220241073518991,0.0,0.0,0.0,0.0,0.0,0.0,0.0,0.0,0.0,0.0,0.0,0.0,0.0,0.0,6.0,0.0,0.0,0.0,0.0,0.0,0.0,0.0,0.0,0.0,17,0.0,0.0,0.0,0.0,0.0,0.0,0.0,0.0,0.0,0.0,0.0,0.0,0.0,0.0,0.0,0.0,0.0,0.0,0.0,0.0,0.0,6,0.0,0.0,0.0,0.0,0.0,0.0,4,0.0,0.0,0.0,0.0,0.0,0.0,0.0,0.0,0.0,0.0,0.0,0.0,0.0,0.0,0.0,0.0,0,6,11,0,0.0,0.0,0,0.0,0.0,0.0,0.0
Renato Veiga,pt POR,DF,Juventus,21,2003,13,12,"1,093",0,1,0,0,2,0,0.0,0.08,0.08,0.0,0.08,0.8249842878431082,0.8249842878431082,0.06805553245268536,0.06805553245268536,12.1,5,0.0,41.7,0.41,0.0,0.0,0.06874869065359235,-0.8249842878431082,-0.8249842878431082,0.0,0.0,0.0,0.0,0.0,0.0,0.0,0.0,0.0,0.0,0.0,0.0,0.0,0.0,2.0,0.0,0.0,0.0,0.0,0.0,0.0,0.0,0.0,0.0,0,0.0,0.0,0.0,0.0,0.0,0.0,0.0,0.0,0.0,0.0,0.0,0.0,0.0,0.0,0.0,0.0,0.0,0.0,0.0,0.0,0.0,12,0.0,0.0,0.0,0.0,0.0,0.0,19,0.0,0.0,0.0,0.0,0.0,0.0,0.0,0.0,0.0,0.0,0.0,0.0,0.0,0.0,0.0,0.0,0,9,2,1,0.0,0.0,0,0.0,0.0,0.0,0.0
Lorenzo Venturino,it ITA,MF,Genoa,18,2006,6,1,167,2,0,0,0,0,0,1.08,0.0,1.08,1.08,1.08,1.1552968937903645,1.1552968937903645,0.6978303385310927,0.6978303385310927,1.9,3,0.0,75.0,1.62,0.5,0.67,0.2888242234475911,0.8447031062096355,0.8447031062096355,0.0,0.0,0.0,0.0,0.0,0.0,0.0,0.0,0.0,0.0,0.0,0.0,0.0,0.0,3.0,0.0,0.0,0.0,0.0,0.0,0.0,0.0,0.0,0.0,10,0.0,0.0,0.0,0.0,0.0,0.0,0.0,0.0,0.0,0.0,0.0,0.0,0.0,0.0,0.0,0.0,0.0,0.0,0.0,0.0,0.0,3,0.0,0.0,0.0,0.0,0.0,0.0,0,0.0,0.0,0.0,0.0,0.0,0.0,0.0,0.0,0.0,0.0,0.0,0.0,0.0,0.0,0.0,0.0,0,3,1,0,0.0,0.0,0,0.0,0.0,0.0,0.0
Simone Verdi,it ITA,"FW,MF",Como,32,1992,9,0,115,0,0,0,0,1,0,0.0,0.0,0.0,0.0,0.0,0.066993904300034,0.066993904300034,0.06215929264951609,0.06215929264951609,1.3,2,0.0,100.0,1.57,0.0,0.0,0.033496952150017,-0.066993904300034,-0.066993904300034,0.0,0.0,0.0,0.0,0.0,0.0,0.0,0.0,0.0,0.0,0.0,0.0,0.0,0.0,6.0,0.0,0.0,0.0,0.0,0.0,0.0,0.0,0.0,0.0,13,0.0,0.0,0.0,0.0,0.0,0.0,0.0,0.0,0.0,0.0,0.0,0.0,0.0,0.0,0.0,0.0,0.0,0.0,0.0,0.0,0.0,2,0.0,0.0,0.0,0.0,0.0,0.0,0,0.0,0.0,0.0,0.0,0.0,0.0,0.0,0.0,0.0,0.0,0.0,0.0,0.0,0.0,0.0,0.0,0,1,1,0,0.0,0.0,0,0.0,0.0,0.0,0.0
Samuele Vignato,it ITA,MF,Monza,20,2004,17,3,470,0,0,0,0,0,0,0.0,0.0,0.0,0.0,0.0,0.2273637987673282,0.2273637987673282,0.04608725650689085,0.04608725650689085,5.2,1,0.0,25.0,0.19,0.0,0.0,0.05684094969183205,-0.2273637987673282,-0.2273637987673282,0.0,0.0,0.0,0.0,0.0,0.0,0.0,0.0,0.0,0.0,0.0,0.0,0.0,0.0,1.0,0.0,0.0,0.0,0.0,0.0,0.0,0.0,0.0,0.0,14,0.0,0.0,0.0,0.0,0.0,0.0,0.0,0.0,0.0,0.0,0.0,0.0,0.0,0.0,0.0,0.0,0.0,0.0,0.0,0.0,0.0,3,0.0,0.0,0.0,0.0,0.0,0.0,0,0.0,0.0,0.0,0.0,0.0,0.0,0.0,0.0,0.0,0.0,0.0,0.0,0.0,0.0,0.0,0.0,0,3,3,1,0.0,0.0,0,0.0,0.0,0.0,0.0
Nicolas Viola,it ITA,"MF,FW",Cagliari,34,1989,27,18,"1,267",3,1,0,0,2,0,0.21,0.07,0.28,0.21,0.28,3.0422234144061804,3.0422234144061804,0.21175569009787798,0.21175569009787798,14.1,9,0.0,29.0,0.64,0.1,0.33,0.09813623917439292,-0.04222341440618038,-0.04222341440618038,0.0,0.0,0.0,0.0,0.0,0.0,0.0,0.0,0.0,0.0,0.0,0.0,0.0,0.0,29.0,0.0,0.0,0.0,0.0,0.0,0.0,0.0,0.0,0.0,80,0.0,0.0,0.0,0.0,0.0,0.0,0.0,0.0,0.0,0.0,0.0,0.0,0.0,0.0,0.0,0.0,0.0,0.0,0.0,0.0,0.0,7,0.0,0.0,0.0,0.0,0.0,0.0,3,0.0,0.0,0.0,0.0,0.0,0.0,0.0,0.0,0.0,0.0,0.0,0.0,0.0,0.0,0.0,0.0,0,20,34,8,0.0,0.0,0,0.0,0.0,0.0,0.0
Mattia Viti,it ITA,DF,Empoli,22,2002,30,30,"2,572",1,0,0,0,3,0,0.03,0.0,0.03,0.03,0.03,1.030984944663942,1.030984944663942,0.03596459109292821,0.03596459109292821,28.6,2,0.0,18.2,0.07,0.09,0.5,0.09372590406035837,-0.030984944663942082,-0.030984944663942082,0.0,0.0,0.0,0.0,0.0,0.0,0.0,0.0,0.0,0.0,0.0,0.0,0.0,0.0,5.0,0.0,0.0,0.0,0.0,0.0,0.0,0.0,0.0,0.0,0,0.0,0.0,0.0,0.0,0.0,0.0,0.0,0.0,0.0,0.0,0.0,0.0,0.0,0.0,0.0,0.0,0.0,0.0,0.0,0.0,0.0,42,0.0,0.0,0.0,0.0,0.0,0.0,45,0.0,0.0,0.0,0.0,0.0,0.0,0.0,0.0,0.0,0.0,0.0,0.0,0.0,0.0,0.0,0.0,0,29,29,1,0.0,0.0,0,0.0,0.0,0.0,0.0
Vitinha,pt POR,"FW,MF",Genoa,24,2000,25,16,"1,328",2,3,0,0,2,0,0.14,0.2,0.34,0.14,0.34,1.7762191742658615,1.7762191742658615,0.11876651239519133,0.11876651239519133,14.8,6,0.0,18.2,0.41,0.06,0.33,0.05382482346260187,0.2237808257341385,0.2237808257341385,0.0,0.0,0.0,0.0,0.0,0.0,0.0,0.0,0.0,0.0,0.0,0.0,0.0,0.0,17.0,0.0,0.0,0.0,0.0,0.0,0.0,0.0,0.0,0.0,46,0.0,0.0,0.0,0.0,0.0,0.0,0.0,0.0,0.0,0.0,0.0,0.0,0.0,0.0,0.0,0.0,0.0,0.0,0.0,0.0,0.0,8,0.0,0.0,0.0,0.0,0.0,0.0,13,0.0,0.0,0.0,0.0,0.0,0.0,0.0,0.0,0.0,0.0,0.0,0.0,0.0,0.0,0.0,0.0,0,23,25,8,0.0,0.0,0,0.0,0.0,0.0,0.0
Dušan Vlahović,rs SRB,FW,Juventus,24,2000,29,21,"1,784",10,4,4,4,3,0,0.5,0.2,0.71,0.3,0.5,15.096059490926564,12.050864440388978,0.7577497792433858,0.6048955937730106,19.8,30,0.0,39.0,1.51,0.08,0.2,0.15650473299206463,-5.096059490926564,-6.0508644403889775,0.0,0.0,0.0,0.0,0.0,0.0,0.0,0.0,0.0,0.0,0.0,0.0,0.0,0.0,16.0,0.0,0.0,0.0,0.0,0.0,0.0,0.0,0.0,0.0,11,0.0,0.0,0.0,0.0,0.0,0.0,0.0,0.0,0.0,0.0,0.0,0.0,0.0,0.0,0.0,0.0,0.0,0.0,0.0,0.0,0.0,2,0.0,0.0,0.0,0.0,0.0,0.0,1,0.0,0.0,0.0,0.0,0.0,0.0,0.0,0.0,0.0,0.0,0.0,0.0,0.0,0.0,0.0,0.0,0,28,18,12,0.0,0.0,0,0.0,0.0,0.0,0.0
Vanja Vlahović,rs SRB,MF,Atalanta,20,2004,3,0,60,0,0,0,0,0,0,0.0,0.0,0.0,0.0,0.0,0.0756982043385505,0.0756982043385505,0.12165782840124187,0.12165782840124187,0.7,1,0.0,100.0,1.5,0.0,0.0,0.0756982043385505,-0.0756982043385505,-0.0756982043385505,0.0,0.0,0.0,0.0,0.0,0.0,0.0,0.0,0.0,0.0,0.0,0.0,0.0,0.0,2.0,0.0,0.0,0.0,0.0,0.0,0.0,0.0,0.0,0.0,0,0.0,0.0,0.0,0.0,0.0,0.0,0.0,0.0,0.0,0.0,0.0,0.0,0.0,0.0,0.0,0.0,0.0,0.0,0.0,0.0,0.0,1,0.0,0.0,0.0,0.0,0.0,0.0,0,0.0,0.0,0.0,0.0,0.0,0.0,0.0,0.0,0.0,0.0,0.0,0.0,0.0,0.0,0.0,0.0,0,0,3,0,0.0,0.0,0,0.0,0.0,0.0,0.0
Nikola Vlašić,hr CRO,"MF,FW",Torino,26,1997,30,23,"2,117",5,4,2,2,0,0,0.21,0.17,0.38,0.13,0.3,3.3855708930641413,1.86297326721251,0.14325405753444886,0.07882820594693273,23.5,12,0.0,37.5,0.51,0.09,0.25,0.06009591184556484,1.6144291069358587,1.13702673278749,0.0,0.0,0.0,0.0,0.0,0.0,0.0,0.0,0.0,0.0,0.0,0.0,0.0,0.0,32.0,0.0,0.0,0.0,0.0,0.0,0.0,0.0,0.0,0.0,25,0.0,0.0,0.0,0.0,0.0,0.0,0.0,0.0,0.0,0.0,0.0,0.0,0.0,0.0,0.0,0.0,0.0,0.0,0.0,0.0,0.0,17,0.0,0.0,0.0,0.0,0.0,0.0,8,0.0,0.0,0.0,0.0,0.0,0.0,0.0,0.0,0.0,0.0,0.0,0.0,0.0,0.0,0.0,0.0,0,28,26,6,0.0,0.0,0,0.0,0.0,0.0,0.0
Alessandro Vogliacco,it ITA,DF,Genoa,25,1998,12,8,715,2,0,0,0,3,0,0.25,0.0,0.25,0.25,0.25,1.5824130047112703,1.5824130047112703,0.09500811902869535,0.09500811902869535,7.9,2,0.0,40.0,0.25,0.4,1.0,0.26373550078521174,0.41758699528872967,0.41758699528872967,0.0,0.0,0.0,0.0,0.0,0.0,0.0,0.0,0.0,0.0,0.0,0.0,0.0,0.0,4.0,0.0,0.0,0.0,0.0,0.0,0.0,0.0,0.0,0.0,11,0.0,0.0,0.0,0.0,0.0,0.0,0.0,0.0,0.0,0.0,0.0,0.0,0.0,0.0,0.0,0.0,0.0,0.0,0.0,0.0,0.0,3,0.0,0.0,0.0,0.0,0.0,0.0,9,0.0,0.0,0.0,0.0,0.0,0.0,0.0,0.0,0.0,0.0,0.0,0.0,0.0,0.0,0.0,0.0,0,12,2,0,0.0,0.0,0,0.0,0.0,0.0,0.0
Alessandro Vogliacco,it ITA,DF,Parma,25,1998,10,10,772,0,0,0,0,2,0,0.0,0.0,0.0,0.0,0.0,1.5824130047112703,1.5824130047112703,0.09500811902869535,0.09500811902869535,8.6,1,0.0,100.0,0.12,0.0,0.0,0.26373550078521174,0.41758699528872967,0.41758699528872967,0.0,0.0,0.0,0.0,0.0,0.0,0.0,0.0,0.0,0.0,0.0,0.0,0.0,0.0,4.0,0.0,0.0,0.0,0.0,0.0,0.0,0.0,0.0,0.0,2,0.0,0.0,0.0,0.0,0.0,0.0,0.0,0.0,0.0,0.0,0.0,0.0,0.0,0.0,0.0,0.0,0.0,0.0,0.0,0.0,0.0,3,0.0,0.0,0.0,0.0,0.0,0.0,4,0.0,0.0,0.0,0.0,0.0,0.0,0.0,0.0,0.0,0.0,0.0,0.0,0.0,0.0,0.0,0.0,0,10,5,0,0.0,0.0,1,0.0,0.0,0.0,0.0
Mërgim Vojvoda,xk KVX,"DF,MF",Torino,29,1995,17,12,"1,105",0,0,0,0,4,0,0.0,0.0,0.0,0.0,0.0,0.6811647824943066,0.6811647824943066,0.03339043051442679,0.03339043051442679,12.3,0,0.0,0.0,0.0,0.0,0.0,0.07568497583270073,0.31883521750569344,0.31883521750569344,0.0,0.0,0.0,0.0,0.0,0.0,0.0,0.0,0.0,0.0,0.0,0.0,0.0,0.0,24.0,0.0,0.0,0.0,0.0,0.0,0.0,0.0,0.0,0.0,40,0.0,0.0,0.0,0.0,0.0,0.0,0.0,0.0,0.0,0.0,0.0,0.0,0.0,0.0,0.0,0.0,0.0,0.0,0.0,0.0,0.0,10,0.0,0.0,0.0,0.0,0.0,0.0,8,0.0,0.0,0.0,0.0,0.0,0.0,0.0,0.0,0.0,0.0,0.0,0.0,0.0,0.0,0.0,0.0,0,13,4,1,0.0,0.0,0,0.0,0.0,0.0,0.0
Mërgim Vojvoda,xk KVX,DF,Como,29,1995,11,8,717,1,2,0,0,2,0,0.13,0.25,0.38,0.13,0.38,0.6811647824943066,0.6811647824943066,0.03339043051442679,0.03339043051442679,8.0,1,0.0,25.0,0.13,0.25,1.0,0.07568497583270073,0.31883521750569344,0.31883521750569344,0.0,0.0,0.0,0.0,0.0,0.0,0.0,0.0,0.0,0.0,0.0,0.0,0.0,0.0,24.0,0.0,0.0,0.0,0.0,0.0,0.0,0.0,0.0,0.0,26,0.0,0.0,0.0,0.0,0.0,0.0,0.0,0.0,0.0,0.0,0.0,0.0,0.0,0.0,0.0,0.0,0.0,0.0,0.0,0.0,0.0,6,0.0,0.0,0.0,0.0,0.0,0.0,4,0.0,0.0,0.0,0.0,0.0,0.0,0.0,0.0,0.0,0.0,0.0,0.0,0.0,0.0,0.0,0.0,0,8,2,1,0.0,0.0,0,0.0,0.0,0.0,0.0
Stefan de Vrij,nl NED,DF,Inter,32,1992,26,18,"1,726",3,0,0,0,2,0,0.16,0.0,0.16,0.16,0.16,1.8668567053973677,1.8668567053973677,0.09774118876426008,0.09774118876426008,19.2,3,0.0,23.1,0.16,0.23,1.0,0.14360436195364368,1.1331432946026323,1.1331432946026323,0.0,0.0,0.0,0.0,0.0,0.0,0.0,0.0,0.0,0.0,0.0,0.0,0.0,0.0,1.0,0.0,0.0,0.0,0.0,0.0,0.0,0.0,0.0,0.0,0,0.0,0.0,0.0,0.0,0.0,0.0,0.0,0.0,0.0,0.0,0.0,0.0,0.0,0.0,0.0,0.0,0.0,0.0,0.0,0.0,0.0,12,0.0,0.0,0.0,0.0,0.0,0.0,23,0.0,0.0,0.0,0.0,0.0,0.0,0.0,0.0,0.0,0.0,0.0,0.0,0.0,0.0,0.0,0.0,0,9,5,0,0.0,0.0,0,0.0,0.0,0.0,0.0
Kyle Walker,eng ENG,DF,Milan,34,1990,11,7,659,0,0,0,0,1,0,0.0,0.0,0.0,0.0,0.0,0.0353304492309689,0.0353304492309689,0.004832432265634044,0.004832432265634044,7.3,0,0.0,0.0,0.0,0.0,0.0,0.01766522461548445,-0.0353304492309689,-0.0353304492309689,0.0,0.0,0.0,0.0,0.0,0.0,0.0,0.0,0.0,0.0,0.0,0.0,0.0,0.0,6.0,0.0,0.0,0.0,0.0,0.0,0.0,0.0,0.0,0.0,10,0.0,0.0,0.0,0.0,0.0,0.0,0.0,0.0,0.0,0.0,0.0,0.0,0.0,0.0,0.0,0.0,0.0,0.0,0.0,0.0,0.0,9,0.0,0.0,0.0,0.0,0.0,0.0,9,0.0,0.0,0.0,0.0,0.0,0.0,0.0,0.0,0.0,0.0,0.0,0.0,0.0,0.0,0.0,0.0,0,7,4,0,0.0,0.0,0,0.0,0.0,0.0,0.0
Sebastian Walukiewicz,pl POL,DF,Torino,24,2000,29,20,"1,661",0,0,0,0,6,0,0.0,0.0,0.0,0.0,0.0,0.3898047879338264,0.3898047879338264,0.01893277437347241,0.01893277437347241,18.5,1,0.0,16.7,0.05,0.0,0.0,0.06496746465563773,-0.3898047879338264,-0.3898047879338264,0.0,0.0,0.0,0.0,0.0,0.0,0.0,0.0,0.0,0.0,0.0,0.0,0.0,0.0,5.0,0.0,0.0,0.0,0.0,0.0,0.0,0.0,0.0,0.0,24,0.0,0.0,0.0,0.0,0.0,0.0,0.0,0.0,0.0,0.0,0.0,0.0,0.0,0.0,0.0,0.0,0.0,0.0,0.0,0.0,0.0,20,0.0,0.0,0.0,0.0,0.0,0.0,17,0.0,0.0,0.0,0.0,0.0,0.0,0.0,0.0,0.0,0.0,0.0,0.0,0.0,0.0,0.0,0.0,0,29,7,1,0.0,0.0,0,0.0,0.0,0.0,0.0
Sebastian Walukiewicz,pl POL,DF,Empoli,24,2000,2,2,180,0,0,0,0,0,0,0.0,0.0,0.0,0.0,0.0,0.3898047879338264,0.3898047879338264,0.01893277437347241,0.01893277437347241,2.0,0,0.0,0.0,0.0,0.0,0.0,0.06496746465563773,-0.3898047879338264,-0.3898047879338264,0.0,0.0,0.0,0.0,0.0,0.0,0.0,0.0,0.0,0.0,0.0,0.0,0.0,0.0,5.0,0.0,0.0,0.0,0.0,0.0,0.0,0.0,0.0,0.0,2,0.0,0.0,0.0,0.0,0.0,0.0,0.0,0.0,0.0,0.0,0.0,0.0,0.0,0.0,0.0,0.0,0.0,0.0,0.0,0.0,0.0,0,0.0,0.0,0.0,0.0,0.0,0.0,1,0.0,0.0,0.0,0.0,0.0,0.0,0.0,0.0,0.0,0.0,0.0,0.0,0.0,0.0,0.0,0.0,0,4,0,0,0.0,0.0,0,0.0,0.0,0.0,0.0
Timothy Weah,us USA,"MF,DF",Juventus,24,2000,30,18,"1,638",5,2,0,0,4,0,0.27,0.11,0.38,0.27,0.38,3.7299512615427375,3.7299512615427375,0.2051929178110308,0.2051929178110308,18.2,9,0.0,42.9,0.49,0.24,0.56,0.17761672674013035,1.2700487384572625,1.2700487384572625,0.0,0.0,0.0,0.0,0.0,0.0,0.0,0.0,0.0,0.0,0.0,0.0,0.0,0.0,19.0,0.0,0.0,0.0,0.0,0.0,0.0,0.0,0.0,0.0,44,0.0,0.0,0.0,0.0,0.0,0.0,0.0,0.0,0.0,0.0,0.0,0.0,0.0,0.0,0.0,0.0,0.0,0.0,0.0,0.0,0.0,19,0.0,0.0,0.0,0.0,0.0,0.0,14,0.0,0.0,0.0,0.0,0.0,0.0,0.0,0.0,0.0,0.0,0.0,0.0,0.0,0.0,0.0,0.0,0,20,14,3,0.0,0.0,0,0.0,0.0,0.0,0.0
Mateusz Wieteska,pl POL,DF,Cagliari,27,1997,5,1,184,0,0,0,0,1,0,0.0,0.0,0.0,0.0,0.0,0.3743296265602112,0.3743296265602112,0.19817450817893534,0.19817450817893534,2.0,0,0.0,0.0,0.0,0.0,0.0,0.3743296265602112,-0.3743296265602112,-0.3743296265602112,0.0,0.0,0.0,0.0,0.0,0.0,0.0,0.0,0.0,0.0,0.0,0.0,0.0,0.0,1.0,0.0,0.0,0.0,0.0,0.0,0.0,0.0,0.0,0.0,0,0.0,0.0,0.0,0.0,0.0,0.0,0.0,0.0,0.0,0.0,0.0,0.0,0.0,0.0,0.0,0.0,0.0,0.0,0.0,0.0,0.0,0,0.0,0.0,0.0,0.0,0.0,0.0,7,0.0,0.0,0.0,0.0,0.0,0.0,0.0,0.0,0.0,0.0,0.0,0.0,0.0,0.0,0.0,0.0,0,4,0,0,0.0,0.0,0,0.0,0.0,0.0,0.0
John Yeboah,ec ECU,"FW,MF",Venezia,24,2000,33,11,"1,226",1,1,0,0,6,0,0.07,0.07,0.15,0.07,0.15,2.5314945550635457,2.5314945550635457,0.19017905672430643,0.19017905672430643,13.6,10,0.0,33.3,0.73,0.03,0.1,0.08438315183545152,-1.5314945550635457,-1.5314945550635457,0.0,0.0,0.0,0.0,0.0,0.0,0.0,0.0,0.0,0.0,0.0,0.0,0.0,0.0,20.0,0.0,0.0,0.0,0.0,0.0,0.0,0.0,0.0,0.0,26,0.0,0.0,0.0,0.0,0.0,0.0,0.0,0.0,0.0,0.0,0.0,0.0,0.0,0.0,0.0,0.0,0.0,0.0,0.0,0.0,0.0,3,0.0,0.0,0.0,0.0,0.0,0.0,4,0.0,0.0,0.0,0.0,0.0,0.0,0.0,0.0,0.0,0.0,0.0,0.0,0.0,0.0,0.0,0.0,0,14,21,4,0.0,0.0,0,0.0,0.0,0.0,0.0
Kenan Yıldız,tr TUR,MF,Juventus,19,2005,35,28,"2,402",7,4,0,0,2,1,0.26,0.15,0.41,0.26,0.41,0.0,0.0,0.0,0.0,26.7,23,0.0,37.7,0.86,0.11,0.3,0.0,0.0,0.0,0.0,0.0,0.0,0.0,0.0,0.0,0.0,0.0,0.0,0.0,0.0,0.0,0.0,0.0,0.0,0.0,0.0,0.0,0.0,0.0,0.0,0.0,0.0,0.0,113,0.0,0.0,0.0,0.0,0.0,0.0,0.0,0.0,0.0,0.0,0.0,0.0,0.0,0.0,0.0,0.0,0.0,0.0,0.0,0.0,0.0,29,0.0,0.0,0.0,0.0,0.0,0.0,6,0.0,0.0,0.0,0.0,0.0,0.0,0.0,0.0,0.0,0.0,0.0,0.0,0.0,0.0,0.0,0.0,0,25,48,4,0.0,0.0,0,0.0,0.0,0.0,0.0
Mattia Zaccagni,it ITA,"MF,FW",Lazio,29,1995,34,33,"2,686",8,6,2,2,10,0,0.27,0.2,0.47,0.2,0.4,6.876200471073389,5.3536028154194355,0.22503928814422,0.17520881941372696,29.8,17,0.0,35.4,0.57,0.13,0.35,0.1115333919879049,1.123799528926611,0.6463971845805645,0.0,0.0,0.0,0.0,0.0,0.0,0.0,0.0,0.0,0.0,0.0,0.0,0.0,0.0,55.0,0.0,0.0,0.0,0.0,0.0,0.0,0.0,0.0,0.0,156,0.0,0.0,0.0,0.0,0.0,0.0,0.0,0.0,0.0,0.0,0.0,0.0,0.0,0.0,0.0,0.0,0.0,0.0,0.0,0.0,0.0,27,0.0,0.0,0.0,0.0,0.0,0.0,29,0.0,0.0,0.0,0.0,0.0,0.0,0.0,0.0,0.0,0.0,0.0,0.0,0.0,0.0,0.0,0.0,0,35,98,10,0.0,0.0,0,0.0,0.0,0.0,0.0
Nicola Zalewski,pl POL,MF,Inter,22,2002,11,4,435,1,1,0,0,4,0,0.21,0.21,0.41,0.21,0.41,0.4306339602917433,0.4306339602917433,0.040246164513247036,0.040246164513247036,4.8,3,0.0,60.0,0.62,0.2,0.33,0.043063396029174326,0.5693660397082567,0.5693660397082567,0.0,0.0,0.0,0.0,0.0,0.0,0.0,0.0,0.0,0.0,0.0,0.0,0.0,0.0,21.0,0.0,0.0,0.0,0.0,0.0,0.0,0.0,0.0,0.0,23,0.0,0.0,0.0,0.0,0.0,0.0,0.0,0.0,0.0,0.0,0.0,0.0,0.0,0.0,0.0,0.0,0.0,0.0,0.0,0.0,0.0,4,0.0,0.0,0.0,0.0,0.0,0.0,2,0.0,0.0,0.0,0.0,0.0,0.0,0.0,0.0,0.0,0.0,0.0,0.0,0.0,0.0,0.0,0.0,0,7,11,0,0.0,0.0,0,0.0,0.0,0.0,0.0
Nicola Zalewski,pl POL,MF,Roma,22,2002,12,4,533,0,0,0,0,0,0,0.0,0.0,0.0,0.0,0.0,0.4306339602917433,0.4306339602917433,0.040246164513247036,0.040246164513247036,5.9,0,0.0,0.0,0.0,0.0,0.0,0.043063396029174326,0.5693660397082567,0.5693660397082567,0.0,0.0,0.0,0.0,0.0,0.0,0.0,0.0,0.0,0.0,0.0,0.0,0.0,0.0,21.0,0.0,0.0,0.0,0.0,0.0,0.0,0.0,0.0,0.0,28,0.0,0.0,0.0,0.0,0.0,0.0,0.0,0.0,0.0,0.0,0.0,0.0,0.0,0.0,0.0,0.0,0.0,0.0,0.0,0.0,0.0,6,0.0,0.0,0.0,0.0,0.0,0.0,5,0.0,0.0,0.0,0.0,0.0,0.0,0.0,0.0,0.0,0.0,0.0,0.0,0.0,0.0,0.0,0.0,0,2,13,1,0.0,0.0,0,0.0,0.0,0.0,0.0
Francesco Zampano,it ITA,MF,Venezia,30,1993,24,17,"1,639",1,2,0,0,5,0,0.05,0.11,0.16,0.05,0.16,1.283414401113987,1.283414401113987,0.070733188058946,0.070733188058946,18.2,4,0.0,57.1,0.22,0.14,0.25,0.1833449144448553,-0.28341440111398697,-0.28341440111398697,0.0,0.0,0.0,0.0,0.0,0.0,0.0,0.0,0.0,0.0,0.0,0.0,0.0,0.0,12.0,0.0,0.0,0.0,0.0,0.0,0.0,0.0,0.0,0.0,49,0.0,0.0,0.0,0.0,0.0,0.0,0.0,0.0,0.0,0.0,0.0,0.0,0.0,0.0,0.0,0.0,0.0,0.0,0.0,0.0,0.0,21,0.0,0.0,0.0,0.0,0.0,0.0,6,0.0,0.0,0.0,0.0,0.0,0.0,0.0,0.0,0.0,0.0,0.0,0.0,0.0,0.0,0.0,0.0,0,24,19,5,0.0,0.0,0,0.0,0.0,0.0,0.0
Nicolò Zaniolo,it ITA,"FW,MF",Fiorentina,25,1999,9,4,343,0,0,0,0,2,1,0.0,0.0,0.0,0.0,0.0,1.9149079006165264,1.9149079006165264,0.2591604677526126,0.2591604677526126,3.8,4,0.0,44.4,1.05,0.0,0.0,0.09574539503082632,0.08509209938347362,0.08509209938347362,0.0,0.0,0.0,0.0,0.0,0.0,0.0,0.0,0.0,0.0,0.0,0.0,0.0,0.0,12.0,0.0,0.0,0.0,0.0,0.0,0.0,0.0,0.0,0.0,4,0.0,0.0,0.0,0.0,0.0,0.0,0.0,0.0,0.0,0.0,0.0,0.0,0.0,0.0,0.0,0.0,0.0,0.0,0.0,0.0,0.0,1,0.0,0.0,0.0,0.0,0.0,0.0,0,0.0,0.0,0.0,0.0,0.0,0.0,0.0,0.0,0.0,0.0,0.0,0.0,0.0,0.0,0.0,0.0,0,11,15,3,0.0,0.0,0,0.0,0.0,0.0,0.0
Nicolò Zaniolo,it ITA,"FW,MF",Atalanta,25,1999,14,0,356,2,2,0,0,4,0,0.51,0.51,1.01,0.51,1.01,1.9149079006165264,1.9149079006165264,0.2591604677526126,0.2591604677526126,4.0,4,0.0,36.4,1.01,0.18,0.5,0.09574539503082632,0.08509209938347362,0.08509209938347362,0.0,0.0,0.0,0.0,0.0,0.0,0.0,0.0,0.0,0.0,0.0,0.0,0.0,0.0,12.0,0.0,0.0,0.0,0.0,0.0,0.0,0.0,0.0,0.0,4,0.0,0.0,0.0,0.0,0.0,0.0,0.0,0.0,0.0,0.0,0.0,0.0,0.0,0.0,0.0,0.0,0.0,0.0,0.0,0.0,0.0,0,0.0,0.0,0.0,0.0,0.0,0.0,1,0.0,0.0,0.0,0.0,0.0,0.0,0.0,0.0,0.0,0.0,0.0,0.0,0.0,0.0,0.0,0.0,0,9,17,0,0.0,0.0,0,0.0,0.0,0.0,0.0
Alessandro Zanoli,it ITA,MF,Genoa,23,2000,31,19,"1,711",1,0,0,0,3,0,0.05,0.0,0.05,0.05,0.05,0.653908365406096,0.653908365406096,0.03429589329052951,0.03429589329052951,19.0,3,0.0,27.3,0.16,0.09,0.33,0.05944621503691782,0.346091634593904,0.346091634593904,0.0,0.0,0.0,0.0,0.0,0.0,0.0,0.0,0.0,0.0,0.0,0.0,0.0,0.0,19.0,0.0,0.0,0.0,0.0,0.0,0.0,0.0,0.0,0.0,65,0.0,0.0,0.0,0.0,0.0,0.0,0.0,0.0,0.0,0.0,0.0,0.0,0.0,0.0,0.0,0.0,0.0,0.0,0.0,0.0,0.0,21,0.0,0.0,0.0,0.0,0.0,0.0,12,0.0,0.0,0.0,0.0,0.0,0.0,0.0,0.0,0.0,0.0,0.0,0.0,0.0,0.0,0.0,0.0,0,17,19,1,0.0,0.0,0,0.0,0.0,0.0,0.0
Duván Zapata,co COL,FW,Torino,33,1991,7,7,587,3,0,0,0,1,0,0.46,0.0,0.46,0.46,0.46,3.206736508756876,3.206736508756876,0.48342761438545867,0.48342761438545867,6.5,10,0.0,47.6,1.53,0.14,0.3,0.15270173851223218,-0.206736508756876,-0.206736508756876,0.0,0.0,0.0,0.0,0.0,0.0,0.0,0.0,0.0,0.0,0.0,0.0,0.0,0.0,9.0,0.0,0.0,0.0,0.0,0.0,0.0,0.0,0.0,0.0,3,0.0,0.0,0.0,0.0,0.0,0.0,0.0,0.0,0.0,0.0,0.0,0.0,0.0,0.0,0.0,0.0,0.0,0.0,0.0,0.0,0.0,5,0.0,0.0,0.0,0.0,0.0,0.0,2,0.0,0.0,0.0,0.0,0.0,0.0,0.0,0.0,0.0,0.0,0.0,0.0,0.0,0.0,0.0,0.0,0,10,8,2,0.0,0.0,0,0.0,0.0,0.0,0.0
Gabriele Zappa,it ITA,DF,Cagliari,24,1999,37,35,"3,060",2,0,0,0,4,0,0.06,0.0,0.06,0.06,0.06,0.7887675790116191,0.7887675790116191,0.0231234795149986,0.0231234795149986,34.0,5,0.0,45.5,0.15,0.18,0.4,0.07170614354651082,1.211232420988381,1.211232420988381,0.0,0.0,0.0,0.0,0.0,0.0,0.0,0.0,0.0,0.0,0.0,0.0,0.0,0.0,28.0,0.0,0.0,0.0,0.0,0.0,0.0,0.0,0.0,0.0,73,0.0,0.0,0.0,0.0,0.0,0.0,0.0,0.0,0.0,0.0,0.0,0.0,0.0,0.0,0.0,0.0,0.0,0.0,0.0,0.0,0.0,25,0.0,0.0,0.0,0.0,0.0,0.0,22,0.0,0.0,0.0,0.0,0.0,0.0,0.0,0.0,0.0,0.0,0.0,0.0,0.0,0.0,0.0,0.0,0,25,18,0,0.0,0.0,0,0.0,0.0,0.0,0.0
Davide Zappacosta,it ITA,MF,Atalanta,32,1992,30,26,"2,067",4,2,0,0,3,0,0.17,0.09,0.26,0.17,0.26,3.0307677779346704,3.0307677779346704,0.12976646052051397,0.12976646052051397,23.0,12,0.0,30.8,0.52,0.1,0.33,0.07771199430601719,0.9692322220653296,0.9692322220653296,0.0,0.0,0.0,0.0,0.0,0.0,0.0,0.0,0.0,0.0,0.0,0.0,0.0,0.0,23.0,0.0,0.0,0.0,0.0,0.0,0.0,0.0,0.0,0.0,95,0.0,0.0,0.0,0.0,0.0,0.0,0.0,0.0,0.0,0.0,0.0,0.0,0.0,0.0,0.0,0.0,0.0,0.0,0.0,0.0,0.0,16,0.0,0.0,0.0,0.0,0.0,0.0,10,0.0,0.0,0.0,0.0,0.0,0.0,0.0,0.0,0.0,0.0,0.0,0.0,0.0,0.0,0.0,0.0,0,19,14,6,0.0,0.0,0,0.0,0.0,0.0,0.0
Oier Zarraga,es ESP,MF,Udinese,25,1999,22,9,896,1,0,0,0,0,0,0.1,0.0,0.1,0.1,0.1,0.2872130675241351,0.2872130675241351,0.029340721994520043,0.029340721994520043,10.0,1,0.0,16.7,0.1,0.17,1.0,0.04786884458735585,0.7127869324758649,0.7127869324758649,0.0,0.0,0.0,0.0,0.0,0.0,0.0,0.0,0.0,0.0,0.0,0.0,0.0,0.0,6.0,0.0,0.0,0.0,0.0,0.0,0.0,0.0,0.0,0.0,19,0.0,0.0,0.0,0.0,0.0,0.0,0.0,0.0,0.0,0.0,0.0,0.0,0.0,0.0,0.0,0.0,0.0,0.0,0.0,0.0,0.0,13,0.0,0.0,0.0,0.0,0.0,0.0,2,0.0,0.0,0.0,0.0,0.0,0.0,0.0,0.0,0.0,0.0,0.0,0.0,0.0,0.0,0.0,0.0,0,12,6,0,0.0,0.0,0,0.0,0.0,0.0,0.0
Jordan Zemura,zw ZIM,"MF,DF",Udinese,24,1999,23,13,"1,415",1,2,0,0,2,0,0.06,0.13,0.19,0.06,0.19,1.0848796032369137,1.0848796032369137,0.06969247986532637,0.06969247986532637,15.7,3,0.0,21.4,0.19,0.07,0.33,0.08345227717207028,-0.08487960323691368,-0.08487960323691368,0.0,0.0,0.0,0.0,0.0,0.0,0.0,0.0,0.0,0.0,0.0,0.0,0.0,0.0,11.0,0.0,0.0,0.0,0.0,0.0,0.0,0.0,0.0,0.0,39,0.0,0.0,0.0,0.0,0.0,0.0,0.0,0.0,0.0,0.0,0.0,0.0,0.0,0.0,0.0,0.0,0.0,0.0,0.0,0.0,0.0,15,0.0,0.0,0.0,0.0,0.0,0.0,17,0.0,0.0,0.0,0.0,0.0,0.0,0.0,0.0,0.0,0.0,0.0,0.0,0.0,0.0,0.0,0.0,0,21,7,2,0.0,0.0,0,0.0,0.0,0.0,0.0
Alessio Zerbin,it ITA,"FW,MF",Napoli,25,1999,2,0,2,0,0,0,0,0,0,0.0,0.0,0.0,0.0,0.0,2.1581489220261574,2.1581489220261574,0.12753342283805263,0.12753342283805263,0.0,0,0.0,0.0,0.0,0.0,0.0,0.12694993658977397,-1.1581489220261574,-1.1581489220261574,0.0,0.0,0.0,0.0,0.0,0.0,0.0,0.0,0.0,0.0,0.0,0.0,0.0,0.0,24.0,0.0,0.0,0.0,0.0,0.0,0.0,0.0,0.0,0.0,0,0.0,0.0,0.0,0.0,0.0,0.0,0.0,0.0,0.0,0.0,0.0,0.0,0.0,0.0,0.0,0.0,0.0,0.0,0.0,0.0,0.0,1,0.0,0.0,0.0,0.0,0.0,0.0,0,0.0,0.0,0.0,0.0,0.0,0.0,0.0,0.0,0.0,0.0,0.0,0.0,0.0,0.0,0.0,0.0,0,0,0,0,0.0,0.0,0,0.0,0.0,0.0,0.0
Alessio Zerbin,it ITA,MF,Venezia,25,1999,18,17,"1,518",1,1,0,0,4,0,0.06,0.06,0.12,0.06,0.12,2.1581489220261574,2.1581489220261574,0.12753342283805263,0.12753342283805263,16.9,6,0.0,37.5,0.36,0.06,0.17,0.12694993658977397,-1.1581489220261574,-1.1581489220261574,0.0,0.0,0.0,0.0,0.0,0.0,0.0,0.0,0.0,0.0,0.0,0.0,0.0,0.0,24.0,0.0,0.0,0.0,0.0,0.0,0.0,0.0,0.0,0.0,75,0.0,0.0,0.0,0.0,0.0,0.0,0.0,0.0,0.0,0.0,0.0,0.0,0.0,0.0,0.0,0.0,0.0,0.0,0.0,0.0,0.0,30,0.0,0.0,0.0,0.0,0.0,0.0,15,0.0,0.0,0.0,0.0,0.0,0.0,0.0,0.0,0.0,0.0,0.0,0.0,0.0,0.0,0.0,0.0,0,36,36,3,0.0,0.0,0,0.0,0.0,0.0,0.0
Kevin Zeroli,it ITA,MF,Monza,19,2005,8,4,395,0,1,0,0,0,0,0.0,0.23,0.23,0.0,0.23,0.4978923872113228,0.4978923872113228,0.11091662091341349,0.11091662091341349,4.4,1,0.0,16.7,0.23,0.0,0.0,0.08298206453522046,-0.4978923872113228,-0.4978923872113228,0.0,0.0,0.0,0.0,0.0,0.0,0.0,0.0,0.0,0.0,0.0,0.0,0.0,0.0,2.0,0.0,0.0,0.0,0.0,0.0,0.0,0.0,0.0,0.0,2,0.0,0.0,0.0,0.0,0.0,0.0,0.0,0.0,0.0,0.0,0.0,0.0,0.0,0.0,0.0,0.0,0.0,0.0,0.0,0.0,0.0,2,0.0,0.0,0.0,0.0,0.0,0.0,2,0.0,0.0,0.0,0.0,0.0,0.0,0.0,0.0,0.0,0.0,0.0,0.0,0.0,0.0,0.0,0.0,0,5,1,2,0.0,0.0,0,0.0,0.0,0.0,0.0
Kevin Zeroli,it ITA,MF,Milan,19,2005,1,0,12,0,0,0,0,0,0,0.0,0.0,0.0,0.0,0.0,0.4978923872113228,0.4978923872113228,0.11091662091341349,0.11091662091341349,0.1,0,0.0,0.0,0.0,0.0,0.0,0.08298206453522046,-0.4978923872113228,-0.4978923872113228,0.0,0.0,0.0,0.0,0.0,0.0,0.0,0.0,0.0,0.0,0.0,0.0,0.0,0.0,2.0,0.0,0.0,0.0,0.0,0.0,0.0,0.0,0.0,0.0,0,0.0,0.0,0.0,0.0,0.0,0.0,0.0,0.0,0.0,0.0,0.0,0.0,0.0,0.0,0.0,0.0,0.0,0.0,0.0,0.0,0.0,1,0.0,0.0,0.0,0.0,0.0,0.0,0,0.0,0.0,0.0,0.0,0.0,0.0,0.0,0.0,0.0,0.0,0.0,0.0,0.0,0.0,0.0,0.0,0,0,0,0,0.0,0.0,0,0.0,0.0,0.0,0.0
Piotr Zieliński,pl POL,MF,Inter,30,1994,26,8,980,2,2,2,2,0,0,0.18,0.18,0.37,0.0,0.18,2.6944100074470043,1.1718123368918896,0.25606853291471005,0.1113654808028195,10.9,6,0.0,35.3,0.55,0.0,0.0,0.0689301374642288,-0.6944100074470043,-1.1718123368918896,0.0,0.0,0.0,0.0,0.0,0.0,0.0,0.0,0.0,0.0,0.0,0.0,0.0,0.0,13.0,0.0,0.0,0.0,0.0,0.0,0.0,0.0,0.0,0.0,27,0.0,0.0,0.0,0.0,0.0,0.0,0.0,0.0,0.0,0.0,0.0,0.0,0.0,0.0,0.0,0.0,0.0,0.0,0.0,0.0,0.0,10,0.0,0.0,0.0,0.0,0.0,0.0,6,0.0,0.0,0.0,0.0,0.0,0.0,0.0,0.0,0.0,0.0,0.0,0.0,0.0,0.0,0.0,0.0,0,9,16,0,0.0,0.0,0,0.0,0.0,0.0,0.0
Nadir Zortea,it ITA,MF,Cagliari,25,1999,35,33,"2,713",6,2,0,0,2,0,0.2,0.07,0.27,0.2,0.27,2.9334294591099024,2.9334294591099024,0.09603806886863994,0.09603806886863994,30.1,10,0.0,31.3,0.33,0.19,0.6,0.09166967059718445,3.0665705408900976,3.0665705408900976,0.0,0.0,0.0,0.0,0.0,0.0,0.0,0.0,0.0,0.0,0.0,0.0,0.0,0.0,29.0,0.0,0.0,0.0,0.0,0.0,0.0,0.0,0.0,0.0,119,0.0,0.0,0.0,0.0,0.0,0.0,0.0,0.0,0.0,0.0,0.0,0.0,0.0,0.0,0.0,0.0,0.0,0.0,0.0,0.0,0.0,13,0.0,0.0,0.0,0.0,0.0,0.0,19,0.0,0.0,0.0,0.0,0.0,0.0,0.0,0.0,0.0,0.0,0.0,0.0,0.0,0.0,0.0,0.0,0,33,22,1,0.0,0.0,0,0.0,0.0,0.0,0.0
Szymon Żurkowski,pl POL,MF,Empoli,26,1997,5,0,106,0,0,0,0,0,0,0.0,0.0,0.0,0.0,0.0,0.1167134344577789,0.1167134344577789,0.1167134344577789,0.1167134344577789,1.2,0,0.0,0.0,0.0,0.0,0.0,0.05835671722888945,-0.1167134344577789,-0.1167134344577789,0.0,0.0,0.0,0.0,0.0,0.0,0.0,0.0,0.0,0.0,0.0,0.0,0.0,0.0,0.0,0.0,0.0,0.0,0.0,0.0,0.0,0.0,0.0,0.0,0,0.0,0.0,0.0,0.0,0.0,0.0,0.0,0.0,0.0,0.0,0.0,0.0,0.0,0.0,0.0,0.0,0.0,0.0,0.0,0.0,0.0,4,0.0,0.0,0.0,0.0,0.0,0.0,1,0.0,0.0,0.0,0.0,0.0,0.0,0.0,0.0,0.0,0.0,0.0,0.0,0.0,0.0,0.0,0.0,0,2,1,0,0.0,0.0,0,0.0,0.0,0.0,0.0
Milan Đurić,ba BIH,FW,Monza,34,1990,18,13,"1,270",4,1,0,0,3,0,0.28,0.07,0.35,0.28,0.35,0.0,0.0,0.0,0.0,14.1,10,0.0,43.5,0.71,0.17,0.4,0.0,0.0,0.0,0.0,0.0,0.0,0.0,0.0,0.0,0.0,0.0,0.0,0.0,0.0,0.0,0.0,0.0,0.0,0.0,0.0,0.0,0.0,0.0,0.0,0.0,0.0,0.0,0,0.0,0.0,0.0,0.0,0.0,0.0,0.0,0.0,0.0,0.0,0.0,0.0,0.0,0.0,0.0,0.0,0.0,0.0,0.0,0.0,0.0,1,0.0,0.0,0.0,0.0,0.0,0.0,3,0.0,0.0,0.0,0.0,0.0,0.0,0.0,0.0,0.0,0.0,0.0,0.0,0.0,0.0,0.0,0.0,0,17,18,5,0.0,0.0,0,0.0,0.0,0.0,0.0
Milan Đurić,ba BIH,FW,Parma,34,1990,9,3,268,1,0,0,0,1,0,0.34,0.0,0.34,0.34,0.34,0.0,0.0,0.0,0.0,3.0,1,0.0,20.0,0.34,0.2,1.0,0.0,0.0,0.0,0.0,0.0,0.0,0.0,0.0,0.0,0.0,0.0,0.0,0.0,0.0,0.0,0.0,0.0,0.0,0.0,0.0,0.0,0.0,0.0,0.0,0.0,0.0,0.0,0,0.0,0.0,0.0,0.0,0.0,0.0,0.0,0.0,0.0,0.0,0.0,0.0,0.0,0.0,0.0,0.0,0.0,0.0,0.0,0.0,0.0,0,0.0,0.0,0.0,0.0,0.0,0.0,0,0.0,0.0,0.0,0.0,0.0,0.0,0.0,0.0,0.0,0.0,0.0,0.0,0.0,0.0,0.0,0.0,0,2,6,1,0.0,0.0,0,0.0,0.0,0.0,0.0
