matchday,team,player,role,vote,fantavote,vote_raw,fantavote_raw
1,Atalanta,Musso,p,6.0,6.0,6,6
1,Atalanta,Zappacosta,d,6.5,6.5,"6,5","6,5"
1,Atalanta,Djimsiti,d,6.0,6.0,6,6
1,Atalanta,Bakker,d,6.0,6.0,6,6
1,Atalanta,Godfrey,d,6.0,6.0,6,6
1,Atalanta,Ruggeri,d,7.0,8.0,7,8
1,Atalanta,Hien,d,6.5,6.5,"6,5","6,5"
1,Atalanta,Palestra,d,55.0,55.0,55,55
1,Atalanta,De Roon,c,6.5,6.0,"6,5",6
1,Atalanta,Pasalic,c,7.0,8.0,7,8
1,Atalanta,Brescianini,c,8.0,14.0,8,14
1,Atalanta,Ederson D.s.,c,6.5,6.0,"6,5",6
1,Atalanta,Sulemana I.,c,55.0,55.0,55,55
1,Atalanta,Cassa,c,55.0,55.0,55,55
1,Atalanta,De Ketelaere,a,6.0,6.0,6,6
1,Atalanta,Retegui,a,7.5,13.5,"7,5","13,5"
1,Atalanta,Gasperini,all,7.0,7.0,7,7
1,Bologna,Skorupski,p,6.5,8.5,"6,5","8,5"
1,Bologna,Lykogiannis,d,6.5,6.5,"6,5","6,5"
1,Bologna,Miranda J.,d,55.0,55.0,55,55
1,Bologna,Erlic,d,7.0,7.0,7,7
1,Bologna,Posch,d,6.0,6.0,6,6
1,Bologna,Beukema,d,6.0,6.0,6,6
1,Bologna,Freuler,c,6.5,6.5,"6,5","6,5"
1,Bologna,Orsolini,c,7.5,10.5,"7,5","10,5"
1,Bologna,Ndoye,c,6.0,6.0,6,6
1,Bologna,Aebischer,c,6.0,6.0,6,6
1,Bologna,Moro N.,c,6.0,6.0,6,6
1,Bologna,Fabbian,c,6.0,6.0,6,6
1,Bologna,Odgaard,a,55.0,55.0,55,55
1,Bologna,Cambiaghi,a,6.0,6.0,6,6
1,Bologna,Castro S.,a,6.5,6.5,"6,5","6,5"
1,Bologna,Dallinga,a,55.0,55.0,55,55
1,Bologna,Italiano,all,6.0,6.0,6,6
1,Cagliari,Scuffet,p,6.5,6.5,"6,5","6,5"
1,Cagliari,Luperto,d,6.0,6.0,6,6
1,Cagliari,Augello,d,5.5,5.5,"5,5","5,5"
1,Cagliari,Zappa,d,6.0,6.0,6,6
1,Cagliari,Azzi,d,6.0,5.5,6,"5,5"
1,Cagliari,Wieteska,d,6.5,6.5,"6,5","6,5"
1,Cagliari,Deiola,c,6.0,5.5,6,"5,5"
1,Cagliari,Adopo,c,6.0,6.0,6,6
1,Cagliari,Marin,c,6.5,6.5,"6,5","6,5"
1,Cagliari,Prati,c,6.0,6.0,6,6
1,Cagliari,Pavoletti,a,6.0,6.0,6,6
1,Cagliari,Lapadula,a,55.0,55.0,55,55
1,Cagliari,Piccoli,a,6.0,6.0,6,6
1,Cagliari,Luvumbo,a,6.0,6.0,6,6
1,Cagliari,Nicola,all,6.5,6.5,"6,5","6,5"
1,Como,Reina,p,6.5,3.5,"6,5","3,5"
1,Como,Barba,d,5.5,5.5,"5,5","5,5"
1,Como,Goldaniga,d,5.0,4.5,5,"4,5"
1,Como,Sala M.,d,5.0,4.5,5,"4,5"
1,Como,Moreno Alb.,d,5.0,5.0,5,5
1,Como,Verdi,c,5.5,5.0,"5,5",5
1,Como,Baselli,c,6.0,6.0,6,6
1,Como,Strefezza,c,6.0,6.0,6,6
1,Como,Da Cunha,c,5.5,5.5,"5,5","5,5"
1,Como,Abildgaard,c,55.0,55.0,55,55
1,Como,Braunoder,c,5.5,5.5,"5,5","5,5"
1,Como,Engelhardt,c,5.0,4.5,5,"4,5"
1,Como,Cerri,a,5.5,5.5,"5,5","5,5"
1,Como,Belotti,a,5.5,5.5,"5,5","5,5"
1,Como,Cutrone,a,5.5,5.5,"5,5","5,5"
1,Como,Gabrielloni,a,6.0,6.0,6,6
1,Como,Fabregas,all,5.5,5.5,"5,5","5,5"
1,Empoli,Vasquez D.,p,6.0,6.0,6,6
1,Empoli,Pezzella Giu.,d,6.0,6.0,6,6
1,Empoli,Walukiewicz,d,6.5,6.5,"6,5","6,5"
1,Empoli,Ismajli,d,6.5,6.5,"6,5","6,5"
1,Empoli,Viti,d,6.0,6.0,6,6
1,Empoli,Cacace,d,55.0,55.0,55,55
1,Empoli,Haas,c,55.0,55.0,55,55
1,Empoli,Henderson L.,c,6.5,6.5,"6,5","6,5"
1,Empoli,Gyasi,c,6.0,6.0,6,6
1,Empoli,Maleh,c,6.0,6.0,6,6
1,Empoli,Fazzini,c,6.5,6.0,"6,5",6
1,Empoli,Caputo,a,55.0,55.0,55,55
1,Empoli,Esposito Se.,a,6.0,6.0,6,6
1,Empoli,Colombo,a,5.5,5.5,"5,5","5,5"
1,Empoli,Ekong,a,55.0,55.0,55,55
1,Empoli,Solbakken,a,6.5,6.5,"6,5","6,5"
1,Empoli,D'Aversa,all,6.0,6.0,6,6
1,Fiorentina,Terracciano,p,6.5,5.5,"6,5","5,5"
1,Fiorentina,Biraghi,d,6.5,9.5,"6,5","9,5"
1,Fiorentina,Martinez Quarta,d,5.5,5.5,"5,5","5,5"
1,Fiorentina,Parisi,d,6.0,6.0,6,6
1,Fiorentina,Pongracic,d,4.5,3.5,"4,5","3,5"
1,Fiorentina,Dodo',d,6.0,6.0,6,6
1,Fiorentina,Kayode,d,6.0,6.0,6,6
1,Fiorentina,Comuzzo,d,5.5,5.5,"5,5","5,5"
1,Fiorentina,Mandragora,c,5.5,5.5,"5,5","5,5"
1,Fiorentina,Sottil,c,55.0,55.0,55,55
1,Fiorentina,Amrabat,c,6.0,6.0,6,6
1,Fiorentina,Ikone',c,6.0,6.0,6,6
1,Fiorentina,Bianco,c,6.0,6.0,6,6
1,Fiorentina,Colpani,c,6.0,6.0,6,6
1,Fiorentina,Kean,a,5.5,5.5,"5,5","5,5"
1,Fiorentina,Kouame',a,5.5,5.5,"5,5","5,5"
1,Fiorentina,Palladino,all,6.0,6.0,6,6
1,Genoa,Gollini,p,6.0,3.5,6,"3,5"
1,Genoa,Sabelli,d,5.5,5.5,"5,5","5,5"
1,Genoa,Bani,d,5.5,5.5,"5,5","5,5"
1,Genoa,Martin,d,6.5,6.5,"6,5","6,5"
1,Genoa,Vasquez,d,5.5,5.5,"5,5","5,5"
1,Genoa,Zanoli,d,6.0,6.0,6,6
1,Genoa,De Winter,d,5.0,5.0,5,5
1,Genoa,Vogliacco,d,7.0,10.0,7,10
1,Genoa,Badelj,c,7.0,7.0,7,7
1,Genoa,Thorsby,c,6.0,6.0,6,6
1,Genoa,Malinovskyi,c,6.5,6.5,"6,5","6,5"
1,Genoa,Messias,c,6.5,6.5,"6,5","6,5"
1,Genoa,Frendrup,c,6.5,6.5,"6,5","6,5"
1,Genoa,Vitinha O.,a,6.0,6.0,6,6
1,Genoa,Ekhator,a,55.0,55.0,55,55
1,Genoa,Gilardino,all,7.0,6.5,7,"6,5"
1,Inter,Sommer,p,5.5,6.5,"5,5","6,5"
1,Inter,Dimarco,d,6.0,6.0,6,6
1,Inter,Acerbi,d,5.0,5.0,5,5
1,Inter,Bastoni,d,6.5,6.5,"6,5","6,5"
1,Inter,Darmian,d,5.5,5.5,"5,5","5,5"
1,Inter,Dumfries,d,6.0,6.0,6,6
1,Inter,Carlos Augusto,d,6.0,6.0,6,6
1,Inter,Bisseck,d,4.5,4.5,"4,5","4,5"
1,Inter,Barella,c,7.0,8.0,7,8
1,Inter,Calhanoglu,c,5.5,5.5,"5,5","5,5"
1,Inter,Mkhitaryan,c,6.0,5.5,6,"5,5"
1,Inter,Frattesi,c,6.5,7.5,"6,5","7,5"
1,Inter,Asllani,c,55.0,55.0,55,55
1,Inter,Martinez L.,a,5.0,5.0,5,5
1,Inter,Thuram,a,7.5,13.5,"7,5","13,5"
1,Inter,Taremi,a,6.5,6.5,"6,5","6,5"
1,Inter,Inzaghi S.,all,5.5,5.0,"5,5",5
1,Juventus,Di Gregorio,p,6.0,6.0,6,6
1,Juventus,Bremer,d,6.0,6.0,6,6
1,Juventus,Cambiaso,d,7.0,9.5,7,"9,5"
1,Juventus,Gatti,d,6.0,6.0,6,6
1,Juventus,Cabal,d,6.5,6.5,"6,5","6,5"
1,Juventus,Savona,d,6.0,6.0,6,6
1,Juventus,Locatelli,c,6.5,6.0,"6,5",6
1,Juventus,Fagioli,c,6.0,6.0,6,6
1,Juventus,Weah,c,7.0,10.0,7,10
1,Juventus,Douglas Luiz,c,6.0,6.0,6,6
1,Juventus,Thuram K.,c,6.5,6.5,"6,5","6,5"
1,Juventus,Vlahovic,a,6.5,6.5,"6,5","6,5"
1,Juventus,Yildiz,a,7.0,8.0,7,8
1,Juventus,Mbangula,a,7.0,11.0,7,11
1,Juventus,Thiago Motta,all,7.0,7.0,7,7
1,Lazio,Provedel,p,6.5,5.5,"6,5","5,5"
1,Lazio,Romagnoli,d,6.0,6.0,6,6
1,Lazio,Marusic,d,6.0,6.0,6,6
1,Lazio,Lazzari,d,6.5,6.5,"6,5","6,5"
1,Lazio,Casale,d,6.5,6.5,"6,5","6,5"
1,Lazio,Vecino,c,6.0,6.0,6,6
1,Lazio,Zaccagni,c,7.0,10.0,7,10
1,Lazio,Guendouzi,c,6.0,6.0,6,6
1,Lazio,Castrovilli,c,55.0,55.0,55,55
1,Lazio,Rovella,c,5.5,5.5,"5,5","5,5"
1,Lazio,Tchaouna,c,6.0,6.0,6,6
1,Lazio,Dele-Bashiru,c,7.0,7.0,7,7
1,Lazio,Pedro,a,55.0,55.0,55,55
1,Lazio,Castellanos,a,7.5,10.0,"7,5",10
1,Lazio,Isaksen,a,6.0,6.0,6,6
1,Lazio,Noslin,a,6.5,6.5,"6,5","6,5"
1,Lazio,Baroni,all,7.0,7.0,7,7
1,Lecce,Falcone,p,6.0,2.0,6,2
1,Lecce,Gallo,d,5.0,5.0,5,5
1,Lecce,Baschirotto,d,4.5,4.5,"4,5","4,5"
1,Lecce,Gendrey,d,5.0,5.0,5,5
1,Lecce,Dorgu,d,5.5,5.5,"5,5","5,5"
1,Lecce,Gaspar K.,d,4.5,4.5,"4,5","4,5"
1,Lecce,Coulibaly L.,c,5.0,5.0,5,5
1,Lecce,Berisha M.,c,55.0,55.0,55,55
1,Lecce,Rafia,c,5.0,5.0,5,5
1,Lecce,Ramadani,c,5.5,5.5,"5,5","5,5"
1,Lecce,Pierret,c,5.5,5.5,"5,5","5,5"
1,Lecce,Tete Morente,c,5.5,5.5,"5,5","5,5"
1,Lecce,Marchwinski,c,55.0,55.0,55,55
1,Lecce,Banda,a,5.5,5.5,"5,5","5,5"
1,Lecce,Krstovic,a,5.0,5.0,5,5
1,Lecce,Pierotti,a,5.5,5.5,"5,5","5,5"
1,Lecce,Gotti,all,5.0,5.0,5,5
1,Milan,Maignan,p,7.0,5.0,7,5
1,Milan,Calabria,d,5.0,5.0,5,5
1,Milan,Hernandez T.,d,6.0,6.0,6,6
1,Milan,Tomori,d,5.5,5.5,"5,5","5,5"
1,Milan,Thiaw,d,4.5,2.5,"4,5","2,5"
1,Milan,Pulisic,c,5.0,5.0,5,5
1,Milan,Bennacer,c,6.5,6.5,"6,5","6,5"
1,Milan,Loftus-Cheek,c,6.0,6.0,6,6
1,Milan,Chukwueze,c,5.5,5.5,"5,5","5,5"
1,Milan,Saelemaekers,c,5.5,5.0,"5,5",5
1,Milan,Musah,c,6.5,7.5,"6,5","7,5"
1,Milan,Reijnders,c,6.0,6.0,6,6
1,Milan,Morata,a,6.5,9.0,"6,5",9
1,Milan,Jovic,a,5.0,4.5,5,"4,5"
1,Milan,Leao,a,5.0,5.0,5,5
1,Milan,Okafor,a,7.0,10.0,7,10
1,Milan,Fonseca,all,6.0,6.0,6,6
1,Monza,Pizzignacco,p,6.5,6.5,"6,5","6,5"
1,Monza,Izzo,d,6.5,6.5,"6,5","6,5"
1,Monza,Kyriakopoulos,d,6.0,6.0,6,6
1,Monza,Mari',d,5.5,5.5,"5,5","5,5"
1,Monza,Caldirola,d,5.5,5.5,"5,5","5,5"
1,Monza,Birindelli,d,6.0,6.0,6,6
1,Monza,Gagliardini,c,5.5,5.5,"5,5","5,5"
1,Monza,Pessina,c,5.5,5.5,"5,5","5,5"
1,Monza,Maldini,c,5.5,5.0,"5,5",5
1,Monza,Vignato S.,c,5.0,5.0,5,5
1,Monza,Bondo,c,6.0,6.0,6,6
1,Monza,Petagna,a,5.0,5.0,5,5
1,Monza,Caprari,a,6.0,6.0,6,6
1,Monza,Mota,a,5.5,5.5,"5,5","5,5"
1,Monza,Nesta,all,5.5,5.5,"5,5","5,5"
1,Napoli,Meret,p,6.0,3.0,6,3
1,Napoli,Juan Jesus,d,4.5,4.5,"4,5","4,5"
1,Napoli,Spinazzola,d,5.5,5.5,"5,5","5,5"
1,Napoli,Di Lorenzo,d,4.5,4.5,"4,5","4,5"
1,Napoli,Rrahmani,d,4.5,4.5,"4,5","4,5"
1,Napoli,Mazzocchi,d,4.5,4.5,"4,5","4,5"
1,Napoli,Olivera,d,5.0,5.0,5,5
1,Napoli,Politano,c,5.0,5.0,5,5
1,Napoli,Zambo Anguissa,c,5.0,5.0,5,5
1,Napoli,Lobotka,c,4.5,4.5,"4,5","4,5"
1,Napoli,Simeone,a,5.0,5.0,5,5
1,Napoli,Raspadori,a,5.0,4.5,5,"4,5"
1,Napoli,Kvaratskhelia,a,5.5,5.5,"5,5","5,5"
1,Napoli,Ngonge,a,6.0,6.0,6,6
1,Napoli,Cheddira,a,55.0,55.0,55,55
1,Napoli,Conte,all,4.5,4.5,"4,5","4,5"
1,Parma,Suzuki,p,5.5,4.5,"5,5","4,5"
1,Parma,Balogh,d,6.5,6.0,"6,5",6
1,Parma,Valeri,d,6.0,6.0,6,6
1,Parma,Circati,d,6.5,6.0,"6,5",6
1,Parma,Coulibaly W.,d,6.0,6.0,6,6
1,Parma,Cyprien,c,5.5,5.5,"5,5","5,5"
1,Parma,Estevez,c,5.5,5.0,"5,5",5
1,Parma,Sohm,c,6.5,6.5,"6,5","6,5"
1,Parma,Man,c,7.0,10.0,7,10
1,Parma,Camara D.,c,6.0,6.0,6,6
1,Parma,Bernabe',c,5.5,5.5,"5,5","5,5"
1,Parma,Hainaut,c,5.5,5.5,"5,5","5,5"
1,Parma,Mihaila,a,5.5,5.5,"5,5","5,5"
1,Parma,Cancellieri,a,6.0,6.0,6,6
1,Parma,Almqvist,a,6.0,6.0,6,6
1,Parma,Bonny,a,6.5,7.5,"6,5","7,5"
1,Parma,Pecchia,all,6.0,6.0,6,6
1,Roma,Svilar,p,6.5,6.5,"6,5","6,5"
1,Roma,Mancini,d,6.0,6.0,6,6
1,Roma,N'Dicka,d,6.0,6.0,6,6
1,Roma,Celik,d,5.5,5.5,"5,5","5,5"
1,Roma,Angelino,d,5.5,5.5,"5,5","5,5"
1,Roma,Pellegrini Lo.,c,6.0,6.0,6,6
1,Roma,Cristante,c,6.0,6.0,6,6
1,Roma,El Shaarawy,c,55.0,55.0,55,55
1,Roma,Zalewski,c,6.0,6.0,6,6
1,Roma,Baldanzi,c,6.0,6.0,6,6
1,Roma,Le Fee,c,6.0,6.0,6,6
1,Roma,Dybala,a,6.5,6.5,"6,5","6,5"
1,Roma,Abraham,a,55.0,55.0,55,55
1,Roma,Soule',a,6.0,6.0,6,6
1,Roma,Dovbyk,a,5.5,5.5,"5,5","5,5"
1,Roma,De Rossi,all,6.0,6.0,6,6
1,Torino,Milinkovic-Savic V.,p,6.5,4.5,"6,5","4,5"
1,Torino,Masina,d,5.5,5.5,"5,5","5,5"
1,Torino,Lazaro,d,7.0,8.0,7,8
1,Torino,Bellanova,d,7.0,7.0,7,7
1,Torino,Vojvoda,d,6.5,6.0,"6,5",6
1,Torino,Sazonov,d,5.0,5.0,5,5
1,Torino,Coco,d,6.5,6.5,"6,5","6,5"
1,Torino,Dembele' A.,d,55.0,55.0,55,55
1,Torino,Linetty,c,6.0,6.0,6,6
1,Torino,Tameze,c,6.0,5.5,6,"5,5"
1,Torino,Ilic,c,6.5,6.5,"6,5","6,5"
1,Torino,Ricci S.,c,6.0,5.5,6,"5,5"
1,Torino,Sanabria,a,6.0,6.0,6,6
1,Torino,Zapata D.,a,7.5,10.5,"7,5","10,5"
1,Torino,Karamoh,a,6.0,6.0,6,6
1,Torino,Adams C.,a,6.0,5.5,6,"5,5"
1,Torino,Vanoli,all,6.0,6.0,6,6
1,Udinese,Okoye,p,7.0,5.5,7,"5,5"
1,Udinese,Kamara H.,d,6.5,6.5,"6,5","6,5"
1,Udinese,Perez N.,d,6.0,6.0,6,6
1,Udinese,Bijol,d,7.0,7.0,7,7
1,Udinese,Ehizibue,d,6.0,5.5,6,"5,5"
1,Udinese,Zemura,d,55.0,55.0,55,55
1,Udinese,Giannetti L.,d,7.0,9.5,7,"9,5"
1,Udinese,Lovric,c,5.0,5.0,5,5
1,Udinese,Payero,c,5.0,5.0,5,5
1,Udinese,Karlstrom,c,6.0,6.0,6,6
1,Udinese,Ekkelenkamp,c,6.0,6.0,6,6
1,Udinese,Thauvin,a,4.0,1.0,4,1
1,Udinese,Davis K.,a,55.0,55.0,55,55
1,Udinese,Brenner,a,5.5,6.5,"5,5","6,5"
1,Udinese,Lucca,a,5.5,5.0,"5,5",5
1,Udinese,Runjaic,all,6.0,6.0,6,6
1,Venezia,Joronen,p,6.5,3.5,"6,5","3,5"
1,Venezia,Zampano,d,5.5,5.5,"5,5","5,5"
1,Venezia,Altare,d,5.5,3.5,"5,5","3,5"
1,Venezia,Svoboda,d,5.0,5.0,5,5
1,Venezia,Haps,d,5.5,5.0,"5,5",5
1,Venezia,Sverko,d,5.5,5.5,"5,5","5,5"
1,Venezia,Sagrado,d,6.0,5.5,6,"5,5"
1,Venezia,Duncan,c,5.5,5.5,"5,5","5,5"
1,Venezia,Crnigoj,c,6.0,6.0,6,6
1,Venezia,Ellertsson,c,6.5,7.5,"6,5","7,5"
1,Venezia,Oristanio,c,5.5,5.5,"5,5","5,5"
1,Venezia,Lella,c,55.0,55.0,55,55
1,Venezia,Andersen M.K.,c,6.5,9.5,"6,5","9,5"
1,Venezia,Pierini,a,5.5,5.5,"5,5","5,5"
1,Venezia,Raimondo,a,55.0,55.0,55,55
1,Venezia,Gytkjaer,a,5.5,5.5,"5,5","5,5"
1,Venezia,Di Francesco,all,5.5,5.5,"5,5","5,5"
1,Verona,Montipo',p,6.5,6.5,"6,5","6,5"
1,Verona,Magnani,d,6.5,6.5,"6,5","6,5"
1,Verona,Dawidowicz,d,6.5,6.5,"6,5","6,5"
1,Verona,Coppola D.,d,6.5,6.0,"6,5",6
1,Verona,Tchatchoua,d,7.5,7.0,"7,5",7
1,Verona,Frese,d,5.5,5.5,"5,5","5,5"
1,Verona,Lazovic,c,7.5,9.5,"7,5","9,5"
1,Verona,Kastanos,c,6.5,6.5,"6,5","6,5"
1,Verona,Duda,c,7.5,8.0,"7,5",8
1,Verona,Harroui,c,6.5,6.5,"6,5","6,5"
1,Verona,Belahyane,c,6.5,6.0,"6,5",6
1,Verona,Serdar,c,5.5,5.5,"5,5","5,5"
1,Verona,Suslov,c,6.0,6.0,6,6
1,Verona,Mosquera,a,7.5,13.5,"7,5","13,5"
1,Verona,Rocha Livramento,a,7.0,10.0,7,10
1,Verona,Tengstedt,a,5.5,5.5,"5,5","5,5"
1,Verona,Zanetti,all,7.5,7.5,"7,5","7,5"
2,Atalanta,Carnesecchi,p,7.0,5.0,7,5
2,Atalanta,Zappacosta,d,6.5,7.5,"6,5","7,5"
2,Atalanta,Djimsiti,d,4.5,4.0,"4,5",4
2,Atalanta,Ruggeri,d,6.0,6.0,6,6
2,Atalanta,Hien,d,5.5,5.0,"5,5",5
2,Atalanta,Palestra,d,6.0,6.0,6,6
2,Atalanta,De Roon,c,5.5,5.5,"5,5","5,5"
2,Atalanta,Pasalic,c,5.0,1.5,5,"1,5"
2,Atalanta,Zaniolo,c,5.5,5.0,"5,5",5
2,Atalanta,Brescianini,c,6.0,6.0,6,6
2,Atalanta,Samardzic,c,6.0,6.0,6,6
2,Atalanta,Ederson D.s.,c,6.5,6.5,"6,5","6,5"
2,Atalanta,Cassa,c,6.0,6.0,6,6
2,Atalanta,Manzoni,c,55.0,55.0,55,55
2,Atalanta,De Ketelaere,a,6.5,6.5,"6,5","6,5"
2,Atalanta,Retegui,a,7.0,10.0,7,10
2,Atalanta,Gasperini,all,5.5,5.5,"5,5","5,5"
2,Bologna,Skorupski,p,6.0,3.0,6,3
2,Bologna,Lykogiannis,d,5.5,5.5,"5,5","5,5"
2,Bologna,Miranda J.,d,6.0,6.0,6,6
2,Bologna,Erlic,d,6.0,6.0,6,6
2,Bologna,Lucumi',d,5.0,4.5,5,"4,5"
2,Bologna,Posch,d,5.0,4.5,5,"4,5"
2,Bologna,Beukema,d,5.5,5.5,"5,5","5,5"
2,Bologna,Freuler,c,6.0,6.0,6,6
2,Bologna,Orsolini,c,5.5,5.5,"5,5","5,5"
2,Bologna,Ndoye,c,6.0,6.0,6,6
2,Bologna,Aebischer,c,5.5,5.5,"5,5","5,5"
2,Bologna,Moro N.,c,5.5,5.5,"5,5","5,5"
2,Bologna,Fabbian,c,55.0,55.0,55,55
2,Bologna,Karlsson,c,5.5,5.5,"5,5","5,5"
2,Bologna,Odgaard,a,5.5,5.5,"5,5","5,5"
2,Bologna,Castro S.,a,5.5,5.5,"5,5","5,5"
2,Bologna,Italiano,all,5.5,5.5,"5,5","5,5"
2,Cagliari,Scuffet,p,6.5,5.5,"6,5","5,5"
2,Cagliari,Luperto,d,6.5,7.5,"6,5","7,5"
2,Cagliari,Palomino,d,6.0,6.0,6,6
2,Cagliari,Mina,d,6.0,6.0,6,6
2,Cagliari,Augello,d,6.0,6.0,6,6
2,Cagliari,Zappa,d,5.5,5.5,"5,5","5,5"
2,Cagliari,Obert,d,55.0,55.0,55,55
2,Cagliari,Azzi,d,6.5,6.5,"6,5","6,5"
2,Cagliari,Deiola,c,6.0,6.0,6,6
2,Cagliari,Adopo,c,6.0,6.0,6,6
2,Cagliari,Marin,c,5.5,5.0,"5,5",5
2,Cagliari,Prati,c,6.0,5.5,6,"5,5"
2,Cagliari,Pavoletti,a,55.0,55.0,55,55
2,Cagliari,Lapadula,a,6.0,6.0,6,6
2,Cagliari,Piccoli,a,7.0,10.0,7,10
2,Cagliari,Luvumbo,a,6.0,6.0,6,6
2,Cagliari,Nicola,all,6.0,6.0,6,6
2,Como,Reina,p,5.5,4.5,"5,5","4,5"
2,Como,Barba,d,4.5,4.5,"4,5","4,5"
2,Como,Goldaniga,d,55.0,55.0,55,55
2,Como,Sergi Roberto,d,6.0,6.0,6,6
2,Como,Moreno Alb.,d,5.5,5.0,"5,5",5
2,Como,Dossena,d,6.0,7.0,6,7
2,Como,Iovine,d,6.0,6.0,6,6
2,Como,Mazzitelli,c,5.5,5.5,"5,5","5,5"
2,Como,Strefezza,c,6.5,6.5,"6,5","6,5"
2,Como,Da Cunha,c,6.0,6.0,6,6
2,Como,Perrone,c,6.0,6.0,6,6
2,Como,Braunoder,c,6.0,5.5,6,"5,5"
2,Como,Paz N.,c,6.5,6.5,"6,5","6,5"
2,Como,Cerri,a,5.0,5.0,5,5
2,Como,Belotti,a,5.5,5.5,"5,5","5,5"
2,Como,Cutrone,a,7.0,10.0,7,10
2,Como,Fabregas,all,6.0,6.0,6,6
2,Empoli,Vasquez D.,p,6.5,5.5,"6,5","5,5"
2,Empoli,Pezzella Giu.,d,6.5,6.5,"6,5","6,5"
2,Empoli,Walukiewicz,d,5.0,5.0,5,5
2,Empoli,Ismajli,d,6.0,6.0,6,6
2,Empoli,Stojanovic,d,55.0,55.0,55,55
2,Empoli,Viti,d,7.0,7.0,7,7
2,Empoli,Cacace,d,6.0,5.5,6,"5,5"
2,Empoli,Haas,c,6.0,6.0,6,6
2,Empoli,Henderson L.,c,6.5,6.5,"6,5","6,5"
2,Empoli,Gyasi,c,6.5,9.5,"6,5","9,5"
2,Empoli,Maleh,c,6.0,5.5,6,"5,5"
2,Empoli,Fazzini,c,7.0,7.0,7,7
2,Empoli,Esposito Se.,a,6.5,6.5,"6,5","6,5"
2,Empoli,Colombo,a,7.0,11.0,7,11
2,Empoli,Ekong,a,55.0,55.0,55,55
2,Empoli,Solbakken,a,6.0,5.5,6,"5,5"
2,Empoli,D'Aversa,all,7.0,7.0,7,7
2,Fiorentina,Terracciano,p,6.0,6.0,6,6
2,Fiorentina,Biraghi,d,6.0,6.0,6,6
2,Fiorentina,Ranieri L.,d,5.5,5.5,"5,5","5,5"
2,Fiorentina,Martinez Quarta,d,55.0,55.0,55,55
2,Fiorentina,Parisi,d,6.0,6.0,6,6
2,Fiorentina,Dodo',d,6.0,6.0,6,6
2,Fiorentina,Comuzzo,d,6.0,6.0,6,6
2,Fiorentina,Mandragora,c,55.0,55.0,55,55
2,Fiorentina,Barak,c,5.5,5.5,"5,5","5,5"
2,Fiorentina,Sottil,c,5.5,5.5,"5,5","5,5"
2,Fiorentina,Amrabat,c,5.5,5.5,"5,5","5,5"
2,Fiorentina,Colpani,c,5.5,5.5,"5,5","5,5"
2,Fiorentina,Richardson,c,6.0,6.0,6,6
2,Fiorentina,Kean,a,6.0,6.0,6,6
2,Fiorentina,Kouame',a,5.5,5.5,"5,5","5,5"
2,Fiorentina,Beltran L.,a,55.0,55.0,55,55
2,Fiorentina,Palladino,all,5.0,5.0,5,5
2,Genoa,Gollini,p,6.0,6.0,6,6
2,Genoa,Sabelli,d,6.5,7.5,"6,5","7,5"
2,Genoa,Bani,d,6.0,6.0,6,6
2,Genoa,Martin,d,6.5,6.5,"6,5","6,5"
2,Genoa,Vasquez,d,6.0,6.0,6,6
2,Genoa,Zanoli,d,6.0,6.0,6,6
2,Genoa,De Winter,d,6.0,5.5,6,"5,5"
2,Genoa,Vogliacco,d,6.0,6.0,6,6
2,Genoa,Badelj,c,6.0,6.0,6,6
2,Genoa,Thorsby,c,5.5,5.0,"5,5",5
2,Genoa,Malinovskyi,c,6.0,5.5,6,"5,5"
2,Genoa,Messias,c,6.5,6.5,"6,5","6,5"
2,Genoa,Frendrup,c,6.5,6.5,"6,5","6,5"
2,Genoa,Pinamonti,a,7.0,10.0,7,10
2,Genoa,Ekuban,a,6.0,6.0,6,6
2,Genoa,Vitinha O.,a,6.0,6.0,6,6
2,Genoa,Gilardino,all,6.5,6.5,"6,5","6,5"
2,Inter,Sommer,p,6.0,6.0,6,6
2,Inter,Dimarco,d,6.0,6.0,6,6
2,Inter,Acerbi,d,6.0,6.0,6,6
2,Inter,Bastoni,d,6.5,6.5,"6,5","6,5"
2,Inter,Darmian,d,7.0,10.0,7,10
2,Inter,Pavard,d,6.5,6.5,"6,5","6,5"
2,Inter,Dumfries,d,6.0,6.0,6,6
2,Inter,Carlos Augusto,d,6.0,6.0,6,6
2,Inter,Barella,c,6.5,6.5,"6,5","6,5"
2,Inter,Calhanoglu,c,7.0,10.0,7,10
2,Inter,Mkhitaryan,c,6.0,6.0,6,6
2,Inter,Frattesi,c,6.0,6.0,6,6
2,Inter,Asllani,c,55.0,55.0,55,55
2,Inter,Arnautovic,a,6.0,6.0,6,6
2,Inter,Thuram,a,6.0,6.0,6,6
2,Inter,Taremi,a,6.5,7.5,"6,5","7,5"
2,Inter,Inzaghi S.,all,7.0,7.0,7,7
2,Juventus,Di Gregorio,p,6.0,6.0,6,6
2,Juventus,Bremer,d,7.0,7.0,7,7
2,Juventus,Danilo,d,55.0,55.0,55,55
2,Juventus,Kalulu,d,55.0,55.0,55,55
2,Juventus,Cambiaso,d,6.0,6.0,6,6
2,Juventus,Gatti,d,6.5,6.5,"6,5","6,5"
2,Juventus,Cabal,d,7.0,7.0,7,7
2,Juventus,Savona,d,7.0,10.0,7,10
2,Juventus,Rouhi,d,55.0,55.0,55,55
2,Juventus,Locatelli,c,7.0,7.0,7,7
2,Juventus,Fagioli,c,6.0,6.0,6,6
2,Juventus,Douglas Luiz,c,6.0,6.0,6,6
2,Juventus,Vlahovic,a,7.5,13.5,"7,5","13,5"
2,Juventus,Yildiz,a,7.0,8.0,7,8
2,Juventus,Mbangula,a,7.5,8.5,"7,5","8,5"
2,Juventus,Anghele',a,55.0,55.0,55,55
2,Juventus,Thiago Motta,all,7.5,7.5,"7,5","7,5"
2,Lazio,Provedel,p,5.5,3.5,"5,5","3,5"
2,Lazio,Hysaj,d,55.0,55.0,55,55
2,Lazio,Patric,d,5.0,5.0,5,5
2,Lazio,Romagnoli,d,5.5,5.0,"5,5",5
2,Lazio,Marusic,d,5.0,5.0,5,5
2,Lazio,Lazzari,d,6.5,6.5,"6,5","6,5"
2,Lazio,Casale,d,5.5,5.5,"5,5","5,5"
2,Lazio,Vecino,c,5.5,5.5,"5,5","5,5"
2,Lazio,Zaccagni,c,5.5,5.5,"5,5","5,5"
2,Lazio,Guendouzi,c,5.0,5.0,5,5
2,Lazio,Tchaouna,c,55.0,55.0,55,55
2,Lazio,Dele-Bashiru,c,6.0,6.0,6,6
2,Lazio,Dia,a,6.0,6.0,6,6
2,Lazio,Castellanos,a,6.0,6.0,6,6
2,Lazio,Isaksen,a,6.5,9.5,"6,5","9,5"
2,Lazio,Noslin,a,5.5,5.5,"5,5","5,5"
2,Lazio,Baroni,all,5.0,5.0,5,5
2,Lecce,Falcone,p,6.0,4.0,6,4
2,Lecce,Gallo,d,5.5,5.0,"5,5",5
2,Lecce,Baschirotto,d,5.5,5.5,"5,5","5,5"
2,Lecce,Gendrey,d,5.5,5.5,"5,5","5,5"
2,Lecce,Dorgu,d,6.0,6.0,6,6
2,Lecce,Gaspar K.,d,5.0,5.0,5,5
2,Lecce,Coulibaly L.,c,55.0,55.0,55,55
2,Lecce,Berisha M.,c,55.0,55.0,55,55
2,Lecce,Rafia,c,5.5,5.5,"5,5","5,5"
2,Lecce,Ramadani,c,6.0,6.0,6,6
2,Lecce,Pierret,c,5.5,5.5,"5,5","5,5"
2,Lecce,Tete Morente,c,5.5,5.5,"5,5","5,5"
2,Lecce,Banda,a,5.5,5.0,"5,5",5
2,Lecce,Krstovic,a,5.0,5.0,5,5
2,Lecce,Pierotti,a,5.5,5.5,"5,5","5,5"
2,Lecce,Gotti,all,5.5,5.5,"5,5","5,5"
2,Milan,Maignan,p,6.0,4.0,6,4
2,Milan,Calabria,d,5.5,5.5,"5,5","5,5"
2,Milan,Hernandez T.,d,5.5,5.5,"5,5","5,5"
2,Milan,Tomori,d,5.5,5.5,"5,5","5,5"
2,Milan,Emerson Royal,d,5.0,4.5,5,"4,5"
2,Milan,Pavlovic,d,6.5,6.0,"6,5",6
2,Milan,Pulisic,c,6.5,9.5,"6,5","9,5"
2,Milan,Loftus-Cheek,c,5.5,5.0,"5,5",5
2,Milan,Fofana Y.,c,5.5,5.5,"5,5","5,5"
2,Milan,Chukwueze,c,55.0,55.0,55,55
2,Milan,Musah,c,5.5,5.5,"5,5","5,5"
2,Milan,Reijnders,c,6.0,6.0,6,6
2,Milan,Jovic,a,55.0,55.0,55,55
2,Milan,Leao,a,6.0,7.0,6,7
2,Milan,Okafor,a,5.0,5.0,5,5
2,Milan,Fonseca,all,5.0,5.0,5,5
2,Monza,Pizzignacco,p,6.0,5.0,6,5
2,Monza,Izzo,d,5.0,4.5,5,"4,5"
2,Monza,Pereira P.,d,55.0,55.0,55,55
2,Monza,Kyriakopoulos,d,6.0,6.0,6,6
2,Monza,Mari',d,6.0,5.5,6,"5,5"
2,Monza,Caldirola,d,5.5,5.5,"5,5","5,5"
2,Monza,Birindelli,d,5.5,5.5,"5,5","5,5"
2,Monza,Gagliardini,c,6.0,6.0,6,6
2,Monza,Pessina,c,5.5,5.5,"5,5","5,5"
2,Monza,Maldini,c,6.0,6.0,6,6
2,Monza,Vignato S.,c,6.0,6.0,6,6
2,Monza,Bondo,c,6.0,6.0,6,6
2,Monza,Petagna,a,5.5,5.5,"5,5","5,5"
2,Monza,Caprari,a,6.0,6.0,6,6
2,Monza,Djuric,a,5.5,5.5,"5,5","5,5"
2,Monza,Mota,a,5.5,5.5,"5,5","5,5"
2,Monza,Nesta,all,5.0,5.0,5,5
2,Napoli,Meret,p,6.5,6.5,"6,5","6,5"
2,Napoli,Spinazzola,d,6.0,6.0,6,6
2,Napoli,Buongiorno,d,6.5,6.5,"6,5","6,5"
2,Napoli,Di Lorenzo,d,7.0,10.0,7,10
2,Napoli,Rrahmani,d,6.5,6.0,"6,5",6
2,Napoli,Mazzocchi,d,6.0,5.5,6,"5,5"
2,Napoli,Olivera,d,6.0,6.0,6,6
2,Napoli,Politano,c,6.0,6.0,6,6
2,Napoli,Zambo Anguissa,c,6.5,6.5,"6,5","6,5"
2,Napoli,Lobotka,c,6.5,6.5,"6,5","6,5"
2,Napoli,Neres,c,6.5,7.5,"6,5","7,5"
2,Napoli,Simeone,a,6.5,9.5,"6,5","9,5"
2,Napoli,Raspadori,a,5.5,5.5,"5,5","5,5"
2,Napoli,Kvaratskhelia,a,8.0,12.0,8,12
2,Napoli,Conte,all,6.5,6.5,"6,5","6,5"
2,Parma,Suzuki,p,6.5,5.5,"6,5","5,5"
2,Parma,Balogh,d,6.5,6.5,"6,5","6,5"
2,Parma,Valeri,d,6.5,7.5,"6,5","7,5"
2,Parma,Circati,d,6.0,6.0,6,6
2,Parma,Delprato,d,6.0,6.0,6,6
2,Parma,Coulibaly W.,d,6.5,6.5,"6,5","6,5"
2,Parma,Cyprien,c,6.0,6.0,6,6
2,Parma,Estevez,c,6.0,6.0,6,6
2,Parma,Sohm,c,6.0,6.0,6,6
2,Parma,Man,c,7.0,10.0,7,10
2,Parma,Bernabe',c,6.5,6.5,"6,5","6,5"
2,Parma,Mihaila,a,6.5,6.5,"6,5","6,5"
2,Parma,Cancellieri,a,7.0,10.0,7,10
2,Parma,Almqvist,a,6.5,7.5,"6,5","7,5"
2,Parma,Bonny,a,6.5,6.5,"6,5","6,5"
2,Parma,Pecchia,all,7.0,7.0,7,7
2,Roma,Svilar,p,6.5,4.5,"6,5","4,5"
2,Roma,Mancini,d,6.5,6.5,"6,5","6,5"
2,Roma,N'Dicka,d,6.0,6.0,6,6
2,Roma,Celik,d,6.0,6.0,6,6
2,Roma,Angelino,d,5.5,5.5,"5,5","5,5"
2,Roma,Paredes,c,4.0,4.0,4,4
2,Roma,Pellegrini Lo.,c,5.5,5.5,"5,5","5,5"
2,Roma,Cristante,c,6.0,6.0,6,6
2,Roma,Zalewski,c,6.0,6.0,6,6
2,Roma,Baldanzi,c,6.5,7.5,"6,5","7,5"
2,Roma,Le Fee,c,6.0,6.0,6,6
2,Roma,Dybala,a,5.0,5.0,5,5
2,Roma,Shomurodov,a,7.0,10.0,7,10
2,Roma,Soule',a,5.0,5.0,5,5
2,Roma,Dovbyk,a,5.5,5.5,"5,5","5,5"
2,Roma,De Rossi,all,5.0,5.0,5,5
2,Torino,Milinkovic-Savic V.,p,7.5,9.0,"7,5",9
2,Torino,Masina,d,6.0,6.0,6,6
2,Torino,Lazaro,d,5.5,5.5,"5,5","5,5"
2,Torino,Vojvoda,d,6.5,6.5,"6,5","6,5"
2,Torino,Coco,d,5.5,5.5,"5,5","5,5"
2,Torino,Sosa B.,d,55.0,55.0,55,55
2,Torino,Dembele' A.,d,6.0,6.0,6,6
2,Torino,Linetty,c,5.5,5.5,"5,5","5,5"
2,Torino,Tameze,c,6.0,6.0,6,6
2,Torino,Ilic,c,7.5,10.0,"7,5",10
2,Torino,Ricci S.,c,6.5,6.5,"6,5","6,5"
2,Torino,Ciammaglichella,c,55.0,55.0,55,55
2,Torino,Zapata D.,a,6.5,6.0,"6,5",6
2,Torino,Karamoh,a,55.0,55.0,55,55
2,Torino,Adams C.,a,7.5,11.5,"7,5","11,5"
2,Torino,Vanoli,all,6.5,6.5,"6,5","6,5"
2,Udinese,Okoye,p,6.0,5.0,6,5
2,Udinese,Kabasele,d,6.0,6.0,6,6
2,Udinese,Kamara H.,d,5.0,4.0,5,4
2,Udinese,Perez N.,d,6.5,6.5,"6,5","6,5"
2,Udinese,Bijol,d,7.0,7.0,7,7
2,Udinese,Ehizibue,d,6.5,6.5,"6,5","6,5"
2,Udinese,Giannetti L.,d,6.0,5.5,6,"5,5"
2,Udinese,Lovric,c,6.0,6.0,6,6
2,Udinese,Zarraga,c,6.0,6.0,6,6
2,Udinese,Payero,c,6.5,6.0,"6,5",6
2,Udinese,Karlstrom,c,6.5,6.5,"6,5","6,5"
2,Udinese,Ekkelenkamp,c,6.0,6.0,6,6
2,Udinese,Thauvin,a,8.0,12.0,8,12
2,Udinese,Davis K.,a,55.0,55.0,55,55
2,Udinese,Brenner,a,6.0,6.0,6,6
2,Udinese,Lucca,a,7.0,10.0,7,10
2,Udinese,Runjaic,all,7.5,7.5,"7,5","7,5"
2,Venezia,Joronen,p,7.0,7.0,7,7
2,Venezia,Zampano,d,6.0,5.5,6,"5,5"
2,Venezia,Candela,d,6.0,6.0,6,6
2,Venezia,Altare,d,6.5,6.5,"6,5","6,5"
2,Venezia,Svoboda,d,6.5,6.5,"6,5","6,5"
2,Venezia,Idzes,d,6.0,6.0,6,6
2,Venezia,Sverko,d,6.0,6.0,6,6
2,Venezia,Duncan,c,6.0,6.0,6,6
2,Venezia,Nicolussi Caviglia,c,6.5,6.5,"6,5","6,5"
2,Venezia,Ellertsson,c,6.0,6.0,6,6
2,Venezia,Oristanio,c,5.5,5.0,"5,5",5
2,Venezia,Andersen M.K.,c,5.5,5.5,"5,5","5,5"
2,Venezia,Doumbia I.,c,55.0,55.0,55,55
2,Venezia,Pierini,a,6.0,6.0,6,6
2,Venezia,Raimondo,a,6.0,6.0,6,6
2,Venezia,Gytkjaer,a,5.5,5.5,"5,5","5,5"
2,Venezia,Di Francesco,all,6.5,6.5,"6,5","6,5"
2,Verona,Montipo',p,6.0,3.0,6,3
2,Verona,Magnani,d,5.0,5.0,5,5
2,Verona,Dawidowicz,d,5.0,5.0,5,5
2,Verona,Coppola D.,d,5.5,5.5,"5,5","5,5"
2,Verona,Tchatchoua,d,4.5,4.5,"4,5","4,5"
2,Verona,Frese,d,6.0,6.0,6,6
2,Verona,Lazovic,c,5.5,5.5,"5,5","5,5"
2,Verona,Duda,c,5.0,4.5,5,"4,5"
2,Verona,Harroui,c,6.0,6.0,6,6
2,Verona,Alidou,c,5.5,5.5,"5,5","5,5"
2,Verona,Belahyane,c,5.0,5.0,5,5
2,Verona,Suslov,c,6.0,6.0,6,6
2,Verona,Dani Silva,c,55.0,55.0,55,55
2,Verona,Mosquera,a,5.5,5.5,"5,5","5,5"
2,Verona,Rocha Livramento,a,5.0,5.0,5,5
2,Verona,Tengstedt,a,6.0,6.0,6,6
2,Verona,Zanetti,all,5.0,5.0,5,5
3,Atalanta,Carnesecchi,p,6.0,2.0,6,2
3,Atalanta,Zappacosta,d,4.5,4.5,"4,5","4,5"
3,Atalanta,Toloi,d,5.5,5.5,"5,5","5,5"
3,Atalanta,Djimsiti,d,4.5,2.5,"4,5","2,5"
3,Atalanta,Bellanova,d,5.5,5.5,"5,5","5,5"
3,Atalanta,Ruggeri,d,5.5,5.5,"5,5","5,5"
3,Atalanta,Palestra,d,55.0,55.0,55,55
3,Atalanta,De Roon,c,5.0,4.5,5,"4,5"
3,Atalanta,Pasalic,c,5.0,5.0,5,5
3,Atalanta,Brescianini,c,5.0,5.0,5,5
3,Atalanta,Samardzic,c,5.5,5.5,"5,5","5,5"
3,Atalanta,Ederson D.s.,c,5.0,5.0,5,5
3,Atalanta,De Ketelaere,a,55.0,55.0,55,55
3,Atalanta,Retegui,a,5.0,4.5,5,"4,5"
3,Atalanta,Gasperini,all,4.0,4.0,4,4
3,Bologna,Skorupski,p,6.5,5.5,"6,5","5,5"
3,Bologna,De Silvestri,d,55.0,55.0,55,55
3,Bologna,Miranda J.,d,6.0,6.0,6,6
3,Bologna,Lucumi',d,6.0,6.0,6,6
3,Bologna,Posch,d,5.5,5.5,"5,5","5,5"
3,Bologna,Beukema,d,6.5,7.5,"6,5","7,5"
3,Bologna,Freuler,c,6.0,6.0,6,6
3,Bologna,Orsolini,c,5.0,5.0,5,5
3,Bologna,Urbanski,c,55.0,55.0,55,55
3,Bologna,Aebischer,c,6.0,6.0,6,6
3,Bologna,Moro N.,c,5.5,5.5,"5,5","5,5"
3,Bologna,Fabbian,c,7.0,10.0,7,10
3,Bologna,Karlsson,c,5.5,5.5,"5,5","5,5"
3,Bologna,Odgaard,a,6.0,6.0,6,6
3,Bologna,Castro S.,a,5.5,5.5,"5,5","5,5"
3,Bologna,Dallinga,a,5.5,5.5,"5,5","5,5"
3,Bologna,Italiano,all,5.5,5.5,"5,5","5,5"
3,Cagliari,Scuffet,p,6.0,5.0,6,5
3,Cagliari,Luperto,d,6.5,6.5,"6,5","6,5"
3,Cagliari,Palomino,d,6.0,6.0,6,6
3,Cagliari,Mina,d,5.5,5.5,"5,5","5,5"
3,Cagliari,Augello,d,5.5,5.5,"5,5","5,5"
3,Cagliari,Zappa,d,5.5,5.0,"5,5",5
3,Cagliari,Azzi,d,5.5,5.5,"5,5","5,5"
3,Cagliari,Viola,c,5.5,5.5,"5,5","5,5"
3,Cagliari,Deiola,c,5.5,5.5,"5,5","5,5"
3,Cagliari,Marin,c,5.5,5.0,"5,5",5
3,Cagliari,Prati,c,5.5,5.5,"5,5","5,5"
3,Cagliari,Felici,c,6.0,6.0,6,6
3,Cagliari,Pavoletti,a,55.0,55.0,55,55
3,Cagliari,Lapadula,a,5.5,5.0,"5,5",5
3,Cagliari,Piccoli,a,5.0,5.0,5,5
3,Cagliari,Luvumbo,a,5.5,5.5,"5,5","5,5"
3,Cagliari,Nicola,all,5.0,5.0,5,5
3,Como,Reina,p,6.0,5.0,6,5
3,Como,Sergi Roberto,d,6.0,6.0,6,6
3,Como,Moreno Alb.,d,6.0,6.0,6,6
3,Como,Dossena,d,6.0,6.0,6,6
3,Como,Iovine,d,5.0,5.0,5,5
3,Como,Kempf,d,6.0,6.0,6,6
3,Como,Van Der Brempt,d,6.5,6.5,"6,5","6,5"
3,Como,Mazzitelli,c,5.5,5.5,"5,5","5,5"
3,Como,Strefezza,c,6.0,6.0,6,6
3,Como,Da Cunha,c,6.0,6.0,6,6
3,Como,Perrone,c,6.0,6.0,6,6
3,Como,Fadera,c,5.5,5.5,"5,5","5,5"
3,Como,Paz N.,c,6.0,6.0,6,6
3,Como,Belotti,a,6.0,6.0,6,6
3,Como,Cutrone,a,4.5,1.5,"4,5","1,5"
3,Como,Gabrielloni,a,55.0,55.0,55,55
3,Como,Fabregas,all,5.5,5.0,"5,5",5
3,Empoli,Vasquez D.,p,6.5,5.0,"6,5",5
3,Empoli,Pezzella Giu.,d,6.5,7.0,"6,5",7
3,Empoli,Ismajli,d,7.0,7.0,7,7
3,Empoli,Viti,d,5.5,5.5,"5,5","5,5"
3,Empoli,Cacace,d,6.0,6.0,6,6
3,Empoli,Goglichidze,d,6.5,6.5,"6,5","6,5"
3,Empoli,Grassi,c,6.0,6.0,6,6
3,Empoli,Haas,c,6.0,6.0,6,6
3,Empoli,Henderson L.,c,6.0,5.5,6,"5,5"
3,Empoli,Gyasi,c,7.0,10.0,7,10
3,Empoli,Maleh,c,6.0,6.0,6,6
3,Empoli,Fazzini,c,6.5,6.5,"6,5","6,5"
3,Empoli,Pellegri,a,5.5,5.5,"5,5","5,5"
3,Empoli,Esposito Se.,a,6.0,6.0,6,6
3,Empoli,Colombo,a,5.5,5.5,"5,5","5,5"
3,Empoli,Solbakken,a,5.0,5.0,5,5
3,Empoli,D'Aversa,all,6.5,6.5,"6,5","6,5"
3,Fiorentina,Terracciano,p,6.0,4.0,6,4
3,Fiorentina,Biraghi,d,5.0,5.0,5,5
3,Fiorentina,Gosens,d,7.0,10.0,7,10
3,Fiorentina,Ranieri L.,d,5.5,6.5,"5,5","6,5"
3,Fiorentina,Martinez Quarta,d,6.0,6.0,6,6
3,Fiorentina,Dodo',d,5.5,5.0,"5,5",5
3,Fiorentina,Comuzzo,d,5.5,5.5,"5,5","5,5"
3,Fiorentina,Cataldi,c,5.5,5.5,"5,5","5,5"
3,Fiorentina,Mandragora,c,5.5,5.0,"5,5",5
3,Fiorentina,Ikone',c,6.0,6.0,6,6
3,Fiorentina,Bove,c,6.0,6.0,6,6
3,Fiorentina,Adli,c,6.5,7.5,"6,5","7,5"
3,Fiorentina,Colpani,c,5.0,5.0,5,5
3,Fiorentina,Kean,a,6.5,9.5,"6,5","9,5"
3,Fiorentina,Kouame',a,5.5,5.5,"5,5","5,5"
3,Fiorentina,Beltran L.,a,5.0,5.0,5,5
3,Fiorentina,Palladino,all,5.5,5.5,"5,5","5,5"
3,Genoa,Gollini,p,5.0,3.0,5,3
3,Genoa,Sabelli,d,6.0,6.0,6,6
3,Genoa,Martin,d,5.5,5.5,"5,5","5,5"
3,Genoa,Vasquez,d,5.5,5.5,"5,5","5,5"
3,Genoa,De Winter,d,6.0,5.5,6,"5,5"
3,Genoa,Vogliacco,d,5.5,5.5,"5,5","5,5"
3,Genoa,Badelj,c,6.0,6.0,6,6
3,Genoa,Thorsby,c,4.5,4.5,"4,5","4,5"
3,Genoa,Malinovskyi,c,6.0,6.0,6,6
3,Genoa,Messias,c,5.5,5.5,"5,5","5,5"
3,Genoa,Frendrup,c,5.5,5.0,"5,5",5
3,Genoa,Pinamonti,a,5.0,5.0,5,5
3,Genoa,Ekuban,a,5.5,5.5,"5,5","5,5"
3,Genoa,Vitinha O.,a,6.0,6.0,6,6
3,Genoa,Ekhator,a,55.0,55.0,55,55
3,Genoa,Accornero,a,55.0,55.0,55,55
3,Genoa,Gilardino,all,5.5,5.5,"5,5","5,5"
3,Inter,Sommer,p,6.5,6.5,"6,5","6,5"
3,Inter,Dimarco,d,6.5,6.5,"6,5","6,5"
3,Inter,Acerbi,d,6.5,6.5,"6,5","6,5"
3,Inter,Bastoni,d,6.5,6.5,"6,5","6,5"
3,Inter,Darmian,d,6.5,6.5,"6,5","6,5"
3,Inter,Pavard,d,6.5,7.5,"6,5","7,5"
3,Inter,Carlos Augusto,d,6.0,6.0,6,6
3,Inter,Barella,c,7.5,10.5,"7,5","10,5"
3,Inter,Calhanoglu,c,6.5,6.5,"6,5","6,5"
3,Inter,Mkhitaryan,c,6.5,7.5,"6,5","7,5"
3,Inter,Frattesi,c,55.0,55.0,55,55
3,Inter,Asllani,c,6.0,6.0,6,6
3,Inter,Martinez L.,a,6.5,6.5,"6,5","6,5"
3,Inter,Arnautovic,a,55.0,55.0,55,55
3,Inter,Thuram,a,8.0,14.0,8,14
3,Inter,Taremi,a,55.0,55.0,55,55
3,Inter,Inzaghi S.,all,7.5,7.5,"7,5","7,5"
3,Juventus,Di Gregorio,p,6.0,6.0,6,6
3,Juventus,Bremer,d,6.0,6.0,6,6
3,Juventus,Cambiaso,d,6.5,6.5,"6,5","6,5"
3,Juventus,Gatti,d,6.5,6.5,"6,5","6,5"
3,Juventus,Cabal,d,6.0,6.0,6,6
3,Juventus,Savona,d,6.0,6.0,6,6
3,Juventus,Locatelli,c,6.0,6.0,6,6
3,Juventus,Fagioli,c,5.5,5.0,"5,5",5
3,Juventus,Douglas Luiz,c,6.0,6.0,6,6
3,Juventus,McKennie,c,6.0,6.0,6,6
3,Juventus,Koopmeiners,c,5.5,5.5,"5,5","5,5"
3,Juventus,Conceicao,c,5.5,5.5,"5,5","5,5"
3,Juventus,Vlahovic,a,5.5,5.5,"5,5","5,5"
3,Juventus,Gonzalez N.,a,55.0,55.0,55,55
3,Juventus,Yildiz,a,6.5,6.5,"6,5","6,5"
3,Juventus,Mbangula,a,5.5,5.5,"5,5","5,5"
3,Juventus,Thiago Motta,all,6.0,6.0,6,6
3,Lazio,Provedel,p,5.0,3.0,5,3
3,Lazio,Hysaj,d,55.0,55.0,55,55
3,Lazio,Patric,d,5.5,5.0,"5,5",5
3,Lazio,Romagnoli,d,5.5,5.5,"5,5","5,5"
3,Lazio,Marusic,d,5.5,5.5,"5,5","5,5"
3,Lazio,Lazzari,d,5.5,5.5,"5,5","5,5"
3,Lazio,Tavares N.,d,7.5,9.5,"7,5","9,5"
3,Lazio,Zaccagni,c,6.0,5.5,6,"5,5"
3,Lazio,Guendouzi,c,6.0,5.5,6,"5,5"
3,Lazio,Rovella,c,6.5,6.0,"6,5",6
3,Lazio,Tchaouna,c,5.0,5.0,5,5
3,Lazio,Dele-Bashiru,c,55.0,55.0,55,55
3,Lazio,Dia,a,7.0,10.0,7,10
3,Lazio,Castellanos,a,7.0,10.0,7,10
3,Lazio,Isaksen,a,6.5,6.5,"6,5","6,5"
3,Lazio,Noslin,a,55.0,55.0,55,55
3,Lazio,Baroni,all,6.0,6.0,6,6
3,Lecce,Falcone,p,7.0,6.5,7,"6,5"
3,Lecce,Gallo,d,6.5,6.5,"6,5","6,5"
3,Lecce,Guilbert,d,6.5,6.5,"6,5","6,5"
3,Lecce,Baschirotto,d,6.5,6.5,"6,5","6,5"
3,Lecce,Dorgu,d,4.5,3.5,"4,5","3,5"
3,Lecce,Gaspar K.,d,7.5,8.5,"7,5","8,5"
3,Lecce,Jean,d,6.0,6.0,6,6
3,Lecce,Coulibaly L.,c,6.0,6.0,6,6
3,Lecce,Oudin,c,6.5,6.5,"6,5","6,5"
3,Lecce,Ramadani,c,7.0,7.0,7,7
3,Lecce,Pierret,c,6.5,6.5,"6,5","6,5"
3,Lecce,Tete Morente,c,6.0,6.0,6,6
3,Lecce,Rebic,a,55.0,55.0,55,55
3,Lecce,Banda,a,6.5,6.5,"6,5","6,5"
3,Lecce,Krstovic,a,7.0,10.0,7,10
3,Lecce,Pierotti,a,5.5,5.5,"5,5","5,5"
3,Lecce,Gotti,all,7.0,7.0,7,7
3,Milan,Maignan,p,6.5,4.5,"6,5","4,5"
3,Milan,Hernandez T.,d,6.5,6.5,"6,5","6,5"
3,Milan,Tomori,d,6.0,6.0,6,6
3,Milan,Emerson Royal,d,5.0,5.0,5,5
3,Milan,Pavlovic,d,6.5,9.5,"6,5","9,5"
3,Milan,Terracciano F.,d,5.0,4.5,5,"4,5"
3,Milan,Pulisic,c,6.5,7.5,"6,5","7,5"
3,Milan,Loftus-Cheek,c,6.0,6.0,6,6
3,Milan,Fofana Y.,c,5.5,5.0,"5,5",5
3,Milan,Chukwueze,c,5.5,5.5,"5,5","5,5"
3,Milan,Musah,c,6.0,6.0,6,6
3,Milan,Reijnders,c,5.5,5.5,"5,5","5,5"
3,Milan,Abraham,a,6.5,7.5,"6,5","7,5"
3,Milan,Leao,a,7.0,10.0,7,10
3,Milan,Okafor,a,6.0,6.0,6,6
3,Milan,Fonseca,all,6.0,6.0,6,6
3,Monza,Turati,p,7.0,5.0,7,5
3,Monza,Izzo,d,6.0,5.5,6,"5,5"
3,Monza,D'Ambrosio,d,6.0,6.0,6,6
3,Monza,Pereira P.,d,6.5,7.5,"6,5","7,5"
3,Monza,Kyriakopoulos,d,6.0,7.0,6,7
3,Monza,Mari',d,6.5,6.5,"6,5","6,5"
3,Monza,Carboni A.,d,6.0,6.0,6,6
3,Monza,Caldirola,d,6.0,6.0,6,6
3,Monza,Gagliardini,c,5.0,4.5,5,"4,5"
3,Monza,Pessina,c,6.0,5.5,6,"5,5"
3,Monza,Maldini,c,7.0,10.0,7,10
3,Monza,Vignato S.,c,6.0,6.0,6,6
3,Monza,Bondo,c,6.5,6.5,"6,5","6,5"
3,Monza,Petagna,a,5.5,5.0,"5,5",5
3,Monza,Caprari,a,6.0,6.0,6,6
3,Monza,Djuric,a,7.0,10.0,7,10
3,Monza,Nesta,all,6.5,6.5,"6,5","6,5"
3,Napoli,Meret,p,6.5,5.5,"6,5","5,5"
3,Napoli,Spinazzola,d,6.5,7.5,"6,5","7,5"
3,Napoli,Buongiorno,d,6.0,6.0,6,6
3,Napoli,Di Lorenzo,d,5.5,5.5,"5,5","5,5"
3,Napoli,Rrahmani,d,6.0,6.0,6,6
3,Napoli,Mazzocchi,d,6.0,6.0,6,6
3,Napoli,Olivera,d,6.0,6.0,6,6
3,Napoli,Politano,c,5.5,5.5,"5,5","5,5"
3,Napoli,Zambo Anguissa,c,6.5,9.0,"6,5",9
3,Napoli,Lobotka,c,6.0,5.5,6,"5,5"
3,Napoli,Neres,c,7.0,8.0,7,8
3,Napoli,Simeone,a,5.5,5.5,"5,5","5,5"
3,Napoli,Lukaku,a,7.0,10.0,7,10
3,Napoli,Raspadori,a,5.0,5.0,5,5
3,Napoli,Kvaratskhelia,a,6.0,6.0,6,6
3,Napoli,Conte,all,6.0,5.5,6,"5,5"
3,Parma,Suzuki,p,5.5,4.5,"5,5","4,5"
3,Parma,Osorio,d,5.5,5.5,"5,5","5,5"
3,Parma,Balogh,d,6.5,6.5,"6,5","6,5"
3,Parma,Valeri,d,55.0,55.0,55,55
3,Parma,Circati,d,6.0,6.0,6,6
3,Parma,Delprato,d,6.5,4.0,"6,5",4
3,Parma,Coulibaly W.,d,6.0,6.0,6,6
3,Parma,Sohm,c,6.5,6.5,"6,5","6,5"
3,Parma,Man,c,6.0,6.0,6,6
3,Parma,Bernabe',c,7.0,7.0,7,7
3,Parma,Mihaila,a,6.0,5.5,6,"5,5"
3,Parma,Cancellieri,a,5.5,5.5,"5,5","5,5"
3,Parma,Almqvist,a,5.5,5.5,"5,5","5,5"
3,Parma,Bonny,a,7.0,10.0,7,10
3,Parma,Charpentier,a,5.5,5.5,"5,5","5,5"
3,Parma,Kowalski,a,6.0,6.0,6,6
3,Parma,Pecchia,all,6.0,6.0,6,6
3,Roma,Svilar,p,6.0,6.0,6,6
3,Roma,Mancini,d,7.0,6.5,7,"6,5"
3,Roma,N'Dicka,d,7.0,7.0,7,7
3,Roma,Celik,d,5.5,5.5,"5,5","5,5"
3,Roma,Angelino,d,6.5,6.5,"6,5","6,5"
3,Roma,Pellegrini Lo.,c,6.0,6.0,6,6
3,Roma,Cristante,c,6.5,6.5,"6,5","6,5"
3,Roma,Saelemaekers,c,5.5,5.0,"5,5",5
3,Roma,Zalewski,c,6.0,6.0,6,6
3,Roma,Kone' M.,c,6.0,6.0,6,6
3,Roma,Baldanzi,c,55.0,55.0,55,55
3,Roma,Pisilli,c,6.0,6.0,6,6
3,Roma,Dybala,a,6.0,6.0,6,6
3,Roma,Shomurodov,a,55.0,55.0,55,55
3,Roma,Soule',a,6.0,6.0,6,6
3,Roma,Dovbyk,a,5.0,5.0,5,5
3,Roma,De Rossi,all,6.0,6.0,6,6
3,Torino,Milinkovic-Savic V.,p,6.5,6.5,"6,5","6,5"
3,Torino,Masina,d,7.0,8.0,7,8
3,Torino,Walukiewicz,d,55.0,55.0,55,55
3,Torino,Lazaro,d,5.5,5.0,"5,5",5
3,Torino,Vojvoda,d,5.5,5.0,"5,5",5
3,Torino,Pedersen,d,6.0,5.5,6,"5,5"
3,Torino,Coco,d,7.0,10.0,7,10
3,Torino,Sosa B.,d,5.5,5.5,"5,5","5,5"
3,Torino,Dembele' A.,d,6.0,6.0,6,6
3,Torino,Linetty,c,6.0,5.5,6,"5,5"
3,Torino,Tameze,c,6.0,6.0,6,6
3,Torino,Ilic,c,6.0,6.0,6,6
3,Torino,Ricci S.,c,6.5,6.5,"6,5","6,5"
3,Torino,Sanabria,a,6.0,6.0,6,6
3,Torino,Zapata D.,a,6.0,6.0,6,6
3,Torino,Adams C.,a,5.5,5.5,"5,5","5,5"
3,Torino,Vanoli,all,6.5,6.5,"6,5","6,5"
3,Udinese,Okoye,p,6.0,6.0,6,6
3,Udinese,Kabasele,d,6.5,6.5,"6,5","6,5"
3,Udinese,Bijol,d,6.5,6.0,"6,5",6
3,Udinese,Ehizibue,d,7.0,8.0,7,8
3,Udinese,Zemura,d,6.0,5.5,6,"5,5"
3,Udinese,Kristensen T.,d,55.0,55.0,55,55
3,Udinese,Giannetti L.,d,6.0,6.0,6,6
3,Udinese,Lovric,c,6.0,6.0,6,6
3,Udinese,Payero,c,5.0,5.0,5,5
3,Udinese,Karlstrom,c,6.0,6.0,6,6
3,Udinese,Ekkelenkamp,c,6.0,6.0,6,6
3,Udinese,Thauvin,a,6.0,6.0,6,6
3,Udinese,Davis K.,a,6.0,6.0,6,6
3,Udinese,Brenner,a,6.5,9.5,"6,5","9,5"
3,Udinese,Lucca,a,5.5,5.5,"5,5","5,5"
3,Udinese,Bravo,a,6.0,5.5,6,"5,5"
3,Udinese,Runjaic,all,6.5,6.0,"6,5",6
3,Venezia,Joronen,p,6.5,5.5,"6,5","5,5"
3,Venezia,Zampano,d,6.5,6.5,"6,5","6,5"
3,Venezia,Candela,d,6.0,6.0,6,6
3,Venezia,Altare,d,5.5,5.0,"5,5",5
3,Venezia,Svoboda,d,5.5,5.5,"5,5","5,5"
3,Venezia,Idzes,d,7.0,7.0,7,7
3,Venezia,Sverko,d,6.0,6.0,6,6
3,Venezia,Duncan,c,6.5,6.0,"6,5",6
3,Venezia,Nicolussi Caviglia,c,6.5,6.5,"6,5","6,5"
3,Venezia,Ellertsson,c,6.0,6.0,6,6
3,Venezia,Oristanio,c,6.0,6.0,6,6
3,Venezia,Doumbia I.,c,5.5,5.5,"5,5","5,5"
3,Venezia,El Haddad,c,6.0,6.0,6,6
3,Venezia,Pohjanpalo,a,5.5,5.5,"5,5","5,5"
3,Venezia,Raimondo,a,55.0,55.0,55,55
3,Venezia,Gytkjaer,a,5.5,5.5,"5,5","5,5"
3,Venezia,Di Francesco,all,6.0,6.0,6,6
3,Verona,Montipo',p,6.0,6.0,6,6
3,Verona,Magnani,d,55.0,55.0,55,55
3,Verona,Dawidowicz,d,5.5,5.0,"5,5",5
3,Verona,Bradaric,d,55.0,55.0,55,55
3,Verona,Daniliuc,d,6.0,6.0,6,6
3,Verona,Coppola D.,d,6.0,6.0,6,6
3,Verona,Tchatchoua,d,7.0,10.0,7,10
3,Verona,Frese,d,6.0,6.0,6,6
3,Verona,Lazovic,c,6.5,6.5,"6,5","6,5"
3,Verona,Kastanos,c,6.0,6.0,6,6
3,Verona,Duda,c,6.0,5.5,6,"5,5"
3,Verona,Harroui,c,5.5,5.0,"5,5",5
3,Verona,Belahyane,c,6.5,6.0,"6,5",6
3,Verona,Suslov,c,6.0,5.5,6,"5,5"
3,Verona,Mosquera,a,6.0,6.0,6,6
3,Verona,Tengstedt,a,6.5,9.0,"6,5",9
3,Verona,Zanetti,all,6.5,6.5,"6,5","6,5"
4,Atalanta,Carnesecchi,p,6.0,4.0,6,4
4,Atalanta,Zappacosta,d,6.0,5.5,6,"5,5"
4,Atalanta,Djimsiti,d,5.5,5.5,"5,5","5,5"
4,Atalanta,Kolasinac,d,5.5,5.5,"5,5","5,5"
4,Atalanta,Bellanova,d,6.0,6.0,6,6
4,Atalanta,Ruggeri,d,5.5,5.5,"5,5","5,5"
4,Atalanta,Hien,d,5.0,4.5,5,"4,5"
4,Atalanta,De Roon,c,6.0,6.0,6,6
4,Atalanta,Pasalic,c,6.0,6.0,6,6
4,Atalanta,Brescianini,c,6.5,6.5,"6,5","6,5"
4,Atalanta,Ederson D.s.,c,6.5,7.5,"6,5","7,5"
4,Atalanta,Lookman,a,8.0,12.0,8,12
4,Atalanta,De Ketelaere,a,7.0,10.0,7,10
4,Atalanta,Retegui,a,7.0,10.0,7,10
4,Atalanta,Gasperini,all,6.5,6.5,"6,5","6,5"
4,Bologna,Skorupski,p,6.0,4.0,6,4
4,Bologna,Miranda J.,d,5.0,5.0,5,5
4,Bologna,Casale,d,5.0,3.0,5,3
4,Bologna,Lucumi',d,6.0,6.0,6,6
4,Bologna,Posch,d,5.0,5.0,5,5
4,Bologna,Beukema,d,5.0,5.0,5,5
4,Bologna,Freuler,c,6.0,6.0,6,6
4,Bologna,Orsolini,c,5.5,5.5,"5,5","5,5"
4,Bologna,Pobega,c,5.5,5.0,"5,5",5
4,Bologna,Ndoye,c,6.0,6.0,6,6
4,Bologna,Aebischer,c,5.5,5.5,"5,5","5,5"
4,Bologna,Iling Junior,c,7.0,10.0,7,10
4,Bologna,Fabbian,c,6.5,6.5,"6,5","6,5"
4,Bologna,Odgaard,a,5.5,5.5,"5,5","5,5"
4,Bologna,Castro S.,a,7.5,11.5,"7,5","11,5"
4,Bologna,Dallinga,a,5.0,5.0,5,5
4,Bologna,Italiano,all,5.5,5.5,"5,5","5,5"
4,Cagliari,Scuffet,p,4.5,0.5,"4,5","0,5"
4,Cagliari,Luperto,d,5.5,5.5,"5,5","5,5"
4,Cagliari,Mina,d,5.0,4.5,5,"4,5"
4,Cagliari,Augello,d,5.5,5.5,"5,5","5,5"
4,Cagliari,Zortea,d,6.0,6.0,6,6
4,Cagliari,Zappa,d,5.0,5.0,5,5
4,Cagliari,Azzi,d,6.5,6.5,"6,5","6,5"
4,Cagliari,Deiola,c,5.5,5.5,"5,5","5,5"
4,Cagliari,Gaetano,c,6.0,6.0,6,6
4,Cagliari,Adopo,c,5.5,5.5,"5,5","5,5"
4,Cagliari,Marin,c,5.5,5.5,"5,5","5,5"
4,Cagliari,Makoumbou,c,55.0,55.0,55,55
4,Cagliari,Pavoletti,a,55.0,55.0,55,55
4,Cagliari,Piccoli,a,5.5,5.5,"5,5","5,5"
4,Cagliari,Luvumbo,a,5.5,5.5,"5,5","5,5"
4,Cagliari,Mutandwa,a,6.0,6.0,6,6
4,Cagliari,Nicola,all,5.0,5.0,5,5
4,Como,Audero,p,6.0,4.0,6,4
4,Como,Goldaniga,d,6.0,6.0,6,6
4,Como,Sergi Roberto,d,6.5,6.5,"6,5","6,5"
4,Como,Moreno Alb.,d,5.5,5.0,"5,5",5
4,Como,Dossena,d,6.5,6.5,"6,5","6,5"
4,Como,Iovine,d,5.5,5.0,"5,5",5
4,Como,Kempf,d,6.0,6.0,6,6
4,Como,Mazzitelli,c,55.0,55.0,55,55
4,Como,Strefezza,c,7.0,8.0,7,8
4,Como,Da Cunha,c,6.0,6.0,6,6
4,Como,Perrone,c,6.0,6.0,6,6
4,Como,Braunoder,c,55.0,55.0,55,55
4,Como,Fadera,c,6.0,6.0,6,6
4,Como,Paz N.,c,7.0,7.0,7,7
4,Como,Belotti,a,5.5,5.5,"5,5","5,5"
4,Como,Cutrone,a,7.0,10.0,7,10
4,Como,Fabregas,all,6.5,6.5,"6,5","6,5"
4,Empoli,Vasquez D.,p,7.5,7.5,"7,5","7,5"
4,Empoli,Pezzella Giu.,d,7.0,7.0,7,7
4,Empoli,Ismajli,d,7.0,7.0,7,7
4,Empoli,Viti,d,6.5,6.5,"6,5","6,5"
4,Empoli,Goglichidze,d,7.0,7.0,7,7
4,Empoli,Grassi,c,6.0,6.0,6,6
4,Empoli,Haas,c,55.0,55.0,55,55
4,Empoli,Henderson L.,c,6.5,6.5,"6,5","6,5"
4,Empoli,Gyasi,c,7.0,7.0,7,7
4,Empoli,Maleh,c,6.5,6.5,"6,5","6,5"
4,Empoli,Anjorin,c,6.0,6.0,6,6
4,Empoli,Pellegri,a,6.0,5.5,6,"5,5"
4,Empoli,Esposito Se.,a,6.0,6.0,6,6
4,Empoli,Colombo,a,6.0,6.0,6,6
4,Empoli,Ekong,a,6.0,6.0,6,6
4,Empoli,D'Aversa,all,7.0,7.0,7,7
4,Fiorentina,De Gea,p,6.5,3.5,"6,5","3,5"
4,Fiorentina,Biraghi,d,5.5,5.5,"5,5","5,5"
4,Fiorentina,Gosens,d,6.5,6.5,"6,5","6,5"
4,Fiorentina,Ranieri L.,d,4.5,4.5,"4,5","4,5"
4,Fiorentina,Martinez Quarta,d,6.0,9.0,6,9
4,Fiorentina,Pongracic,d,55.0,55.0,55,55
4,Fiorentina,Dodo',d,6.5,6.5,"6,5","6,5"
4,Fiorentina,Cataldi,c,5.5,5.5,"5,5","5,5"
4,Fiorentina,Mandragora,c,6.5,7.0,"6,5",7
4,Fiorentina,Sottil,c,5.5,5.5,"5,5","5,5"
4,Fiorentina,Ikone',c,5.5,5.5,"5,5","5,5"
4,Fiorentina,Bove,c,6.0,5.5,6,"5,5"
4,Fiorentina,Adli,c,6.0,6.0,6,6
4,Fiorentina,Colpani,c,5.5,5.5,"5,5","5,5"
4,Fiorentina,Richardson,c,5.5,5.0,"5,5",5
4,Fiorentina,Kean,a,7.5,10.5,"7,5","10,5"
4,Fiorentina,Palladino,all,6.0,6.0,6,6
4,Genoa,Gollini,p,6.5,5.5,"6,5","5,5"
4,Genoa,Sabelli,d,6.0,6.0,6,6
4,Genoa,Martin,d,7.0,7.0,7,7
4,Genoa,Vasquez,d,6.5,6.5,"6,5","6,5"
4,Genoa,De Winter,d,6.5,9.0,"6,5",9
4,Genoa,Vogliacco,d,5.5,5.5,"5,5","5,5"
4,Genoa,Badelj,c,5.5,5.5,"5,5","5,5"
4,Genoa,Thorsby,c,5.5,5.5,"5,5","5,5"
4,Genoa,Malinovskyi,c,6.5,6.5,"6,5","6,5"
4,Genoa,Frendrup,c,6.0,6.0,6,6
4,Genoa,Bohinen,c,55.0,55.0,55,55
4,Genoa,Pinamonti,a,5.5,5.5,"5,5","5,5"
4,Genoa,Ekuban,a,5.5,5.5,"5,5","5,5"
4,Genoa,Vitinha O.,a,6.5,7.5,"6,5","7,5"
4,Genoa,Ekhator,a,55.0,55.0,55,55
4,Genoa,Gilardino,all,6.0,5.5,6,"5,5"
4,Inter,Sommer,p,6.0,5.0,6,5
4,Inter,Dimarco,d,6.5,6.5,"6,5","6,5"
4,Inter,De Vrij,d,6.0,6.0,6,6
4,Inter,Darmian,d,6.0,6.0,6,6
4,Inter,Pavard,d,5.0,4.5,5,"4,5"
4,Inter,Dumfries,d,7.0,9.5,7,"9,5"
4,Inter,Carlos Augusto,d,6.5,7.5,"6,5","7,5"
4,Inter,Zielinski,c,5.5,5.5,"5,5","5,5"
4,Inter,Mkhitaryan,c,5.5,5.5,"5,5","5,5"
4,Inter,Frattesi,c,5.5,5.5,"5,5","5,5"
4,Inter,Asllani,c,6.0,6.0,6,6
4,Inter,Correa,a,6.0,6.0,6,6
4,Inter,Martinez L.,a,5.5,5.5,"5,5","5,5"
4,Inter,Arnautovic,a,6.0,6.0,6,6
4,Inter,Thuram,a,5.5,5.5,"5,5","5,5"
4,Inter,Taremi,a,6.0,6.0,6,6
4,Inter,Inzaghi S.,all,5.5,5.5,"5,5","5,5"
4,Juventus,Perin,p,6.0,6.0,6,6
4,Juventus,Bremer,d,6.5,6.0,"6,5",6
4,Juventus,Kalulu,d,6.0,6.0,6,6
4,Juventus,Cambiaso,d,5.5,5.5,"5,5","5,5"
4,Juventus,Gatti,d,7.0,7.0,7,7
4,Juventus,Locatelli,c,6.0,6.0,6,6
4,Juventus,Fagioli,c,5.0,5.0,5,5
4,Juventus,Weah,c,6.0,6.0,6,6
4,Juventus,Douglas Luiz,c,5.5,5.5,"5,5","5,5"
4,Juventus,Thuram K.,c,6.0,5.5,6,"5,5"
4,Juventus,Koopmeiners,c,5.5,5.5,"5,5","5,5"
4,Juventus,Vlahovic,a,5.5,5.5,"5,5","5,5"
4,Juventus,Gonzalez N.,a,5.5,5.5,"5,5","5,5"
4,Juventus,Yildiz,a,6.5,6.5,"6,5","6,5"
4,Juventus,Mbangula,a,5.5,5.5,"5,5","5,5"
4,Juventus,Thiago Motta,all,5.0,5.0,5,5
4,Lazio,Provedel,p,6.0,5.0,6,5
4,Lazio,Romagnoli,d,5.5,5.5,"5,5","5,5"
4,Lazio,Marusic,d,55.0,55.0,55,55
4,Lazio,Lazzari,d,6.0,6.0,6,6
4,Lazio,Tavares N.,d,7.0,7.0,7,7
4,Lazio,Gila,d,5.5,5.0,"5,5",5
4,Lazio,Vecino,c,55.0,55.0,55,55
4,Lazio,Zaccagni,c,7.0,9.0,7,9
4,Lazio,Guendouzi,c,6.0,6.0,6,6
4,Lazio,Castrovilli,c,6.0,6.0,6,6
4,Lazio,Rovella,c,6.0,5.5,6,"5,5"
4,Lazio,Tchaouna,c,6.0,6.0,6,6
4,Lazio,Dia,a,7.0,10.0,7,10
4,Lazio,Castellanos,a,7.0,10.0,7,10
4,Lazio,Isaksen,a,6.0,6.0,6,6
4,Lazio,Noslin,a,55.0,55.0,55,55
4,Lazio,Baroni,all,6.5,6.5,"6,5","6,5"
4,Lecce,Falcone,p,6.0,6.0,6,6
4,Lecce,Gallo,d,6.0,6.0,6,6
4,Lecce,Guilbert,d,6.5,6.5,"6,5","6,5"
4,Lecce,Baschirotto,d,6.0,6.0,6,6
4,Lecce,Gaspar K.,d,7.0,7.0,7,7
4,Lecce,Coulibaly L.,c,6.0,6.0,6,6
4,Lecce,Berisha M.,c,6.0,6.0,6,6
4,Lecce,Oudin,c,6.0,6.0,6,6
4,Lecce,Rafia,c,6.0,5.5,6,"5,5"
4,Lecce,Ramadani,c,6.0,6.0,6,6
4,Lecce,Pierret,c,5.5,5.0,"5,5",5
4,Lecce,Tete Morente,c,5.5,5.0,"5,5",5
4,Lecce,Rebic,a,6.5,6.5,"6,5","6,5"
4,Lecce,Krstovic,a,6.5,6.5,"6,5","6,5"
4,Lecce,Pierotti,a,5.5,5.5,"5,5","5,5"
4,Lecce,Gotti,all,6.5,6.5,"6,5","6,5"
4,Milan,Maignan,p,6.0,6.0,6,6
4,Milan,Hernandez T.,d,7.0,10.0,7,10
4,Milan,Gabbia,d,6.5,6.0,"6,5",6
4,Milan,Emerson Royal,d,6.0,6.0,6,6
4,Milan,Pavlovic,d,6.5,6.5,"6,5","6,5"
4,Milan,Pulisic,c,7.5,11.5,"7,5","11,5"
4,Milan,Loftus-Cheek,c,6.5,6.5,"6,5","6,5"
4,Milan,Fofana Y.,c,7.0,10.0,7,10
4,Milan,Chukwueze,c,55.0,55.0,55,55
4,Milan,Musah,c,6.0,6.0,6,6
4,Milan,Reijnders,c,7.0,7.0,7,7
4,Milan,Zeroli,c,55.0,55.0,55,55
4,Milan,Morata,a,6.0,6.0,6,6
4,Milan,Abraham,a,7.0,10.0,7,10
4,Milan,Leao,a,7.0,8.0,7,8
4,Milan,Okafor,a,6.0,6.0,6,6
4,Milan,Fonseca,all,7.0,7.0,7,7
4,Monza,Turati,p,6.0,5.0,6,5
4,Monza,Izzo,d,6.5,7.5,"6,5","7,5"
4,Monza,Pereira P.,d,6.0,6.0,6,6
4,Monza,Kyriakopoulos,d,6.0,6.0,6,6
4,Monza,Mari',d,6.5,6.5,"6,5","6,5"
4,Monza,Carboni A.,d,6.0,6.0,6,6
4,Monza,Pessina,c,6.5,6.5,"6,5","6,5"
4,Monza,Maldini,c,6.0,6.0,6,6
4,Monza,Bianco,c,6.0,6.0,6,6
4,Monza,Bondo,c,6.5,6.5,"6,5","6,5"
4,Monza,Caprari,a,5.5,5.5,"5,5","5,5"
4,Monza,Djuric,a,6.0,6.0,6,6
4,Monza,Mota,a,7.0,9.5,7,"9,5"
4,Monza,Nesta,all,6.5,6.5,"6,5","6,5"
4,Napoli,Meret,p,7.5,7.5,"7,5","7,5"
4,Napoli,Spinazzola,d,6.0,6.0,6,6
4,Napoli,Buongiorno,d,7.0,10.0,7,10
4,Napoli,Di Lorenzo,d,7.0,10.0,7,10
4,Napoli,Rrahmani,d,6.5,6.5,"6,5","6,5"
4,Napoli,Mazzocchi,d,6.0,6.0,6,6
4,Napoli,Olivera,d,6.0,6.0,6,6
4,Napoli,Politano,c,6.5,6.5,"6,5","6,5"
4,Napoli,Zambo Anguissa,c,7.0,7.0,7,7
4,Napoli,Lobotka,c,6.5,6.0,"6,5",6
4,Napoli,McTominay,c,6.0,6.0,6,6
4,Napoli,Gilmour,c,6.0,6.0,6,6
4,Napoli,Neres,c,6.5,7.5,"6,5","7,5"
4,Napoli,Simeone,a,6.0,6.0,6,6
4,Napoli,Lukaku,a,7.5,12.0,"7,5",12
4,Napoli,Kvaratskhelia,a,7.5,11.5,"7,5","11,5"
4,Napoli,Conte,all,7.0,7.0,7,7
4,Parma,Chichizola,p,5.0,2.0,5,2
4,Parma,Balogh,d,5.5,5.5,"5,5","5,5"
4,Parma,Circati,d,4.5,4.5,"4,5","4,5"
4,Parma,Delprato,d,6.5,9.5,"6,5","9,5"
4,Parma,Coulibaly W.,d,5.0,5.0,5,5
4,Parma,Hernani,c,6.0,6.0,6,6
4,Parma,Sohm,c,6.0,6.0,6,6
4,Parma,Man,c,7.0,8.0,7,8
4,Parma,Camara D.,c,55.0,55.0,55,55
4,Parma,Bernabe',c,6.0,6.0,6,6
4,Parma,Hainaut,c,55.0,55.0,55,55
4,Parma,Keita M.,c,4.0,3.0,4,3
4,Parma,Mihaila,a,6.0,7.0,6,7
4,Parma,Cancellieri,a,6.0,6.0,6,6
4,Parma,Almqvist,a,6.0,6.0,6,6
4,Parma,Bonny,a,7.0,10.0,7,10
4,Parma,Pecchia,all,5.5,5.5,"5,5","5,5"
4,Roma,Svilar,p,6.5,5.5,"6,5","5,5"
4,Roma,Mancini,d,6.5,6.5,"6,5","6,5"
4,Roma,N'Dicka,d,6.0,6.0,6,6
4,Roma,Celik,d,5.5,5.5,"5,5","5,5"
4,Roma,Angelino,d,6.5,6.5,"6,5","6,5"
4,Roma,Hermoso,d,5.5,5.5,"5,5","5,5"
4,Roma,Pellegrini Lo.,c,5.5,5.0,"5,5",5
4,Roma,Cristante,c,6.5,6.5,"6,5","6,5"
4,Roma,El Shaarawy,c,5.5,5.5,"5,5","5,5"
4,Roma,Saelemaekers,c,6.0,6.0,6,6
4,Roma,Kone' M.,c,6.5,6.5,"6,5","6,5"
4,Roma,Baldanzi,c,6.0,6.0,6,6
4,Roma,Pisilli,c,6.0,5.5,6,"5,5"
4,Roma,Dybala,a,6.5,6.5,"6,5","6,5"
4,Roma,Shomurodov,a,55.0,55.0,55,55
4,Roma,Dovbyk,a,7.0,10.0,7,10
4,Roma,De Rossi,all,6.0,5.0,6,5
4,Torino,Milinkovic-Savic V.,p,7.0,7.0,7,7
4,Torino,Masina,d,6.5,6.5,"6,5","6,5"
4,Torino,Walukiewicz,d,6.0,5.5,6,"5,5"
4,Torino,Lazaro,d,5.0,5.0,5,5
4,Torino,Vojvoda,d,6.0,6.0,6,6
4,Torino,Pedersen,d,5.5,5.5,"5,5","5,5"
4,Torino,Coco,d,6.5,6.5,"6,5","6,5"
4,Torino,Sosa B.,d,5.5,5.5,"5,5","5,5"
4,Torino,Linetty,c,5.5,5.5,"5,5","5,5"
4,Torino,Tameze,c,6.0,6.0,6,6
4,Torino,Ilic,c,5.5,5.5,"5,5","5,5"
4,Torino,Ricci S.,c,6.0,6.0,6,6
4,Torino,Gineitis,c,55.0,55.0,55,55
4,Torino,Zapata D.,a,5.5,5.5,"5,5","5,5"
4,Torino,Karamoh,a,6.0,6.0,6,6
4,Torino,Adams C.,a,5.5,5.5,"5,5","5,5"
4,Torino,Vanoli,all,5.5,5.5,"5,5","5,5"
4,Udinese,Okoye,p,6.0,4.0,6,4
4,Udinese,Kabasele,d,6.0,6.0,6,6
4,Udinese,Kamara H.,d,6.5,7.5,"6,5","7,5"
4,Udinese,Bijol,d,5.5,5.5,"5,5","5,5"
4,Udinese,Ehizibue,d,6.5,6.0,"6,5",6
4,Udinese,Kristensen T.,d,5.5,5.5,"5,5","5,5"
4,Udinese,Giannetti L.,d,5.5,5.0,"5,5",5
4,Udinese,Lovric,c,5.5,5.5,"5,5","5,5"
4,Udinese,Zarraga,c,6.5,6.5,"6,5","6,5"
4,Udinese,Payero,c,5.5,5.5,"5,5","5,5"
4,Udinese,Karlstrom,c,5.5,5.5,"5,5","5,5"
4,Udinese,Ekkelenkamp,c,6.5,6.5,"6,5","6,5"
4,Udinese,Thauvin,a,8.0,14.0,8,14
4,Udinese,Davis K.,a,7.0,7.5,7,"7,5"
4,Udinese,Brenner,a,55.0,55.0,55,55
4,Udinese,Lucca,a,7.0,10.0,7,10
4,Udinese,Runjaic,all,7.0,7.0,7,7
4,Venezia,Joronen,p,3.0,-1.0,3,-1
4,Venezia,Zampano,d,5.5,5.5,"5,5","5,5"
4,Venezia,Candela,d,5.5,5.5,"5,5","5,5"
4,Venezia,Svoboda,d,4.5,4.5,"4,5","4,5"
4,Venezia,Carboni F.,d,55.0,55.0,55,55
4,Venezia,Idzes,d,6.0,6.0,6,6
4,Venezia,Schingtienne,d,4.5,4.0,"4,5",4
4,Venezia,Duncan,c,5.0,5.0,5,5
4,Venezia,Nicolussi Caviglia,c,4.5,3.5,"4,5","3,5"
4,Venezia,Busio,c,5.0,5.0,5,5
4,Venezia,Oristanio,c,5.5,5.5,"5,5","5,5"
4,Venezia,Andersen M.K.,c,55.0,55.0,55,55
4,Venezia,Doumbia I.,c,6.0,6.0,6,6
4,Venezia,Yeboah J.,c,6.0,6.0,6,6
4,Venezia,Pohjanpalo,a,5.5,5.5,"5,5","5,5"
4,Venezia,Raimondo,a,55.0,55.0,55,55
4,Venezia,Di Francesco,all,4.5,4.5,"4,5","4,5"
4,Verona,Montipo',p,6.5,4.5,"6,5","4,5"
4,Verona,Faraoni,d,5.5,5.5,"5,5","5,5"
4,Verona,Dawidowicz,d,5.5,5.5,"5,5","5,5"
4,Verona,Daniliuc,d,5.0,5.0,5,5
4,Verona,Coppola D.,d,5.0,6.0,5,6
4,Verona,Tchatchoua,d,5.5,5.0,"5,5",5
4,Verona,Lazovic,c,5.5,5.5,"5,5","5,5"
4,Verona,Kastanos,c,5.5,5.5,"5,5","5,5"
4,Verona,Harroui,c,5.5,5.5,"5,5","5,5"
4,Verona,Alidou,c,5.5,5.5,"5,5","5,5"
4,Verona,Belahyane,c,6.0,6.0,6,6
4,Verona,Dani Silva,c,5.5,5.5,"5,5","5,5"
4,Verona,Cisse' A.,c,55.0,55.0,55,55
4,Verona,Sarr A.,a,55.0,55.0,55,55
4,Verona,Mosquera,a,5.5,5.5,"5,5","5,5"
4,Verona,Tengstedt,a,6.5,9.0,"6,5",9
4,Verona,Zanetti,all,5.5,5.5,"5,5","5,5"
5,Atalanta,Carnesecchi,p,6.5,3.5,"6,5","3,5"
5,Atalanta,Zappacosta,d,7.0,10.0,7,10
5,Atalanta,Cuadrado,d,5.5,5.5,"5,5","5,5"
5,Atalanta,Djimsiti,d,5.5,5.5,"5,5","5,5"
5,Atalanta,Kolasinac,d,5.5,3.5,"5,5","3,5"
5,Atalanta,Bellanova,d,5.0,5.0,5,5
5,Atalanta,Kossounou,d,5.0,5.0,5,5
5,Atalanta,De Roon,c,5.0,4.5,5,"4,5"
5,Atalanta,Pasalic,c,6.0,6.0,6,6
5,Atalanta,Brescianini,c,5.5,5.5,"5,5","5,5"
5,Atalanta,Samardzic,c,5.5,5.5,"5,5","5,5"
5,Atalanta,Ederson D.s.,c,5.5,5.5,"5,5","5,5"
5,Atalanta,Lookman,a,6.0,9.0,6,9
5,Atalanta,De Ketelaere,a,5.5,5.5,"5,5","5,5"
5,Atalanta,Retegui,a,5.5,5.5,"5,5","5,5"
5,Atalanta,Vlahovic V.,a,6.0,6.0,6,6
5,Atalanta,Gasperini,all,4.5,4.5,"4,5","4,5"
5,Bologna,Ravaglia F.,p,5.0,4.0,5,4
5,Bologna,De Silvestri,d,5.5,5.5,"5,5","5,5"
5,Bologna,Lykogiannis,d,6.5,7.5,"6,5","7,5"
5,Bologna,Casale,d,6.0,6.0,6,6
5,Bologna,Lucumi',d,6.0,5.5,6,"5,5"
5,Bologna,Posch,d,55.0,55.0,55,55
5,Bologna,Beukema,d,6.0,6.0,6,6
5,Bologna,Freuler,c,6.5,7.5,"6,5","7,5"
5,Bologna,Urbanski,c,7.0,10.0,7,10
5,Bologna,Ndoye,c,7.0,7.0,7,7
5,Bologna,Aebischer,c,6.0,6.0,6,6
5,Bologna,Moro N.,c,55.0,55.0,55,55
5,Bologna,Iling Junior,c,6.0,6.0,6,6
5,Bologna,Odgaard,a,5.5,5.5,"5,5","5,5"
5,Bologna,Castro S.,a,7.0,9.5,7,"9,5"
5,Bologna,Italiano,all,6.0,6.0,6,6
5,Cagliari,Scuffet,p,5.5,3.5,"5,5","3,5"
5,Cagliari,Luperto,d,5.5,5.5,"5,5","5,5"
5,Cagliari,Mina,d,6.5,6.5,"6,5","6,5"
5,Cagliari,Augello,d,5.0,5.0,5,5
5,Cagliari,Zortea,d,5.5,5.5,"5,5","5,5"
5,Cagliari,Zappa,d,5.0,5.0,5,5
5,Cagliari,Azzi,d,6.0,6.0,6,6
5,Cagliari,Viola,c,6.0,6.0,6,6
5,Cagliari,Deiola,c,6.0,6.0,6,6
5,Cagliari,Gaetano,c,6.0,6.0,6,6
5,Cagliari,Marin,c,6.0,6.0,6,6
5,Cagliari,Makoumbou,c,4.5,4.5,"4,5","4,5"
5,Cagliari,Pavoletti,a,5.0,4.5,5,"4,5"
5,Cagliari,Lapadula,a,5.5,5.5,"5,5","5,5"
5,Cagliari,Piccoli,a,5.5,5.5,"5,5","5,5"
5,Cagliari,Luvumbo,a,5.0,5.0,5,5
5,Cagliari,Nicola,all,4.5,4.5,"4,5","4,5"
5,Como,Audero,p,6.5,4.5,"6,5","4,5"
5,Como,Goldaniga,d,6.0,6.0,6,6
5,Como,Sergi Roberto,d,7.0,7.5,7,"7,5"
5,Como,Sala M.,d,55.0,55.0,55,55
5,Como,Moreno Alb.,d,6.5,6.0,"6,5",6
5,Como,Dossena,d,6.0,6.0,6,6
5,Como,Kempf,d,6.5,6.5,"6,5","6,5"
5,Como,Van Der Brempt,d,6.0,5.5,6,"5,5"
5,Como,Mazzitelli,c,6.0,6.0,6,6
5,Como,Strefezza,c,7.5,10.5,"7,5","10,5"
5,Como,Perrone,c,6.0,6.0,6,6
5,Como,Engelhardt,c,55.0,55.0,55,55
5,Como,Fadera,c,7.0,10.0,7,10
5,Como,Paz N.,c,7.5,8.5,"7,5","8,5"
5,Como,Cutrone,a,6.0,6.0,6,6
5,Como,Gabrielloni,a,6.0,6.0,6,6
5,Como,Fabregas,all,7.5,7.5,"7,5","7,5"
5,Empoli,Vasquez D.,p,6.5,6.5,"6,5","6,5"
5,Empoli,De Sciglio,d,55.0,55.0,55,55
5,Empoli,Pezzella Giu.,d,7.0,7.0,7,7
5,Empoli,Ismajli,d,6.0,6.0,6,6
5,Empoli,Viti,d,6.5,6.5,"6,5","6,5"
5,Empoli,Cacace,d,6.0,6.0,6,6
5,Empoli,Goglichidze,d,6.5,6.5,"6,5","6,5"
5,Empoli,Grassi,c,7.0,7.0,7,7
5,Empoli,Haas,c,6.0,6.0,6,6
5,Empoli,Henderson L.,c,6.5,6.5,"6,5","6,5"
5,Empoli,Gyasi,c,6.0,5.5,6,"5,5"
5,Empoli,Anjorin,c,7.0,8.0,7,8
5,Empoli,Pellegri,a,55.0,55.0,55,55
5,Empoli,Esposito Se.,a,7.5,10.5,"7,5","10,5"
5,Empoli,Colombo,a,7.0,9.5,7,"9,5"
5,Empoli,Solbakken,a,6.0,6.0,6,6
5,Empoli,D'Aversa,all,7.5,7.5,"7,5","7,5"
5,Fiorentina,De Gea,p,7.0,6.0,7,6
5,Fiorentina,Biraghi,d,5.5,5.0,"5,5",5
5,Fiorentina,Gosens,d,6.0,5.5,6,"5,5"
5,Fiorentina,Ranieri L.,d,6.0,6.0,6,6
5,Fiorentina,Martinez Quarta,d,5.5,5.5,"5,5","5,5"
5,Fiorentina,Dodo',d,7.0,6.5,7,"6,5"
5,Fiorentina,Comuzzo,d,5.5,5.5,"5,5","5,5"
5,Fiorentina,Cataldi,c,6.0,6.0,6,6
5,Fiorentina,Mandragora,c,5.5,5.5,"5,5","5,5"
5,Fiorentina,Ikone',c,55.0,55.0,55,55
5,Fiorentina,Bove,c,6.5,6.5,"6,5","6,5"
5,Fiorentina,Adli,c,55.0,55.0,55,55
5,Fiorentina,Colpani,c,6.0,6.0,6,6
5,Fiorentina,Kean,a,6.0,6.0,6,6
5,Fiorentina,Kouame',a,6.0,6.0,6,6
5,Fiorentina,Gudmundsson A.,a,7.5,13.5,"7,5","13,5"
5,Fiorentina,Palladino,all,7.0,7.0,7,7
5,Genoa,Gollini,p,6.0,7.0,6,7
5,Genoa,Sabelli,d,5.5,5.5,"5,5","5,5"
5,Genoa,Bani,d,5.5,5.0,"5,5",5
5,Genoa,Martin,d,5.5,5.5,"5,5","5,5"
5,Genoa,Vasquez,d,5.5,5.5,"5,5","5,5"
5,Genoa,Zanoli,d,5.5,5.5,"5,5","5,5"
5,Genoa,De Winter,d,5.0,4.5,5,"4,5"
5,Genoa,Badelj,c,5.5,5.5,"5,5","5,5"
5,Genoa,Thorsby,c,55.0,55.0,55,55
5,Genoa,Malinovskyi,c,6.0,6.0,6,6
5,Genoa,Frendrup,c,6.0,6.0,6,6
5,Genoa,Pinamonti,a,5.5,5.0,"5,5",5
5,Genoa,Ekuban,a,5.5,5.5,"5,5","5,5"
5,Genoa,Vitinha O.,a,5.5,5.5,"5,5","5,5"
5,Genoa,Ekhator,a,55.0,55.0,55,55
5,Genoa,Gilardino,all,5.5,5.5,"5,5","5,5"
5,Inter,Sommer,p,7.0,5.0,7,5
5,Inter,Dimarco,d,7.0,9.5,7,"9,5"
5,Inter,Acerbi,d,5.0,5.0,5,5
5,Inter,Bastoni,d,6.0,6.0,6,6
5,Inter,Darmian,d,6.0,6.0,6,6
5,Inter,Pavard,d,5.0,5.0,5,5
5,Inter,Dumfries,d,6.0,6.0,6,6
5,Inter,Carlos Augusto,d,55.0,55.0,55,55
5,Inter,Zielinski,c,6.0,6.0,6,6
5,Inter,Barella,c,6.5,6.5,"6,5","6,5"
5,Inter,Calhanoglu,c,6.0,5.5,6,"5,5"
5,Inter,Mkhitaryan,c,5.5,5.0,"5,5",5
5,Inter,Frattesi,c,5.5,5.5,"5,5","5,5"
5,Inter,Asllani,c,6.0,5.5,6,"5,5"
5,Inter,Martinez L.,a,6.5,7.5,"6,5","7,5"
5,Inter,Thuram,a,5.5,5.5,"5,5","5,5"
5,Inter,Inzaghi S.,all,5.5,5.0,"5,5",5
5,Juventus,Di Gregorio,p,6.5,6.5,"6,5","6,5"
5,Juventus,Bremer,d,7.0,7.0,7,7
5,Juventus,Kalulu,d,6.5,6.5,"6,5","6,5"
5,Juventus,Cambiaso,d,6.5,6.5,"6,5","6,5"
5,Juventus,Savona,d,6.5,6.5,"6,5","6,5"
5,Juventus,Locatelli,c,6.0,6.0,6,6
5,Juventus,Weah,c,5.5,5.5,"5,5","5,5"
5,Juventus,McKennie,c,5.5,5.0,"5,5",5
5,Juventus,Thuram K.,c,55.0,55.0,55,55
5,Juventus,Koopmeiners,c,6.0,6.0,6,6
5,Juventus,Vlahovic,a,5.0,5.0,5,5
5,Juventus,Gonzalez N.,a,5.5,5.5,"5,5","5,5"
5,Juventus,Yildiz,a,6.0,6.0,6,6
5,Juventus,Thiago Motta,all,6.0,5.5,6,"5,5"
5,Lazio,Provedel,p,6.5,4.5,"6,5","4,5"
5,Lazio,Patric,d,6.0,5.5,6,"5,5"
5,Lazio,Marusic,d,6.0,6.0,6,6
5,Lazio,Lazzari,d,6.0,6.0,6,6
5,Lazio,Tavares N.,d,5.5,6.0,"5,5",6
5,Lazio,Gila,d,7.0,10.0,7,10
5,Lazio,Zaccagni,c,6.0,6.0,6,6
5,Lazio,Guendouzi,c,5.5,5.0,"5,5",5
5,Lazio,Castrovilli,c,5.5,5.5,"5,5","5,5"
5,Lazio,Rovella,c,6.0,6.0,6,6
5,Lazio,Tchaouna,c,5.5,5.5,"5,5","5,5"
5,Lazio,Pedro,a,5.5,5.5,"5,5","5,5"
5,Lazio,Dia,a,5.5,5.5,"5,5","5,5"
5,Lazio,Isaksen,a,6.0,5.5,6,"5,5"
5,Lazio,Noslin,a,5.5,5.5,"5,5","5,5"
5,Lazio,Baroni,all,5.0,5.0,5,5
5,Lecce,Falcone,p,7.5,5.5,"7,5","5,5"
5,Lecce,Gallo,d,6.5,6.5,"6,5","6,5"
5,Lecce,Guilbert,d,4.0,3.0,4,3
5,Lecce,Baschirotto,d,6.5,6.5,"6,5","6,5"
5,Lecce,Dorgu,d,6.5,9.0,"6,5",9
5,Lecce,Gaspar K.,d,7.0,6.5,7,"6,5"
5,Lecce,Pelmard,d,55.0,55.0,55,55
5,Lecce,Coulibaly L.,c,6.0,6.0,6,6
5,Lecce,Rafia,c,5.0,4.5,5,"4,5"
5,Lecce,Ramadani,c,6.5,7.0,"6,5",7
5,Lecce,Pierret,c,5.5,5.5,"5,5","5,5"
5,Lecce,Tete Morente,c,6.5,6.5,"6,5","6,5"
5,Lecce,Rebic,a,6.0,6.0,6,6
5,Lecce,Banda,a,6.0,6.0,6,6
5,Lecce,Krstovic,a,6.5,9.5,"6,5","9,5"
5,Lecce,Pierotti,a,6.0,6.0,6,6
5,Lecce,Gotti,all,6.0,6.0,6,6
5,Milan,Maignan,p,6.5,5.5,"6,5","5,5"
5,Milan,Hernandez T.,d,6.0,6.0,6,6
5,Milan,Gabbia,d,7.0,10.0,7,10
5,Milan,Tomori,d,6.0,6.0,6,6
5,Milan,Emerson Royal,d,5.5,5.5,"5,5","5,5"
5,Milan,Pavlovic,d,55.0,55.0,55,55
5,Milan,Pulisic,c,7.5,10.5,"7,5","10,5"
5,Milan,Loftus-Cheek,c,6.0,6.0,6,6
5,Milan,Fofana Y.,c,6.0,5.5,6,"5,5"
5,Milan,Chukwueze,c,55.0,55.0,55,55
5,Milan,Reijnders,c,7.0,8.0,7,8
5,Milan,Morata,a,6.0,6.0,6,6
5,Milan,Abraham,a,6.0,6.0,6,6
5,Milan,Leao,a,6.0,6.0,6,6
5,Milan,Okafor,a,5.5,5.5,"5,5","5,5"
5,Milan,Fonseca,all,6.5,6.5,"6,5","6,5"
5,Monza,Turati,p,6.0,4.0,6,4
5,Monza,Izzo,d,5.5,5.0,"5,5",5
5,Monza,D'Ambrosio,d,55.0,55.0,55,55
5,Monza,Pereira P.,d,5.5,5.5,"5,5","5,5"
5,Monza,Kyriakopoulos,d,6.0,6.0,6,6
5,Monza,Mari',d,5.5,5.0,"5,5",5
5,Monza,Carboni A.,d,5.0,4.5,5,"4,5"
5,Monza,Pessina,c,6.5,6.5,"6,5","6,5"
5,Monza,Maldini,c,6.5,6.5,"6,5","6,5"
5,Monza,Bianco,c,6.5,6.5,"6,5","6,5"
5,Monza,Bondo,c,55.0,55.0,55,55
5,Monza,Forson O.,c,5.5,5.5,"5,5","5,5"
5,Monza,Caprari,a,6.0,6.0,6,6
5,Monza,Djuric,a,6.5,9.5,"6,5","9,5"
5,Monza,Mota,a,5.5,5.5,"5,5","5,5"
5,Monza,Maric,a,55.0,55.0,55,55
5,Monza,Nesta,all,6.0,6.0,6,6
5,Napoli,Meret,p,6.0,6.0,6,6
5,Napoli,Caprile,p,6.0,6.0,6,6
5,Napoli,Buongiorno,d,6.5,6.5,"6,5","6,5"
5,Napoli,Di Lorenzo,d,6.5,6.5,"6,5","6,5"
5,Napoli,Rrahmani,d,7.0,7.0,7,7
5,Napoli,Olivera,d,6.0,6.0,6,6
5,Napoli,Politano,c,6.0,6.0,6,6
5,Napoli,Zambo Anguissa,c,6.5,6.5,"6,5","6,5"
5,Napoli,Lobotka,c,6.0,6.0,6,6
5,Napoli,McTominay,c,6.5,6.5,"6,5","6,5"
5,Napoli,Gilmour,c,55.0,55.0,55,55
5,Napoli,Folorunsho,c,5.5,5.5,"5,5","5,5"
5,Napoli,Neres,c,6.0,6.0,6,6
5,Napoli,Simeone,a,6.0,6.0,6,6
5,Napoli,Lukaku,a,5.0,5.0,5,5
5,Napoli,Kvaratskhelia,a,6.0,6.0,6,6
5,Napoli,Conte,all,6.0,6.0,6,6
5,Parma,Suzuki,p,6.0,4.0,6,4
5,Parma,Osorio,d,5.5,5.5,"5,5","5,5"
5,Parma,Balogh,d,6.5,6.5,"6,5","6,5"
5,Parma,Delprato,d,6.0,6.0,6,6
5,Parma,Coulibaly W.,d,4.5,4.5,"4,5","4,5"
5,Parma,Hernani,c,5.5,5.5,"5,5","5,5"
5,Parma,Sohm,c,5.5,5.5,"5,5","5,5"
5,Parma,Man,c,6.5,6.5,"6,5","6,5"
5,Parma,Bernabe',c,6.5,6.5,"6,5","6,5"
5,Parma,Hainaut,c,7.5,10.5,"7,5","10,5"
5,Parma,Mihaila,a,5.5,5.5,"5,5","5,5"
5,Parma,Cancellieri,a,4.5,3.5,"4,5","3,5"
5,Parma,Almqvist,a,7.0,10.0,7,10
5,Parma,Bonny,a,5.0,5.0,5,5
5,Parma,Haj Mohamed,a,7.0,8.0,7,8
5,Parma,Pecchia,all,6.0,6.0,6,6
5,Roma,Svilar,p,6.5,6.5,"6,5","6,5"
5,Roma,Mancini,d,6.5,6.5,"6,5","6,5"
5,Roma,N'Dicka,d,6.0,6.0,6,6
5,Roma,Celik,d,6.5,6.5,"6,5","6,5"
5,Roma,Angelino,d,6.5,6.5,"6,5","6,5"
5,Roma,Hermoso,d,55.0,55.0,55,55
5,Roma,Paredes,c,6.0,6.0,6,6
5,Roma,Pellegrini Lo.,c,5.5,5.5,"5,5","5,5"
5,Roma,Cristante,c,6.0,5.5,6,"5,5"
5,Roma,El Shaarawy,c,7.0,8.0,7,8
5,Roma,Kone' M.,c,55.0,55.0,55,55
5,Roma,Baldanzi,c,7.0,10.0,7,10
5,Roma,Pisilli,c,6.5,6.0,"6,5",6
5,Roma,Dybala,a,7.0,10.0,7,10
5,Roma,Soule',a,55.0,55.0,55,55
5,Roma,Dovbyk,a,7.5,11.5,"7,5","11,5"
5,Roma,Juric,all,7.0,7.0,7,7
5,Torino,Milinkovic-Savic V.,p,6.0,4.0,6,4
5,Torino,Masina,d,5.5,6.5,"5,5","6,5"
5,Torino,Walukiewicz,d,6.5,6.5,"6,5","6,5"
5,Torino,Lazaro,d,6.5,7.5,"6,5","7,5"
5,Torino,Maripan,d,6.5,6.5,"6,5","6,5"
5,Torino,Sosa B.,d,6.0,6.0,6,6
5,Torino,Dembele' A.,d,55.0,55.0,55,55
5,Torino,Linetty,c,6.0,6.0,6,6
5,Torino,Tameze,c,6.5,6.5,"6,5","6,5"
5,Torino,Ilic,c,6.5,6.5,"6,5","6,5"
5,Torino,Ricci S.,c,6.5,6.5,"6,5","6,5"
5,Torino,Gineitis,c,6.0,6.0,6,6
5,Torino,Sanabria,a,6.0,6.0,6,6
5,Torino,Zapata D.,a,7.5,10.5,"7,5","10,5"
5,Torino,Adams C.,a,7.0,10.0,7,10
5,Torino,Njie,a,55.0,55.0,55,55
5,Torino,Vanoli,all,7.0,7.0,7,7
5,Udinese,Okoye,p,6.0,3.0,6,3
5,Udinese,Kabasele,d,4.0,4.0,4,4
5,Udinese,Kamara H.,d,5.5,5.5,"5,5","5,5"
5,Udinese,Bijol,d,5.0,5.0,5,5
5,Udinese,Toure' I.s.,d,6.0,6.0,6,6
5,Udinese,Ehizibue,d,5.5,5.5,"5,5","5,5"
5,Udinese,Zemura,d,6.0,6.0,6,6
5,Udinese,Kristensen T.,d,5.0,4.5,5,"4,5"
5,Udinese,Lovric,c,6.0,6.0,6,6
5,Udinese,Karlstrom,c,5.5,5.5,"5,5","5,5"
5,Udinese,Ekkelenkamp,c,5.5,5.5,"5,5","5,5"
5,Udinese,Thauvin,a,6.0,6.0,6,6
5,Udinese,Davis K.,a,6.0,6.0,6,6
5,Udinese,Brenner,a,5.5,5.5,"5,5","5,5"
5,Udinese,Lucca,a,5.5,5.0,"5,5",5
5,Udinese,Bravo,a,6.0,6.0,6,6
5,Udinese,Runjaic,all,5.0,5.0,5,5
5,Venezia,Joronen,p,6.0,6.0,6,6
5,Venezia,Zampano,d,6.5,6.5,"6,5","6,5"
5,Venezia,Candela,d,6.5,6.5,"6,5","6,5"
5,Venezia,Svoboda,d,6.5,6.0,"6,5",6
5,Venezia,Haps,d,6.0,6.0,6,6
5,Venezia,Idzes,d,6.0,6.0,6,6
5,Venezia,Sverko,d,55.0,55.0,55,55
5,Venezia,Crnigoj,c,55.0,55.0,55,55
5,Venezia,Busio,c,7.0,10.0,7,10
5,Venezia,Ellertsson,c,5.5,5.5,"5,5","5,5"
5,Venezia,Oristanio,c,5.5,5.5,"5,5","5,5"
5,Venezia,Andersen M.K.,c,6.0,6.0,6,6
5,Venezia,Doumbia I.,c,55.0,55.0,55,55
5,Venezia,Yeboah J.,c,6.5,7.0,"6,5",7
5,Venezia,Pohjanpalo,a,6.5,6.5,"6,5","6,5"
5,Venezia,Gytkjaer,a,55.0,55.0,55,55
5,Venezia,Di Francesco,all,7.0,7.0,7,7
5,Verona,Montipo',p,6.0,3.0,6,3
5,Verona,Magnani,d,4.5,4.5,"4,5","4,5"
5,Verona,Dawidowicz,d,4.0,3.0,4,3
5,Verona,Daniliuc,d,5.5,5.5,"5,5","5,5"
5,Verona,Coppola D.,d,4.5,4.0,"4,5",4
5,Verona,Tchatchoua,d,5.0,5.0,5,5
5,Verona,Frese,d,5.0,5.0,5,5
5,Verona,Lazovic,c,6.0,7.0,6,7
5,Verona,Kastanos,c,7.0,9.5,7,"9,5"
5,Verona,Belahyane,c,7.0,8.0,7,8
5,Verona,Dani Silva,c,5.0,5.0,5,5
5,Verona,Sarr A.,a,5.5,5.5,"5,5","5,5"
5,Verona,Mosquera,a,6.5,9.5,"6,5","9,5"
5,Verona,Rocha Livramento,a,6.0,5.5,6,"5,5"
5,Verona,Tengstedt,a,5.0,5.0,5,5
5,Verona,Lambourde,a,55.0,55.0,55,55
5,Verona,Zanetti,all,6.0,6.0,6,6
6,Atalanta,Carnesecchi,p,6.0,5.0,6,5
6,Atalanta,Cuadrado,d,6.0,6.0,6,6
6,Atalanta,Djimsiti,d,5.5,5.5,"5,5","5,5"
6,Atalanta,Kolasinac,d,5.5,5.5,"5,5","5,5"
6,Atalanta,Bellanova,d,5.5,5.0,"5,5",5
6,Atalanta,Ruggeri,d,5.5,5.5,"5,5","5,5"
6,Atalanta,Kossounou,d,5.5,5.0,"5,5",5
6,Atalanta,De Roon,c,6.0,6.0,6,6
6,Atalanta,Pasalic,c,5.5,5.5,"5,5","5,5"
6,Atalanta,Zaniolo,c,6.0,6.0,6,6
6,Atalanta,Brescianini,c,5.5,5.5,"5,5","5,5"
6,Atalanta,Samardzic,c,7.0,10.0,7,10
6,Atalanta,Ederson D.s.,c,6.0,5.5,6,"5,5"
6,Atalanta,Lookman,a,6.0,6.0,6,6
6,Atalanta,De Ketelaere,a,6.5,6.5,"6,5","6,5"
6,Atalanta,Retegui,a,5.5,5.5,"5,5","5,5"
6,Atalanta,Gasperini,all,5.5,5.5,"5,5","5,5"
6,Bologna,Skorupski,p,6.5,5.0,"6,5",5
6,Bologna,Lykogiannis,d,6.5,6.5,"6,5","6,5"
6,Bologna,Erlic,d,6.0,6.0,6,6
6,Bologna,Casale,d,6.0,6.0,6,6
6,Bologna,Holm,d,55.0,55.0,55,55
6,Bologna,Lucumi',d,4.5,3.5,"4,5","3,5"
6,Bologna,Posch,d,6.5,6.5,"6,5","6,5"
6,Bologna,Beukema,d,6.5,6.5,"6,5","6,5"
6,Bologna,Freuler,c,6.5,6.0,"6,5",6
6,Bologna,Orsolini,c,5.5,5.5,"5,5","5,5"
6,Bologna,Urbanski,c,6.0,6.0,6,6
6,Bologna,Ndoye,c,6.5,7.5,"6,5","7,5"
6,Bologna,Aebischer,c,6.0,6.0,6,6
6,Bologna,Fabbian,c,5.5,5.0,"5,5",5
6,Bologna,Castro S.,a,7.5,10.5,"7,5","10,5"
6,Bologna,Dallinga,a,6.0,6.0,6,6
6,Bologna,Italiano,all,6.5,6.5,"6,5","6,5"
6,Cagliari,Scuffet,p,6.0,4.0,6,4
6,Cagliari,Luperto,d,6.5,6.5,"6,5","6,5"
6,Cagliari,Palomino,d,5.0,5.0,5,5
6,Cagliari,Mina,d,6.5,6.5,"6,5","6,5"
6,Cagliari,Augello,d,6.5,6.5,"6,5","6,5"
6,Cagliari,Zortea,d,6.5,9.5,"6,5","9,5"
6,Cagliari,Zappa,d,5.5,5.5,"5,5","5,5"
6,Cagliari,Obert,d,6.0,5.5,6,"5,5"
6,Cagliari,Viola,c,7.0,7.0,7,7
6,Cagliari,Gaetano,c,7.0,8.0,7,8
6,Cagliari,Adopo,c,7.0,8.0,7,8
6,Cagliari,Marin,c,7.0,10.0,7,10
6,Cagliari,Makoumbou,c,6.0,6.0,6,6
6,Cagliari,Piccoli,a,7.5,10.0,"7,5",10
6,Cagliari,Luvumbo,a,6.5,7.5,"6,5","7,5"
6,Cagliari,Nicola,all,7.5,7.5,"7,5","7,5"
6,Como,Audero,p,6.5,4.5,"6,5","4,5"
6,Como,Sergi Roberto,d,5.5,5.0,"5,5",5
6,Como,Moreno Alb.,d,7.0,7.0,7,7
6,Como,Dossena,d,6.0,6.0,6,6
6,Como,Kempf,d,6.5,6.5,"6,5","6,5"
6,Como,Van Der Brempt,d,6.0,6.0,6,6
6,Como,Baselli,c,55.0,55.0,55,55
6,Como,Mazzitelli,c,6.5,7.5,"6,5","7,5"
6,Como,Strefezza,c,6.0,6.0,6,6
6,Como,Da Cunha,c,55.0,55.0,55,55
6,Como,Perrone,c,6.0,5.5,6,"5,5"
6,Como,Fadera,c,6.0,7.0,6,7
6,Como,Paz N.,c,6.5,7.5,"6,5","7,5"
6,Como,Belotti,a,7.0,10.0,7,10
6,Como,Cutrone,a,7.5,13.5,"7,5","13,5"
6,Como,Jasim,a,55.0,55.0,55,55
6,Como,Fabregas,all,7.0,7.0,7,7
6,Empoli,Vasquez D.,p,6.0,6.0,6,6
6,Empoli,Pezzella Giu.,d,6.0,6.0,6,6
6,Empoli,Ismajli,d,6.5,6.5,"6,5","6,5"
6,Empoli,Viti,d,6.5,6.5,"6,5","6,5"
6,Empoli,Goglichidze,d,6.5,6.5,"6,5","6,5"
6,Empoli,Grassi,c,6.0,6.0,6,6
6,Empoli,Haas,c,55.0,55.0,55,55
6,Empoli,Henderson L.,c,5.5,5.5,"5,5","5,5"
6,Empoli,Gyasi,c,6.0,6.0,6,6
6,Empoli,Anjorin,c,6.5,6.5,"6,5","6,5"
6,Empoli,Pellegri,a,6.0,6.0,6,6
6,Empoli,Esposito Se.,a,6.0,6.0,6,6
6,Empoli,Colombo,a,5.5,5.5,"5,5","5,5"
6,Empoli,Ekong,a,6.0,6.0,6,6
6,Empoli,Solbakken,a,5.5,5.5,"5,5","5,5"
6,Empoli,D'Aversa,all,6.0,6.0,6,6
6,Fiorentina,De Gea,p,6.0,6.0,6,6
6,Fiorentina,Gosens,d,6.0,6.0,6,6
6,Fiorentina,Ranieri L.,d,5.5,5.5,"5,5","5,5"
6,Fiorentina,Parisi,d,55.0,55.0,55,55
6,Fiorentina,Dodo',d,6.5,6.5,"6,5","6,5"
6,Fiorentina,Comuzzo,d,6.0,5.5,6,"5,5"
6,Fiorentina,Cataldi,c,6.0,6.0,6,6
6,Fiorentina,Sottil,c,55.0,55.0,55,55
6,Fiorentina,Ikone',c,6.0,6.0,6,6
6,Fiorentina,Bove,c,5.5,5.5,"5,5","5,5"
6,Fiorentina,Adli,c,6.0,6.0,6,6
6,Fiorentina,Colpani,c,5.5,5.5,"5,5","5,5"
6,Fiorentina,Kean,a,5.5,5.5,"5,5","5,5"
6,Fiorentina,Kouame',a,5.5,5.5,"5,5","5,5"
6,Fiorentina,Gudmundsson A.,a,5.5,5.5,"5,5","5,5"
6,Fiorentina,Beltran L.,a,6.0,6.0,6,6
6,Fiorentina,Palladino,all,6.0,6.0,6,6
6,Genoa,Gollini,p,6.0,3.0,6,3
6,Genoa,Sabelli,d,55.0,55.0,55,55
6,Genoa,Bani,d,5.0,5.0,5,5
6,Genoa,Vasquez,d,6.0,5.5,6,"5,5"
6,Genoa,Zanoli,d,6.0,6.0,6,6
6,Genoa,De Winter,d,5.0,5.0,5,5
6,Genoa,Matturro,d,5.0,5.0,5,5
6,Genoa,Ahanor,d,6.0,6.0,6,6
6,Genoa,Badelj,c,6.0,6.0,6,6
6,Genoa,Frendrup,c,5.5,5.0,"5,5",5
6,Genoa,Bohinen,c,5.5,5.5,"5,5","5,5"
6,Genoa,Miretti,c,6.0,6.0,6,6
6,Genoa,Kasa,c,6.0,6.0,6,6
6,Genoa,Pinamonti,a,5.5,5.5,"5,5","5,5"
6,Genoa,Vitinha O.,a,5.0,5.0,5,5
6,Genoa,Ankeye,a,6.0,6.0,6,6
6,Genoa,Gilardino,all,5.0,5.0,5,5
6,Inter,Sommer,p,6.0,4.0,6,4
6,Inter,Dimarco,d,7.0,7.0,7,7
6,Inter,De Vrij,d,5.5,5.5,"5,5","5,5"
6,Inter,Acerbi,d,6.0,6.0,6,6
6,Inter,Bastoni,d,6.0,6.0,6,6
6,Inter,Darmian,d,6.5,7.5,"6,5","7,5"
6,Inter,Carlos Augusto,d,6.0,6.0,6,6
6,Inter,Bisseck,d,6.0,6.0,6,6
6,Inter,Zielinski,c,55.0,55.0,55,55
6,Inter,Calhanoglu,c,6.5,6.5,"6,5","6,5"
6,Inter,Mkhitaryan,c,6.5,6.5,"6,5","6,5"
6,Inter,Frattesi,c,7.0,10.0,7,10
6,Inter,Correa,a,55.0,55.0,55,55
6,Inter,Martinez L.,a,7.5,13.5,"7,5","13,5"
6,Inter,Thuram,a,6.5,7.5,"6,5","7,5"
6,Inter,Taremi,a,6.0,6.0,6,6
6,Inter,Inzaghi S.,all,6.0,6.0,6,6
6,Juventus,Perin,p,6.0,6.0,6,6
6,Juventus,Bremer,d,6.5,6.5,"6,5","6,5"
6,Juventus,Danilo,d,5.5,5.5,"5,5","5,5"
6,Juventus,Kalulu,d,6.5,6.5,"6,5","6,5"
6,Juventus,Cambiaso,d,6.0,6.0,6,6
6,Juventus,Savona,d,6.0,6.0,6,6
6,Juventus,Rouhi,d,6.0,6.0,6,6
6,Juventus,Fagioli,c,6.5,6.0,"6,5",6
6,Juventus,Douglas Luiz,c,6.0,6.0,6,6
6,Juventus,McKennie,c,6.0,6.0,6,6
6,Juventus,Thuram K.,c,6.5,7.5,"6,5","7,5"
6,Juventus,Koopmeiners,c,6.5,7.5,"6,5","7,5"
6,Juventus,Conceicao,c,7.0,10.0,7,10
6,Juventus,Vlahovic,a,7.5,13.5,"7,5","13,5"
6,Juventus,Gonzalez N.,a,6.0,6.0,6,6
6,Juventus,Yildiz,a,6.0,6.0,6,6
6,Juventus,Thiago Motta,all,7.0,7.0,7,7
6,Lazio,Provedel,p,6.5,4.5,"6,5","4,5"
6,Lazio,Romagnoli,d,6.0,6.0,6,6
6,Lazio,Marusic,d,55.0,55.0,55,55
6,Lazio,Lazzari,d,6.0,6.0,6,6
6,Lazio,Pellegrini Lu.,d,6.0,6.0,6,6
6,Lazio,Tavares N.,d,7.0,8.0,7,8
6,Lazio,Gila,d,6.0,5.5,6,"5,5"
6,Lazio,Vecino,c,6.5,7.5,"6,5","7,5"
6,Lazio,Zaccagni,c,6.5,6.0,"6,5",6
6,Lazio,Guendouzi,c,7.0,10.0,7,10
6,Lazio,Rovella,c,6.5,6.5,"6,5","6,5"
6,Lazio,Tchaouna,c,5.5,5.5,"5,5","5,5"
6,Lazio,Dia,a,7.0,10.0,7,10
6,Lazio,Castellanos,a,6.0,6.0,6,6
6,Lazio,Isaksen,a,6.5,7.0,"6,5",7
6,Lazio,Noslin,a,7.0,10.0,7,10
6,Lazio,Baroni,all,6.5,6.5,"6,5","6,5"
6,Lecce,Falcone,p,6.0,3.0,6,3
6,Lecce,Gallo,d,5.5,5.5,"5,5","5,5"
6,Lecce,Baschirotto,d,5.0,4.5,5,"4,5"
6,Lecce,Dorgu,d,4.5,4.5,"4,5","4,5"
6,Lecce,Gaspar K.,d,6.0,6.0,6,6
6,Lecce,Coulibaly L.,c,5.5,5.5,"5,5","5,5"
6,Lecce,Oudin,c,55.0,55.0,55,55
6,Lecce,Rafia,c,6.0,6.0,6,6
6,Lecce,Ramadani,c,5.0,5.0,5,5
6,Lecce,Pierret,c,5.5,5.5,"5,5","5,5"
6,Lecce,Tete Morente,c,5.0,5.0,5,5
6,Lecce,Rebic,a,5.5,5.5,"5,5","5,5"
6,Lecce,Banda,a,6.5,6.5,"6,5","6,5"
6,Lecce,Krstovic,a,5.5,5.5,"5,5","5,5"
6,Lecce,Pierotti,a,6.0,6.0,6,6
6,Lecce,Gotti,all,5.0,5.0,5,5
6,Milan,Maignan,p,6.5,6.5,"6,5","6,5"
6,Milan,Hernandez T.,d,7.5,11.5,"7,5","11,5"
6,Milan,Gabbia,d,6.5,6.5,"6,5","6,5"
6,Milan,Tomori,d,6.5,6.5,"6,5","6,5"
6,Milan,Emerson Royal,d,6.0,5.5,6,"5,5"
6,Milan,Bartesaghi,d,4.0,3.0,4,3
6,Milan,Pulisic,c,7.0,10.0,7,10
6,Milan,Loftus-Cheek,c,6.0,6.0,6,6
6,Milan,Fofana Y.,c,6.5,6.5,"6,5","6,5"
6,Milan,Chukwueze,c,5.5,5.5,"5,5","5,5"
6,Milan,Musah,c,6.0,6.0,6,6
6,Milan,Reijnders,c,6.5,6.5,"6,5","6,5"
6,Milan,Morata,a,7.0,10.0,7,10
6,Milan,Jovic,a,5.5,5.5,"5,5","5,5"
6,Milan,Abraham,a,6.0,6.0,6,6
6,Milan,Leao,a,6.5,7.5,"6,5","7,5"
6,Milan,Fonseca,all,7.0,7.0,7,7
6,Monza,Turati,p,5.0,3.0,5,3
6,Monza,Izzo,d,5.5,5.0,"5,5",5
6,Monza,D'Ambrosio,d,55.0,55.0,55,55
6,Monza,Pereira P.,d,5.5,5.5,"5,5","5,5"
6,Monza,Kyriakopoulos,d,5.5,5.5,"5,5","5,5"
6,Monza,Mari',d,5.5,5.5,"5,5","5,5"
6,Monza,Carboni A.,d,5.0,5.0,5,5
6,Monza,Pessina,c,6.0,6.0,6,6
6,Monza,Maldini,c,6.5,6.0,"6,5",6
6,Monza,Bianco,c,5.5,5.5,"5,5","5,5"
6,Monza,Bondo,c,5.5,5.5,"5,5","5,5"
6,Monza,Martins K.,c,55.0,55.0,55,55
6,Monza,Caprari,a,55.0,55.0,55,55
6,Monza,Djuric,a,5.5,5.5,"5,5","5,5"
6,Monza,Nesta,all,6.0,6.0,6,6
6,Napoli,Caprile,p,6.0,6.0,6,6
6,Napoli,Spinazzola,d,55.0,55.0,55,55
6,Napoli,Buongiorno,d,6.5,6.5,"6,5","6,5"
6,Napoli,Di Lorenzo,d,6.5,6.5,"6,5","6,5"
6,Napoli,Rrahmani,d,6.0,6.0,6,6
6,Napoli,Mazzocchi,d,6.0,6.0,6,6
6,Napoli,Olivera,d,6.0,6.0,6,6
6,Napoli,Politano,c,7.0,10.0,7,10
6,Napoli,Zambo Anguissa,c,7.0,7.0,7,7
6,Napoli,Lobotka,c,7.0,7.0,7,7
6,Napoli,McTominay,c,6.0,6.0,6,6
6,Napoli,Gilmour,c,55.0,55.0,55,55
6,Napoli,Neres,c,55.0,55.0,55,55
6,Napoli,Lukaku,a,6.0,6.0,6,6
6,Napoli,Raspadori,a,55.0,55.0,55,55
6,Napoli,Kvaratskhelia,a,7.0,9.5,7,"9,5"
6,Napoli,Conte,all,6.0,6.0,6,6
6,Parma,Suzuki,p,6.0,3.0,6,3
6,Parma,Osorio,d,4.5,4.5,"4,5","4,5"
6,Parma,Balogh,d,5.5,5.5,"5,5","5,5"
6,Parma,Valeri,d,5.5,5.5,"5,5","5,5"
6,Parma,Delprato,d,5.0,5.0,5,5
6,Parma,Coulibaly W.,d,6.5,7.0,"6,5",7
6,Parma,Hernani,c,6.5,9.5,"6,5","9,5"
6,Parma,Sohm,c,5.5,5.5,"5,5","5,5"
6,Parma,Man,c,7.0,10.0,7,10
6,Parma,Bernabe',c,5.5,5.0,"5,5",5
6,Parma,Hainaut,c,5.0,5.0,5,5
6,Parma,Mihaila,a,5.5,5.5,"5,5","5,5"
6,Parma,Almqvist,a,5.5,5.5,"5,5","5,5"
6,Parma,Bonny,a,6.0,6.0,6,6
6,Parma,Charpentier,a,6.5,6.5,"6,5","6,5"
6,Parma,Haj Mohamed,a,55.0,55.0,55,55
6,Parma,Pecchia,all,5.5,5.5,"5,5","5,5"
6,Roma,Svilar,p,6.5,5.5,"6,5","5,5"
6,Roma,Mancini,d,6.5,6.5,"6,5","6,5"
6,Roma,N'Dicka,d,5.5,5.5,"5,5","5,5"
6,Roma,Celik,d,6.0,6.0,6,6
6,Roma,Angelino,d,6.0,6.0,6,6
6,Roma,Hermoso,d,55.0,55.0,55,55
6,Roma,Paredes,c,6.5,7.5,"6,5","7,5"
6,Roma,Pellegrini Lo.,c,6.0,7.0,6,7
6,Roma,Cristante,c,6.5,9.0,"6,5",9
6,Roma,El Shaarawy,c,5.5,5.5,"5,5","5,5"
6,Roma,Kone' M.,c,5.5,5.5,"5,5","5,5"
6,Roma,Baldanzi,c,6.0,6.0,6,6
6,Roma,Pisilli,c,7.0,10.0,7,10
6,Roma,Soule',a,5.5,5.5,"5,5","5,5"
6,Roma,Dovbyk,a,5.5,5.5,"5,5","5,5"
6,Roma,Juric,all,6.5,6.5,"6,5","6,5"
6,Torino,Paleari,p,6.5,3.5,"6,5","3,5"
6,Torino,Masina,d,6.0,7.0,6,7
6,Torino,Lazaro,d,6.0,6.0,6,6
6,Torino,Maripan,d,5.5,5.5,"5,5","5,5"
6,Torino,Vojvoda,d,5.0,5.0,5,5
6,Torino,Pedersen,d,6.0,6.0,6,6
6,Torino,Coco,d,6.0,9.0,6,9
6,Torino,Sosa B.,d,6.0,6.0,6,6
6,Torino,Tameze,c,6.0,6.0,6,6
6,Torino,Ilic,c,6.0,5.5,6,"5,5"
6,Torino,Ricci S.,c,6.0,6.0,6,6
6,Torino,Vlasic,c,6.5,7.5,"6,5","7,5"
6,Torino,Sanabria,a,5.5,5.0,"5,5",5
6,Torino,Zapata D.,a,6.0,6.0,6,6
6,Torino,Adams C.,a,7.0,10.0,7,10
6,Torino,Njie,a,5.5,5.5,"5,5","5,5"
6,Torino,Vanoli,all,5.5,4.5,"5,5","4,5"
6,Udinese,Okoye,p,5.5,2.5,"5,5","2,5"
6,Udinese,Kabasele,d,6.0,9.0,6,9
6,Udinese,Bijol,d,5.0,5.0,5,5
6,Udinese,Toure' I.s.,d,4.5,4.5,"4,5","4,5"
6,Udinese,Ehizibue,d,5.5,5.5,"5,5","5,5"
6,Udinese,Zemura,d,6.5,7.5,"6,5","7,5"
6,Udinese,Lovric,c,5.5,5.5,"5,5","5,5"
6,Udinese,Zarraga,c,5.5,5.5,"5,5","5,5"
6,Udinese,Karlstrom,c,5.5,5.0,"5,5",5
6,Udinese,Ekkelenkamp,c,5.5,5.5,"5,5","5,5"
6,Udinese,Atta,c,6.0,6.0,6,6
6,Udinese,Thauvin,a,5.5,5.5,"5,5","5,5"
6,Udinese,Davis K.,a,5.0,5.0,5,5
6,Udinese,Brenner,a,6.5,7.5,"6,5","7,5"
6,Udinese,Lucca,a,6.5,9.5,"6,5","9,5"
6,Udinese,Bravo,a,55.0,55.0,55,55
6,Udinese,Runjaic,all,6.0,6.0,6,6
6,Venezia,Joronen,p,6.0,4.0,6,4
6,Venezia,Zampano,d,5.5,5.5,"5,5","5,5"
6,Venezia,Candela,d,5.5,5.0,"5,5",5
6,Venezia,Svoboda,d,6.0,6.0,6,6
6,Venezia,Haps,d,6.0,6.0,6,6
6,Venezia,Idzes,d,5.0,4.5,5,"4,5"
6,Venezia,Nicolussi Caviglia,c,6.0,6.0,6,6
6,Venezia,Crnigoj,c,6.0,6.0,6,6
6,Venezia,Busio,c,6.0,6.0,6,6
6,Venezia,Ellertsson,c,6.5,6.5,"6,5","6,5"
6,Venezia,Oristanio,c,6.5,6.5,"6,5","6,5"
6,Venezia,Andersen M.K.,c,6.0,6.0,6,6
6,Venezia,Doumbia I.,c,6.0,6.0,6,6
6,Venezia,Pohjanpalo,a,7.0,10.0,7,10
6,Venezia,Raimondo,a,55.0,55.0,55,55
6,Venezia,Gytkjaer,a,55.0,55.0,55,55
6,Venezia,Di Francesco,all,5.5,5.5,"5,5","5,5"
6,Verona,Montipo',p,6.5,3.5,"6,5","3,5"
6,Verona,Magnani,d,5.0,5.0,5,5
6,Verona,Daniliuc,d,5.5,5.5,"5,5","5,5"
6,Verona,Coppola D.,d,5.5,5.0,"5,5",5
6,Verona,Tchatchoua,d,6.0,7.0,6,7
6,Verona,Frese,d,6.0,6.0,6,6
6,Verona,Lazovic,c,7.0,10.0,7,10
6,Verona,Kastanos,c,5.0,5.0,5,5
6,Verona,Duda,c,6.0,6.0,6,6
6,Verona,Belahyane,c,6.0,5.5,6,"5,5"
6,Verona,Suslov,c,5.0,4.0,5,4
6,Verona,Dani Silva,c,5.5,5.5,"5,5","5,5"
6,Verona,Mosquera,a,5.5,5.0,"5,5",5
6,Verona,Rocha Livramento,a,6.0,6.0,6,6
6,Verona,Tengstedt,a,6.0,6.0,6,6
6,Verona,Lambourde,a,6.5,9.5,"6,5","9,5"
6,Verona,Zanetti,all,5.5,5.5,"5,5","5,5"
7,Atalanta,Carnesecchi,p,6.0,5.0,6,5
7,Atalanta,Zappacosta,d,6.5,6.5,"6,5","6,5"
7,Atalanta,Kolasinac,d,6.5,6.5,"6,5","6,5"
7,Atalanta,Bellanova,d,6.0,6.0,6,6
7,Atalanta,Hien,d,6.5,6.5,"6,5","6,5"
7,Atalanta,Palestra,d,55.0,55.0,55,55
7,Atalanta,De Roon,c,7.0,10.0,7,10
7,Atalanta,Pasalic,c,6.0,6.0,6,6
7,Atalanta,Zaniolo,c,6.0,6.0,6,6
7,Atalanta,Samardzic,c,6.5,6.5,"6,5","6,5"
7,Atalanta,Ederson D.s.,c,7.5,10.5,"7,5","10,5"
7,Atalanta,Sulemana I.,c,55.0,55.0,55,55
7,Atalanta,Lookman,a,7.0,8.0,7,8
7,Atalanta,De Ketelaere,a,6.5,6.5,"6,5","6,5"
7,Atalanta,Retegui,a,8.5,18.5,"8,5","18,5"
7,Atalanta,Vlahovic V.,a,55.0,55.0,55,55
7,Atalanta,Gasperini,all,7.5,7.5,"7,5","7,5"
7,Bologna,Ravaglia F.,p,6.5,6.5,"6,5","6,5"
7,Bologna,Lykogiannis,d,6.0,6.0,6,6
7,Bologna,Miranda J.,d,6.0,6.0,6,6
7,Bologna,Erlic,d,6.0,6.0,6,6
7,Bologna,Holm,d,6.0,6.0,6,6
7,Bologna,Beukema,d,6.5,6.5,"6,5","6,5"
7,Bologna,Freuler,c,6.5,6.5,"6,5","6,5"
7,Bologna,Orsolini,c,5.5,5.5,"5,5","5,5"
7,Bologna,Urbanski,c,6.0,5.5,6,"5,5"
7,Bologna,Ndoye,c,6.5,6.5,"6,5","6,5"
7,Bologna,Aebischer,c,6.0,6.0,6,6
7,Bologna,Moro N.,c,5.5,5.5,"5,5","5,5"
7,Bologna,Iling Junior,c,5.5,5.5,"5,5","5,5"
7,Bologna,Fabbian,c,6.0,6.0,6,6
7,Bologna,Karlsson,c,6.0,6.0,6,6
7,Bologna,Castro S.,a,6.0,6.0,6,6
7,Bologna,Italiano,all,6.0,6.0,6,6
7,Cagliari,Scuffet,p,6.5,5.5,"6,5","5,5"
7,Cagliari,Luperto,d,5.5,5.5,"5,5","5,5"
7,Cagliari,Mina,d,6.5,6.0,"6,5",6
7,Cagliari,Augello,d,5.5,5.5,"5,5","5,5"
7,Cagliari,Zortea,d,5.5,5.5,"5,5","5,5"
7,Cagliari,Zappa,d,6.0,6.0,6,6
7,Cagliari,Obert,d,7.0,7.0,7,7
7,Cagliari,Viola,c,6.0,6.0,6,6
7,Cagliari,Deiola,c,6.0,5.5,6,"5,5"
7,Cagliari,Gaetano,c,6.0,6.0,6,6
7,Cagliari,Adopo,c,6.0,6.0,6,6
7,Cagliari,Marin,c,7.0,10.0,7,10
7,Cagliari,Makoumbou,c,5.5,5.5,"5,5","5,5"
7,Cagliari,Piccoli,a,6.0,6.0,6,6
7,Cagliari,Luvumbo,a,6.0,6.0,6,6
7,Cagliari,Mutandwa,a,6.0,6.0,6,6
7,Cagliari,Nicola,all,6.5,6.5,"6,5","6,5"
7,Como,Audero,p,6.0,3.0,6,3
7,Como,Sergi Roberto,d,5.0,5.0,5,5
7,Como,Sala M.,d,55.0,55.0,55,55
7,Como,Moreno Alb.,d,6.0,6.0,6,6
7,Como,Dossena,d,5.0,5.0,5,5
7,Como,Kempf,d,5.0,5.0,5,5
7,Como,Van Der Brempt,d,6.0,6.0,6,6
7,Como,Verdi,c,6.0,6.0,6,6
7,Como,Strefezza,c,7.0,9.5,7,"9,5"
7,Como,Perrone,c,6.5,7.5,"6,5","7,5"
7,Como,Engelhardt,c,55.0,55.0,55,55
7,Como,Fadera,c,5.5,5.5,"5,5","5,5"
7,Como,Paz N.,c,6.0,6.0,6,6
7,Como,Belotti,a,55.0,55.0,55,55
7,Como,Cutrone,a,5.5,5.5,"5,5","5,5"
7,Como,Gabrielloni,a,55.0,55.0,55,55
7,Como,Fabregas,all,5.5,5.5,"5,5","5,5"
7,Empoli,Vasquez D.,p,7.5,8.5,"7,5","8,5"
7,Empoli,De Sciglio,d,55.0,55.0,55,55
7,Empoli,Pezzella Giu.,d,6.0,6.5,6,"6,5"
7,Empoli,Ismajli,d,7.0,7.0,7,7
7,Empoli,Viti,d,6.0,6.0,6,6
7,Empoli,Cacace,d,5.5,5.5,"5,5","5,5"
7,Empoli,Goglichidze,d,6.0,6.0,6,6
7,Empoli,Grassi,c,5.0,4.5,5,"4,5"
7,Empoli,Henderson L.,c,5.5,5.5,"5,5","5,5"
7,Empoli,Gyasi,c,5.5,5.0,"5,5",5
7,Empoli,Fazzini,c,6.0,5.5,6,"5,5"
7,Empoli,Anjorin,c,7.0,7.0,7,7
7,Empoli,Esposito Se.,a,7.0,10.0,7,10
7,Empoli,Colombo,a,55.0,55.0,55,55
7,Empoli,Ekong,a,5.5,5.5,"5,5","5,5"
7,Empoli,Solbakken,a,6.0,6.0,6,6
7,Empoli,D'Aversa,all,6.5,6.5,"6,5","6,5"
7,Fiorentina,De Gea,p,9.0,14.0,9,14
7,Fiorentina,Biraghi,d,6.0,6.0,6,6
7,Fiorentina,Gosens,d,6.5,6.5,"6,5","6,5"
7,Fiorentina,Ranieri L.,d,6.0,6.0,6,6
7,Fiorentina,Dodo',d,6.5,6.0,"6,5",6
7,Fiorentina,Kayode,d,55.0,55.0,55,55
7,Fiorentina,Comuzzo,d,6.0,6.0,6,6
7,Fiorentina,Cataldi,c,6.0,6.0,6,6
7,Fiorentina,Bove,c,6.5,6.0,"6,5",6
7,Fiorentina,Adli,c,7.0,10.0,7,10
7,Fiorentina,Colpani,c,6.0,6.0,6,6
7,Fiorentina,Richardson,c,6.0,6.0,6,6
7,Fiorentina,Kean,a,5.5,3.5,"5,5","3,5"
7,Fiorentina,Kouame',a,6.0,6.0,6,6
7,Fiorentina,Gudmundsson A.,a,7.0,10.0,7,10
7,Fiorentina,Palladino,all,7.0,6.0,7,6
7,Genoa,Gollini,p,5.5,0.5,"5,5","0,5"
7,Genoa,Bani,d,5.5,5.5,"5,5","5,5"
7,Genoa,Martin,d,5.0,5.0,5,5
7,Genoa,Vasquez,d,4.5,4.5,"4,5","4,5"
7,Genoa,Zanoli,d,5.0,5.0,5,5
7,Genoa,De Winter,d,5.0,5.0,5,5
7,Genoa,Vogliacco,d,4.5,4.5,"4,5","4,5"
7,Genoa,Norton-Cuffy,d,55.0,55.0,55,55
7,Genoa,Melegoni,c,6.5,6.5,"6,5","6,5"
7,Genoa,Thorsby,c,4.5,4.5,"4,5","4,5"
7,Genoa,Bohinen,c,4.5,4.5,"4,5","4,5"
7,Genoa,Miretti,c,5.0,5.0,5,5
7,Genoa,Pinamonti,a,5.0,5.0,5,5
7,Genoa,Vitinha O.,a,5.0,5.0,5,5
7,Genoa,Ankeye,a,55.0,55.0,55,55
7,Genoa,Ekhator,a,6.5,9.5,"6,5","9,5"
7,Genoa,Gilardino,all,5.0,5.0,5,5
7,Inter,Sommer,p,6.0,4.0,6,4
7,Inter,Dimarco,d,6.5,6.5,"6,5","6,5"
7,Inter,De Vrij,d,55.0,55.0,55,55
7,Inter,Acerbi,d,6.5,7.5,"6,5","7,5"
7,Inter,Bastoni,d,7.0,8.0,7,8
7,Inter,Darmian,d,6.0,6.0,6,6
7,Inter,Pavard,d,6.0,6.0,6,6
7,Inter,Dumfries,d,6.0,6.0,6,6
7,Inter,Bisseck,d,5.5,5.0,"5,5",5
7,Inter,Zielinski,c,6.0,6.0,6,6
7,Inter,Calhanoglu,c,6.5,6.5,"6,5","6,5"
7,Inter,Mkhitaryan,c,6.5,6.5,"6,5","6,5"
7,Inter,Frattesi,c,6.0,6.0,6,6
7,Inter,Martinez L.,a,6.0,6.0,6,6
7,Inter,Thuram,a,8.0,17.0,8,17
7,Inter,Taremi,a,6.0,6.0,6,6
7,Inter,Inzaghi S.,all,6.5,6.5,"6,5","6,5"
7,Juventus,Di Gregorio,p,6.0,5.0,6,5
7,Juventus,Danilo,d,6.0,6.0,6,6
7,Juventus,Kalulu,d,6.0,6.0,6,6
7,Juventus,Cambiaso,d,6.0,5.5,6,"5,5"
7,Juventus,Gatti,d,6.5,6.5,"6,5","6,5"
7,Juventus,Savona,d,6.0,5.5,6,"5,5"
7,Juventus,Locatelli,c,6.5,6.5,"6,5","6,5"
7,Juventus,Fagioli,c,6.0,6.0,6,6
7,Juventus,Douglas Luiz,c,5.0,5.0,5,5
7,Juventus,McKennie,c,6.0,6.0,6,6
7,Juventus,Thuram K.,c,6.0,5.5,6,"5,5"
7,Juventus,Koopmeiners,c,6.0,6.0,6,6
7,Juventus,Conceicao,c,5.5,4.5,"5,5","4,5"
7,Juventus,Vlahovic,a,6.5,9.5,"6,5","9,5"
7,Juventus,Yildiz,a,6.0,6.0,6,6
7,Juventus,Mbangula,a,6.0,6.0,6,6
7,Juventus,Thiago Motta,all,5.5,5.5,"5,5","5,5"
7,Lazio,Provedel,p,5.0,4.0,5,4
7,Lazio,Romagnoli,d,6.0,6.0,6,6
7,Lazio,Marusic,d,6.0,6.0,6,6
7,Lazio,Lazzari,d,6.0,6.0,6,6
7,Lazio,Pellegrini Lu.,d,55.0,55.0,55,55
7,Lazio,Tavares N.,d,7.0,8.0,7,8
7,Lazio,Gila,d,7.0,7.0,7,7
7,Lazio,Zaccagni,c,7.0,10.0,7,10
7,Lazio,Guendouzi,c,6.5,6.5,"6,5","6,5"
7,Lazio,Castrovilli,c,55.0,55.0,55,55
7,Lazio,Rovella,c,6.0,5.5,6,"5,5"
7,Lazio,Pedro,a,7.0,10.0,7,10
7,Lazio,Dia,a,6.0,6.0,6,6
7,Lazio,Castellanos,a,6.0,3.5,6,"3,5"
7,Lazio,Isaksen,a,5.5,5.5,"5,5","5,5"
7,Lazio,Noslin,a,55.0,55.0,55,55
7,Lazio,Baroni,all,7.0,7.0,7,7
7,Lecce,Falcone,p,6.0,5.0,6,5
7,Lecce,Gallo,d,6.0,6.0,6,6
7,Lecce,Guilbert,d,6.0,6.0,6,6
7,Lecce,Baschirotto,d,6.0,5.5,6,"5,5"
7,Lecce,Dorgu,d,5.5,5.5,"5,5","5,5"
7,Lecce,Gaspar K.,d,6.5,6.5,"6,5","6,5"
7,Lecce,Coulibaly L.,c,5.5,5.5,"5,5","5,5"
7,Lecce,Oudin,c,55.0,55.0,55,55
7,Lecce,Rafia,c,6.0,6.0,6,6
7,Lecce,Ramadani,c,5.0,5.0,5,5
7,Lecce,Pierret,c,6.0,6.0,6,6
7,Lecce,Tete Morente,c,55.0,55.0,55,55
7,Lecce,Rebic,a,6.0,5.5,6,"5,5"
7,Lecce,Krstovic,a,5.5,5.5,"5,5","5,5"
7,Lecce,Pierotti,a,5.5,5.5,"5,5","5,5"
7,Lecce,Gotti,all,6.0,6.0,6,6
7,Milan,Maignan,p,7.0,8.0,7,8
7,Milan,Hernandez T.,d,4.0,1.0,4,1
7,Milan,Gabbia,d,6.0,6.0,6,6
7,Milan,Tomori,d,5.0,4.5,5,"4,5"
7,Milan,Emerson Royal,d,5.0,5.0,5,5
7,Milan,Pulisic,c,7.0,10.0,7,10
7,Milan,Fofana Y.,c,5.5,5.5,"5,5","5,5"
7,Milan,Chukwueze,c,55.0,55.0,55,55
7,Milan,Reijnders,c,6.0,5.5,6,"5,5"
7,Milan,Morata,a,5.0,4.5,5,"4,5"
7,Milan,Abraham,a,4.5,1.5,"4,5","1,5"
7,Milan,Leao,a,6.5,6.5,"6,5","6,5"
7,Milan,Okafor,a,5.5,5.5,"5,5","5,5"
7,Milan,Fonseca,all,5.0,4.5,5,"4,5"
7,Monza,Pizzignacco,p,6.5,5.5,"6,5","5,5"
7,Monza,Izzo,d,5.0,5.0,5,5
7,Monza,D'Ambrosio,d,6.0,5.5,6,"5,5"
7,Monza,Pereira P.,d,5.5,5.5,"5,5","5,5"
7,Monza,Kyriakopoulos,d,6.0,5.5,6,"5,5"
7,Monza,Mari',d,5.0,5.0,5,5
7,Monza,Carboni A.,d,6.0,7.0,6,7
7,Monza,Pessina,c,6.5,6.5,"6,5","6,5"
7,Monza,Maldini,c,6.5,6.5,"6,5","6,5"
7,Monza,Bianco,c,6.5,6.5,"6,5","6,5"
7,Monza,Bondo,c,6.0,6.0,6,6
7,Monza,Caprari,a,55.0,55.0,55,55
7,Monza,Djuric,a,6.0,5.5,6,"5,5"
7,Monza,Mota,a,7.0,10.0,7,10
7,Monza,Nesta,all,6.0,6.0,6,6
7,Napoli,Caprile,p,6.0,5.0,6,5
7,Napoli,Spinazzola,d,55.0,55.0,55,55
7,Napoli,Buongiorno,d,6.0,5.5,6,"5,5"
7,Napoli,Di Lorenzo,d,6.5,6.5,"6,5","6,5"
7,Napoli,Rrahmani,d,6.0,6.0,6,6
7,Napoli,Mazzocchi,d,55.0,55.0,55,55
7,Napoli,Olivera,d,7.0,7.0,7,7
7,Napoli,Politano,c,6.5,6.5,"6,5","6,5"
7,Napoli,Zambo Anguissa,c,6.0,6.0,6,6
7,Napoli,Lobotka,c,6.5,6.5,"6,5","6,5"
7,Napoli,McTominay,c,7.5,10.5,"7,5","10,5"
7,Napoli,Gilmour,c,55.0,55.0,55,55
7,Napoli,Neres,c,7.0,10.0,7,10
7,Napoli,Simeone,a,55.0,55.0,55,55
7,Napoli,Lukaku,a,8.0,13.0,8,13
7,Napoli,Kvaratskhelia,a,5.5,5.5,"5,5","5,5"
7,Napoli,Conte,all,7.0,6.5,7,"6,5"
7,Parma,Suzuki,p,6.5,6.5,"6,5","6,5"
7,Parma,Balogh,d,6.5,6.5,"6,5","6,5"
7,Parma,Valeri,d,6.5,6.5,"6,5","6,5"
7,Parma,Delprato,d,6.5,6.5,"6,5","6,5"
7,Parma,Coulibaly W.,d,4.5,3.5,"4,5","3,5"
7,Parma,Hernani,c,6.0,6.0,6,6
7,Parma,Sohm,c,6.0,6.0,6,6
7,Parma,Man,c,5.5,5.5,"5,5","5,5"
7,Parma,Camara D.,c,55.0,55.0,55,55
7,Parma,Bernabe',c,6.5,6.5,"6,5","6,5"
7,Parma,Hainaut,c,6.0,6.0,6,6
7,Parma,Keita M.,c,55.0,55.0,55,55
7,Parma,Mihaila,a,6.0,6.0,6,6
7,Parma,Cancellieri,a,5.5,5.5,"5,5","5,5"
7,Parma,Bonny,a,5.5,5.5,"5,5","5,5"
7,Parma,Charpentier,a,6.0,6.0,6,6
7,Parma,Pecchia,all,6.0,6.0,6,6
7,Roma,Svilar,p,5.5,4.5,"5,5","4,5"
7,Roma,Mancini,d,6.0,6.0,6,6
7,Roma,N'Dicka,d,6.0,6.0,6,6
7,Roma,Celik,d,6.0,6.0,6,6
7,Roma,Angelino,d,6.0,6.0,6,6
7,Roma,Hermoso,d,6.0,6.0,6,6
7,Roma,Pellegrini Lo.,c,5.5,5.5,"5,5","5,5"
7,Roma,Cristante,c,6.5,7.5,"6,5","7,5"
7,Roma,El Shaarawy,c,6.0,6.0,6,6
7,Roma,Zalewski,c,6.5,6.5,"6,5","6,5"
7,Roma,Kone' M.,c,7.0,7.0,7,7
7,Roma,Baldanzi,c,55.0,55.0,55,55
7,Roma,Pisilli,c,6.0,6.0,6,6
7,Roma,Shomurodov,a,55.0,55.0,55,55
7,Roma,Soule',a,5.5,5.0,"5,5",5
7,Roma,Dovbyk,a,7.0,10.0,7,10
7,Roma,Juric,all,6.0,6.0,6,6
7,Torino,Milinkovic-Savic V.,p,6.0,3.0,6,3
7,Torino,Masina,d,6.5,6.5,"6,5","6,5"
7,Torino,Walukiewicz,d,5.5,5.0,"5,5",5
7,Torino,Lazaro,d,5.5,5.5,"5,5","5,5"
7,Torino,Maripan,d,4.0,3.0,4,3
7,Torino,Vojvoda,d,6.0,6.0,6,6
7,Torino,Pedersen,d,5.0,5.0,5,5
7,Torino,Coco,d,5.0,5.0,5,5
7,Torino,Linetty,c,5.5,5.0,"5,5",5
7,Torino,Ilic,c,6.0,6.0,6,6
7,Torino,Ricci S.,c,6.0,6.0,6,6
7,Torino,Vlasic,c,6.5,9.5,"6,5","9,5"
7,Torino,Gineitis,c,6.5,7.5,"6,5","7,5"
7,Torino,Zapata D.,a,7.0,10.0,7,10
7,Torino,Karamoh,a,55.0,55.0,55,55
7,Torino,Adams C.,a,6.0,6.0,6,6
7,Torino,Vanoli,all,6.0,6.0,6,6
7,Udinese,Okoye,p,6.5,6.5,"6,5","6,5"
7,Udinese,Kabasele,d,6.5,6.5,"6,5","6,5"
7,Udinese,Kamara H.,d,6.5,6.0,"6,5",6
7,Udinese,Bijol,d,6.5,6.5,"6,5","6,5"
7,Udinese,Toure' I.s.,d,6.5,6.5,"6,5","6,5"
7,Udinese,Abankwah,d,55.0,55.0,55,55
7,Udinese,Ehizibue,d,6.0,5.5,6,"5,5"
7,Udinese,Zemura,d,7.0,10.0,7,10
7,Udinese,Zarraga,c,6.0,6.0,6,6
7,Udinese,Karlstrom,c,6.0,6.0,6,6
7,Udinese,Ekkelenkamp,c,6.5,6.5,"6,5","6,5"
7,Udinese,Atta,c,55.0,55.0,55,55
7,Udinese,Davis K.,a,6.0,6.0,6,6
7,Udinese,Brenner,a,5.5,5.5,"5,5","5,5"
7,Udinese,Lucca,a,5.5,5.5,"5,5","5,5"
7,Udinese,Bravo,a,55.0,55.0,55,55
7,Udinese,Runjaic,all,6.5,6.5,"6,5","6,5"
7,Venezia,Joronen,p,4.5,0.5,"4,5","0,5"
7,Venezia,Zampano,d,6.0,6.0,6,6
7,Venezia,Candela,d,6.0,6.0,6,6
7,Venezia,Svoboda,d,6.0,6.0,6,6
7,Venezia,Haps,d,5.5,5.5,"5,5","5,5"
7,Venezia,Idzes,d,6.0,6.0,6,6
7,Venezia,Sverko,d,5.5,5.5,"5,5","5,5"
7,Venezia,Nicolussi Caviglia,c,6.5,7.5,"6,5","7,5"
7,Venezia,Busio,c,5.5,5.5,"5,5","5,5"
7,Venezia,Ellertsson,c,5.5,5.5,"5,5","5,5"
7,Venezia,Oristanio,c,7.5,10.5,"7,5","10,5"
7,Venezia,Doumbia I.,c,5.5,5.5,"5,5","5,5"
7,Venezia,Yeboah J.,c,6.0,6.0,6,6
7,Venezia,Pohjanpalo,a,6.0,6.0,6,6
7,Venezia,Raimondo,a,55.0,55.0,55,55
7,Venezia,Gytkjaer,a,5.5,5.5,"5,5","5,5"
7,Venezia,Di Francesco,all,5.0,5.0,5,5
7,Verona,Montipo',p,6.0,5.0,6,5
7,Verona,Magnani,d,6.5,6.0,"6,5",6
7,Verona,Bradaric,d,6.0,5.5,6,"5,5"
7,Verona,Coppola D.,d,55.0,55.0,55,55
7,Verona,Okou,d,55.0,55.0,55,55
7,Verona,Tchatchoua,d,6.5,6.5,"6,5","6,5"
7,Verona,Ghilardi,d,6.0,6.0,6,6
7,Verona,Lazovic,c,6.5,6.5,"6,5","6,5"
7,Verona,Kastanos,c,6.5,6.5,"6,5","6,5"
7,Verona,Duda,c,7.0,6.5,7,"6,5"
7,Verona,Belahyane,c,6.5,6.5,"6,5","6,5"
7,Verona,Dani Silva,c,55.0,55.0,55,55
7,Verona,Sarr A.,a,55.0,55.0,55,55
7,Verona,Mosquera,a,6.5,7.5,"6,5","7,5"
7,Verona,Rocha Livramento,a,5.5,5.5,"5,5","5,5"
7,Verona,Tengstedt,a,7.0,10.0,7,10
7,Verona,Zanetti,all,7.0,7.0,7,7
8,Atalanta,Carnesecchi,p,6.0,6.0,6,6
8,Atalanta,Zappacosta,d,6.5,6.5,"6,5","6,5"
8,Atalanta,Cuadrado,d,6.0,6.0,6,6
8,Atalanta,Djimsiti,d,6.0,6.0,6,6
8,Atalanta,Bellanova,d,6.5,6.5,"6,5","6,5"
8,Atalanta,Ruggeri,d,6.0,6.0,6,6
8,Atalanta,Hien,d,6.5,6.5,"6,5","6,5"
8,Atalanta,De Roon,c,6.0,6.0,6,6
8,Atalanta,Pasalic,c,7.0,10.0,7,10
8,Atalanta,Zaniolo,c,5.5,5.5,"5,5","5,5"
8,Atalanta,Samardzic,c,6.5,6.5,"6,5","6,5"
8,Atalanta,Ederson D.s.,c,6.0,5.5,6,"5,5"
8,Atalanta,Sulemana I.,c,6.0,6.0,6,6
8,Atalanta,Lookman,a,6.5,6.5,"6,5","6,5"
8,Atalanta,De Ketelaere,a,6.0,6.0,6,6
8,Atalanta,Retegui,a,7.0,10.0,7,10
8,Atalanta,Gasperini,all,7.0,7.0,7,7
8,Bologna,Ravaglia F.,p,6.0,4.0,6,4
8,Bologna,Miranda J.,d,5.5,5.5,"5,5","5,5"
8,Bologna,Casale,d,4.5,4.5,"4,5","4,5"
8,Bologna,Holm,d,55.0,55.0,55,55
8,Bologna,Posch,d,6.0,6.0,6,6
8,Bologna,Beukema,d,5.5,5.5,"5,5","5,5"
8,Bologna,Freuler,c,6.5,6.5,"6,5","6,5"
8,Bologna,Orsolini,c,7.0,10.0,7,10
8,Bologna,Moro N.,c,7.0,8.0,7,8
8,Bologna,Fabbian,c,6.0,6.0,6,6
8,Bologna,Karlsson,c,5.5,5.5,"5,5","5,5"
8,Bologna,Odgaard,a,7.0,10.0,7,10
8,Bologna,Castro S.,a,5.5,5.5,"5,5","5,5"
8,Bologna,Dallinga,a,6.0,6.0,6,6
8,Bologna,Dominguez B.,a,6.0,6.0,6,6
8,Bologna,Italiano,all,5.5,5.5,"5,5","5,5"
8,Cagliari,Scuffet,p,6.0,4.0,6,4
8,Cagliari,Luperto,d,6.5,7.5,"6,5","7,5"
8,Cagliari,Palomino,d,7.5,10.5,"7,5","10,5"
8,Cagliari,Mina,d,6.0,6.0,6,6
8,Cagliari,Augello,d,6.5,6.5,"6,5","6,5"
8,Cagliari,Zortea,d,5.5,5.5,"5,5","5,5"
8,Cagliari,Zappa,d,6.5,6.5,"6,5","6,5"
8,Cagliari,Viola,c,7.0,10.0,7,10
8,Cagliari,Deiola,c,55.0,55.0,55,55
8,Cagliari,Gaetano,c,6.5,6.5,"6,5","6,5"
8,Cagliari,Adopo,c,5.5,5.0,"5,5",5
8,Cagliari,Marin,c,6.5,6.5,"6,5","6,5"
8,Cagliari,Makoumbou,c,5.0,5.0,5,5
8,Cagliari,Lapadula,a,6.0,6.0,6,6
8,Cagliari,Piccoli,a,6.5,6.5,"6,5","6,5"
8,Cagliari,Luvumbo,a,6.0,6.0,6,6
8,Cagliari,Nicola,all,7.0,7.0,7,7
8,Como,Audero,p,6.0,5.0,6,5
8,Como,Goldaniga,d,55.0,55.0,55,55
8,Como,Sergi Roberto,d,6.0,5.5,6,"5,5"
8,Como,Sala M.,d,6.0,6.0,6,6
8,Como,Moreno Alb.,d,6.0,6.0,6,6
8,Como,Dossena,d,5.5,5.5,"5,5","5,5"
8,Como,Kempf,d,6.5,6.5,"6,5","6,5"
8,Como,Van Der Brempt,d,5.5,5.5,"5,5","5,5"
8,Como,Mazzitelli,c,6.0,6.0,6,6
8,Como,Strefezza,c,6.5,6.5,"6,5","6,5"
8,Como,Da Cunha,c,6.0,6.0,6,6
8,Como,Perrone,c,6.0,6.0,6,6
8,Como,Fadera,c,6.5,7.5,"6,5","7,5"
8,Como,Paz N.,c,7.0,10.0,7,10
8,Como,Cutrone,a,6.0,6.0,6,6
8,Como,Gabrielloni,a,55.0,55.0,55,55
8,Como,Fabregas,all,6.5,6.5,"6,5","6,5"
8,Empoli,Vasquez D.,p,6.0,5.0,6,5
8,Empoli,Pezzella Giu.,d,6.5,6.5,"6,5","6,5"
8,Empoli,Ismajli,d,6.5,6.5,"6,5","6,5"
8,Empoli,Viti,d,6.0,6.0,6,6
8,Empoli,Goglichidze,d,6.0,6.0,6,6
8,Empoli,Grassi,c,6.0,5.5,6,"5,5"
8,Empoli,Haas,c,6.0,5.5,6,"5,5"
8,Empoli,Henderson L.,c,6.0,6.0,6,6
8,Empoli,Gyasi,c,5.5,5.5,"5,5","5,5"
8,Empoli,Fazzini,c,6.5,6.5,"6,5","6,5"
8,Empoli,Anjorin,c,6.5,6.5,"6,5","6,5"
8,Empoli,Esposito Se.,a,6.5,6.5,"6,5","6,5"
8,Empoli,Colombo,a,5.5,5.5,"5,5","5,5"
8,Empoli,Ekong,a,6.0,6.0,6,6
8,Empoli,Solbakken,a,5.5,5.5,"5,5","5,5"
8,Empoli,Konate Is.,a,55.0,55.0,55,55
8,Empoli,D'Aversa,all,6.0,6.0,6,6
8,Fiorentina,De Gea,p,6.0,6.0,6,6
8,Fiorentina,Gosens,d,6.5,6.0,"6,5",6
8,Fiorentina,Ranieri L.,d,6.5,6.0,"6,5",6
8,Fiorentina,Parisi,d,6.5,9.5,"6,5","9,5"
8,Fiorentina,Dodo',d,7.0,7.0,7,7
8,Fiorentina,Comuzzo,d,6.5,6.5,"6,5","6,5"
8,Fiorentina,Cataldi,c,8.0,14.0,8,14
8,Fiorentina,Sottil,c,6.0,6.0,6,6
8,Fiorentina,Bove,c,6.5,7.5,"6,5","7,5"
8,Fiorentina,Adli,c,6.5,6.0,"6,5",6
8,Fiorentina,Colpani,c,8.0,13.5,8,"13,5"
8,Fiorentina,Richardson,c,6.0,5.5,6,"5,5"
8,Fiorentina,Kean,a,6.5,6.5,"6,5","6,5"
8,Fiorentina,Kouame',a,6.5,7.5,"6,5","7,5"
8,Fiorentina,Gudmundsson A.,a,55.0,55.0,55,55
8,Fiorentina,Beltran L.,a,7.0,10.0,7,10
8,Fiorentina,Palladino,all,8.0,8.0,8,8
8,Genoa,Leali,p,6.5,4.5,"6,5","4,5"
8,Genoa,Sabelli,d,6.0,6.0,6,6
8,Genoa,Martin,d,6.5,7.0,"6,5",7
8,Genoa,Vasquez,d,5.5,5.5,"5,5","5,5"
8,Genoa,Zanoli,d,6.0,6.0,6,6
8,Genoa,Matturro,d,5.0,5.0,5,5
8,Genoa,Marcandalli,d,5.5,5.5,"5,5","5,5"
8,Genoa,Norton-Cuffy,d,5.5,5.5,"5,5","5,5"
8,Genoa,Melegoni,c,5.5,5.5,"5,5","5,5"
8,Genoa,Thorsby,c,5.5,5.5,"5,5","5,5"
8,Genoa,Frendrup,c,6.0,6.0,6,6
8,Genoa,Miretti,c,5.0,5.0,5,5
8,Genoa,Masini,c,6.0,6.0,6,6
8,Genoa,Pinamonti,a,7.5,13.0,"7,5",13
8,Genoa,Ankeye,a,55.0,55.0,55,55
8,Genoa,Ekhator,a,6.0,7.0,6,7
8,Genoa,Gilardino,all,6.5,6.0,"6,5",6
8,Inter,Sommer,p,6.5,6.5,"6,5","6,5"
8,Inter,Dimarco,d,6.0,6.0,6,6
8,Inter,De Vrij,d,6.5,6.5,"6,5","6,5"
8,Inter,Acerbi,d,6.0,6.0,6,6
8,Inter,Bastoni,d,6.5,6.5,"6,5","6,5"
8,Inter,Darmian,d,6.0,5.5,6,"5,5"
8,Inter,Pavard,d,6.0,6.0,6,6
8,Inter,Dumfries,d,6.5,6.5,"6,5","6,5"
8,Inter,Bisseck,d,6.0,6.0,6,6
8,Inter,Barella,c,6.0,5.5,6,"5,5"
8,Inter,Calhanoglu,c,55.0,55.0,55,55
8,Inter,Mkhitaryan,c,6.5,6.5,"6,5","6,5"
8,Inter,Frattesi,c,6.5,6.5,"6,5","6,5"
8,Inter,Correa,a,6.0,5.5,6,"5,5"
8,Inter,Martinez L.,a,7.0,10.0,7,10
8,Inter,Thuram,a,6.5,6.5,"6,5","6,5"
8,Inter,Inzaghi S.,all,7.0,6.5,7,"6,5"
8,Juventus,Di Gregorio,p,6.0,6.0,6,6
8,Juventus,Danilo,d,6.0,6.0,6,6
8,Juventus,Kalulu,d,6.5,6.5,"6,5","6,5"
8,Juventus,Cambiaso,d,6.5,6.5,"6,5","6,5"
8,Juventus,Gatti,d,6.0,6.0,6,6
8,Juventus,Cabal,d,7.0,7.0,7,7
8,Juventus,Savona,d,6.0,5.5,6,"5,5"
8,Juventus,Locatelli,c,6.0,5.5,6,"5,5"
8,Juventus,Fagioli,c,6.0,5.5,6,"5,5"
8,Juventus,Weah,c,6.5,6.5,"6,5","6,5"
8,Juventus,Douglas Luiz,c,5.5,5.0,"5,5",5
8,Juventus,Thuram K.,c,6.5,6.5,"6,5","6,5"
8,Juventus,Adzic,c,6.0,6.0,6,6
8,Juventus,Vlahovic,a,6.0,6.0,6,6
8,Juventus,Yildiz,a,5.5,5.5,"5,5","5,5"
8,Juventus,Thiago Motta,all,6.0,6.0,6,6
8,Lazio,Provedel,p,5.5,4.5,"5,5","4,5"
8,Lazio,Patric,d,6.0,6.0,6,6
8,Lazio,Romagnoli,d,4.0,3.0,4,3
8,Lazio,Marusic,d,6.0,6.0,6,6
8,Lazio,Pellegrini Lu.,d,55.0,55.0,55,55
8,Lazio,Tavares N.,d,6.5,6.5,"6,5","6,5"
8,Lazio,Gila,d,5.0,3.0,5,3
8,Lazio,Vecino,c,6.0,5.5,6,"5,5"
8,Lazio,Zaccagni,c,5.5,5.5,"5,5","5,5"
8,Lazio,Guendouzi,c,6.0,6.0,6,6
8,Lazio,Castrovilli,c,6.0,6.0,6,6
8,Lazio,Rovella,c,6.5,6.5,"6,5","6,5"
8,Lazio,Pedro,a,6.0,5.5,6,"5,5"
8,Lazio,Dia,a,5.5,5.5,"5,5","5,5"
8,Lazio,Castellanos,a,6.0,6.0,6,6
8,Lazio,Isaksen,a,6.0,6.0,6,6
8,Lazio,Baroni,all,6.0,6.0,6,6
8,Lecce,Falcone,p,5.0,-1.0,5,-1
8,Lecce,Gallo,d,4.5,3.5,"4,5","3,5"
8,Lecce,Guilbert,d,4.0,4.0,4,4
8,Lecce,Baschirotto,d,4.5,4.5,"4,5","4,5"
8,Lecce,Dorgu,d,4.5,4.5,"4,5","4,5"
8,Lecce,Gaspar K.,d,4.0,4.0,4,4
8,Lecce,Jean,d,55.0,55.0,55,55
8,Lecce,Coulibaly L.,c,5.0,5.0,5,5
8,Lecce,Oudin,c,5.0,5.0,5,5
8,Lecce,Ramadani,c,4.0,4.0,4,4
8,Lecce,Kaba,c,55.0,55.0,55,55
8,Lecce,Pierret,c,5.0,5.0,5,5
8,Lecce,Tete Morente,c,5.0,5.0,5,5
8,Lecce,Rebic,a,5.0,5.0,5,5
8,Lecce,Banda,a,5.0,5.0,5,5
8,Lecce,Krstovic,a,5.0,5.0,5,5
8,Lecce,Gotti,all,4.0,4.0,4,4
8,Milan,Maignan,p,6.0,5.5,6,"5,5"
8,Milan,Tomori,d,55.0,55.0,55,55
8,Milan,Emerson Royal,d,6.0,6.0,6,6
8,Milan,Pavlovic,d,6.5,6.5,"6,5","6,5"
8,Milan,Terracciano F.,d,6.0,5.5,6,"5,5"
8,Milan,Thiaw,d,6.0,6.0,6,6
8,Milan,Pulisic,c,7.0,8.0,7,8
8,Milan,Loftus-Cheek,c,6.0,6.0,6,6
8,Milan,Fofana Y.,c,6.5,6.5,"6,5","6,5"
8,Milan,Chukwueze,c,7.0,10.0,7,10
8,Milan,Musah,c,6.0,6.0,6,6
8,Milan,Reijnders,c,4.5,3.5,"4,5","3,5"
8,Milan,Morata,a,6.5,6.5,"6,5","6,5"
8,Milan,Abraham,a,5.5,5.5,"5,5","5,5"
8,Milan,Okafor,a,6.5,6.5,"6,5","6,5"
8,Milan,Fonseca,all,6.5,6.5,"6,5","6,5"
8,Monza,Turati,p,7.0,7.0,7,7
8,Monza,Izzo,d,6.5,6.5,"6,5","6,5"
8,Monza,D'Ambrosio,d,6.0,6.0,6,6
8,Monza,Pereira P.,d,6.0,6.0,6,6
8,Monza,Kyriakopoulos,d,6.0,6.0,6,6
8,Monza,Mari',d,6.5,6.5,"6,5","6,5"
8,Monza,Carboni A.,d,6.5,6.0,"6,5",6
8,Monza,Gagliardini,c,55.0,55.0,55,55
8,Monza,Pessina,c,6.0,6.0,6,6
8,Monza,Bianco,c,7.0,10.0,7,10
8,Monza,Vignato S.,c,55.0,55.0,55,55
8,Monza,Bondo,c,6.5,6.5,"6,5","6,5"
8,Monza,Caprari,a,6.5,7.0,"6,5",7
8,Monza,Djuric,a,7.0,8.0,7,8
8,Monza,Mota,a,7.5,13.5,"7,5","13,5"
8,Monza,Maric,a,55.0,55.0,55,55
8,Monza,Nesta,all,7.0,7.0,7,7
8,Napoli,Caprile,p,6.5,6.5,"6,5","6,5"
8,Napoli,Spinazzola,d,5.5,5.5,"5,5","5,5"
8,Napoli,Buongiorno,d,7.0,7.0,7,7
8,Napoli,Di Lorenzo,d,6.5,6.0,"6,5",6
8,Napoli,Rrahmani,d,6.0,6.0,6,6
8,Napoli,Mazzocchi,d,55.0,55.0,55,55
8,Napoli,Olivera,d,6.0,6.0,6,6
8,Napoli,Politano,c,6.5,6.5,"6,5","6,5"
8,Napoli,Zambo Anguissa,c,6.0,5.5,6,"5,5"
8,Napoli,McTominay,c,6.0,6.0,6,6
8,Napoli,Gilmour,c,5.5,5.5,"5,5","5,5"
8,Napoli,Neres,c,6.0,6.0,6,6
8,Napoli,Simeone,a,6.5,6.5,"6,5","6,5"
8,Napoli,Lukaku,a,5.5,5.5,"5,5","5,5"
8,Napoli,Kvaratskhelia,a,6.5,9.5,"6,5","9,5"
8,Napoli,Conte,all,6.5,6.5,"6,5","6,5"
8,Parma,Suzuki,p,6.0,5.0,6,5
8,Parma,Balogh,d,5.0,5.0,5,5
8,Parma,Valeri,d,5.5,5.5,"5,5","5,5"
8,Parma,Delprato,d,6.5,6.5,"6,5","6,5"
8,Parma,Hernani,c,6.5,7.5,"6,5","7,5"
8,Parma,Sohm,c,6.0,5.5,6,"5,5"
8,Parma,Man,c,5.5,5.5,"5,5","5,5"
8,Parma,Camara D.,c,55.0,55.0,55,55
8,Parma,Bernabe',c,6.5,6.5,"6,5","6,5"
8,Parma,Hainaut,c,6.0,6.0,6,6
8,Parma,Keita M.,c,6.0,6.0,6,6
8,Parma,Mihaila,a,6.0,5.5,6,"5,5"
8,Parma,Cancellieri,a,5.5,5.5,"5,5","5,5"
8,Parma,Almqvist,a,6.0,6.0,6,6
8,Parma,Bonny,a,7.0,10.0,7,10
8,Parma,Charpentier,a,6.0,6.0,6,6
8,Parma,Pecchia,all,6.5,6.5,"6,5","6,5"
8,Roma,Svilar,p,7.0,6.0,7,6
8,Roma,Mancini,d,6.0,6.0,6,6
8,Roma,N'Dicka,d,6.5,6.5,"6,5","6,5"
8,Roma,Celik,d,5.5,5.5,"5,5","5,5"
8,Roma,Angelino,d,6.0,6.0,6,6
8,Roma,Hermoso,d,55.0,55.0,55,55
8,Roma,Pellegrini Lo.,c,6.0,6.0,6,6
8,Roma,Cristante,c,5.5,5.0,"5,5",5
8,Roma,Zalewski,c,4.5,4.5,"4,5","4,5"
8,Roma,Kone' M.,c,5.5,5.5,"5,5","5,5"
8,Roma,Baldanzi,c,6.0,6.0,6,6
8,Roma,Pisilli,c,5.5,5.0,"5,5",5
8,Roma,Le Fee,c,55.0,55.0,55,55
8,Roma,Dybala,a,6.0,6.0,6,6
8,Roma,Soule',a,55.0,55.0,55,55
8,Roma,Dovbyk,a,5.5,5.5,"5,5","5,5"
8,Roma,Juric,all,5.5,5.5,"5,5","5,5"
8,Torino,Milinkovic-Savic V.,p,5.0,2.0,5,2
8,Torino,Masina,d,5.0,4.5,5,"4,5"
8,Torino,Walukiewicz,d,5.5,5.5,"5,5","5,5"
8,Torino,Lazaro,d,6.5,7.0,"6,5",7
8,Torino,Vojvoda,d,5.5,5.5,"5,5","5,5"
8,Torino,Coco,d,4.5,2.0,"4,5",2
8,Torino,Dembele' A.,d,55.0,55.0,55,55
8,Torino,Linetty,c,7.0,10.0,7,10
8,Torino,Ricci S.,c,6.5,6.5,"6,5","6,5"
8,Torino,Vlasic,c,6.0,6.0,6,6
8,Torino,Gineitis,c,6.0,6.0,6,6
8,Torino,Sanabria,a,7.0,10.0,7,10
8,Torino,Karamoh,a,55.0,55.0,55,55
8,Torino,Adams C.,a,5.5,5.5,"5,5","5,5"
8,Torino,Vanoli,all,5.5,5.0,"5,5",5
8,Udinese,Okoye,p,6.5,5.5,"6,5","5,5"
8,Udinese,Kabasele,d,6.0,6.0,6,6
8,Udinese,Kamara H.,d,5.5,5.0,"5,5",5
8,Udinese,Bijol,d,6.0,5.5,6,"5,5"
8,Udinese,Toure' I.s.,d,5.5,5.5,"5,5","5,5"
8,Udinese,Ehizibue,d,6.0,6.0,6,6
8,Udinese,Zemura,d,5.5,5.5,"5,5","5,5"
8,Udinese,Lovric,c,6.0,6.0,6,6
8,Udinese,Zarraga,c,5.5,5.5,"5,5","5,5"
8,Udinese,Payero,c,6.0,6.0,6,6
8,Udinese,Karlstrom,c,5.5,5.5,"5,5","5,5"
8,Udinese,Ekkelenkamp,c,6.0,6.0,6,6
8,Udinese,Davis K.,a,5.5,5.5,"5,5","5,5"
8,Udinese,Brenner,a,55.0,55.0,55,55
8,Udinese,Lucca,a,5.5,5.0,"5,5",5
8,Udinese,Bravo,a,5.5,5.5,"5,5","5,5"
8,Udinese,Runjaic,all,5.5,5.5,"5,5","5,5"
8,Venezia,Stankovic F.,p,6.0,4.0,6,4
8,Venezia,Zampano,d,5.0,5.0,5,5
8,Venezia,Candela,d,4.5,4.5,"4,5","4,5"
8,Venezia,Svoboda,d,5.5,5.5,"5,5","5,5"
8,Venezia,Haps,d,6.0,6.0,6,6
8,Venezia,Idzes,d,4.5,4.5,"4,5","4,5"
8,Venezia,Sagrado,d,5.5,5.5,"5,5","5,5"
8,Venezia,Duncan,c,5.5,5.5,"5,5","5,5"
8,Venezia,Nicolussi Caviglia,c,6.0,6.0,6,6
8,Venezia,Busio,c,6.0,5.5,6,"5,5"
8,Venezia,Ellertsson,c,5.5,5.5,"5,5","5,5"
8,Venezia,Oristanio,c,6.0,6.0,6,6
8,Venezia,El Haddad,c,55.0,55.0,55,55
8,Venezia,Yeboah J.,c,6.0,6.0,6,6
8,Venezia,Pohjanpalo,a,5.5,5.5,"5,5","5,5"
8,Venezia,Gytkjaer,a,55.0,55.0,55,55
8,Venezia,Di Francesco,all,5.0,5.0,5,5
8,Verona,Montipo',p,6.0,3.0,6,3
8,Verona,Faraoni,d,5.0,5.0,5,5
8,Verona,Magnani,d,5.0,5.0,5,5
8,Verona,Bradaric,d,5.0,5.0,5,5
8,Verona,Tchatchoua,d,5.5,5.0,"5,5",5
8,Verona,Ghilardi,d,6.0,5.5,6,"5,5"
8,Verona,Lazovic,c,5.5,5.5,"5,5","5,5"
8,Verona,Kastanos,c,6.0,6.0,6,6
8,Verona,Duda,c,5.5,5.0,"5,5",5
8,Verona,Belahyane,c,6.5,6.5,"6,5","6,5"
8,Verona,Serdar,c,6.0,6.0,6,6
8,Verona,Suslov,c,5.5,5.5,"5,5","5,5"
8,Verona,Sarr A.,a,6.0,6.0,6,6
8,Verona,Mosquera,a,5.5,5.5,"5,5","5,5"
8,Verona,Rocha Livramento,a,5.5,5.5,"5,5","5,5"
8,Verona,Tengstedt,a,5.5,5.5,"5,5","5,5"
8,Verona,Zanetti,all,5.0,4.5,5,"4,5"
9,Atalanta,Carnesecchi,p,6.0,5.0,6,5
9,Atalanta,Zappacosta,d,6.0,6.0,6,6
9,Atalanta,Djimsiti,d,6.5,6.5,"6,5","6,5"
9,Atalanta,Kolasinac,d,7.0,7.0,7,7
9,Atalanta,Bellanova,d,6.0,6.0,6,6
9,Atalanta,Ruggeri,d,6.5,6.5,"6,5","6,5"
9,Atalanta,Hien,d,6.0,6.0,6,6
9,Atalanta,Palestra,d,55.0,55.0,55,55
9,Atalanta,De Roon,c,7.0,10.0,7,10
9,Atalanta,Pasalic,c,6.0,6.0,6,6
9,Atalanta,Zaniolo,c,6.0,6.0,6,6
9,Atalanta,Samardzic,c,6.0,6.0,6,6
9,Atalanta,Ederson D.s.,c,6.5,7.5,"6,5","7,5"
9,Atalanta,Lookman,a,8.5,15.5,"8,5","15,5"
9,Atalanta,De Ketelaere,a,8.0,12.0,8,12
9,Atalanta,Retegui,a,8.0,14.0,8,14
9,Atalanta,Gasperini,all,8.0,8.0,8,8
9,Bologna,Skorupski,p,6.0,5.0,6,5
9,Bologna,Calabria,d,55.0,55.0,55,55
9,Bologna,De Silvestri,d,5.5,5.5,"5,5","5,5"
9,Bologna,Miranda J.,d,5.5,5.5,"5,5","5,5"
9,Bologna,Casale,d,6.0,5.5,6,"5,5"
9,Bologna,Beukema,d,6.5,6.5,"6,5","6,5"
9,Bologna,Freuler,c,6.5,6.5,"6,5","6,5"
9,Bologna,Pobega,c,6.0,6.0,6,6
9,Bologna,Ndoye,c,7.0,10.0,7,10
9,Bologna,Ferguson,c,6.5,6.5,"6,5","6,5"
9,Bologna,Fabbian,c,6.0,6.0,6,6
9,Bologna,Odgaard,a,6.5,6.5,"6,5","6,5"
9,Bologna,Cambiaghi,a,6.5,7.5,"6,5","7,5"
9,Bologna,Castro S.,a,7.0,10.0,7,10
9,Bologna,Dallinga,a,55.0,55.0,55,55
9,Bologna,Dominguez B.,a,6.0,6.0,6,6
9,Bologna,Italiano,all,7.0,7.0,7,7
9,Cagliari,Scuffet,p,6.0,4.0,6,4
9,Cagliari,Luperto,d,5.5,5.5,"5,5","5,5"
9,Cagliari,Mina,d,5.5,5.5,"5,5","5,5"
9,Cagliari,Augello,d,5.5,5.5,"5,5","5,5"
9,Cagliari,Zortea,d,6.0,6.0,6,6
9,Cagliari,Zappa,d,5.5,5.5,"5,5","5,5"
9,Cagliari,Azzi,d,5.5,5.0,"5,5",5
9,Cagliari,Deiola,c,6.0,6.0,6,6
9,Cagliari,Gaetano,c,6.0,6.0,6,6
9,Cagliari,Adopo,c,5.5,5.5,"5,5","5,5"
9,Cagliari,Marin,c,5.5,5.5,"5,5","5,5"
9,Cagliari,Makoumbou,c,4.0,3.0,4,3
9,Cagliari,Prati,c,55.0,55.0,55,55
9,Cagliari,Lapadula,a,5.5,5.5,"5,5","5,5"
9,Cagliari,Piccoli,a,5.5,5.5,"5,5","5,5"
9,Cagliari,Luvumbo,a,6.0,6.0,6,6
9,Cagliari,Nicola,all,5.5,5.5,"5,5","5,5"
9,Como,Audero,p,6.0,5.0,6,5
9,Como,Goldaniga,d,6.5,6.0,"6,5",6
9,Como,Sergi Roberto,d,6.0,6.0,6,6
9,Como,Moreno Alb.,d,5.5,5.5,"5,5","5,5"
9,Como,Dossena,d,6.5,6.5,"6,5","6,5"
9,Como,Kempf,d,6.0,6.0,6,6
9,Como,Mazzitelli,c,55.0,55.0,55,55
9,Como,Strefezza,c,6.5,6.0,"6,5",6
9,Como,Da Cunha,c,5.5,5.5,"5,5","5,5"
9,Como,Perrone,c,5.5,5.5,"5,5","5,5"
9,Como,Braunoder,c,4.5,4.5,"4,5","4,5"
9,Como,Fadera,c,5.0,5.0,5,5
9,Como,Paz N.,c,6.5,6.0,"6,5",6
9,Como,Belotti,a,55.0,55.0,55,55
9,Como,Cutrone,a,5.5,5.5,"5,5","5,5"
9,Como,Jasim,a,55.0,55.0,55,55
9,Como,Fabregas,all,5.5,5.5,"5,5","5,5"
9,Empoli,Vasquez D.,p,5.5,4.0,"5,5",4
9,Empoli,Pezzella Giu.,d,5.5,5.5,"5,5","5,5"
9,Empoli,Ismajli,d,6.5,6.0,"6,5",6
9,Empoli,Viti,d,6.0,6.0,6,6
9,Empoli,Goglichidze,d,6.0,6.0,6,6
9,Empoli,Grassi,c,6.0,5.5,6,"5,5"
9,Empoli,Haas,c,55.0,55.0,55,55
9,Empoli,Henderson L.,c,6.0,6.0,6,6
9,Empoli,Gyasi,c,6.0,6.0,6,6
9,Empoli,Maleh,c,5.5,5.5,"5,5","5,5"
9,Empoli,Fazzini,c,7.0,7.0,7,7
9,Empoli,Anjorin,c,6.0,5.5,6,"5,5"
9,Empoli,Pellegri,a,5.5,5.0,"5,5",5
9,Empoli,Colombo,a,6.5,6.5,"6,5","6,5"
9,Empoli,Ekong,a,55.0,55.0,55,55
9,Empoli,Solbakken,a,5.5,5.5,"5,5","5,5"
9,Empoli,D'Aversa,all,6.0,6.0,6,6
9,Fiorentina,De Gea,p,6.5,5.5,"6,5","5,5"
9,Fiorentina,Gosens,d,6.0,6.0,6,6
9,Fiorentina,Ranieri L.,d,6.0,5.5,6,"5,5"
9,Fiorentina,Martinez Quarta,d,6.0,6.0,6,6
9,Fiorentina,Dodo',d,7.0,7.0,7,7
9,Fiorentina,Comuzzo,d,6.5,6.5,"6,5","6,5"
9,Fiorentina,Cataldi,c,6.0,6.0,6,6
9,Fiorentina,Sottil,c,6.5,6.5,"6,5","6,5"
9,Fiorentina,Ikone',c,6.0,6.0,6,6
9,Fiorentina,Bove,c,8.0,12.0,8,12
9,Fiorentina,Adli,c,6.5,7.5,"6,5","7,5"
9,Fiorentina,Colpani,c,6.5,6.5,"6,5","6,5"
9,Fiorentina,Richardson,c,6.0,6.0,6,6
9,Fiorentina,Kean,a,8.0,13.5,8,"13,5"
9,Fiorentina,Kouame',a,6.0,6.0,6,6
9,Fiorentina,Beltran L.,a,7.5,11.5,"7,5","11,5"
9,Fiorentina,Palladino,all,7.5,7.5,"7,5","7,5"
9,Genoa,Leali,p,6.0,3.0,6,3
9,Genoa,Sabelli,d,5.5,5.0,"5,5",5
9,Genoa,Martin,d,5.5,5.5,"5,5","5,5"
9,Genoa,Vasquez,d,5.0,5.0,5,5
9,Genoa,Zanoli,d,5.5,5.5,"5,5","5,5"
9,Genoa,Matturro,d,5.5,5.5,"5,5","5,5"
9,Genoa,Vogliacco,d,5.5,5.5,"5,5","5,5"
9,Genoa,Norton-Cuffy,d,5.5,5.5,"5,5","5,5"
9,Genoa,Badelj,c,5.5,5.5,"5,5","5,5"
9,Genoa,Melegoni,c,6.0,6.0,6,6
9,Genoa,Thorsby,c,5.5,5.5,"5,5","5,5"
9,Genoa,Frendrup,c,6.0,6.0,6,6
9,Genoa,Miretti,c,5.5,5.5,"5,5","5,5"
9,Genoa,Pinamonti,a,5.5,5.5,"5,5","5,5"
9,Genoa,Ankeye,a,55.0,55.0,55,55
9,Genoa,Ekhator,a,6.0,6.0,6,6
9,Genoa,Gilardino,all,5.0,5.0,5,5
9,Inter,Sommer,p,5.5,1.5,"5,5","1,5"
9,Inter,Dimarco,d,6.0,6.0,6,6
9,Inter,De Vrij,d,5.0,5.0,5,5
9,Inter,Bastoni,d,5.5,5.5,"5,5","5,5"
9,Inter,Darmian,d,6.0,6.0,6,6
9,Inter,Pavard,d,6.0,5.5,6,"5,5"
9,Inter,Dumfries,d,6.0,8.5,6,"8,5"
9,Inter,Bisseck,d,5.5,5.5,"5,5","5,5"
9,Inter,Zielinski,c,7.5,13.5,"7,5","13,5"
9,Inter,Barella,c,6.5,6.5,"6,5","6,5"
9,Inter,Mkhitaryan,c,7.0,10.0,7,10
9,Inter,Frattesi,c,6.0,6.0,6,6
9,Inter,Martinez L.,a,5.5,5.5,"5,5","5,5"
9,Inter,Thuram,a,7.5,8.5,"7,5","8,5"
9,Inter,Taremi,a,55.0,55.0,55,55
9,Inter,Inzaghi S.,all,6.0,6.0,6,6
9,Juventus,Di Gregorio,p,6.5,2.5,"6,5","2,5"
9,Juventus,Danilo,d,4.0,3.5,4,"3,5"
9,Juventus,Kalulu,d,5.0,5.0,5,5
9,Juventus,Cambiaso,d,6.0,6.0,6,6
9,Juventus,Gatti,d,6.0,6.0,6,6
9,Juventus,Cabal,d,5.5,5.0,"5,5",5
9,Juventus,Savona,d,6.0,6.0,6,6
9,Juventus,Locatelli,c,5.5,5.5,"5,5","5,5"
9,Juventus,Fagioli,c,5.5,5.5,"5,5","5,5"
9,Juventus,Weah,c,7.0,10.0,7,10
9,Juventus,McKennie,c,6.5,7.5,"6,5","7,5"
9,Juventus,Thuram K.,c,55.0,55.0,55,55
9,Juventus,Conceicao,c,7.0,8.0,7,8
9,Juventus,Vlahovic,a,7.0,10.0,7,10
9,Juventus,Yildiz,a,8.0,14.0,8,14
9,Juventus,Mbangula,a,6.0,6.0,6,6
9,Juventus,Thiago Motta,all,6.0,6.0,6,6
9,Lazio,Provedel,p,6.5,6.5,"6,5","6,5"
9,Lazio,Patric,d,6.0,6.0,6,6
9,Lazio,Marusic,d,6.0,5.5,6,"5,5"
9,Lazio,Tavares N.,d,7.5,8.5,"7,5","8,5"
9,Lazio,Gila,d,6.0,5.5,6,"5,5"
9,Lazio,Gigot,d,55.0,55.0,55,55
9,Lazio,Vecino,c,6.5,9.5,"6,5","9,5"
9,Lazio,Guendouzi,c,6.0,6.0,6,6
9,Lazio,Castrovilli,c,55.0,55.0,55,55
9,Lazio,Rovella,c,6.5,6.5,"6,5","6,5"
9,Lazio,Tchaouna,c,6.0,6.0,6,6
9,Lazio,Pedro,a,7.0,10.0,7,10
9,Lazio,Dia,a,6.0,6.0,6,6
9,Lazio,Castellanos,a,6.5,6.5,"6,5","6,5"
9,Lazio,Isaksen,a,5.5,5.5,"5,5","5,5"
9,Lazio,Noslin,a,7.0,9.5,7,"9,5"
9,Lazio,Baroni,all,6.5,6.5,"6,5","6,5"
9,Lecce,Falcone,p,6.5,5.5,"6,5","5,5"
9,Lecce,Baschirotto,d,6.5,6.5,"6,5","6,5"
9,Lecce,Dorgu,d,6.0,6.0,6,6
9,Lecce,Gaspar K.,d,6.5,6.5,"6,5","6,5"
9,Lecce,Pelmard,d,6.0,6.0,6,6
9,Lecce,Coulibaly L.,c,6.0,6.0,6,6
9,Lecce,Oudin,c,55.0,55.0,55,55
9,Lecce,Rafia,c,6.5,6.5,"6,5","6,5"
9,Lecce,Ramadani,c,6.0,6.0,6,6
9,Lecce,Pierret,c,6.0,6.0,6,6
9,Lecce,Rebic,a,6.0,5.5,6,"5,5"
9,Lecce,Sansone,a,6.0,6.0,6,6
9,Lecce,Banda,a,6.5,6.5,"6,5","6,5"
9,Lecce,Krstovic,a,5.5,5.5,"5,5","5,5"
9,Lecce,Pierotti,a,5.5,5.0,"5,5",5
9,Lecce,Gotti,all,6.0,6.0,6,6
9,Milan,Maignan,p,6.0,4.0,6,4
9,Milan,Hernandez T.,d,6.0,5.5,6,"5,5"
9,Milan,Pavlovic,d,5.0,5.0,5,5
9,Milan,Thiaw,d,5.5,5.0,"5,5",5
9,Milan,Jimenez A.,d,5.5,5.5,"5,5","5,5"
9,Milan,Pulisic,c,5.5,5.5,"5,5","5,5"
9,Milan,Fofana Y.,c,6.0,6.0,6,6
9,Milan,Musah,c,6.0,6.0,6,6
9,Milan,Reijnders,c,5.5,5.5,"5,5","5,5"
9,Milan,Jovic,a,6.0,6.0,6,6
9,Milan,Abraham,a,55.0,55.0,55,55
9,Milan,Leao,a,7.0,10.0,7,10
9,Milan,Joao Felix,a,5.5,5.5,"5,5","5,5"
9,Milan,Gimenez,a,6.0,7.0,6,7
9,Milan,Conceicao S.,all,5.0,5.0,5,5
9,Monza,Turati,p,6.0,4.0,6,4
9,Monza,Izzo,d,5.5,5.5,"5,5","5,5"
9,Monza,D'Ambrosio,d,5.5,5.5,"5,5","5,5"
9,Monza,Pereira P.,d,6.0,6.0,6,6
9,Monza,Kyriakopoulos,d,7.5,11.5,"7,5","11,5"
9,Monza,Mari',d,6.5,6.5,"6,5","6,5"
9,Monza,Carboni A.,d,5.0,5.0,5,5
9,Monza,Valoti,c,55.0,55.0,55,55
9,Monza,Pessina,c,6.0,6.0,6,6
9,Monza,Maldini,c,6.0,6.0,6,6
9,Monza,Bianco,c,6.0,6.0,6,6
9,Monza,Bondo,c,5.0,4.0,5,4
9,Monza,Caprari,a,6.0,6.0,6,6
9,Monza,Djuric,a,7.0,9.5,7,"9,5"
9,Monza,Mota,a,6.5,6.0,"6,5",6
9,Monza,Nesta,all,6.0,6.0,6,6
9,Napoli,Meret,p,6.5,6.5,"6,5","6,5"
9,Napoli,Buongiorno,d,7.0,7.0,7,7
9,Napoli,Di Lorenzo,d,7.0,9.5,7,"9,5"
9,Napoli,Rrahmani,d,6.5,6.5,"6,5","6,5"
9,Napoli,Olivera,d,6.5,6.0,"6,5",6
9,Napoli,Politano,c,6.0,6.0,6,6
9,Napoli,Zambo Anguissa,c,6.0,6.0,6,6
9,Napoli,McTominay,c,6.5,6.5,"6,5","6,5"
9,Napoli,Gilmour,c,6.0,6.0,6,6
9,Napoli,Folorunsho,c,55.0,55.0,55,55
9,Napoli,Neres,c,6.0,6.0,6,6
9,Napoli,Lukaku,a,5.5,5.5,"5,5","5,5"
9,Napoli,Raspadori,a,5.5,5.5,"5,5","5,5"
9,Napoli,Kvaratskhelia,a,6.0,6.0,6,6
9,Napoli,Ngonge,a,5.5,5.0,"5,5",5
9,Napoli,Conte,all,6.5,6.5,"6,5","6,5"
9,Parma,Suzuki,p,5.5,4.5,"5,5","4,5"
9,Parma,Balogh,d,5.5,5.0,"5,5",5
9,Parma,Valeri,d,6.5,7.5,"6,5","7,5"
9,Parma,Delprato,d,5.0,4.5,5,"4,5"
9,Parma,Coulibaly W.,d,5.5,3.5,"5,5","3,5"
9,Parma,Hernani,c,5.0,4.5,5,"4,5"
9,Parma,Sohm,c,5.5,5.0,"5,5",5
9,Parma,Man,c,6.0,6.0,6,6
9,Parma,Camara D.,c,55.0,55.0,55,55
9,Parma,Bernabe',c,6.5,6.5,"6,5","6,5"
9,Parma,Keita M.,c,6.0,6.0,6,6
9,Parma,Mihaila,a,55.0,55.0,55,55
9,Parma,Cancellieri,a,6.0,6.0,6,6
9,Parma,Almqvist,a,6.5,6.5,"6,5","6,5"
9,Parma,Bonny,a,5.5,2.5,"5,5","2,5"
9,Parma,Charpentier,a,7.0,10.0,7,10
9,Parma,Pecchia,all,6.0,6.0,6,6
9,Roma,Svilar,p,6.0,1.0,6,1
9,Roma,Mancini,d,5.5,5.0,"5,5",5
9,Roma,Hummels,d,5.0,3.0,5,3
9,Roma,N'Dicka,d,4.5,4.5,"4,5","4,5"
9,Roma,Celik,d,4.0,4.0,4,4
9,Roma,Angelino,d,5.5,5.5,"5,5","5,5"
9,Roma,Hermoso,d,4.0,3.0,4,3
9,Roma,Pellegrini Lo.,c,5.0,5.0,5,5
9,Roma,Cristante,c,5.5,5.5,"5,5","5,5"
9,Roma,Zalewski,c,5.0,5.0,5,5
9,Roma,Kone' M.,c,6.0,8.5,6,"8,5"
9,Roma,Baldanzi,c,5.0,5.0,5,5
9,Roma,Pisilli,c,5.0,4.5,5,"4,5"
9,Roma,Dybala,a,6.0,6.0,6,6
9,Roma,Dovbyk,a,5.0,5.0,5,5
9,Roma,Juric,all,3.5,3.5,"3,5","3,5"
9,Torino,Milinkovic-Savic V.,p,7.5,7.5,"7,5","7,5"
9,Torino,Masina,d,6.0,5.5,6,"5,5"
9,Torino,Walukiewicz,d,6.0,6.0,6,6
9,Torino,Lazaro,d,6.5,6.5,"6,5","6,5"
9,Torino,Maripan,d,6.5,6.5,"6,5","6,5"
9,Torino,Vojvoda,d,6.5,6.0,"6,5",6
9,Torino,Coco,d,6.0,6.0,6,6
9,Torino,Dembele' A.,d,55.0,55.0,55,55
9,Torino,Linetty,c,6.0,5.5,6,"5,5"
9,Torino,Tameze,c,6.0,6.0,6,6
9,Torino,Ricci S.,c,6.0,6.0,6,6
9,Torino,Vlasic,c,5.5,5.5,"5,5","5,5"
9,Torino,Gineitis,c,6.0,6.0,6,6
9,Torino,Sanabria,a,5.5,5.5,"5,5","5,5"
9,Torino,Adams C.,a,5.5,5.5,"5,5","5,5"
9,Torino,Njie,a,7.0,10.0,7,10
9,Torino,Vanoli,all,6.0,6.0,6,6
9,Udinese,Okoye,p,6.0,6.0,6,6
9,Udinese,Kabasele,d,6.5,6.5,"6,5","6,5"
9,Udinese,Kamara H.,d,6.5,7.5,"6,5","7,5"
9,Udinese,Bijol,d,6.5,6.5,"6,5","6,5"
9,Udinese,Toure' I.s.,d,6.5,6.0,"6,5",6
9,Udinese,Ehizibue,d,6.0,6.0,6,6
9,Udinese,Zemura,d,55.0,55.0,55,55
9,Udinese,Giannetti L.,d,55.0,55.0,55,55
9,Udinese,Lovric,c,6.5,6.5,"6,5","6,5"
9,Udinese,Zarraga,c,6.0,6.0,6,6
9,Udinese,Payero,c,6.5,6.5,"6,5","6,5"
9,Udinese,Karlstrom,c,6.5,6.5,"6,5","6,5"
9,Udinese,Rui Modesto,c,6.0,6.0,6,6
9,Udinese,Davis K.,a,7.0,10.0,7,10
9,Udinese,Lucca,a,7.0,9.5,7,"9,5"
9,Udinese,Bravo,a,6.0,6.0,6,6
9,Udinese,Runjaic,all,6.5,6.5,"6,5","6,5"
9,Venezia,Stankovic F.,p,6.0,4.0,6,4
9,Venezia,Zampano,d,5.5,5.0,"5,5",5
9,Venezia,Altare,d,6.5,6.5,"6,5","6,5"
9,Venezia,Svoboda,d,5.0,8.0,5,8
9,Venezia,Haps,d,6.0,6.0,6,6
9,Venezia,Idzes,d,6.0,6.0,6,6
9,Venezia,Duncan,c,5.5,5.5,"5,5","5,5"
9,Venezia,Nicolussi Caviglia,c,6.0,6.0,6,6
9,Venezia,Busio,c,6.0,5.5,6,"5,5"
9,Venezia,Ellertsson,c,7.0,10.0,7,10
9,Venezia,Oristanio,c,6.5,7.5,"6,5","7,5"
9,Venezia,Andersen M.K.,c,6.0,7.0,6,7
9,Venezia,Yeboah J.,c,5.5,5.5,"5,5","5,5"
9,Venezia,Pohjanpalo,a,5.5,5.5,"5,5","5,5"
9,Venezia,Raimondo,a,55.0,55.0,55,55
9,Venezia,Gytkjaer,a,6.0,6.0,6,6
9,Venezia,Di Francesco,all,6.0,6.0,6,6
9,Verona,Montipo',p,6.5,0.5,"6,5","0,5"
9,Verona,Magnani,d,4.0,4.0,4,4
9,Verona,Bradaric,d,4.5,4.0,"4,5",4
9,Verona,Daniliuc,d,5.5,5.5,"5,5","5,5"
9,Verona,Coppola D.,d,4.5,4.5,"4,5","4,5"
9,Verona,Tchatchoua,d,5.5,5.5,"5,5","5,5"
9,Verona,Ghilardi,d,4.0,4.0,4,4
9,Verona,Lazovic,c,5.5,5.5,"5,5","5,5"
9,Verona,Kastanos,c,5.0,5.0,5,5
9,Verona,Alidou,c,55.0,55.0,55,55
9,Verona,Belahyane,c,5.0,6.0,5,6
9,Verona,Serdar,c,4.5,4.5,"4,5","4,5"
9,Verona,Suslov,c,5.5,5.5,"5,5","5,5"
9,Verona,Dani Silva,c,5.5,5.5,"5,5","5,5"
9,Verona,Sarr A.,a,6.5,9.5,"6,5","9,5"
9,Verona,Rocha Livramento,a,5.0,5.0,5,5
9,Verona,Zanetti,all,4.5,4.5,"4,5","4,5"
10,Atalanta,Carnesecchi,p,6.5,6.5,"6,5","6,5"
10,Atalanta,Zappacosta,d,7.0,10.0,7,10
10,Atalanta,Cuadrado,d,6.0,6.0,6,6
10,Atalanta,Djimsiti,d,6.0,5.5,6,"5,5"
10,Atalanta,Kolasinac,d,6.0,5.5,6,"5,5"
10,Atalanta,Bellanova,d,5.5,5.5,"5,5","5,5"
10,Atalanta,Ruggeri,d,5.5,5.5,"5,5","5,5"
10,Atalanta,Kossounou,d,55.0,55.0,55,55
10,Atalanta,Hien,d,6.0,6.0,6,6
10,Atalanta,De Roon,c,6.0,6.0,6,6
10,Atalanta,Zaniolo,c,6.5,6.5,"6,5","6,5"
10,Atalanta,Samardzic,c,7.5,10.5,"7,5","10,5"
10,Atalanta,Ederson D.s.,c,6.5,6.5,"6,5","6,5"
10,Atalanta,Lookman,a,5.5,5.5,"5,5","5,5"
10,Atalanta,De Ketelaere,a,5.5,5.5,"5,5","5,5"
10,Atalanta,Retegui,a,6.5,7.5,"6,5","7,5"
10,Atalanta,Gasperini,all,6.5,6.5,"6,5","6,5"
10,Bologna,Skorupski,p,7.0,7.0,7,7
10,Bologna,De Silvestri,d,6.0,6.0,6,6
10,Bologna,Miranda J.,d,6.5,6.5,"6,5","6,5"
10,Bologna,Holm,d,55.0,55.0,55,55
10,Bologna,Lucumi',d,6.5,7.5,"6,5","7,5"
10,Bologna,Posch,d,55.0,55.0,55,55
10,Bologna,Beukema,d,6.0,6.0,6,6
10,Bologna,Freuler,c,6.5,6.5,"6,5","6,5"
10,Bologna,Orsolini,c,7.0,10.0,7,10
10,Bologna,Pobega,c,6.0,5.5,6,"5,5"
10,Bologna,Ndoye,c,7.5,8.5,"7,5","8,5"
10,Bologna,Moro N.,c,6.0,6.0,6,6
10,Bologna,Fabbian,c,55.0,55.0,55,55
10,Bologna,Odgaard,a,7.0,10.0,7,10
10,Bologna,Castro S.,a,6.0,6.0,6,6
10,Bologna,Dallinga,a,55.0,55.0,55,55
10,Bologna,Italiano,all,7.0,7.0,7,7
10,Cagliari,Scuffet,p,5.0,3.0,5,3
10,Cagliari,Luperto,d,5.5,5.5,"5,5","5,5"
10,Cagliari,Palomino,d,5.5,5.0,"5,5",5
10,Cagliari,Augello,d,6.0,6.0,6,6
10,Cagliari,Zortea,d,6.0,6.0,6,6
10,Cagliari,Zappa,d,5.0,4.5,5,"4,5"
10,Cagliari,Obert,d,6.5,6.5,"6,5","6,5"
10,Cagliari,Viola,c,5.0,5.0,5,5
10,Cagliari,Gaetano,c,6.0,6.0,6,6
10,Cagliari,Adopo,c,6.0,6.0,6,6
10,Cagliari,Marin,c,6.5,6.5,"6,5","6,5"
10,Cagliari,Prati,c,5.5,5.5,"5,5","5,5"
10,Cagliari,Felici,c,5.5,5.5,"5,5","5,5"
10,Cagliari,Lapadula,a,6.0,6.0,6,6
10,Cagliari,Piccoli,a,6.0,6.0,6,6
10,Cagliari,Luvumbo,a,6.0,6.0,6,6
10,Cagliari,Nicola,all,5.0,5.0,5,5
10,Como,Audero,p,5.5,0.5,"5,5","0,5"
10,Como,Barba,d,55.0,55.0,55,55
10,Como,Goldaniga,d,5.0,5.0,5,5
10,Como,Moreno Alb.,d,6.0,6.0,6,6
10,Como,Dossena,d,4.5,4.5,"4,5","4,5"
10,Como,Kempf,d,5.0,5.0,5,5
10,Como,Mazzitelli,c,7.0,10.0,7,10
10,Como,Strefezza,c,6.0,6.0,6,6
10,Como,Da Cunha,c,6.0,6.0,6,6
10,Como,Braunoder,c,4.5,3.5,"4,5","3,5"
10,Como,Engelhardt,c,5.5,5.5,"5,5","5,5"
10,Como,Fadera,c,5.5,5.5,"5,5","5,5"
10,Como,Paz N.,c,5.5,5.5,"5,5","5,5"
10,Como,Cerri,a,5.0,5.0,5,5
10,Como,Cutrone,a,6.0,6.0,6,6
10,Como,Gabrielloni,a,55.0,55.0,55,55
10,Como,Fabregas,all,5.5,5.5,"5,5","5,5"
10,Empoli,Vasquez D.,p,5.5,2.5,"5,5","2,5"
10,Empoli,De Sciglio,d,5.5,5.5,"5,5","5,5"
10,Empoli,Pezzella Giu.,d,6.0,6.0,6,6
10,Empoli,Ismajli,d,6.0,6.0,6,6
10,Empoli,Viti,d,5.0,5.0,5,5
10,Empoli,Cacace,d,5.5,5.0,"5,5",5
10,Empoli,Sambia,d,6.0,6.0,6,6
10,Empoli,Goglichidze,d,4.5,3.5,"4,5","3,5"
10,Empoli,Henderson L.,c,5.5,5.5,"5,5","5,5"
10,Empoli,Gyasi,c,5.5,5.5,"5,5","5,5"
10,Empoli,Maleh,c,5.5,5.5,"5,5","5,5"
10,Empoli,Fazzini,c,6.5,6.5,"6,5","6,5"
10,Empoli,Anjorin,c,6.0,6.0,6,6
10,Empoli,Pellegri,a,5.5,5.5,"5,5","5,5"
10,Empoli,Colombo,a,5.5,5.5,"5,5","5,5"
10,Empoli,Solbakken,a,5.5,5.5,"5,5","5,5"
10,Empoli,D'Aversa,all,5.5,5.5,"5,5","5,5"
10,Fiorentina,De Gea,p,7.0,7.0,7,7
10,Fiorentina,Biraghi,d,55.0,55.0,55,55
10,Fiorentina,Gosens,d,7.0,10.0,7,10
10,Fiorentina,Ranieri L.,d,6.5,6.5,"6,5","6,5"
10,Fiorentina,Martinez Quarta,d,6.0,5.5,6,"5,5"
10,Fiorentina,Dodo',d,6.5,6.5,"6,5","6,5"
10,Fiorentina,Mandragora,c,6.0,6.0,6,6
10,Fiorentina,Sottil,c,5.5,5.5,"5,5","5,5"
10,Fiorentina,Ikone',c,6.0,6.0,6,6
10,Fiorentina,Bove,c,6.5,6.5,"6,5","6,5"
10,Fiorentina,Adli,c,6.0,6.0,6,6
10,Fiorentina,Colpani,c,6.0,6.0,6,6
10,Fiorentina,Richardson,c,6.0,5.5,6,"5,5"
10,Fiorentina,Kouame',a,5.0,5.0,5,5
10,Fiorentina,Beltran L.,a,6.5,6.5,"6,5","6,5"
10,Fiorentina,Palladino,all,7.0,7.0,7,7
10,Genoa,Leali,p,6.0,5.0,6,5
10,Genoa,Sabelli,d,5.5,5.5,"5,5","5,5"
10,Genoa,Martin,d,6.5,6.5,"6,5","6,5"
10,Genoa,Vasquez,d,6.5,6.0,"6,5",6
10,Genoa,Zanoli,d,55.0,55.0,55,55
10,Genoa,Matturro,d,6.0,5.5,6,"5,5"
10,Genoa,Vogliacco,d,5.5,5.0,"5,5",5
10,Genoa,Badelj,c,6.5,6.5,"6,5","6,5"
10,Genoa,Thorsby,c,6.0,6.0,6,6
10,Genoa,Pereiro,c,55.0,55.0,55,55
10,Genoa,Frendrup,c,5.5,5.5,"5,5","5,5"
10,Genoa,Miretti,c,5.5,5.5,"5,5","5,5"
10,Genoa,Masini,c,6.0,6.0,6,6
10,Genoa,Pinamonti,a,6.0,5.5,6,"5,5"
10,Genoa,Ekhator,a,6.5,6.5,"6,5","6,5"
10,Genoa,Gilardino,all,6.5,6.5,"6,5","6,5"
10,Inter,Sommer,p,6.0,6.0,6,6
10,Inter,Dimarco,d,6.0,6.0,6,6
10,Inter,De Vrij,d,6.0,6.0,6,6
10,Inter,Bastoni,d,6.5,6.0,"6,5",6
10,Inter,Darmian,d,6.5,7.5,"6,5","7,5"
10,Inter,Pavard,d,6.0,6.0,6,6
10,Inter,Dumfries,d,6.0,6.0,6,6
10,Inter,Bisseck,d,6.0,6.0,6,6
10,Inter,Palacios T.,d,55.0,55.0,55,55
10,Inter,Zielinski,c,6.0,6.0,6,6
10,Inter,Barella,c,6.5,7.5,"6,5","7,5"
10,Inter,Mkhitaryan,c,6.0,6.0,6,6
10,Inter,Frattesi,c,7.5,13.5,"7,5","13,5"
10,Inter,Martinez L.,a,7.0,11.0,7,11
10,Inter,Thuram,a,6.0,6.0,6,6
10,Inter,Taremi,a,6.0,6.0,6,6
10,Inter,Inzaghi S.,all,7.0,7.0,7,7
10,Juventus,Di Gregorio,p,6.0,4.0,6,4
10,Juventus,Danilo,d,5.0,5.0,5,5
10,Juventus,Cambiaso,d,6.5,6.5,"6,5","6,5"
10,Juventus,Gatti,d,5.5,5.5,"5,5","5,5"
10,Juventus,Cabal,d,6.0,6.0,6,6
10,Juventus,Savona,d,6.0,6.0,6,6
10,Juventus,Locatelli,c,6.5,6.5,"6,5","6,5"
10,Juventus,Fagioli,c,55.0,55.0,55,55
10,Juventus,Weah,c,7.5,11.5,"7,5","11,5"
10,Juventus,McKennie,c,7.0,10.0,7,10
10,Juventus,Thuram K.,c,6.5,6.5,"6,5","6,5"
10,Juventus,Koopmeiners,c,6.0,6.0,6,6
10,Juventus,Conceicao,c,7.0,7.5,7,"7,5"
10,Juventus,Vlahovic,a,5.0,4.5,5,"4,5"
10,Juventus,Yildiz,a,6.0,6.0,6,6
10,Juventus,Thiago Motta,all,6.0,6.0,6,6
10,Lazio,Provedel,p,6.0,5.0,6,5
10,Lazio,Patric,d,6.0,9.0,6,9
10,Lazio,Marusic,d,6.5,6.5,"6,5","6,5"
10,Lazio,Lazzari,d,6.5,7.5,"6,5","7,5"
10,Lazio,Pellegrini Lu.,d,6.0,6.0,6,6
10,Lazio,Tavares N.,d,5.0,5.0,5,5
10,Lazio,Gila,d,6.5,6.5,"6,5","6,5"
10,Lazio,Gigot,d,55.0,55.0,55,55
10,Lazio,Vecino,c,6.0,5.5,6,"5,5"
10,Lazio,Guendouzi,c,6.0,6.0,6,6
10,Lazio,Tchaouna,c,7.0,10.0,7,10
10,Lazio,Pedro,a,7.0,10.0,7,10
10,Lazio,Dia,a,7.0,9.0,7,9
10,Lazio,Castellanos,a,7.5,13.0,"7,5",13
10,Lazio,Isaksen,a,6.0,5.5,6,"5,5"
10,Lazio,Noslin,a,6.0,6.0,6,6
10,Lazio,Baroni,all,6.5,6.5,"6,5","6,5"
10,Lecce,Falcone,p,6.0,6.0,6,6
10,Lecce,Gallo,d,6.5,6.5,"6,5","6,5"
10,Lecce,Guilbert,d,6.0,5.5,6,"5,5"
10,Lecce,Baschirotto,d,6.0,6.0,6,6
10,Lecce,Dorgu,d,7.5,10.5,"7,5","10,5"
10,Lecce,Gaspar K.,d,7.0,7.0,7,7
10,Lecce,Coulibaly L.,c,6.0,6.0,6,6
10,Lecce,Oudin,c,55.0,55.0,55,55
10,Lecce,Rafia,c,6.0,6.0,6,6
10,Lecce,Ramadani,c,6.5,6.5,"6,5","6,5"
10,Lecce,Pierret,c,6.0,6.0,6,6
10,Lecce,Tete Morente,c,6.0,6.0,6,6
10,Lecce,Rebic,a,55.0,55.0,55,55
10,Lecce,Banda,a,6.0,7.0,6,7
10,Lecce,Krstovic,a,6.0,6.0,6,6
10,Lecce,Pierotti,a,6.0,6.0,6,6
10,Lecce,Gotti,all,6.5,6.5,"6,5","6,5"
10,Milan,Maignan,p,5.5,3.5,"5,5","3,5"
10,Milan,Emerson Royal,d,5.5,5.5,"5,5","5,5"
10,Milan,Pavlovic,d,5.0,5.0,5,5
10,Milan,Terracciano F.,d,5.5,5.5,"5,5","5,5"
10,Milan,Thiaw,d,5.5,5.5,"5,5","5,5"
10,Milan,Pulisic,c,5.5,5.5,"5,5","5,5"
10,Milan,Loftus-Cheek,c,6.0,6.0,6,6
10,Milan,Fofana Y.,c,5.5,5.5,"5,5","5,5"
10,Milan,Chukwueze,c,6.0,6.0,6,6
10,Milan,Musah,c,6.0,6.0,6,6
10,Milan,Morata,a,6.5,6.5,"6,5","6,5"
10,Milan,Leao,a,6.0,6.0,6,6
10,Milan,Okafor,a,6.0,6.0,6,6
10,Milan,Camarda,a,55.0,55.0,55,55
10,Milan,Fonseca,all,5.5,5.5,"5,5","5,5"
10,Monza,Turati,p,6.0,4.0,6,4
10,Monza,D'Ambrosio,d,6.5,6.5,"6,5","6,5"
10,Monza,Pereira P.,d,6.0,6.0,6,6
10,Monza,Kyriakopoulos,d,6.5,6.5,"6,5","6,5"
10,Monza,Mari',d,6.5,6.5,"6,5","6,5"
10,Monza,Caldirola,d,6.0,5.5,6,"5,5"
10,Monza,Valoti,c,6.0,5.5,6,"5,5"
10,Monza,Pessina,c,6.5,6.5,"6,5","6,5"
10,Monza,Maldini,c,5.5,5.0,"5,5",5
10,Monza,Bianco,c,6.5,6.5,"6,5","6,5"
10,Monza,Vignato S.,c,6.0,6.0,6,6
10,Monza,Forson O.,c,55.0,55.0,55,55
10,Monza,Caprari,a,5.5,5.5,"5,5","5,5"
10,Monza,Djuric,a,6.0,6.0,6,6
10,Monza,Mota,a,6.0,6.0,6,6
10,Monza,Maric,a,6.0,6.0,6,6
10,Monza,Nesta,all,6.5,6.5,"6,5","6,5"
10,Napoli,Meret,p,6.5,6.5,"6,5","6,5"
10,Napoli,Buongiorno,d,6.0,6.0,6,6
10,Napoli,Di Lorenzo,d,6.5,6.5,"6,5","6,5"
10,Napoli,Rrahmani,d,6.5,6.5,"6,5","6,5"
10,Napoli,Mazzocchi,d,6.0,6.0,6,6
10,Napoli,Olivera,d,6.5,6.0,"6,5",6
10,Napoli,Politano,c,6.0,6.0,6,6
10,Napoli,Zambo Anguissa,c,7.0,8.0,7,8
10,Napoli,McTominay,c,6.5,6.5,"6,5","6,5"
10,Napoli,Gilmour,c,6.5,6.5,"6,5","6,5"
10,Napoli,Zerbin,c,55.0,55.0,55,55
10,Napoli,Folorunsho,c,55.0,55.0,55,55
10,Napoli,Neres,c,6.0,6.0,6,6
10,Napoli,Simeone,a,6.0,6.0,6,6
10,Napoli,Lukaku,a,7.0,10.0,7,10
10,Napoli,Kvaratskhelia,a,7.0,10.0,7,10
10,Napoli,Conte,all,6.5,6.5,"6,5","6,5"
10,Parma,Suzuki,p,6.5,4.5,"6,5","4,5"
10,Parma,Balogh,d,6.0,7.0,6,7
10,Parma,Delprato,d,8.0,11.0,8,11
10,Parma,Coulibaly W.,d,6.0,6.0,6,6
10,Parma,Hernani,c,5.5,5.5,"5,5","5,5"
10,Parma,Sohm,c,7.0,10.0,7,10
10,Parma,Man,c,7.0,8.0,7,8
10,Parma,Camara D.,c,6.5,6.5,"6,5","6,5"
10,Parma,Bernabe',c,7.0,7.0,7,7
10,Parma,Hainaut,c,6.0,6.0,6,6
10,Parma,Keita M.,c,6.0,6.0,6,6
10,Parma,Mihaila,a,6.0,6.0,6,6
10,Parma,Cancellieri,a,55.0,55.0,55,55
10,Parma,Almqvist,a,6.0,6.0,6,6
10,Parma,Bonny,a,5.5,5.5,"5,5","5,5"
10,Parma,Charpentier,a,6.0,6.0,6,6
10,Parma,Pecchia,all,7.0,7.0,7,7
10,Roma,Svilar,p,6.5,6.5,"6,5","6,5"
10,Roma,Mancini,d,6.5,6.5,"6,5","6,5"
10,Roma,N'Dicka,d,6.5,6.5,"6,5","6,5"
10,Roma,Celik,d,6.0,6.0,6,6
10,Roma,Angelino,d,6.0,6.0,6,6
10,Roma,Pellegrini Lo.,c,6.0,5.5,6,"5,5"
10,Roma,Cristante,c,55.0,55.0,55,55
10,Roma,El Shaarawy,c,55.0,55.0,55,55
10,Roma,Zalewski,c,6.5,6.5,"6,5","6,5"
10,Roma,Kone' M.,c,6.5,6.5,"6,5","6,5"
10,Roma,Baldanzi,c,6.0,5.5,6,"5,5"
10,Roma,Pisilli,c,6.5,6.5,"6,5","6,5"
10,Roma,Le Fee,c,6.5,6.5,"6,5","6,5"
10,Roma,Dybala,a,7.0,10.0,7,10
10,Roma,Shomurodov,a,55.0,55.0,55,55
10,Roma,Juric,all,6.5,6.5,"6,5","6,5"
10,Torino,Milinkovic-Savic V.,p,6.0,5.0,6,5
10,Torino,Masina,d,5.0,4.5,5,"4,5"
10,Torino,Lazaro,d,5.5,5.5,"5,5","5,5"
10,Torino,Maripan,d,5.5,5.5,"5,5","5,5"
10,Torino,Vojvoda,d,5.5,5.5,"5,5","5,5"
10,Torino,Pedersen,d,5.5,5.5,"5,5","5,5"
10,Torino,Coco,d,5.5,5.0,"5,5",5
10,Torino,Linetty,c,5.0,5.0,5,5
10,Torino,Tameze,c,55.0,55.0,55,55
10,Torino,Ricci S.,c,5.5,5.5,"5,5","5,5"
10,Torino,Vlasic,c,5.5,5.5,"5,5","5,5"
10,Torino,Gineitis,c,5.5,5.5,"5,5","5,5"
10,Torino,Sanabria,a,5.5,5.5,"5,5","5,5"
10,Torino,Karamoh,a,55.0,55.0,55,55
10,Torino,Adams C.,a,5.5,5.5,"5,5","5,5"
10,Torino,Njie,a,6.0,6.0,6,6
10,Torino,Vanoli,all,5.5,5.5,"5,5","5,5"
10,Udinese,Okoye,p,6.0,3.0,6,3
10,Udinese,Kabasele,d,5.0,5.0,5,5
10,Udinese,Kamara H.,d,6.0,6.0,6,6
10,Udinese,Bijol,d,6.0,6.5,6,"6,5"
10,Udinese,Toure' I.s.,d,4.5,3.5,"4,5","3,5"
10,Udinese,Ehizibue,d,6.0,6.0,6,6
10,Udinese,Zemura,d,5.5,5.5,"5,5","5,5"
10,Udinese,Giannetti L.,d,5.0,4.5,5,"4,5"
10,Udinese,Lovric,c,7.0,10.0,7,10
10,Udinese,Zarraga,c,6.0,6.0,6,6
10,Udinese,Payero,c,6.0,5.5,6,"5,5"
10,Udinese,Karlstrom,c,6.0,5.5,6,"5,5"
10,Udinese,Thauvin,a,55.0,55.0,55,55
10,Udinese,Davis K.,a,55.0,55.0,55,55
10,Udinese,Lucca,a,5.5,5.5,"5,5","5,5"
10,Udinese,Bravo,a,7.0,10.0,7,10
10,Udinese,Runjaic,all,5.5,5.5,"5,5","5,5"
10,Venezia,Stankovic F.,p,6.0,4.0,6,4
10,Venezia,Zampano,d,6.0,6.0,6,6
10,Venezia,Candela,d,5.5,5.5,"5,5","5,5"
10,Venezia,Altare,d,5.5,5.5,"5,5","5,5"
10,Venezia,Svoboda,d,6.0,6.0,6,6
10,Venezia,Haps,d,5.5,5.0,"5,5",5
10,Venezia,Sverko,d,55.0,55.0,55,55
10,Venezia,Duncan,c,6.5,6.5,"6,5","6,5"
10,Venezia,Nicolussi Caviglia,c,7.0,9.5,7,"9,5"
10,Venezia,Busio,c,6.0,6.0,6,6
10,Venezia,Ellertsson,c,6.0,6.0,6,6
10,Venezia,Oristanio,c,7.0,6.5,7,"6,5"
10,Venezia,Andersen M.K.,c,6.0,6.0,6,6
10,Venezia,Yeboah J.,c,5.5,5.5,"5,5","5,5"
10,Venezia,Pohjanpalo,a,7.5,13.5,"7,5","13,5"
10,Venezia,Gytkjaer,a,6.0,6.0,6,6
10,Venezia,Di Francesco,all,7.0,7.0,7,7
10,Verona,Perilli,p,6.0,5.0,6,5
10,Verona,Magnani,d,55.0,55.0,55,55
10,Verona,Bradaric,d,6.0,6.0,6,6
10,Verona,Daniliuc,d,5.5,5.5,"5,5","5,5"
10,Verona,Coppola D.,d,5.5,5.5,"5,5","5,5"
10,Verona,Tchatchoua,d,4.5,3.5,"4,5","3,5"
10,Verona,Ghilardi,d,6.0,6.0,6,6
10,Verona,Lazovic,c,5.5,5.5,"5,5","5,5"
10,Verona,Duda,c,6.0,6.0,6,6
10,Verona,Belahyane,c,5.0,4.0,5,4
10,Verona,Serdar,c,5.5,5.0,"5,5",5
10,Verona,Suslov,c,6.0,6.0,6,6
10,Verona,Dani Silva,c,55.0,55.0,55,55
10,Verona,Mosquera,a,6.0,6.0,6,6
10,Verona,Tengstedt,a,5.5,5.5,"5,5","5,5"
10,Verona,Lambourde,a,6.0,6.0,6,6
10,Verona,Zanetti,all,5.5,5.5,"5,5","5,5"
11,Atalanta,Carnesecchi,p,6.5,6.5,"6,5","6,5"
11,Atalanta,Zappacosta,d,6.0,6.0,6,6
11,Atalanta,Djimsiti,d,6.5,6.0,"6,5",6
11,Atalanta,Kolasinac,d,6.0,5.5,6,"5,5"
11,Atalanta,Bellanova,d,6.0,7.0,6,7
11,Atalanta,Ruggeri,d,6.0,6.0,6,6
11,Atalanta,Kossounou,d,6.0,6.0,6,6
11,Atalanta,Hien,d,7.5,7.5,"7,5","7,5"
11,Atalanta,De Roon,c,6.5,6.5,"6,5","6,5"
11,Atalanta,Pasalic,c,6.0,6.0,6,6
11,Atalanta,Brescianini,c,55.0,55.0,55,55
11,Atalanta,Samardzic,c,6.0,6.0,6,6
11,Atalanta,Ederson D.s.,c,6.5,6.5,"6,5","6,5"
11,Atalanta,Lookman,a,8.0,14.0,8,14
11,Atalanta,De Ketelaere,a,7.0,9.0,7,9
11,Atalanta,Retegui,a,6.5,9.5,"6,5","9,5"
11,Atalanta,Gasperini,all,7.0,7.0,7,7
11,Bologna,Ravaglia F.,p,6.0,6.0,6,6
11,Bologna,De Silvestri,d,6.0,6.0,6,6
11,Bologna,Miranda J.,d,7.0,8.0,7,8
11,Bologna,Lucumi',d,6.5,6.5,"6,5","6,5"
11,Bologna,Posch,d,55.0,55.0,55,55
11,Bologna,Beukema,d,6.5,6.5,"6,5","6,5"
11,Bologna,Freuler,c,5.0,5.0,5,5
11,Bologna,Orsolini,c,7.0,10.0,7,10
11,Bologna,Urbanski,c,6.0,5.5,6,"5,5"
11,Bologna,Ndoye,c,6.0,5.5,6,"5,5"
11,Bologna,Ferguson,c,55.0,55.0,55,55
11,Bologna,Moro N.,c,6.0,6.0,6,6
11,Bologna,Fabbian,c,6.0,6.0,6,6
11,Bologna,Odgaard,a,5.0,5.0,5,5
11,Bologna,Castro S.,a,6.0,6.0,6,6
11,Bologna,Dallinga,a,5.5,5.5,"5,5","5,5"
11,Bologna,Italiano,all,6.5,6.5,"6,5","6,5"
11,Cagliari,Scuffet,p,5.0,3.0,5,3
11,Cagliari,Luperto,d,6.5,6.0,"6,5",6
11,Cagliari,Palomino,d,55.0,55.0,55,55
11,Cagliari,Mina,d,5.5,4.5,"5,5","4,5"
11,Cagliari,Augello,d,6.0,5.5,6,"5,5"
11,Cagliari,Zortea,d,5.0,5.0,5,5
11,Cagliari,Zappa,d,5.5,5.0,"5,5",5
11,Cagliari,Obert,d,6.0,6.0,6,6
11,Cagliari,Viola,c,5.5,5.5,"5,5","5,5"
11,Cagliari,Deiola,c,55.0,55.0,55,55
11,Cagliari,Gaetano,c,5.5,5.5,"5,5","5,5"
11,Cagliari,Adopo,c,5.0,4.0,5,4
11,Cagliari,Makoumbou,c,6.5,7.5,"6,5","7,5"
11,Cagliari,Felici,c,55.0,55.0,55,55
11,Cagliari,Piccoli,a,6.0,6.0,6,6
11,Cagliari,Luvumbo,a,6.5,9.0,"6,5",9
11,Cagliari,Nicola,all,6.0,6.0,6,6
11,Como,Reina,p,6.5,5.5,"6,5","5,5"
11,Como,Barba,d,5.0,5.0,5,5
11,Como,Goldaniga,d,6.0,6.0,6,6
11,Como,Moreno Alb.,d,5.5,5.5,"5,5","5,5"
11,Como,Dossena,d,5.5,5.5,"5,5","5,5"
11,Como,Kempf,d,5.5,5.5,"5,5","5,5"
11,Como,Verdi,c,55.0,55.0,55,55
11,Como,Strefezza,c,5.0,5.0,5,5
11,Como,Da Cunha,c,5.5,5.5,"5,5","5,5"
11,Como,Engelhardt,c,5.5,5.5,"5,5","5,5"
11,Como,Fadera,c,6.0,6.0,6,6
11,Como,Paz N.,c,6.0,6.0,6,6
11,Como,Cerri,a,55.0,55.0,55,55
11,Como,Belotti,a,6.0,6.0,6,6
11,Como,Cutrone,a,6.0,6.0,6,6
11,Como,Gabrielloni,a,55.0,55.0,55,55
11,Como,Fabregas,all,6.0,6.0,6,6
11,Empoli,Vasquez D.,p,6.0,6.0,6,6
11,Empoli,De Sciglio,d,7.0,7.0,7,7
11,Empoli,Pezzella Giu.,d,6.5,6.5,"6,5","6,5"
11,Empoli,Ismajli,d,6.5,6.5,"6,5","6,5"
11,Empoli,Viti,d,7.0,7.0,7,7
11,Empoli,Cacace,d,55.0,55.0,55,55
11,Empoli,Marianucci,d,55.0,55.0,55,55
11,Empoli,Haas,c,6.0,6.0,6,6
11,Empoli,Henderson L.,c,6.5,6.5,"6,5","6,5"
11,Empoli,Gyasi,c,5.5,5.5,"5,5","5,5"
11,Empoli,Maleh,c,6.0,6.0,6,6
11,Empoli,Anjorin,c,6.0,6.0,6,6
11,Empoli,Pellegri,a,7.0,10.0,7,10
11,Empoli,Colombo,a,6.0,6.0,6,6
11,Empoli,Ekong,a,6.0,6.0,6,6
11,Empoli,Solbakken,a,5.5,5.5,"5,5","5,5"
11,Empoli,D'Aversa,all,7.0,7.0,7,7
11,Fiorentina,De Gea,p,6.0,6.0,6,6
11,Fiorentina,Biraghi,d,55.0,55.0,55,55
11,Fiorentina,Gosens,d,6.0,6.0,6,6
11,Fiorentina,Ranieri L.,d,6.5,7.5,"6,5","7,5"
11,Fiorentina,Dodo',d,6.0,6.0,6,6
11,Fiorentina,Comuzzo,d,6.5,6.5,"6,5","6,5"
11,Fiorentina,Mandragora,c,6.0,6.0,6,6
11,Fiorentina,Sottil,c,5.5,5.5,"5,5","5,5"
11,Fiorentina,Ikone',c,5.5,5.5,"5,5","5,5"
11,Fiorentina,Bove,c,6.5,6.0,"6,5",6
11,Fiorentina,Adli,c,6.0,6.0,6,6
11,Fiorentina,Colpani,c,6.0,6.0,6,6
11,Fiorentina,Richardson,c,6.0,6.0,6,6
11,Fiorentina,Kean,a,7.0,10.0,7,10
11,Fiorentina,Kouame',a,6.0,6.0,6,6
11,Fiorentina,Beltran L.,a,6.0,6.0,6,6
11,Fiorentina,Palladino,all,6.5,6.5,"6,5","6,5"
11,Genoa,Leali,p,6.0,5.5,6,"5,5"
11,Genoa,Sabelli,d,6.0,6.0,6,6
11,Genoa,Martin,d,6.5,6.5,"6,5","6,5"
11,Genoa,Vasquez,d,6.5,6.0,"6,5",6
11,Genoa,Zanoli,d,5.5,5.0,"5,5",5
11,Genoa,Matturro,d,6.0,6.0,6,6
11,Genoa,Vogliacco,d,5.5,5.5,"5,5","5,5"
11,Genoa,Ahanor,d,6.0,6.0,6,6
11,Genoa,Badelj,c,6.0,6.0,6,6
11,Genoa,Thorsby,c,6.5,6.5,"6,5","6,5"
11,Genoa,Frendrup,c,6.5,6.5,"6,5","6,5"
11,Genoa,Masini,c,55.0,55.0,55,55
11,Genoa,Balotelli,a,55.0,55.0,55,55
11,Genoa,Pinamonti,a,7.0,10.0,7,10
11,Genoa,Ekhator,a,6.0,5.5,6,"5,5"
11,Genoa,Gilardino,all,7.0,7.0,7,7
11,Inter,Sommer,p,6.5,6.5,"6,5","6,5"
11,Inter,Dimarco,d,7.0,8.0,7,8
11,Inter,De Vrij,d,6.0,6.0,6,6
11,Inter,Bastoni,d,6.5,6.5,"6,5","6,5"
11,Inter,Darmian,d,6.0,6.0,6,6
11,Inter,Pavard,d,6.5,6.0,"6,5",6
11,Inter,Dumfries,d,6.0,6.0,6,6
11,Inter,Bisseck,d,6.0,6.0,6,6
11,Inter,Zielinski,c,5.5,5.5,"5,5","5,5"
11,Inter,Barella,c,6.5,6.5,"6,5","6,5"
11,Inter,Calhanoglu,c,6.5,6.5,"6,5","6,5"
11,Inter,Mkhitaryan,c,5.5,5.5,"5,5","5,5"
11,Inter,Frattesi,c,55.0,55.0,55,55
11,Inter,Martinez L.,a,7.0,10.0,7,10
11,Inter,Thuram,a,5.0,5.0,5,5
11,Inter,Taremi,a,6.0,6.0,6,6
11,Inter,Inzaghi S.,all,6.5,6.5,"6,5","6,5"
11,Juventus,Di Gregorio,p,6.0,6.0,6,6
11,Juventus,Danilo,d,55.0,55.0,55,55
11,Juventus,Kalulu,d,6.0,6.0,6,6
11,Juventus,Cambiaso,d,6.5,6.5,"6,5","6,5"
11,Juventus,Gatti,d,6.5,6.0,"6,5",6
11,Juventus,Cabal,d,55.0,55.0,55,55
11,Juventus,Savona,d,7.0,10.0,7,10
11,Juventus,Locatelli,c,6.5,6.0,"6,5",6
11,Juventus,Weah,c,6.5,6.5,"6,5","6,5"
11,Juventus,McKennie,c,6.0,6.0,6,6
11,Juventus,Thuram K.,c,7.0,7.0,7,7
11,Juventus,Koopmeiners,c,6.0,6.0,6,6
11,Juventus,Conceicao,c,6.0,6.0,6,6
11,Juventus,Vlahovic,a,6.0,6.0,6,6
11,Juventus,Yildiz,a,7.0,7.0,7,7
11,Juventus,Mbangula,a,55.0,55.0,55,55
11,Juventus,Thiago Motta,all,6.5,6.5,"6,5","6,5"
11,Lazio,Provedel,p,6.0,5.0,6,5
11,Lazio,Romagnoli,d,6.0,6.0,6,6
11,Lazio,Marusic,d,55.0,55.0,55,55
11,Lazio,Lazzari,d,5.5,5.0,"5,5",5
11,Lazio,Pellegrini Lu.,d,6.5,6.5,"6,5","6,5"
11,Lazio,Gila,d,5.5,5.5,"5,5","5,5"
11,Lazio,Vecino,c,6.0,6.0,6,6
11,Lazio,Zaccagni,c,7.0,10.0,7,10
11,Lazio,Guendouzi,c,6.0,6.0,6,6
11,Lazio,Rovella,c,6.5,6.0,"6,5",6
11,Lazio,Dele-Bashiru,c,55.0,55.0,55,55
11,Lazio,Pedro,a,5.5,5.5,"5,5","5,5"
11,Lazio,Dia,a,7.0,10.0,7,10
11,Lazio,Castellanos,a,7.0,7.0,7,7
11,Lazio,Isaksen,a,6.0,6.0,6,6
11,Lazio,Noslin,a,6.0,5.5,6,"5,5"
11,Lazio,Baroni,all,6.5,6.5,"6,5","6,5"
11,Lecce,Falcone,p,6.5,5.5,"6,5","5,5"
11,Lecce,Gallo,d,5.5,5.5,"5,5","5,5"
11,Lecce,Guilbert,d,6.5,6.5,"6,5","6,5"
11,Lecce,Baschirotto,d,6.0,6.0,6,6
11,Lecce,Dorgu,d,6.0,6.0,6,6
11,Lecce,Gaspar K.,d,6.0,5.5,6,"5,5"
11,Lecce,Pelmard,d,5.5,5.0,"5,5",5
11,Lecce,Coulibaly L.,c,6.0,6.0,6,6
11,Lecce,Rafia,c,6.0,6.0,6,6
11,Lecce,Ramadani,c,6.0,6.0,6,6
11,Lecce,Pierret,c,5.5,5.5,"5,5","5,5"
11,Lecce,Rebic,a,55.0,55.0,55,55
11,Lecce,Sansone,a,55.0,55.0,55,55
11,Lecce,Banda,a,5.5,5.5,"5,5","5,5"
11,Lecce,Krstovic,a,5.0,5.0,5,5
11,Lecce,Pierotti,a,5.5,5.5,"5,5","5,5"
11,Lecce,Gotti,all,5.5,5.5,"5,5","5,5"
11,Milan,Maignan,p,6.5,6.5,"6,5","6,5"
11,Milan,Calabria,d,55.0,55.0,55,55
11,Milan,Hernandez T.,d,6.5,6.5,"6,5","6,5"
11,Milan,Pavlovic,d,6.0,6.0,6,6
11,Milan,Terracciano F.,d,5.5,5.5,"5,5","5,5"
11,Milan,Thiaw,d,6.0,6.0,6,6
11,Milan,Pulisic,c,6.5,6.5,"6,5","6,5"
11,Milan,Loftus-Cheek,c,55.0,55.0,55,55
11,Milan,Fofana Y.,c,6.5,6.5,"6,5","6,5"
11,Milan,Chukwueze,c,6.0,6.0,6,6
11,Milan,Musah,c,55.0,55.0,55,55
11,Milan,Reijnders,c,7.0,10.0,7,10
11,Milan,Morata,a,5.5,5.0,"5,5",5
11,Milan,Leao,a,5.5,5.5,"5,5","5,5"
11,Milan,Okafor,a,5.0,5.0,5,5
11,Milan,Fonseca,all,6.5,6.5,"6,5","6,5"
11,Monza,Turati,p,6.5,5.5,"6,5","5,5"
11,Monza,Izzo,d,6.0,6.0,6,6
11,Monza,D'Ambrosio,d,6.0,6.0,6,6
11,Monza,Pereira P.,d,6.0,6.0,6,6
11,Monza,Kyriakopoulos,d,5.5,5.5,"5,5","5,5"
11,Monza,Mari',d,6.0,6.0,6,6
11,Monza,Carboni A.,d,5.5,5.5,"5,5","5,5"
11,Monza,Valoti,c,55.0,55.0,55,55
11,Monza,Maldini,c,5.5,5.5,"5,5","5,5"
11,Monza,Bianco,c,6.5,6.5,"6,5","6,5"
11,Monza,Vignato S.,c,6.0,6.0,6,6
11,Monza,Bondo,c,5.5,5.0,"5,5",5
11,Monza,Caprari,a,6.0,6.0,6,6
11,Monza,Djuric,a,5.5,5.0,"5,5",5
11,Monza,Mota,a,6.0,6.0,6,6
11,Monza,Maric,a,55.0,55.0,55,55
11,Monza,Nesta,all,6.0,6.0,6,6
11,Napoli,Meret,p,5.5,2.5,"5,5","2,5"
11,Napoli,Spinazzola,d,6.0,6.0,6,6
11,Napoli,Buongiorno,d,6.5,6.5,"6,5","6,5"
11,Napoli,Di Lorenzo,d,5.5,5.5,"5,5","5,5"
11,Napoli,Rrahmani,d,5.5,5.5,"5,5","5,5"
11,Napoli,Olivera,d,5.5,5.5,"5,5","5,5"
11,Napoli,Politano,c,6.0,6.0,6,6
11,Napoli,Zambo Anguissa,c,6.0,6.0,6,6
11,Napoli,McTominay,c,6.0,6.0,6,6
11,Napoli,Gilmour,c,5.5,5.5,"5,5","5,5"
11,Napoli,Neres,c,6.0,5.5,6,"5,5"
11,Napoli,Simeone,a,6.0,6.0,6,6
11,Napoli,Lukaku,a,5.0,5.0,5,5
11,Napoli,Raspadori,a,6.0,6.0,6,6
11,Napoli,Kvaratskhelia,a,5.5,5.5,"5,5","5,5"
11,Napoli,Ngonge,a,6.0,6.0,6,6
11,Napoli,Conte,all,5.0,5.0,5,5
11,Parma,Suzuki,p,6.5,5.5,"6,5","5,5"
11,Parma,Balogh,d,6.0,6.0,6,6
11,Parma,Valeri,d,6.0,6.0,6,6
11,Parma,Delprato,d,6.5,6.5,"6,5","6,5"
11,Parma,Coulibaly W.,d,5.5,5.5,"5,5","5,5"
11,Parma,Estevez,c,5.5,5.5,"5,5","5,5"
11,Parma,Sohm,c,6.0,6.0,6,6
11,Parma,Man,c,5.5,5.5,"5,5","5,5"
11,Parma,Bernabe',c,6.0,6.0,6,6
11,Parma,Keita M.,c,5.5,5.0,"5,5",5
11,Parma,Mihaila,a,5.5,5.5,"5,5","5,5"
11,Parma,Almqvist,a,5.5,5.5,"5,5","5,5"
11,Parma,Benedyczak,a,55.0,55.0,55,55
11,Parma,Bonny,a,5.5,5.5,"5,5","5,5"
11,Parma,Charpentier,a,5.5,5.5,"5,5","5,5"
11,Parma,Haj Mohamed,a,6.0,5.5,6,"5,5"
11,Parma,Pecchia,all,5.5,5.5,"5,5","5,5"
11,Roma,Svilar,p,6.0,2.5,6,"2,5"
11,Roma,Mancini,d,5.5,5.5,"5,5","5,5"
11,Roma,N'Dicka,d,5.0,5.0,5,5
11,Roma,Celik,d,6.0,7.0,6,7
11,Roma,Angelino,d,6.0,6.0,6,6
11,Roma,Paredes,c,55.0,55.0,55,55
11,Roma,Pellegrini Lo.,c,5.5,5.5,"5,5","5,5"
11,Roma,Cristante,c,6.0,6.0,6,6
11,Roma,El Shaarawy,c,5.5,5.5,"5,5","5,5"
11,Roma,Zalewski,c,5.5,6.5,"5,5","6,5"
11,Roma,Kone' M.,c,6.5,6.0,"6,5",6
11,Roma,Baldanzi,c,6.0,6.0,6,6
11,Roma,Le Fee,c,6.0,6.0,6,6
11,Roma,Dybala,a,6.0,6.0,6,6
11,Roma,Soule',a,7.0,10.0,7,10
11,Roma,Dovbyk,a,6.5,9.5,"6,5","9,5"
11,Roma,Juric,all,5.5,5.5,"5,5","5,5"
11,Torino,Milinkovic-Savic V.,p,6.0,5.0,6,5
11,Torino,Walukiewicz,d,6.0,6.0,6,6
11,Torino,Lazaro,d,6.0,6.0,6,6
11,Torino,Maripan,d,5.0,5.0,5,5
11,Torino,Pedersen,d,6.0,6.0,6,6
11,Torino,Coco,d,6.0,6.0,6,6
11,Torino,Sosa B.,d,5.5,5.5,"5,5","5,5"
11,Torino,Linetty,c,55.0,55.0,55,55
11,Torino,Tameze,c,6.0,6.0,6,6
11,Torino,Ilic,c,5.5,5.0,"5,5",5
11,Torino,Ricci S.,c,5.5,5.0,"5,5",5
11,Torino,Vlasic,c,5.5,5.5,"5,5","5,5"
11,Torino,Sanabria,a,5.5,5.5,"5,5","5,5"
11,Torino,Karamoh,a,55.0,55.0,55,55
11,Torino,Adams C.,a,55.0,55.0,55,55
11,Torino,Njie,a,5.5,5.5,"5,5","5,5"
11,Torino,Vanoli,all,5.5,5.5,"5,5","5,5"
11,Udinese,Okoye,p,5.5,1.5,"5,5","1,5"
11,Udinese,Kabasele,d,5.0,5.0,5,5
11,Udinese,Kamara H.,d,6.0,6.0,6,6
11,Udinese,Bijol,d,5.5,5.0,"5,5",5
11,Udinese,Ebosse,d,6.0,6.0,6,6
11,Udinese,Ehizibue,d,5.5,5.5,"5,5","5,5"
11,Udinese,Zemura,d,5.5,5.5,"5,5","5,5"
11,Udinese,Giannetti L.,d,5.5,5.5,"5,5","5,5"
11,Udinese,Lovric,c,5.5,5.5,"5,5","5,5"
11,Udinese,Zarraga,c,5.5,5.5,"5,5","5,5"
11,Udinese,Payero,c,6.0,6.0,6,6
11,Udinese,Karlstrom,c,5.0,5.0,5,5
11,Udinese,Rui Modesto,c,55.0,55.0,55,55
11,Udinese,Thauvin,a,6.0,6.0,6,6
11,Udinese,Davis K.,a,6.0,5.5,6,"5,5"
11,Udinese,Lucca,a,6.5,6.5,"6,5","6,5"
11,Udinese,Runjaic,all,5.5,5.5,"5,5","5,5"
11,Venezia,Stankovic F.,p,7.0,6.0,7,6
11,Venezia,Zampano,d,5.0,4.5,5,"4,5"
11,Venezia,Altare,d,5.5,5.5,"5,5","5,5"
11,Venezia,Svoboda,d,5.5,5.5,"5,5","5,5"
11,Venezia,Haps,d,5.5,5.5,"5,5","5,5"
11,Venezia,Idzes,d,6.5,6.5,"6,5","6,5"
11,Venezia,Sverko,d,5.5,5.5,"5,5","5,5"
11,Venezia,Duncan,c,6.0,6.0,6,6
11,Venezia,Nicolussi Caviglia,c,6.0,6.0,6,6
11,Venezia,Crnigoj,c,5.5,5.5,"5,5","5,5"
11,Venezia,Busio,c,6.5,6.5,"6,5","6,5"
11,Venezia,Ellertsson,c,6.0,6.0,6,6
11,Venezia,Oristanio,c,5.5,5.5,"5,5","5,5"
11,Venezia,Andersen M.K.,c,5.5,5.5,"5,5","5,5"
11,Venezia,Yeboah J.,c,55.0,55.0,55,55
11,Venezia,Pohjanpalo,a,6.0,6.0,6,6
11,Venezia,Di Francesco,all,6.0,6.0,6,6
11,Verona,Montipo',p,6.5,4.5,"6,5","4,5"
11,Verona,Faraoni,d,55.0,55.0,55,55
11,Verona,Magnani,d,6.0,8.5,6,"8,5"
11,Verona,Bradaric,d,6.0,6.0,6,6
11,Verona,Daniliuc,d,5.5,5.5,"5,5","5,5"
11,Verona,Coppola D.,d,5.5,5.5,"5,5","5,5"
11,Verona,Lazovic,c,5.5,5.5,"5,5","5,5"
11,Verona,Kastanos,c,6.5,6.5,"6,5","6,5"
11,Verona,Duda,c,6.5,7.5,"6,5","7,5"
11,Verona,Harroui,c,7.0,10.0,7,10
11,Verona,Serdar,c,6.0,6.0,6,6
11,Verona,Suslov,c,6.0,5.5,6,"5,5"
11,Verona,Dani Silva,c,55.0,55.0,55,55
11,Verona,Mosquera,a,6.0,6.0,6,6
11,Verona,Rocha Livramento,a,6.0,6.0,6,6
11,Verona,Tengstedt,a,7.0,10.0,7,10
11,Verona,Zanetti,all,7.0,6.5,7,"6,5"
12,Atalanta,Carnesecchi,p,6.5,5.5,"6,5","5,5"
12,Atalanta,Zappacosta,d,6.0,6.0,6,6
12,Atalanta,Cuadrado,d,55.0,55.0,55,55
12,Atalanta,Djimsiti,d,6.0,6.0,6,6
12,Atalanta,Bellanova,d,7.0,8.0,7,8
12,Atalanta,Ruggeri,d,6.0,6.0,6,6
12,Atalanta,Kossounou,d,6.5,6.5,"6,5","6,5"
12,Atalanta,Hien,d,6.0,6.0,6,6
12,Atalanta,De Roon,c,6.0,6.0,6,6
12,Atalanta,Pasalic,c,7.0,10.0,7,10
12,Atalanta,Zaniolo,c,55.0,55.0,55,55
12,Atalanta,Brescianini,c,6.0,6.0,6,6
12,Atalanta,Samardzic,c,6.5,6.5,"6,5","6,5"
12,Atalanta,Ederson D.s.,c,5.5,5.5,"5,5","5,5"
12,Atalanta,Lookman,a,6.0,5.5,6,"5,5"
12,Atalanta,Retegui,a,5.5,5.5,"5,5","5,5"
12,Atalanta,Gasperini,all,7.0,7.0,7,7
12,Bologna,Skorupski,p,5.5,3.5,"5,5","3,5"
12,Bologna,De Silvestri,d,5.5,5.0,"5,5",5
12,Bologna,Miranda J.,d,7.0,7.5,7,"7,5"
12,Bologna,Casale,d,55.0,55.0,55,55
12,Bologna,Lucumi',d,6.5,6.5,"6,5","6,5"
12,Bologna,Posch,d,6.0,6.0,6,6
12,Bologna,Beukema,d,5.5,5.5,"5,5","5,5"
12,Bologna,Freuler,c,6.0,6.0,6,6
12,Bologna,Orsolini,c,7.0,10.0,7,10
12,Bologna,Pobega,c,6.5,6.5,"6,5","6,5"
12,Bologna,Ndoye,c,6.0,6.0,6,6
12,Bologna,Fabbian,c,6.0,6.0,6,6
12,Bologna,Karlsson,c,7.0,9.5,7,"9,5"
12,Bologna,Odgaard,a,6.0,6.0,6,6
12,Bologna,Castro S.,a,7.5,11.5,"7,5","11,5"
12,Bologna,Dallinga,a,6.5,6.5,"6,5","6,5"
12,Bologna,Italiano,all,7.0,7.0,7,7
12,Cagliari,Sherri,p,5.0,2.0,5,2
12,Cagliari,Luperto,d,6.0,6.0,6,6
12,Cagliari,Palomino,d,5.0,5.0,5,5
12,Cagliari,Augello,d,6.5,7.5,"6,5","7,5"
12,Cagliari,Zortea,d,7.0,10.0,7,10
12,Cagliari,Zappa,d,7.5,13.5,"7,5","13,5"
12,Cagliari,Wieteska,d,6.0,6.0,6,6
12,Cagliari,Viola,c,5.5,5.5,"5,5","5,5"
12,Cagliari,Deiola,c,5.5,5.5,"5,5","5,5"
12,Cagliari,Gaetano,c,6.0,6.0,6,6
12,Cagliari,Marin,c,55.0,55.0,55,55
12,Cagliari,Makoumbou,c,6.0,6.0,6,6
12,Cagliari,Pavoletti,a,55.0,55.0,55,55
12,Cagliari,Lapadula,a,55.0,55.0,55,55
12,Cagliari,Piccoli,a,5.5,5.5,"5,5","5,5"
12,Cagliari,Luvumbo,a,6.0,6.0,6,6
12,Cagliari,Nicola,all,7.0,7.0,7,7
12,Como,Reina,p,6.0,5.0,6,5
12,Como,Goldaniga,d,6.0,5.5,6,"5,5"
12,Como,Sala M.,d,55.0,55.0,55,55
12,Como,Moreno Alb.,d,6.0,5.5,6,"5,5"
12,Como,Dossena,d,6.5,6.5,"6,5","6,5"
12,Como,Iovine,d,55.0,55.0,55,55
12,Como,Kempf,d,5.5,5.0,"5,5",5
12,Como,Verdi,c,5.5,5.5,"5,5","5,5"
12,Como,Strefezza,c,6.5,6.5,"6,5","6,5"
12,Como,Da Cunha,c,7.0,10.0,7,10
12,Como,Braunoder,c,55.0,55.0,55,55
12,Como,Engelhardt,c,5.5,5.5,"5,5","5,5"
12,Como,Fadera,c,6.0,6.0,6,6
12,Como,Paz N.,c,7.0,8.0,7,8
12,Como,Belotti,a,55.0,55.0,55,55
12,Como,Cutrone,a,5.5,5.5,"5,5","5,5"
12,Como,Fabregas,all,6.0,6.0,6,6
12,Empoli,Vasquez D.,p,6.5,5.5,"6,5","5,5"
12,Empoli,De Sciglio,d,6.0,6.0,6,6
12,Empoli,Ismajli,d,6.5,6.5,"6,5","6,5"
12,Empoli,Viti,d,6.5,6.5,"6,5","6,5"
12,Empoli,Cacace,d,6.5,7.0,"6,5",7
12,Empoli,Sambia,d,55.0,55.0,55,55
12,Empoli,Goglichidze,d,6.5,6.5,"6,5","6,5"
12,Empoli,Haas,c,6.5,6.5,"6,5","6,5"
12,Empoli,Henderson L.,c,6.0,5.5,6,"5,5"
12,Empoli,Gyasi,c,6.5,6.5,"6,5","6,5"
12,Empoli,Maleh,c,6.5,6.5,"6,5","6,5"
12,Empoli,Pellegri,a,7.0,9.5,7,"9,5"
12,Empoli,Colombo,a,6.0,6.0,6,6
12,Empoli,Ekong,a,55.0,55.0,55,55
12,Empoli,Solbakken,a,6.0,6.0,6,6
12,Empoli,D'Aversa,all,6.0,6.0,6,6
12,Fiorentina,De Gea,p,6.5,5.5,"6,5","5,5"
12,Fiorentina,Gosens,d,6.0,6.0,6,6
12,Fiorentina,Ranieri L.,d,6.0,6.0,6,6
12,Fiorentina,Parisi,d,55.0,55.0,55,55
12,Fiorentina,Dodo',d,6.5,6.5,"6,5","6,5"
12,Fiorentina,Kayode,d,55.0,55.0,55,55
12,Fiorentina,Comuzzo,d,6.5,6.5,"6,5","6,5"
12,Fiorentina,Mandragora,c,55.0,55.0,55,55
12,Fiorentina,Sottil,c,5.5,5.5,"5,5","5,5"
12,Fiorentina,Bove,c,5.5,5.5,"5,5","5,5"
12,Fiorentina,Adli,c,6.5,7.5,"6,5","7,5"
12,Fiorentina,Colpani,c,6.0,6.0,6,6
12,Fiorentina,Richardson,c,6.0,6.0,6,6
12,Fiorentina,Kean,a,8.5,17.0,"8,5",17
12,Fiorentina,Kouame',a,6.5,6.5,"6,5","6,5"
12,Fiorentina,Beltran L.,a,6.5,7.5,"6,5","7,5"
12,Fiorentina,Palladino,all,7.0,7.0,7,7
12,Genoa,Leali,p,6.5,5.5,"6,5","5,5"
12,Genoa,Sabelli,d,5.0,5.0,5,5
12,Genoa,Martin,d,6.0,5.5,6,"5,5"
12,Genoa,Vasquez,d,6.0,5.5,6,"5,5"
12,Genoa,Zanoli,d,55.0,55.0,55,55
12,Genoa,Matturro,d,5.5,5.5,"5,5","5,5"
12,Genoa,Vogliacco,d,7.0,9.5,7,"9,5"
12,Genoa,Marcandalli,d,55.0,55.0,55,55
12,Genoa,Badelj,c,5.0,5.0,5,5
12,Genoa,Thorsby,c,6.0,6.0,6,6
12,Genoa,Pereiro,c,6.0,6.0,6,6
12,Genoa,Frendrup,c,5.5,5.5,"5,5","5,5"
12,Genoa,Miretti,c,5.5,5.5,"5,5","5,5"
12,Genoa,Balotelli,a,6.0,5.5,6,"5,5"
12,Genoa,Pinamonti,a,6.0,7.0,6,7
12,Genoa,Ekhator,a,5.5,5.5,"5,5","5,5"
12,Genoa,Gilardino,all,6.5,6.5,"6,5","6,5"
12,Inter,Sommer,p,6.0,5.0,6,5
12,Inter,Dimarco,d,6.5,6.5,"6,5","6,5"
12,Inter,De Vrij,d,55.0,55.0,55,55
12,Inter,Acerbi,d,7.0,7.0,7,7
12,Inter,Bastoni,d,6.5,7.5,"6,5","7,5"
12,Inter,Darmian,d,55.0,55.0,55,55
12,Inter,Pavard,d,6.0,6.0,6,6
12,Inter,Dumfries,d,5.5,5.0,"5,5",5
12,Inter,Zielinski,c,55.0,55.0,55,55
12,Inter,Barella,c,6.0,6.0,6,6
12,Inter,Calhanoglu,c,6.0,6.0,6,6
12,Inter,Mkhitaryan,c,5.5,5.5,"5,5","5,5"
12,Inter,Martinez L.,a,5.5,5.5,"5,5","5,5"
12,Inter,Arnautovic,a,55.0,55.0,55,55
12,Inter,Thuram,a,5.5,5.5,"5,5","5,5"
12,Inter,Taremi,a,55.0,55.0,55,55
12,Inter,Inzaghi S.,all,6.0,5.5,6,"5,5"
12,Juventus,Perin,p,6.0,6.0,6,6
12,Juventus,Danilo,d,55.0,55.0,55,55
12,Juventus,Kalulu,d,6.5,6.5,"6,5","6,5"
12,Juventus,Cambiaso,d,7.0,7.0,7,7
12,Juventus,Gatti,d,6.0,6.0,6,6
12,Juventus,Savona,d,6.0,6.0,6,6
12,Juventus,Locatelli,c,6.5,6.5,"6,5","6,5"
12,Juventus,Weah,c,7.0,10.0,7,10
12,Juventus,McKennie,c,55.0,55.0,55,55
12,Juventus,Thuram K.,c,6.5,6.5,"6,5","6,5"
12,Juventus,Koopmeiners,c,6.5,6.0,"6,5",6
12,Juventus,Conceicao,c,6.5,7.5,"6,5","7,5"
12,Juventus,Vlahovic,a,5.5,5.5,"5,5","5,5"
12,Juventus,Yildiz,a,7.0,10.0,7,10
12,Juventus,Thiago Motta,all,7.0,7.0,7,7
12,Lazio,Provedel,p,6.0,6.0,6,6
12,Lazio,Romagnoli,d,6.5,6.5,"6,5","6,5"
12,Lazio,Marusic,d,6.0,6.0,6,6
12,Lazio,Pellegrini Lu.,d,6.0,6.0,6,6
12,Lazio,Tavares N.,d,7.0,7.0,7,7
12,Lazio,Gila,d,6.0,6.0,6,6
12,Lazio,Gigot,d,55.0,55.0,55,55
12,Lazio,Vecino,c,6.5,6.5,"6,5","6,5"
12,Lazio,Zaccagni,c,7.5,10.5,"7,5","10,5"
12,Lazio,Guendouzi,c,6.5,6.5,"6,5","6,5"
12,Lazio,Rovella,c,6.5,6.5,"6,5","6,5"
12,Lazio,Pedro,a,6.5,6.5,"6,5","6,5"
12,Lazio,Dia,a,6.0,6.0,6,6
12,Lazio,Castellanos,a,5.5,5.5,"5,5","5,5"
12,Lazio,Isaksen,a,5.5,5.0,"5,5",5
12,Lazio,Noslin,a,6.0,6.0,6,6
12,Lazio,Baroni,all,6.5,6.5,"6,5","6,5"
12,Lecce,Falcone,p,6.0,5.0,6,5
12,Lecce,Gallo,d,6.5,7.5,"6,5","7,5"
12,Lecce,Guilbert,d,5.0,5.0,5,5
12,Lecce,Baschirotto,d,6.0,6.0,6,6
12,Lecce,Dorgu,d,6.5,6.5,"6,5","6,5"
12,Lecce,Gaspar K.,d,6.5,6.5,"6,5","6,5"
12,Lecce,Coulibaly L.,c,6.0,6.0,6,6
12,Lecce,Oudin,c,5.0,5.0,5,5
12,Lecce,Rafia,c,5.5,5.5,"5,5","5,5"
12,Lecce,Ramadani,c,5.5,5.5,"5,5","5,5"
12,Lecce,Rebic,a,55.0,55.0,55,55
12,Lecce,Sansone,a,6.5,6.5,"6,5","6,5"
12,Lecce,Banda,a,6.0,6.0,6,6
12,Lecce,Krstovic,a,5.5,5.5,"5,5","5,5"
12,Lecce,Pierotti,a,7.0,10.0,7,10
12,Lecce,Gotti,all,5.5,5.5,"5,5","5,5"
12,Milan,Maignan,p,6.5,3.5,"6,5","3,5"
12,Milan,Hernandez T.,d,4.5,4.0,"4,5",4
12,Milan,Tomori,d,55.0,55.0,55,55
12,Milan,Emerson Royal,d,5.5,5.5,"5,5","5,5"
12,Milan,Pavlovic,d,5.0,5.0,5,5
12,Milan,Thiaw,d,5.0,5.0,5,5
12,Milan,Pulisic,c,6.5,6.5,"6,5","6,5"
12,Milan,Loftus-Cheek,c,6.0,6.0,6,6
12,Milan,Fofana Y.,c,6.0,6.5,6,"6,5"
12,Milan,Chukwueze,c,5.5,5.5,"5,5","5,5"
12,Milan,Musah,c,55.0,55.0,55,55
12,Milan,Reijnders,c,7.0,8.0,7,8
12,Milan,Abraham,a,7.0,10.0,7,10
12,Milan,Leao,a,7.5,13.5,"7,5","13,5"
12,Milan,Okafor,a,55.0,55.0,55,55
12,Milan,Camarda,a,5.5,5.5,"5,5","5,5"
12,Milan,Fonseca,all,6.0,6.0,6,6
12,Monza,Turati,p,7.0,6.0,7,6
12,Monza,Izzo,d,5.0,5.0,5,5
12,Monza,Pereira P.,d,5.0,4.5,5,"4,5"
12,Monza,Kyriakopoulos,d,6.0,6.0,6,6
12,Monza,Mari',d,5.5,5.5,"5,5","5,5"
12,Monza,Carboni A.,d,5.5,5.0,"5,5",5
12,Monza,Birindelli,d,55.0,55.0,55,55
12,Monza,Pessina,c,6.0,5.5,6,"5,5"
12,Monza,Maldini,c,5.0,4.5,5,"4,5"
12,Monza,Bianco,c,6.0,5.5,6,"5,5"
12,Monza,Bondo,c,6.0,6.0,6,6
12,Monza,Petagna,a,55.0,55.0,55,55
12,Monza,Caprari,a,6.0,6.0,6,6
12,Monza,Djuric,a,5.0,5.0,5,5
12,Monza,Mota,a,5.5,5.5,"5,5","5,5"
12,Monza,Nesta,all,5.5,5.5,"5,5","5,5"
12,Napoli,Meret,p,5.5,4.5,"5,5","4,5"
12,Napoli,Buongiorno,d,7.0,7.0,7,7
12,Napoli,Di Lorenzo,d,6.0,6.0,6,6
12,Napoli,Rrahmani,d,7.0,8.0,7,8
12,Napoli,Olivera,d,6.0,6.0,6,6
12,Napoli,Politano,c,5.5,5.5,"5,5","5,5"
12,Napoli,Zambo Anguissa,c,5.5,5.5,"5,5","5,5"
12,Napoli,Lobotka,c,6.0,6.0,6,6
12,Napoli,McTominay,c,7.0,10.0,7,10
12,Napoli,Gilmour,c,6.0,6.0,6,6
12,Napoli,Simeone,a,6.0,6.0,6,6
12,Napoli,Lukaku,a,5.5,5.5,"5,5","5,5"
12,Napoli,Kvaratskhelia,a,5.5,5.5,"5,5","5,5"
12,Napoli,Ngonge,a,55.0,55.0,55,55
12,Napoli,Conte,all,6.0,6.0,6,6
12,Parma,Suzuki,p,6.5,5.5,"6,5","5,5"
12,Parma,Balogh,d,6.0,6.0,6,6
12,Parma,Valeri,d,7.0,10.0,7,10
12,Parma,Delprato,d,6.5,6.5,"6,5","6,5"
12,Parma,Coulibaly W.,d,6.0,6.0,6,6
12,Parma,Leoni,d,6.0,6.0,6,6
12,Parma,Estevez,c,6.0,6.0,6,6
12,Parma,Sohm,c,6.5,6.5,"6,5","6,5"
12,Parma,Man,c,6.5,7.5,"6,5","7,5"
12,Parma,Hainaut,c,6.0,6.0,6,6
12,Parma,Keita M.,c,5.5,5.5,"5,5","5,5"
12,Parma,Mihaila,a,5.5,5.5,"5,5","5,5"
12,Parma,Cancellieri,a,5.5,5.0,"5,5",5
12,Parma,Benedyczak,a,5.5,5.5,"5,5","5,5"
12,Parma,Bonny,a,7.0,10.0,7,10
12,Parma,Charpentier,a,6.0,5.5,6,"5,5"
12,Parma,Pecchia,all,7.0,7.0,7,7
12,Roma,Svilar,p,5.5,2.5,"5,5","2,5"
12,Roma,Mancini,d,5.5,6.0,"5,5",6
12,Roma,N'Dicka,d,5.5,5.5,"5,5","5,5"
12,Roma,Celik,d,5.5,5.5,"5,5","5,5"
12,Roma,Angelino,d,5.5,5.5,"5,5","5,5"
12,Roma,Dahl,d,6.0,6.0,6,6
12,Roma,Paredes,c,55.0,55.0,55,55
12,Roma,Cristante,c,5.0,5.0,5,5
12,Roma,El Shaarawy,c,7.5,13.0,"7,5",13
12,Roma,Kone' M.,c,6.0,6.0,6,6
12,Roma,Baldanzi,c,5.5,5.5,"5,5","5,5"
12,Roma,Pisilli,c,6.0,6.0,6,6
12,Roma,Shomurodov,a,6.5,7.5,"6,5","7,5"
12,Roma,Soule',a,5.5,5.5,"5,5","5,5"
12,Roma,Dovbyk,a,5.0,5.0,5,5
12,Roma,Juric,all,4.5,4.5,"4,5","4,5"
12,Torino,Milinkovic-Savic V.,p,6.0,4.0,6,4
12,Torino,Masina,d,6.0,6.0,6,6
12,Torino,Walukiewicz,d,5.5,5.0,"5,5",5
12,Torino,Lazaro,d,5.5,5.0,"5,5",5
12,Torino,Vojvoda,d,5.0,5.0,5,5
12,Torino,Pedersen,d,5.0,5.0,5,5
12,Torino,Coco,d,5.5,5.0,"5,5",5
12,Torino,Sosa B.,d,5.5,5.5,"5,5","5,5"
12,Torino,Linetty,c,5.5,5.5,"5,5","5,5"
12,Torino,Ilic,c,5.5,5.5,"5,5","5,5"
12,Torino,Ricci S.,c,5.5,5.5,"5,5","5,5"
12,Torino,Vlasic,c,5.0,5.0,5,5
12,Torino,Gineitis,c,6.0,6.0,6,6
12,Torino,Sanabria,a,5.0,5.0,5,5
12,Torino,Karamoh,a,55.0,55.0,55,55
12,Torino,Njie,a,5.5,5.5,"5,5","5,5"
12,Torino,Vanoli,all,5.5,5.5,"5,5","5,5"
12,Udinese,Okoye,p,6.5,4.5,"6,5","4,5"
12,Udinese,Kamara H.,d,7.0,10.0,7,10
12,Udinese,Bijol,d,6.5,6.5,"6,5","6,5"
12,Udinese,Toure' I.s.,d,5.0,2.5,5,"2,5"
12,Udinese,Abankwah,d,55.0,55.0,55,55
12,Udinese,Ehizibue,d,6.0,6.0,6,6
12,Udinese,Zemura,d,5.5,5.5,"5,5","5,5"
12,Udinese,Giannetti L.,d,6.0,6.0,6,6
12,Udinese,Lovric,c,6.5,6.5,"6,5","6,5"
12,Udinese,Zarraga,c,5.5,5.5,"5,5","5,5"
12,Udinese,Payero,c,6.0,6.0,6,6
12,Udinese,Karlstrom,c,5.5,5.5,"5,5","5,5"
12,Udinese,Thauvin,a,6.0,7.0,6,7
12,Udinese,Davis K.,a,6.5,6.5,"6,5","6,5"
12,Udinese,Lucca,a,5.5,5.5,"5,5","5,5"
12,Udinese,Bravo,a,55.0,55.0,55,55
12,Udinese,Runjaic,all,6.0,6.0,6,6
12,Venezia,Stankovic F.,p,5.5,3.5,"5,5","3,5"
12,Venezia,Zampano,d,6.0,6.0,6,6
12,Venezia,Candela,d,6.0,6.0,6,6
12,Venezia,Svoboda,d,6.0,6.0,6,6
12,Venezia,Haps,d,5.5,5.5,"5,5","5,5"
12,Venezia,Carboni F.,d,55.0,55.0,55,55
12,Venezia,Idzes,d,6.0,6.0,6,6
12,Venezia,Duncan,c,5.5,5.5,"5,5","5,5"
12,Venezia,Nicolussi Caviglia,c,7.0,10.0,7,10
12,Venezia,Busio,c,5.5,5.5,"5,5","5,5"
12,Venezia,Ellertsson,c,6.0,6.0,6,6
12,Venezia,Oristanio,c,6.5,7.5,"6,5","7,5"
12,Venezia,Andersen M.K.,c,5.5,5.0,"5,5",5
12,Venezia,Yeboah J.,c,6.0,6.0,6,6
12,Venezia,Pohjanpalo,a,5.5,5.5,"5,5","5,5"
12,Venezia,Gytkjaer,a,55.0,55.0,55,55
12,Venezia,Di Francesco,all,5.5,5.5,"5,5","5,5"
12,Verona,Montipo',p,6.0,3.0,6,3
12,Verona,Magnani,d,5.5,5.5,"5,5","5,5"
12,Verona,Bradaric,d,5.5,5.5,"5,5","5,5"
12,Verona,Daniliuc,d,55.0,55.0,55,55
12,Verona,Coppola D.,d,5.5,5.0,"5,5",5
12,Verona,Tchatchoua,d,6.0,6.0,6,6
12,Verona,Lazovic,c,5.5,5.5,"5,5","5,5"
12,Verona,Kastanos,c,5.5,5.5,"5,5","5,5"
12,Verona,Duda,c,5.5,5.5,"5,5","5,5"
12,Verona,Harroui,c,5.5,5.5,"5,5","5,5"
12,Verona,Belahyane,c,5.5,5.5,"5,5","5,5"
12,Verona,Serdar,c,7.0,9.5,7,"9,5"
12,Verona,Suslov,c,5.5,5.5,"5,5","5,5"
12,Verona,Sarr A.,a,5.5,5.5,"5,5","5,5"
12,Verona,Mosquera,a,6.0,6.0,6,6
12,Verona,Tengstedt,a,5.5,5.5,"5,5","5,5"
12,Verona,Zanetti,all,6.0,6.0,6,6
13,Atalanta,Carnesecchi,p,6.5,5.5,"6,5","5,5"
13,Atalanta,Toloi,d,5.0,5.0,5,5
13,Atalanta,Cuadrado,d,6.5,7.5,"6,5","7,5"
13,Atalanta,Bellanova,d,7.0,8.0,7,8
13,Atalanta,Ruggeri,d,6.5,7.0,"6,5",7
13,Atalanta,Scalvini,d,55.0,55.0,55,55
13,Atalanta,Kossounou,d,6.0,6.0,6,6
13,Atalanta,Hien,d,6.0,6.0,6,6
13,Atalanta,De Roon,c,6.0,5.5,6,"5,5"
13,Atalanta,Pasalic,c,6.5,6.5,"6,5","6,5"
13,Atalanta,Brescianini,c,6.0,6.0,6,6
13,Atalanta,Samardzic,c,55.0,55.0,55,55
13,Atalanta,Ederson D.s.,c,7.5,10.5,"7,5","10,5"
13,Atalanta,Lookman,a,7.0,10.0,7,10
13,Atalanta,De Ketelaere,a,6.0,6.0,6,6
13,Atalanta,Retegui,a,7.0,10.0,7,10
13,Atalanta,Gasperini,all,7.0,6.0,7,6
13,Bologna,Ravaglia F.,p,6.0,3.0,6,3
13,Bologna,De Silvestri,d,6.0,6.0,6,6
13,Bologna,Miranda J.,d,5.5,5.5,"5,5","5,5"
13,Bologna,Holm,d,55.0,55.0,55,55
13,Bologna,Lucumi',d,6.0,6.0,6,6
13,Bologna,Beukema,d,5.0,5.0,5,5
13,Bologna,Freuler,c,6.5,6.5,"6,5","6,5"
13,Bologna,Orsolini,c,6.5,6.5,"6,5","6,5"
13,Bologna,Pobega,c,4.5,3.5,"4,5","3,5"
13,Bologna,Urbanski,c,5.0,5.0,5,5
13,Bologna,Moro N.,c,6.0,6.0,6,6
13,Bologna,Fabbian,c,6.0,6.0,6,6
13,Bologna,Karlsson,c,5.5,5.5,"5,5","5,5"
13,Bologna,Odgaard,a,6.0,6.0,6,6
13,Bologna,Castro S.,a,6.0,6.0,6,6
13,Bologna,Dallinga,a,6.0,6.0,6,6
13,Bologna,Italiano,all,5.5,5.5,"5,5","5,5"
13,Cagliari,Sherri,p,6.0,4.0,6,4
13,Cagliari,Luperto,d,5.0,5.0,5,5
13,Cagliari,Mina,d,6.0,6.0,6,6
13,Cagliari,Augello,d,5.5,5.5,"5,5","5,5"
13,Cagliari,Zortea,d,5.5,5.5,"5,5","5,5"
13,Cagliari,Zappa,d,5.5,5.5,"5,5","5,5"
13,Cagliari,Obert,d,6.0,6.0,6,6
13,Cagliari,Viola,c,5.5,5.0,"5,5",5
13,Cagliari,Deiola,c,6.0,6.0,6,6
13,Cagliari,Gaetano,c,5.5,5.5,"5,5","5,5"
13,Cagliari,Adopo,c,5.5,5.5,"5,5","5,5"
13,Cagliari,Marin,c,6.5,9.0,"6,5",9
13,Cagliari,Makoumbou,c,6.0,6.0,6,6
13,Cagliari,Pavoletti,a,6.0,6.0,6,6
13,Cagliari,Piccoli,a,7.0,10.0,7,10
13,Cagliari,Luvumbo,a,6.0,6.0,6,6
13,Cagliari,Nicola,all,6.0,6.0,6,6
13,Como,Audero,p,5.5,3.5,"5,5","3,5"
13,Como,Barba,d,5.5,5.5,"5,5","5,5"
13,Como,Goldaniga,d,5.5,5.5,"5,5","5,5"
13,Como,Sala M.,d,5.5,5.5,"5,5","5,5"
13,Como,Moreno Alb.,d,6.0,6.0,6,6
13,Como,Dossena,d,5.0,4.0,5,4
13,Como,Iovine,d,6.0,6.0,6,6
13,Como,Jack,d,55.0,55.0,55,55
13,Como,Verdi,c,55.0,55.0,55,55
13,Como,Da Cunha,c,5.5,5.5,"5,5","5,5"
13,Como,Braunoder,c,55.0,55.0,55,55
13,Como,Engelhardt,c,5.5,5.5,"5,5","5,5"
13,Como,Fadera,c,6.0,6.0,6,6
13,Como,Paz N.,c,6.5,6.0,"6,5",6
13,Como,Belotti,a,55.0,55.0,55,55
13,Como,Cutrone,a,5.5,5.5,"5,5","5,5"
13,Como,Fabregas,all,5.5,5.5,"5,5","5,5"
13,Empoli,Vasquez D.,p,6.0,5.0,6,5
13,Empoli,Pezzella Giu.,d,6.0,6.0,6,6
13,Empoli,Ismajli,d,7.0,7.0,7,7
13,Empoli,Viti,d,6.5,6.5,"6,5","6,5"
13,Empoli,Cacace,d,6.5,7.5,"6,5","7,5"
13,Empoli,Goglichidze,d,6.0,6.0,6,6
13,Empoli,Henderson L.,c,5.5,5.0,"5,5",5
13,Empoli,Gyasi,c,6.0,6.0,6,6
13,Empoli,Maleh,c,6.0,6.0,6,6
13,Empoli,Anjorin,c,5.5,5.0,"5,5",5
13,Empoli,Pellegri,a,7.0,10.0,7,10
13,Empoli,Esposito Se.,a,5.5,5.5,"5,5","5,5"
13,Empoli,Colombo,a,6.0,6.0,6,6
13,Empoli,Ekong,a,55.0,55.0,55,55
13,Empoli,Solbakken,a,5.5,5.5,"5,5","5,5"
13,Empoli,D'Aversa,all,6.0,6.0,6,6
13,Fiorentina,De Gea,p,7.0,7.0,7,7
13,Fiorentina,Gosens,d,6.0,6.0,6,6
13,Fiorentina,Ranieri L.,d,6.5,6.5,"6,5","6,5"
13,Fiorentina,Martinez Quarta,d,6.0,6.0,6,6
13,Fiorentina,Pongracic,d,55.0,55.0,55,55
13,Fiorentina,Dodo',d,6.5,6.5,"6,5","6,5"
13,Fiorentina,Kayode,d,55.0,55.0,55,55
13,Fiorentina,Comuzzo,d,6.0,6.0,6,6
13,Fiorentina,Cataldi,c,6.0,6.0,6,6
13,Fiorentina,Sottil,c,6.5,7.5,"6,5","7,5"
13,Fiorentina,Ikone',c,5.5,5.5,"5,5","5,5"
13,Fiorentina,Bove,c,6.0,6.0,6,6
13,Fiorentina,Adli,c,7.0,10.0,7,10
13,Fiorentina,Colpani,c,5.5,5.5,"5,5","5,5"
13,Fiorentina,Kean,a,7.0,10.0,7,10
13,Fiorentina,Beltran L.,a,6.5,7.0,"6,5",7
13,Fiorentina,Palladino,all,7.0,7.0,7,7
13,Genoa,Leali,p,6.5,4.5,"6,5","4,5"
13,Genoa,Sabelli,d,6.0,6.0,6,6
13,Genoa,Bani,d,6.0,5.5,6,"5,5"
13,Genoa,Martin,d,5.5,5.0,"5,5",5
13,Genoa,Vasquez,d,6.0,6.0,6,6
13,Genoa,Zanoli,d,6.5,6.5,"6,5","6,5"
13,Genoa,Matturro,d,6.0,6.0,6,6
13,Genoa,Vogliacco,d,5.5,5.5,"5,5","5,5"
13,Genoa,Badelj,c,6.5,6.5,"6,5","6,5"
13,Genoa,Thorsby,c,6.0,7.0,6,7
13,Genoa,Messias,c,6.0,6.0,6,6
13,Genoa,Frendrup,c,7.0,10.0,7,10
13,Genoa,Miretti,c,7.0,10.0,7,10
13,Genoa,Balotelli,a,55.0,55.0,55,55
13,Genoa,Pinamonti,a,6.0,6.0,6,6
13,Genoa,Vitinha O.,a,55.0,55.0,55,55
13,Genoa,Vieira P.,all,6.0,6.0,6,6
13,Inter,Sommer,p,6.0,6.0,6,6
13,Inter,De Vrij,d,7.5,10.5,"7,5","10,5"
13,Inter,Acerbi,d,6.0,6.0,6,6
13,Inter,Bastoni,d,7.0,8.0,7,8
13,Inter,Darmian,d,6.0,6.0,6,6
13,Inter,Carlos Augusto,d,6.0,6.0,6,6
13,Inter,Bisseck,d,7.0,10.0,7,10
13,Inter,Zielinski,c,6.0,6.0,6,6
13,Inter,Barella,c,6.0,6.0,6,6
13,Inter,Mkhitaryan,c,7.0,7.0,7,7
13,Inter,Frattesi,c,6.0,6.0,6,6
13,Inter,Asllani,c,7.0,8.0,7,8
13,Inter,Buchanan T.,c,6.0,6.0,6,6
13,Inter,Correa,a,8.5,13.5,"8,5","13,5"
13,Inter,Arnautovic,a,6.0,5.5,6,"5,5"
13,Inter,Thuram,a,8.5,15.5,"8,5","15,5"
13,Inter,Inzaghi S.,all,8.0,8.0,8,8
13,Juventus,Di Gregorio,p,6.0,6.0,6,6
13,Juventus,Danilo,d,55.0,55.0,55,55
13,Juventus,Kalulu,d,6.5,6.5,"6,5","6,5"
13,Juventus,Cambiaso,d,6.5,6.5,"6,5","6,5"
13,Juventus,Gatti,d,6.0,5.5,6,"5,5"
13,Juventus,Savona,d,6.0,6.0,6,6
13,Juventus,Locatelli,c,6.0,5.5,6,"5,5"
13,Juventus,Fagioli,c,55.0,55.0,55,55
13,Juventus,Weah,c,55.0,55.0,55,55
13,Juventus,McKennie,c,5.5,5.5,"5,5","5,5"
13,Juventus,Thuram K.,c,6.5,6.5,"6,5","6,5"
13,Juventus,Koopmeiners,c,5.5,5.5,"5,5","5,5"
13,Juventus,Conceicao,c,5.5,5.5,"5,5","5,5"
13,Juventus,Yildiz,a,6.0,6.0,6,6
13,Juventus,Mbangula,a,55.0,55.0,55,55
13,Juventus,Thiago Motta,all,6.0,6.0,6,6
13,Lazio,Provedel,p,6.0,6.0,6,6
13,Lazio,Romagnoli,d,6.0,6.0,6,6
13,Lazio,Lazzari,d,7.0,7.0,7,7
13,Lazio,Pellegrini Lu.,d,6.5,6.0,"6,5",6
13,Lazio,Gila,d,6.0,6.0,6,6
13,Lazio,Gigot,d,6.5,9.0,"6,5",9
13,Lazio,Vecino,c,6.5,6.5,"6,5","6,5"
13,Lazio,Zaccagni,c,7.5,11.5,"7,5","11,5"
13,Lazio,Guendouzi,c,6.0,6.0,6,6
13,Lazio,Rovella,c,6.5,6.5,"6,5","6,5"
13,Lazio,Tchaouna,c,6.0,5.5,6,"5,5"
13,Lazio,Dele-Bashiru,c,6.5,9.5,"6,5","9,5"
13,Lazio,Pedro,a,5.5,5.5,"5,5","5,5"
13,Lazio,Dia,a,6.0,6.0,6,6
13,Lazio,Castellanos,a,5.0,5.0,5,5
13,Lazio,Isaksen,a,6.0,6.0,6,6
13,Lazio,Baroni,all,7.0,7.0,7,7
13,Lecce,Falcone,p,7.0,7.0,7,7
13,Lecce,Gallo,d,6.5,7.5,"6,5","7,5"
13,Lecce,Guilbert,d,6.0,5.5,6,"5,5"
13,Lecce,Baschirotto,d,6.0,6.0,6,6
13,Lecce,Dorgu,d,7.0,10.0,7,10
13,Lecce,Gaspar K.,d,6.0,5.5,6,"5,5"
13,Lecce,Jean,d,6.0,6.0,6,6
13,Lecce,Coulibaly L.,c,5.5,5.5,"5,5","5,5"
13,Lecce,Helgason,c,55.0,55.0,55,55
13,Lecce,Rafia,c,6.0,5.5,6,"5,5"
13,Lecce,Ramadani,c,6.5,6.5,"6,5","6,5"
13,Lecce,Rebic,a,6.5,6.5,"6,5","6,5"
13,Lecce,Krstovic,a,5.5,5.5,"5,5","5,5"
13,Lecce,Pierotti,a,5.5,5.5,"5,5","5,5"
13,Lecce,Giampaolo,all,6.5,6.5,"6,5","6,5"
13,Milan,Maignan,p,6.0,6.0,6,6
13,Milan,Calabria,d,55.0,55.0,55,55
13,Milan,Hernandez T.,d,6.0,6.0,6,6
13,Milan,Gabbia,d,6.0,6.0,6,6
13,Milan,Emerson Royal,d,5.5,5.0,"5,5",5
13,Milan,Pavlovic,d,55.0,55.0,55,55
13,Milan,Thiaw,d,6.5,6.5,"6,5","6,5"
13,Milan,Pulisic,c,6.0,6.0,6,6
13,Milan,Loftus-Cheek,c,5.5,5.5,"5,5","5,5"
13,Milan,Fofana Y.,c,6.0,5.5,6,"5,5"
13,Milan,Chukwueze,c,55.0,55.0,55,55
13,Milan,Musah,c,5.5,5.5,"5,5","5,5"
13,Milan,Reijnders,c,5.5,5.5,"5,5","5,5"
13,Milan,Morata,a,5.5,5.5,"5,5","5,5"
13,Milan,Leao,a,5.5,5.0,"5,5",5
13,Milan,Fonseca,all,5.5,5.5,"5,5","5,5"
13,Monza,Turati,p,6.5,5.5,"6,5","5,5"
13,Monza,Izzo,d,5.5,5.0,"5,5",5
13,Monza,Pereira P.,d,5.5,5.5,"5,5","5,5"
13,Monza,Kyriakopoulos,d,6.5,7.5,"6,5","7,5"
13,Monza,Mari',d,6.5,6.5,"6,5","6,5"
13,Monza,Carboni A.,d,5.5,5.5,"5,5","5,5"
13,Monza,Maldini,c,6.0,6.0,6,6
13,Monza,Bianco,c,5.5,5.0,"5,5",5
13,Monza,Vignato S.,c,6.0,6.0,6,6
13,Monza,Bondo,c,6.5,6.5,"6,5","6,5"
13,Monza,Caprari,a,55.0,55.0,55,55
13,Monza,Djuric,a,7.0,10.0,7,10
13,Monza,Mota,a,5.5,5.5,"5,5","5,5"
13,Monza,Nesta,all,6.0,6.0,6,6
13,Napoli,Meret,p,6.0,6.0,6,6
13,Napoli,Buongiorno,d,6.0,6.0,6,6
13,Napoli,Di Lorenzo,d,7.0,8.0,7,8
13,Napoli,Rrahmani,d,6.5,6.5,"6,5","6,5"
13,Napoli,Mazzocchi,d,55.0,55.0,55,55
13,Napoli,Olivera,d,6.5,6.5,"6,5","6,5"
13,Napoli,Politano,c,6.5,6.5,"6,5","6,5"
13,Napoli,Zambo Anguissa,c,7.0,7.0,7,7
13,Napoli,Lobotka,c,6.0,6.0,6,6
13,Napoli,McTominay,c,6.0,6.0,6,6
13,Napoli,Folorunsho,c,55.0,55.0,55,55
13,Napoli,Neres,c,6.0,6.0,6,6
13,Napoli,Simeone,a,55.0,55.0,55,55
13,Napoli,Lukaku,a,7.0,10.0,7,10
13,Napoli,Kvaratskhelia,a,5.0,5.0,5,5
13,Napoli,Conte,all,7.0,7.0,7,7
13,Parma,Suzuki,p,6.5,3.5,"6,5","3,5"
13,Parma,Balogh,d,5.5,5.5,"5,5","5,5"
13,Parma,Valeri,d,5.5,5.5,"5,5","5,5"
13,Parma,Delprato,d,5.5,5.5,"5,5","5,5"
13,Parma,Coulibaly W.,d,5.5,5.5,"5,5","5,5"
13,Parma,Estevez,c,5.5,5.5,"5,5","5,5"
13,Parma,Sohm,c,5.0,5.0,5,5
13,Parma,Man,c,5.5,5.5,"5,5","5,5"
13,Parma,Hainaut,c,5.0,5.0,5,5
13,Parma,Mihaila,a,6.0,7.0,6,7
13,Parma,Cancellieri,a,6.5,9.5,"6,5","9,5"
13,Parma,Almqvist,a,6.0,6.0,6,6
13,Parma,Benedyczak,a,5.5,5.5,"5,5","5,5"
13,Parma,Bonny,a,6.0,6.0,6,6
13,Parma,Charpentier,a,55.0,55.0,55,55
13,Parma,Haj Mohamed,a,6.0,6.0,6,6
13,Parma,Pecchia,all,5.0,5.0,5,5
13,Roma,Svilar,p,6.0,5.0,6,5
13,Roma,Mancini,d,6.0,6.0,6,6
13,Roma,Hummels,d,5.5,5.5,"5,5","5,5"
13,Roma,N'Dicka,d,6.0,5.5,6,"5,5"
13,Roma,Celik,d,5.5,5.5,"5,5","5,5"
13,Roma,Angelino,d,5.0,5.0,5,5
13,Roma,Dahl,d,6.0,6.0,6,6
13,Roma,Abdulhamid,d,6.0,6.0,6,6
13,Roma,Pellegrini Lo.,c,5.5,5.5,"5,5","5,5"
13,Roma,Cristante,c,6.0,5.5,6,"5,5"
13,Roma,El Shaarawy,c,6.0,6.0,6,6
13,Roma,Kone' M.,c,5.5,5.5,"5,5","5,5"
13,Roma,Baldanzi,c,5.5,5.5,"5,5","5,5"
13,Roma,Pisilli,c,5.5,5.0,"5,5",5
13,Roma,Dybala,a,55.0,55.0,55,55
13,Roma,Dovbyk,a,5.5,5.5,"5,5","5,5"
13,Roma,Ranieri C.,all,6.0,6.0,6,6
13,Torino,Milinkovic-Savic V.,p,6.5,5.5,"6,5","5,5"
13,Torino,Masina,d,7.0,10.0,7,10
13,Torino,Walukiewicz,d,5.5,5.5,"5,5","5,5"
13,Torino,Lazaro,d,6.5,7.5,"6,5","7,5"
13,Torino,Vojvoda,d,5.5,5.5,"5,5","5,5"
13,Torino,Pedersen,d,5.5,5.5,"5,5","5,5"
13,Torino,Coco,d,5.5,5.5,"5,5","5,5"
13,Torino,Ricci S.,c,6.0,6.0,6,6
13,Torino,Vlasic,c,6.0,6.0,6,6
13,Torino,Gineitis,c,5.5,5.5,"5,5","5,5"
13,Torino,Sanabria,a,5.5,5.5,"5,5","5,5"
13,Torino,Adams C.,a,5.5,5.0,"5,5",5
13,Torino,Njie,a,6.5,6.5,"6,5","6,5"
13,Torino,Vanoli,all,6.0,6.0,6,6
13,Udinese,Okoye,p,5.5,4.5,"5,5","4,5"
13,Udinese,Kamara H.,d,6.0,5.5,6,"5,5"
13,Udinese,Bijol,d,5.5,5.0,"5,5",5
13,Udinese,Toure' I.s.,d,6.5,6.5,"6,5","6,5"
13,Udinese,Ehizibue,d,6.0,6.0,6,6
13,Udinese,Zemura,d,6.0,6.0,6,6
13,Udinese,Giannetti L.,d,5.5,5.5,"5,5","5,5"
13,Udinese,Lovric,c,6.5,7.5,"6,5","7,5"
13,Udinese,Zarraga,c,5.5,5.5,"5,5","5,5"
13,Udinese,Karlstrom,c,6.0,6.0,6,6
13,Udinese,Ekkelenkamp,c,6.0,6.0,6,6
13,Udinese,Atta,c,55.0,55.0,55,55
13,Udinese,Thauvin,a,5.5,5.5,"5,5","5,5"
13,Udinese,Davis K.,a,7.0,10.0,7,10
13,Udinese,Brenner,a,55.0,55.0,55,55
13,Udinese,Lucca,a,5.5,5.5,"5,5","5,5"
13,Udinese,Runjaic,all,6.0,6.0,6,6
13,Venezia,Stankovic F.,p,6.0,5.0,6,5
13,Venezia,Zampano,d,5.5,5.5,"5,5","5,5"
13,Venezia,Svoboda,d,6.0,6.0,6,6
13,Venezia,Haps,d,6.0,6.0,6,6
13,Venezia,Idzes,d,6.0,6.0,6,6
13,Venezia,Sverko,d,5.5,5.5,"5,5","5,5"
13,Venezia,Duncan,c,6.0,6.0,6,6
13,Venezia,Nicolussi Caviglia,c,6.5,6.5,"6,5","6,5"
13,Venezia,Bjarkason,c,55.0,55.0,55,55
13,Venezia,Busio,c,6.0,6.0,6,6
13,Venezia,Ellertsson,c,5.5,5.5,"5,5","5,5"
13,Venezia,Oristanio,c,6.0,6.0,6,6
13,Venezia,Yeboah J.,c,5.5,5.0,"5,5",5
13,Venezia,Pohjanpalo,a,5.0,5.0,5,5
13,Venezia,Raimondo,a,55.0,55.0,55,55
13,Venezia,Gytkjaer,a,55.0,55.0,55,55
13,Venezia,Di Francesco,all,6.0,6.0,6,6
13,Verona,Montipo',p,6.0,1.0,6,1
13,Verona,Magnani,d,4.0,4.0,4,4
13,Verona,Dawidowicz,d,3.5,3.0,"3,5",3
13,Verona,Bradaric,d,4.0,4.0,4,4
13,Verona,Daniliuc,d,4.5,4.5,"4,5","4,5"
13,Verona,Tchatchoua,d,5.5,5.5,"5,5","5,5"
13,Verona,Ghilardi,d,6.0,6.0,6,6
13,Verona,Lazovic,c,6.0,6.0,6,6
13,Verona,Harroui,c,5.0,5.0,5,5
13,Verona,Belahyane,c,5.0,4.5,5,"4,5"
13,Verona,Serdar,c,4.5,4.5,"4,5","4,5"
13,Verona,Suslov,c,6.0,6.0,6,6
13,Verona,Dani Silva,c,5.5,5.5,"5,5","5,5"
13,Verona,Sarr A.,a,5.5,5.5,"5,5","5,5"
13,Verona,Mosquera,a,5.0,5.0,5,5
13,Verona,Tengstedt,a,5.5,5.5,"5,5","5,5"
13,Verona,Zanetti,all,4.0,4.0,4,4
14,Atalanta,Carnesecchi,p,6.0,6.0,6,6
14,Atalanta,Cuadrado,d,6.5,7.5,"6,5","7,5"
14,Atalanta,Djimsiti,d,55.0,55.0,55,55
14,Atalanta,Kolasinac,d,6.0,5.5,6,"5,5"
14,Atalanta,Bellanova,d,6.0,6.0,6,6
14,Atalanta,Ruggeri,d,6.0,6.0,6,6
14,Atalanta,Kossounou,d,6.5,6.5,"6,5","6,5"
14,Atalanta,Hien,d,6.5,6.0,"6,5",6
14,Atalanta,De Roon,c,7.0,10.0,7,10
14,Atalanta,Zaniolo,c,7.0,9.5,7,"9,5"
14,Atalanta,Brescianini,c,6.5,6.5,"6,5","6,5"
14,Atalanta,Samardzic,c,6.0,6.0,6,6
14,Atalanta,Ederson D.s.,c,6.0,6.0,6,6
14,Atalanta,Lookman,a,5.5,5.5,"5,5","5,5"
14,Atalanta,De Ketelaere,a,5.5,5.5,"5,5","5,5"
14,Atalanta,Retegui,a,5.5,5.5,"5,5","5,5"
14,Atalanta,Gasperini,all,6.5,6.5,"6,5","6,5"
14,Bologna,Skorupski,p,6.0,6.0,6,6
14,Bologna,De Silvestri,d,6.0,6.0,6,6
14,Bologna,Miranda J.,d,6.5,6.5,"6,5","6,5"
14,Bologna,Holm,d,6.0,6.0,6,6
14,Bologna,Lucumi',d,6.0,6.0,6,6
14,Bologna,Beukema,d,6.5,6.5,"6,5","6,5"
14,Bologna,Freuler,c,6.0,6.0,6,6
14,Bologna,Orsolini,c,7.5,11.5,"7,5","11,5"
14,Bologna,Urbanski,c,55.0,55.0,55,55
14,Bologna,Ndoye,c,8.0,14.0,8,14
14,Bologna,Moro N.,c,6.5,6.5,"6,5","6,5"
14,Bologna,Karlsson,c,5.5,5.5,"5,5","5,5"
14,Bologna,Odgaard,a,6.5,6.5,"6,5","6,5"
14,Bologna,Castro S.,a,6.0,6.0,6,6
14,Bologna,Dallinga,a,6.5,6.5,"6,5","6,5"
14,Bologna,Dominguez B.,a,55.0,55.0,55,55
14,Bologna,Italiano,all,7.0,7.0,7,7
14,Cagliari,Sherri,p,6.0,6.0,6,6
14,Cagliari,Luperto,d,6.5,6.5,"6,5","6,5"
14,Cagliari,Mina,d,7.0,7.0,7,7
14,Cagliari,Augello,d,6.5,6.5,"6,5","6,5"
14,Cagliari,Zortea,d,6.0,6.0,6,6
14,Cagliari,Zappa,d,6.0,6.0,6,6
14,Cagliari,Obert,d,55.0,55.0,55,55
14,Cagliari,Viola,c,6.0,6.0,6,6
14,Cagliari,Adopo,c,6.0,6.0,6,6
14,Cagliari,Marin,c,5.5,5.0,"5,5",5
14,Cagliari,Makoumbou,c,6.0,6.0,6,6
14,Cagliari,Felici,c,7.0,8.0,7,8
14,Cagliari,Pavoletti,a,55.0,55.0,55,55
14,Cagliari,Lapadula,a,5.5,5.5,"5,5","5,5"
14,Cagliari,Piccoli,a,7.0,10.0,7,10
14,Cagliari,Luvumbo,a,5.5,5.5,"5,5","5,5"
14,Cagliari,Nicola,all,6.5,6.5,"6,5","6,5"
14,Como,Reina,p,6.0,5.0,6,5
14,Como,Goldaniga,d,6.0,6.0,6,6
14,Como,Sala M.,d,55.0,55.0,55,55
14,Como,Moreno Alb.,d,6.0,6.0,6,6
14,Como,Iovine,d,6.0,5.5,6,"5,5"
14,Como,Kempf,d,6.0,6.0,6,6
14,Como,Van Der Brempt,d,6.0,6.0,6,6
14,Como,Verdi,c,6.0,6.0,6,6
14,Como,Strefezza,c,6.0,6.0,6,6
14,Como,Da Cunha,c,6.0,6.0,6,6
14,Como,Engelhardt,c,7.0,10.0,7,10
14,Como,Fadera,c,6.0,6.0,6,6
14,Como,Paz N.,c,5.0,4.5,5,"4,5"
14,Como,Belotti,a,6.0,6.0,6,6
14,Como,Cutrone,a,5.5,5.5,"5,5","5,5"
14,Como,Gabrielloni,a,55.0,55.0,55,55
14,Como,Fabregas,all,6.0,6.0,6,6
14,Empoli,Vasquez D.,p,5.5,2.5,"5,5","2,5"
14,Empoli,Pezzella Giu.,d,5.5,5.5,"5,5","5,5"
14,Empoli,Ismajli,d,5.5,5.5,"5,5","5,5"
14,Empoli,Viti,d,5.0,5.0,5,5
14,Empoli,Cacace,d,5.5,5.5,"5,5","5,5"
14,Empoli,Goglichidze,d,5.5,5.5,"5,5","5,5"
14,Empoli,Marianucci,d,5.5,5.5,"5,5","5,5"
14,Empoli,Henderson L.,c,5.5,5.0,"5,5",5
14,Empoli,Gyasi,c,5.5,5.5,"5,5","5,5"
14,Empoli,Maleh,c,6.0,6.0,6,6
14,Empoli,Anjorin,c,6.0,6.0,6,6
14,Empoli,Pellegri,a,5.5,5.5,"5,5","5,5"
14,Empoli,Esposito Se.,a,6.0,6.0,6,6
14,Empoli,Colombo,a,5.5,5.0,"5,5",5
14,Empoli,Ekong,a,6.0,6.0,6,6
14,Empoli,Solbakken,a,5.5,5.5,"5,5","5,5"
14,Empoli,D'Aversa,all,5.5,5.5,"5,5","5,5"
14,Fiorentina,De Gea,p,6.0,6.0,6,6
14,Fiorentina,Gosens,d,6.0,6.0,6,6
14,Fiorentina,Ranieri L.,d,7.5,10.5,"7,5","10,5"
14,Fiorentina,Parisi,d,6.5,6.5,"6,5","6,5"
14,Fiorentina,Pongracic,d,6.5,6.5,"6,5","6,5"
14,Fiorentina,Dodo',d,6.5,7.5,"6,5","7,5"
14,Fiorentina,Comuzzo,d,6.0,6.0,6,6
14,Fiorentina,Cataldi,c,6.0,6.0,6,6
14,Fiorentina,Mandragora,c,6.5,7.5,"6,5","7,5"
14,Fiorentina,Bove,c,6.0,6.0,6,6
14,Fiorentina,Adli,c,6.0,6.0,6,6
14,Fiorentina,Colpani,c,6.0,6.0,6,6
14,Fiorentina,Richardson,c,6.0,6.0,6,6
14,Fiorentina,Kean,a,7.5,13.0,"7,5",13
14,Fiorentina,Beltran L.,a,6.0,6.0,6,6
14,Fiorentina,Caprini,a,55.0,55.0,55,55
14,Fiorentina,Palladino,all,7.5,7.5,"7,5","7,5"
14,Genoa,Leali,p,6.0,6.0,6,6
14,Genoa,Sabelli,d,6.5,6.5,"6,5","6,5"
14,Genoa,Bani,d,7.0,7.0,7,7
14,Genoa,Martin,d,6.5,6.0,"6,5",6
14,Genoa,Vasquez,d,6.0,5.5,6,"5,5"
14,Genoa,Zanoli,d,7.0,7.0,7,7
14,Genoa,Vogliacco,d,55.0,55.0,55,55
14,Genoa,Badelj,c,6.5,6.0,"6,5",6
14,Genoa,Thorsby,c,6.0,6.0,6,6
14,Genoa,Messias,c,6.0,6.0,6,6
14,Genoa,Frendrup,c,6.5,6.5,"6,5","6,5"
14,Genoa,Miretti,c,6.0,6.0,6,6
14,Genoa,Masini,c,6.0,6.0,6,6
14,Genoa,Balotelli,a,6.0,6.0,6,6
14,Genoa,Pinamonti,a,7.0,10.0,7,10
14,Genoa,Vitinha O.,a,6.0,6.0,6,6
14,Genoa,Vieira P.,all,7.0,7.0,7,7
14,Inter,Sommer,p,6.0,3.0,6,3
14,Inter,Dimarco,d,5.0,5.0,5,5
14,Inter,De Vrij,d,5.5,5.5,"5,5","5,5"
14,Inter,Bastoni,d,6.0,6.0,6,6
14,Inter,Dumfries,d,6.0,6.0,6,6
14,Inter,Carlos Augusto,d,5.5,5.5,"5,5","5,5"
14,Inter,Bisseck,d,5.0,5.0,5,5
14,Inter,Barella,c,5.5,5.5,"5,5","5,5"
14,Inter,Calhanoglu,c,5.0,5.0,5,5
14,Inter,Mkhitaryan,c,5.5,5.5,"5,5","5,5"
14,Inter,Frattesi,c,5.0,5.0,5,5
14,Inter,Asllani,c,55.0,55.0,55,55
14,Inter,Martinez L.,a,5.0,5.0,5,5
14,Inter,Arnautovic,a,5.5,5.5,"5,5","5,5"
14,Inter,Thuram,a,5.0,5.0,5,5
14,Inter,Taremi,a,55.0,55.0,55,55
14,Inter,Inzaghi S.,all,5.0,5.0,5,5
14,Juventus,Perin,p,6.0,5.0,6,5
14,Juventus,Danilo,d,6.0,5.5,6,"5,5"
14,Juventus,Kalulu,d,6.0,6.0,6,6
14,Juventus,Cambiaso,d,6.5,9.0,"6,5",9
14,Juventus,Gatti,d,5.5,5.5,"5,5","5,5"
14,Juventus,Rouhi,d,5.0,5.0,5,5
14,Juventus,Locatelli,c,6.5,6.5,"6,5","6,5"
14,Juventus,Fagioli,c,5.5,5.0,"5,5",5
14,Juventus,Weah,c,5.5,5.5,"5,5","5,5"
14,Juventus,Thuram K.,c,5.0,5.0,5,5
14,Juventus,Koopmeiners,c,6.0,6.5,6,"6,5"
14,Juventus,Conceicao,c,6.5,6.5,"6,5","6,5"
14,Juventus,Yildiz,a,6.0,6.0,6,6
14,Juventus,Mbangula,a,6.0,6.0,6,6
14,Juventus,Pugno,a,55.0,55.0,55,55
14,Juventus,Thiago Motta,all,6.0,6.0,6,6
14,Lazio,Provedel,p,5.5,2.5,"5,5","2,5"
14,Lazio,Romagnoli,d,5.5,5.5,"5,5","5,5"
14,Lazio,Marusic,d,55.0,55.0,55,55
14,Lazio,Lazzari,d,6.0,6.0,6,6
14,Lazio,Pellegrini Lu.,d,5.5,5.5,"5,5","5,5"
14,Lazio,Gila,d,5.0,4.5,5,"4,5"
14,Lazio,Zaccagni,c,6.0,6.0,6,6
14,Lazio,Guendouzi,c,5.5,5.5,"5,5","5,5"
14,Lazio,Rovella,c,5.0,4.5,5,"4,5"
14,Lazio,Tchaouna,c,5.5,5.5,"5,5","5,5"
14,Lazio,Dele-Bashiru,c,5.5,5.5,"5,5","5,5"
14,Lazio,Pedro,a,5.5,5.5,"5,5","5,5"
14,Lazio,Castellanos,a,6.5,9.0,"6,5",9
14,Lazio,Isaksen,a,5.5,5.5,"5,5","5,5"
14,Lazio,Noslin,a,55.0,55.0,55,55
14,Lazio,Baroni,all,5.0,5.0,5,5
14,Lecce,Falcone,p,6.0,5.0,6,5
14,Lecce,Gallo,d,6.5,6.5,"6,5","6,5"
14,Lecce,Guilbert,d,6.0,6.0,6,6
14,Lecce,Baschirotto,d,6.0,6.0,6,6
14,Lecce,Dorgu,d,6.5,6.5,"6,5","6,5"
14,Lecce,Gaspar K.,d,5.0,5.0,5,5
14,Lecce,Coulibaly L.,c,6.5,6.0,"6,5",6
14,Lecce,Oudin,c,55.0,55.0,55,55
14,Lecce,Rafia,c,5.5,5.5,"5,5","5,5"
14,Lecce,Ramadani,c,6.0,6.0,6,6
14,Lecce,Kaba,c,6.0,6.0,6,6
14,Lecce,Tete Morente,c,6.0,6.0,6,6
14,Lecce,Rebic,a,7.0,10.0,7,10
14,Lecce,Krstovic,a,6.5,7.5,"6,5","7,5"
14,Lecce,Pierotti,a,55.0,55.0,55,55
14,Lecce,Giampaolo,all,6.5,6.5,"6,5","6,5"
14,Milan,Maignan,p,6.0,6.0,6,6
14,Milan,Hernandez T.,d,6.5,6.5,"6,5","6,5"
14,Milan,Gabbia,d,6.5,6.0,"6,5",6
14,Milan,Emerson Royal,d,6.5,6.5,"6,5","6,5"
14,Milan,Pavlovic,d,6.0,6.0,6,6
14,Milan,Thiaw,d,6.0,6.0,6,6
14,Milan,Pulisic,c,7.0,7.0,7,7
14,Milan,Loftus-Cheek,c,6.0,6.0,6,6
14,Milan,Fofana Y.,c,7.0,8.0,7,8
14,Milan,Chukwueze,c,6.0,6.0,6,6
14,Milan,Musah,c,6.0,5.5,6,"5,5"
14,Milan,Reijnders,c,8.0,14.0,8,14
14,Milan,Morata,a,7.0,10.0,7,10
14,Milan,Abraham,a,55.0,55.0,55,55
14,Milan,Leao,a,7.0,7.0,7,7
14,Milan,Camarda,a,55.0,55.0,55,55
14,Milan,Fonseca,all,7.0,6.5,7,"6,5"
14,Monza,Turati,p,6.0,5.0,6,5
14,Monza,D'Ambrosio,d,55.0,55.0,55,55
14,Monza,Pereira P.,d,5.5,5.5,"5,5","5,5"
14,Monza,Kyriakopoulos,d,6.0,6.0,6,6
14,Monza,Mari',d,6.0,6.0,6,6
14,Monza,Carboni A.,d,6.0,6.0,6,6
14,Monza,Caldirola,d,6.0,6.0,6,6
14,Monza,Birindelli,d,6.0,6.0,6,6
14,Monza,Valoti,c,55.0,55.0,55,55
14,Monza,Maldini,c,6.0,6.0,6,6
14,Monza,Bianco,c,6.5,6.5,"6,5","6,5"
14,Monza,Bondo,c,5.5,5.5,"5,5","5,5"
14,Monza,Caprari,a,7.0,10.0,7,10
14,Monza,Djuric,a,5.0,5.0,5,5
14,Monza,Mota,a,6.0,6.0,6,6
14,Monza,Nesta,all,6.0,6.0,6,6
14,Napoli,Meret,p,6.0,6.0,6,6
14,Napoli,Spinazzola,d,6.0,6.0,6,6
14,Napoli,Buongiorno,d,6.0,6.0,6,6
14,Napoli,Di Lorenzo,d,6.0,6.0,6,6
14,Napoli,Rrahmani,d,6.5,6.5,"6,5","6,5"
14,Napoli,Olivera,d,6.0,6.0,6,6
14,Napoli,Politano,c,6.0,6.0,6,6
14,Napoli,Zambo Anguissa,c,7.0,6.5,7,"6,5"
14,Napoli,Lobotka,c,6.5,6.5,"6,5","6,5"
14,Napoli,McTominay,c,7.0,10.0,7,10
14,Napoli,Folorunsho,c,55.0,55.0,55,55
14,Napoli,Neres,c,55.0,55.0,55,55
14,Napoli,Simeone,a,55.0,55.0,55,55
14,Napoli,Lukaku,a,6.0,6.0,6,6
14,Napoli,Kvaratskhelia,a,7.0,8.0,7,8
14,Napoli,Conte,all,7.0,7.0,7,7
14,Parma,Suzuki,p,6.5,5.5,"6,5","5,5"
14,Parma,Balogh,d,7.0,6.5,7,"6,5"
14,Parma,Valeri,d,5.5,5.5,"5,5","5,5"
14,Parma,Delprato,d,7.5,10.5,"7,5","10,5"
14,Parma,Leoni,d,6.5,6.5,"6,5","6,5"
14,Parma,Estevez,c,6.0,5.5,6,"5,5"
14,Parma,Sohm,c,6.5,6.5,"6,5","6,5"
14,Parma,Man,c,7.5,10.5,"7,5","10,5"
14,Parma,Camara D.,c,6.0,6.0,6,6
14,Parma,Hainaut,c,6.0,6.0,6,6
14,Parma,Keita M.,c,5.5,5.0,"5,5",5
14,Parma,Cancellieri,a,6.0,6.0,6,6
14,Parma,Benedyczak,a,55.0,55.0,55,55
14,Parma,Bonny,a,5.5,5.0,"5,5",5
14,Parma,Charpentier,a,7.0,9.0,7,9
14,Parma,Haj Mohamed,a,7.0,10.0,7,10
14,Parma,Pecchia,all,7.0,7.0,7,7
14,Roma,Svilar,p,6.0,4.0,6,4
14,Roma,Mancini,d,5.0,5.0,5,5
14,Roma,Hummels,d,6.5,6.5,"6,5","6,5"
14,Roma,N'Dicka,d,5.5,5.5,"5,5","5,5"
14,Roma,Celik,d,5.5,5.5,"5,5","5,5"
14,Roma,Angelino,d,5.5,5.5,"5,5","5,5"
14,Roma,Paredes,c,6.0,6.0,6,6
14,Roma,Cristante,c,6.0,6.0,6,6
14,Roma,El Shaarawy,c,5.5,5.0,"5,5",5
14,Roma,Saelemaekers,c,6.0,6.0,6,6
14,Roma,Zalewski,c,55.0,55.0,55,55
14,Roma,Kone' M.,c,6.0,6.0,6,6
14,Roma,Dybala,a,6.0,5.5,6,"5,5"
14,Roma,Shomurodov,a,5.5,5.5,"5,5","5,5"
14,Roma,Soule',a,55.0,55.0,55,55
14,Roma,Dovbyk,a,5.5,5.5,"5,5","5,5"
14,Roma,Ranieri C.,all,6.0,6.0,6,6
14,Torino,Milinkovic-Savic V.,p,7.0,6.0,7,6
14,Torino,Masina,d,6.0,6.0,6,6
14,Torino,Walukiewicz,d,5.0,4.5,5,"4,5"
14,Torino,Lazaro,d,5.5,5.5,"5,5","5,5"
14,Torino,Vojvoda,d,6.5,6.5,"6,5","6,5"
14,Torino,Pedersen,d,5.5,5.0,"5,5",5
14,Torino,Coco,d,5.0,4.5,5,"4,5"
14,Torino,Sosa B.,d,6.0,6.0,6,6
14,Torino,Linetty,c,6.0,6.0,6,6
14,Torino,Ricci S.,c,5.5,5.0,"5,5",5
14,Torino,Vlasic,c,5.5,5.5,"5,5","5,5"
14,Torino,Gineitis,c,6.0,6.0,6,6
14,Torino,Sanabria,a,5.5,5.5,"5,5","5,5"
14,Torino,Karamoh,a,6.0,6.0,6,6
14,Torino,Adams C.,a,5.0,5.0,5,5
14,Torino,Njie,a,6.0,6.0,6,6
14,Torino,Vanoli,all,5.5,5.5,"5,5","5,5"
14,Udinese,Okoye,p,6.0,4.0,6,4
14,Udinese,Toure' I.s.,d,4.0,3.0,4,3
14,Udinese,Ebosse,d,5.0,4.5,5,"4,5"
14,Udinese,Ehizibue,d,5.5,5.5,"5,5","5,5"
14,Udinese,Zemura,d,5.0,5.0,5,5
14,Udinese,Kristensen T.,d,5.5,5.0,"5,5",5
14,Udinese,Giannetti L.,d,5.0,3.0,5,3
14,Udinese,Lovric,c,5.5,5.5,"5,5","5,5"
14,Udinese,Karlstrom,c,6.5,6.5,"6,5","6,5"
14,Udinese,Ekkelenkamp,c,5.0,5.0,5,5
14,Udinese,Rui Modesto,c,55.0,55.0,55,55
14,Udinese,Atta,c,6.0,6.0,6,6
14,Udinese,Thauvin,a,6.0,6.0,6,6
14,Udinese,Davis K.,a,5.0,5.0,5,5
14,Udinese,Lucca,a,5.5,5.5,"5,5","5,5"
14,Udinese,Bravo,a,6.0,6.0,6,6
14,Udinese,Runjaic,all,5.5,5.5,"5,5","5,5"
14,Venezia,Stankovic F.,p,6.5,3.5,"6,5","3,5"
14,Venezia,Candela,d,5.5,5.5,"5,5","5,5"
14,Venezia,Altare,d,6.0,6.0,6,6
14,Venezia,Svoboda,d,5.0,5.0,5,5
14,Venezia,Haps,d,5.0,5.0,5,5
14,Venezia,Idzes,d,4.5,4.5,"4,5","4,5"
14,Venezia,Sverko,d,5.0,4.5,5,"4,5"
14,Venezia,Duncan,c,5.5,5.5,"5,5","5,5"
14,Venezia,Nicolussi Caviglia,c,5.0,5.0,5,5
14,Venezia,Crnigoj,c,6.0,6.0,6,6
14,Venezia,Busio,c,5.5,5.0,"5,5",5
14,Venezia,Ellertsson,c,5.5,5.5,"5,5","5,5"
14,Venezia,Oristanio,c,6.0,6.0,6,6
14,Venezia,Yeboah J.,c,5.5,5.5,"5,5","5,5"
14,Venezia,Pohjanpalo,a,5.5,5.5,"5,5","5,5"
14,Venezia,Raimondo,a,55.0,55.0,55,55
14,Venezia,Di Francesco,all,5.0,4.5,5,"4,5"
14,Verona,Montipo',p,7.0,6.0,7,6
14,Verona,Magnani,d,6.0,6.0,6,6
14,Verona,Bradaric,d,5.5,5.5,"5,5","5,5"
14,Verona,Coppola D.,d,5.5,5.0,"5,5",5
14,Verona,Tchatchoua,d,5.0,5.0,5,5
14,Verona,Lazovic,c,6.0,6.0,6,6
14,Verona,Kastanos,c,6.0,6.0,6,6
14,Verona,Harroui,c,6.0,6.0,6,6
14,Verona,Belahyane,c,6.0,6.0,6,6
14,Verona,Serdar,c,5.5,5.5,"5,5","5,5"
14,Verona,Suslov,c,5.5,5.5,"5,5","5,5"
14,Verona,Sarr A.,a,6.0,6.0,6,6
14,Verona,Mosquera,a,55.0,55.0,55,55
14,Verona,Rocha Livramento,a,5.0,5.0,5,5
14,Verona,Tengstedt,a,5.5,5.5,"5,5","5,5"
14,Verona,Lambourde,a,55.0,55.0,55,55
14,Verona,Zanetti,all,5.0,5.0,5,5
15,Atalanta,Carnesecchi,p,6.5,5.5,"6,5","5,5"
15,Atalanta,Djimsiti,d,6.5,6.5,"6,5","6,5"
15,Atalanta,Kolasinac,d,6.5,7.5,"6,5","7,5"
15,Atalanta,Bellanova,d,5.5,5.0,"5,5",5
15,Atalanta,Ruggeri,d,6.0,6.0,6,6
15,Atalanta,Scalvini,d,55.0,55.0,55,55
15,Atalanta,Kossounou,d,6.0,6.0,6,6
15,Atalanta,Hien,d,6.5,6.5,"6,5","6,5"
15,Atalanta,De Roon,c,6.5,7.5,"6,5","7,5"
15,Atalanta,Pasalic,c,5.5,5.5,"5,5","5,5"
15,Atalanta,Brescianini,c,55.0,55.0,55,55
15,Atalanta,Samardzic,c,6.0,6.0,6,6
15,Atalanta,Ederson D.s.,c,6.5,6.5,"6,5","6,5"
15,Atalanta,Lookman,a,7.0,10.0,7,10
15,Atalanta,De Ketelaere,a,7.0,9.5,7,"9,5"
15,Atalanta,Retegui,a,6.0,6.0,6,6
15,Atalanta,Gasperini,all,6.0,6.0,6,6
15,Bologna,Skorupski,p,6.5,4.5,"6,5","4,5"
15,Bologna,Miranda J.,d,5.5,5.5,"5,5","5,5"
15,Bologna,Holm,d,6.0,6.5,6,"6,5"
15,Bologna,Lucumi',d,6.0,5.5,6,"5,5"
15,Bologna,Posch,d,55.0,55.0,55,55
15,Bologna,Beukema,d,5.5,5.5,"5,5","5,5"
15,Bologna,Freuler,c,6.5,6.5,"6,5","6,5"
15,Bologna,Pobega,c,7.0,10.0,7,10
15,Bologna,Ndoye,c,7.0,10.0,7,10
15,Bologna,Moro N.,c,55.0,55.0,55,55
15,Bologna,Iling Junior,c,5.5,5.5,"5,5","5,5"
15,Bologna,Fabbian,c,5.5,5.5,"5,5","5,5"
15,Bologna,Odgaard,a,6.0,5.5,6,"5,5"
15,Bologna,Castro S.,a,7.0,7.5,7,"7,5"
15,Bologna,Dallinga,a,55.0,55.0,55,55
15,Bologna,Dominguez B.,a,7.0,7.0,7,7
15,Bologna,Italiano,all,6.5,6.5,"6,5","6,5"
15,Cagliari,Sherri,p,6.0,5.0,6,5
15,Cagliari,Luperto,d,6.5,6.5,"6,5","6,5"
15,Cagliari,Mina,d,6.0,5.5,6,"5,5"
15,Cagliari,Augello,d,6.0,6.0,6,6
15,Cagliari,Zortea,d,6.0,6.0,6,6
15,Cagliari,Zappa,d,5.5,5.5,"5,5","5,5"
15,Cagliari,Obert,d,6.0,6.0,6,6
15,Cagliari,Viola,c,5.0,5.0,5,5
15,Cagliari,Gaetano,c,6.0,6.0,6,6
15,Cagliari,Adopo,c,6.0,6.0,6,6
15,Cagliari,Marin,c,5.5,5.5,"5,5","5,5"
15,Cagliari,Makoumbou,c,6.0,6.0,6,6
15,Cagliari,Felici,c,6.0,6.0,6,6
15,Cagliari,Pavoletti,a,55.0,55.0,55,55
15,Cagliari,Piccoli,a,5.0,5.0,5,5
15,Cagliari,Luvumbo,a,6.0,5.5,6,"5,5"
15,Cagliari,Nicola,all,6.0,6.0,6,6
15,Como,Reina,p,5.5,3.5,"5,5","3,5"
15,Como,Goldaniga,d,5.5,5.5,"5,5","5,5"
15,Como,Sala M.,d,5.5,5.0,"5,5",5
15,Como,Iovine,d,6.0,6.0,6,6
15,Como,Kempf,d,6.5,6.5,"6,5","6,5"
15,Como,Van Der Brempt,d,7.0,8.0,7,8
15,Como,Verdi,c,55.0,55.0,55,55
15,Como,Mazzitelli,c,6.0,6.0,6,6
15,Como,Strefezza,c,6.0,6.0,6,6
15,Como,Da Cunha,c,6.0,6.0,6,6
15,Como,Engelhardt,c,6.5,6.5,"6,5","6,5"
15,Como,Fadera,c,6.0,6.0,6,6
15,Como,Paz N.,c,6.0,6.0,6,6
15,Como,Belotti,a,6.5,9.5,"6,5","9,5"
15,Como,Cutrone,a,6.0,6.0,6,6
15,Como,Gabrielloni,a,55.0,55.0,55,55
15,Como,Fabregas,all,6.0,5.5,6,"5,5"
15,Empoli,Vasquez D.,p,6.0,5.0,6,5
15,Empoli,Pezzella Giu.,d,6.0,6.0,6,6
15,Empoli,Ismajli,d,6.5,6.5,"6,5","6,5"
15,Empoli,Viti,d,6.5,6.5,"6,5","6,5"
15,Empoli,Cacace,d,7.0,10.0,7,10
15,Empoli,Goglichidze,d,6.0,6.0,6,6
15,Empoli,Marianucci,d,55.0,55.0,55,55
15,Empoli,Henderson L.,c,6.0,5.5,6,"5,5"
15,Empoli,Gyasi,c,6.0,6.0,6,6
15,Empoli,Maleh,c,6.5,7.0,"6,5",7
15,Empoli,Anjorin,c,7.0,8.0,7,8
15,Empoli,Pellegri,a,55.0,55.0,55,55
15,Empoli,Esposito Se.,a,8.0,14.0,8,14
15,Empoli,Colombo,a,7.0,10.0,7,10
15,Empoli,Ekong,a,6.0,6.0,6,6
15,Empoli,Solbakken,a,55.0,55.0,55,55
15,Empoli,D'Aversa,all,7.5,7.5,"7,5","7,5"
15,Fiorentina,De Gea,p,6.5,6.5,"6,5","6,5"
15,Fiorentina,Gosens,d,6.0,5.5,6,"5,5"
15,Fiorentina,Ranieri L.,d,6.5,6.5,"6,5","6,5"
15,Fiorentina,Parisi,d,55.0,55.0,55,55
15,Fiorentina,Dodo',d,6.0,5.5,6,"5,5"
15,Fiorentina,Comuzzo,d,6.5,6.0,"6,5",6
15,Fiorentina,Cataldi,c,7.0,10.0,7,10
15,Fiorentina,Sottil,c,6.5,6.5,"6,5","6,5"
15,Fiorentina,Ikone',c,6.0,6.0,6,6
15,Fiorentina,Adli,c,6.5,6.5,"6,5","6,5"
15,Fiorentina,Colpani,c,6.0,6.0,6,6
15,Fiorentina,Richardson,c,6.0,6.0,6,6
15,Fiorentina,Kean,a,5.5,5.5,"5,5","5,5"
15,Fiorentina,Kouame',a,5.5,5.5,"5,5","5,5"
15,Fiorentina,Gudmundsson A.,a,5.5,5.5,"5,5","5,5"
15,Fiorentina,Beltran L.,a,6.5,7.5,"6,5","7,5"
15,Fiorentina,Palladino,all,6.5,6.5,"6,5","6,5"
15,Genoa,Leali,p,6.0,6.0,6,6
15,Genoa,Sabelli,d,6.0,6.0,6,6
15,Genoa,Bani,d,6.0,6.0,6,6
15,Genoa,Martin,d,6.5,6.5,"6,5","6,5"
15,Genoa,Zanoli,d,6.0,6.0,6,6
15,Genoa,Matturro,d,6.0,6.0,6,6
15,Genoa,Badelj,c,5.5,5.5,"5,5","5,5"
15,Genoa,Thorsby,c,6.0,5.5,6,"5,5"
15,Genoa,Frendrup,c,6.0,6.0,6,6
15,Genoa,Miretti,c,6.5,6.5,"6,5","6,5"
15,Genoa,Masini,c,55.0,55.0,55,55
15,Genoa,Balotelli,a,6.0,6.0,6,6
15,Genoa,Pinamonti,a,5.5,5.5,"5,5","5,5"
15,Genoa,Vitinha O.,a,5.5,5.5,"5,5","5,5"
15,Genoa,Vieira P.,all,6.0,6.0,6,6
15,Inter,Sommer,p,6.0,5.0,6,5
15,Inter,Dimarco,d,7.0,9.5,7,"9,5"
15,Inter,De Vrij,d,6.0,6.0,6,6
15,Inter,Bastoni,d,7.0,7.0,7,7
15,Inter,Darmian,d,5.5,3.5,"5,5","3,5"
15,Inter,Dumfries,d,6.0,6.0,6,6
15,Inter,Bisseck,d,6.5,7.5,"6,5","7,5"
15,Inter,Palacios T.,d,55.0,55.0,55,55
15,Inter,Barella,c,7.0,10.0,7,10
15,Inter,Calhanoglu,c,6.5,6.5,"6,5","6,5"
15,Inter,Mkhitaryan,c,7.5,9.5,"7,5","9,5"
15,Inter,Asllani,c,6.0,6.0,6,6
15,Inter,Buchanan T.,c,5.5,5.5,"5,5","5,5"
15,Inter,Correa,a,6.5,6.5,"6,5","6,5"
15,Inter,Martinez L.,a,5.5,5.5,"5,5","5,5"
15,Inter,Thuram,a,7.0,10.0,7,10
15,Inter,Inzaghi S.,all,7.0,7.0,7,7
15,Juventus,Perin,p,6.5,4.5,"6,5","4,5"
15,Juventus,Danilo,d,5.5,6.5,"5,5","6,5"
15,Juventus,Kalulu,d,5.0,4.5,5,"4,5"
15,Juventus,Cambiaso,d,55.0,55.0,55,55
15,Juventus,Gatti,d,5.0,5.0,5,5
15,Juventus,Savona,d,6.0,6.0,6,6
15,Juventus,Rouhi,d,5.5,5.5,"5,5","5,5"
15,Juventus,Locatelli,c,5.0,5.0,5,5
15,Juventus,Fagioli,c,5.0,5.0,5,5
15,Juventus,Weah,c,5.0,4.5,5,"4,5"
15,Juventus,Thuram K.,c,6.0,6.0,6,6
15,Juventus,Koopmeiners,c,6.5,9.5,"6,5","9,5"
15,Juventus,Conceicao,c,6.0,6.0,6,6
15,Juventus,Vlahovic,a,6.5,7.0,"6,5",7
15,Juventus,Yildiz,a,6.0,6.0,6,6
15,Juventus,Mbangula,a,7.5,10.5,"7,5","10,5"
15,Juventus,Thiago Motta,all,5.5,4.5,"5,5","4,5"
15,Lazio,Provedel,p,6.0,6.0,6,6
15,Lazio,Patric,d,6.0,6.0,6,6
15,Lazio,Romagnoli,d,6.5,6.5,"6,5","6,5"
15,Lazio,Marusic,d,6.0,6.0,6,6
15,Lazio,Lazzari,d,55.0,55.0,55,55
15,Lazio,Tavares N.,d,6.5,6.5,"6,5","6,5"
15,Lazio,Gila,d,6.5,6.5,"6,5","6,5"
15,Lazio,Gigot,d,55.0,55.0,55,55
15,Lazio,Zaccagni,c,6.0,6.0,6,6
15,Lazio,Guendouzi,c,6.5,6.0,"6,5",6
15,Lazio,Dele-Bashiru,c,6.5,6.5,"6,5","6,5"
15,Lazio,Pedro,a,6.0,6.0,6,6
15,Lazio,Dia,a,5.5,5.0,"5,5",5
15,Lazio,Castellanos,a,5.5,5.0,"5,5",5
15,Lazio,Isaksen,a,7.0,10.0,7,10
15,Lazio,Noslin,a,6.5,7.5,"6,5","7,5"
15,Lazio,Baroni,all,7.0,7.0,7,7
15,Lecce,Falcone,p,6.5,2.5,"6,5","2,5"
15,Lecce,Guilbert,d,5.5,5.5,"5,5","5,5"
15,Lecce,Baschirotto,d,5.5,5.5,"5,5","5,5"
15,Lecce,Dorgu,d,5.0,5.0,5,5
15,Lecce,Gaspar K.,d,6.0,6.0,6,6
15,Lecce,Jean,d,5.0,5.0,5,5
15,Lecce,Coulibaly L.,c,6.0,6.0,6,6
15,Lecce,Berisha M.,c,6.0,6.0,6,6
15,Lecce,Oudin,c,5.5,5.0,"5,5",5
15,Lecce,Rafia,c,5.5,5.5,"5,5","5,5"
15,Lecce,Ramadani,c,6.0,6.0,6,6
15,Lecce,Kaba,c,5.5,5.0,"5,5",5
15,Lecce,Tete Morente,c,5.0,5.0,5,5
15,Lecce,Rebic,a,6.0,6.0,6,6
15,Lecce,Krstovic,a,6.5,9.0,"6,5",9
15,Lecce,Pierotti,a,5.5,5.5,"5,5","5,5"
15,Lecce,Giampaolo,all,4.5,4.5,"4,5","4,5"
15,Milan,Maignan,p,6.5,4.5,"6,5","4,5"
15,Milan,Hernandez T.,d,5.5,5.5,"5,5","5,5"
15,Milan,Gabbia,d,6.5,6.5,"6,5","6,5"
15,Milan,Emerson Royal,d,5.0,5.0,5,5
15,Milan,Thiaw,d,6.0,6.0,6,6
15,Milan,Pulisic,c,6.0,6.0,6,6
15,Milan,Loftus-Cheek,c,6.0,6.0,6,6
15,Milan,Fofana Y.,c,6.0,6.0,6,6
15,Milan,Chukwueze,c,55.0,55.0,55,55
15,Milan,Musah,c,6.0,6.0,6,6
15,Milan,Reijnders,c,6.0,6.0,6,6
15,Milan,Morata,a,7.0,10.0,7,10
15,Milan,Abraham,a,55.0,55.0,55,55
15,Milan,Leao,a,6.5,7.5,"6,5","7,5"
15,Milan,Fonseca,all,6.0,5.5,6,"5,5"
15,Monza,Turati,p,5.5,3.5,"5,5","3,5"
15,Monza,Izzo,d,5.5,5.5,"5,5","5,5"
15,Monza,Pereira P.,d,6.0,6.0,6,6
15,Monza,Kyriakopoulos,d,7.0,10.0,7,10
15,Monza,Mari',d,5.5,5.5,"5,5","5,5"
15,Monza,Carboni A.,d,5.5,5.5,"5,5","5,5"
15,Monza,Birindelli,d,6.0,6.0,6,6
15,Monza,Sensi,c,55.0,55.0,55,55
15,Monza,Maldini,c,5.5,5.5,"5,5","5,5"
15,Monza,Bianco,c,6.0,6.0,6,6
15,Monza,Bondo,c,5.5,5.5,"5,5","5,5"
15,Monza,Forson O.,c,55.0,55.0,55,55
15,Monza,Caprari,a,5.5,5.0,"5,5",5
15,Monza,Djuric,a,6.0,6.0,6,6
15,Monza,Mota,a,6.0,6.0,6,6
15,Monza,Maric,a,55.0,55.0,55,55
15,Monza,Nesta,all,5.5,5.5,"5,5","5,5"
15,Napoli,Meret,p,6.5,5.5,"6,5","5,5"
15,Napoli,Buongiorno,d,6.5,6.5,"6,5","6,5"
15,Napoli,Di Lorenzo,d,6.5,6.5,"6,5","6,5"
15,Napoli,Rrahmani,d,6.5,6.0,"6,5",6
15,Napoli,Olivera,d,5.0,5.0,5,5
15,Napoli,Politano,c,6.0,6.0,6,6
15,Napoli,Zambo Anguissa,c,6.5,6.5,"6,5","6,5"
15,Napoli,Lobotka,c,5.5,5.5,"5,5","5,5"
15,Napoli,McTominay,c,6.0,5.5,6,"5,5"
15,Napoli,Gilmour,c,55.0,55.0,55,55
15,Napoli,Folorunsho,c,55.0,55.0,55,55
15,Napoli,Neres,c,6.0,6.0,6,6
15,Napoli,Simeone,a,55.0,55.0,55,55
15,Napoli,Lukaku,a,5.0,5.0,5,5
15,Napoli,Raspadori,a,55.0,55.0,55,55
15,Napoli,Kvaratskhelia,a,6.0,6.0,6,6
15,Napoli,Conte,all,5.5,5.5,"5,5","5,5"
15,Parma,Suzuki,p,6.0,3.0,6,3
15,Parma,Valenti,d,6.0,6.0,6,6
15,Parma,Balogh,d,55.0,55.0,55,55
15,Parma,Valeri,d,5.0,5.0,5,5
15,Parma,Delprato,d,5.0,5.0,5,5
15,Parma,Leoni,d,5.0,5.0,5,5
15,Parma,Hernani,c,6.5,6.5,"6,5","6,5"
15,Parma,Sohm,c,5.5,5.5,"5,5","5,5"
15,Parma,Man,c,5.0,5.0,5,5
15,Parma,Hainaut,c,4.5,4.5,"4,5","4,5"
15,Parma,Keita M.,c,5.5,5.0,"5,5",5
15,Parma,Mihaila,a,5.0,5.0,5,5
15,Parma,Cancellieri,a,5.5,5.5,"5,5","5,5"
15,Parma,Almqvist,a,5.5,5.5,"5,5","5,5"
15,Parma,Bonny,a,5.5,5.5,"5,5","5,5"
15,Parma,Haj Mohamed,a,6.0,6.0,6,6
15,Parma,Pecchia,all,5.0,5.0,5,5
15,Roma,Svilar,p,6.0,5.0,6,5
15,Roma,Mancini,d,7.0,10.0,7,10
15,Roma,Hummels,d,6.5,6.5,"6,5","6,5"
15,Roma,N'Dicka,d,6.0,6.0,6,6
15,Roma,Celik,d,6.0,6.0,6,6
15,Roma,Angelino,d,6.0,6.0,6,6
15,Roma,Hermoso,d,55.0,55.0,55,55
15,Roma,Abdulhamid,d,5.5,6.5,"5,5","6,5"
15,Roma,Paredes,c,7.0,7.0,7,7
15,Roma,El Shaarawy,c,7.0,9.0,7,9
15,Roma,Saelemaekers,c,7.0,9.5,7,"9,5"
15,Roma,Zalewski,c,55.0,55.0,55,55
15,Roma,Kone' M.,c,7.0,9.5,7,"9,5"
15,Roma,Pisilli,c,7.5,11.5,"7,5","11,5"
15,Roma,Dybala,a,7.0,7.0,7,7
15,Roma,Ranieri C.,all,7.5,7.5,"7,5","7,5"
15,Torino,Milinkovic-Savic V.,p,6.0,6.0,6,6
15,Torino,Masina,d,6.5,6.5,"6,5","6,5"
15,Torino,Walukiewicz,d,6.0,6.0,6,6
15,Torino,Lazaro,d,55.0,55.0,55,55
15,Torino,Vojvoda,d,6.5,6.5,"6,5","6,5"
15,Torino,Pedersen,d,5.5,5.5,"5,5","5,5"
15,Torino,Coco,d,6.5,6.5,"6,5","6,5"
15,Torino,Sosa B.,d,6.0,6.0,6,6
15,Torino,Linetty,c,6.0,6.0,6,6
15,Torino,Tameze,c,55.0,55.0,55,55
15,Torino,Ricci S.,c,6.5,6.5,"6,5","6,5"
15,Torino,Gineitis,c,6.0,6.0,6,6
15,Torino,Sanabria,a,5.5,5.5,"5,5","5,5"
15,Torino,Karamoh,a,6.0,6.0,6,6
15,Torino,Adams C.,a,6.0,6.0,6,6
15,Torino,Njie,a,55.0,55.0,55,55
15,Torino,Vanoli,all,6.0,6.0,6,6
15,Udinese,Sava,p,6.5,5.5,"6,5","5,5"
15,Udinese,Bijol,d,7.0,10.0,7,10
15,Udinese,Abankwah,d,55.0,55.0,55,55
15,Udinese,Ehizibue,d,6.5,6.5,"6,5","6,5"
15,Udinese,Zemura,d,6.5,7.5,"6,5","7,5"
15,Udinese,Kristensen T.,d,6.0,6.0,6,6
15,Udinese,Giannetti L.,d,6.0,6.0,6,6
15,Udinese,Lovric,c,6.0,6.0,6,6
15,Udinese,Zarraga,c,6.0,6.0,6,6
15,Udinese,Karlstrom,c,6.0,5.5,6,"5,5"
15,Udinese,Ekkelenkamp,c,6.5,7.5,"6,5","7,5"
15,Udinese,Atta,c,55.0,55.0,55,55
15,Udinese,Thauvin,a,6.5,6.5,"6,5","6,5"
15,Udinese,Lucca,a,7.0,10.0,7,10
15,Udinese,Bravo,a,6.0,5.5,6,"5,5"
15,Udinese,Runjaic,all,6.5,6.5,"6,5","6,5"
15,Venezia,Stankovic F.,p,6.5,4.5,"6,5","4,5"
15,Venezia,Zampano,d,5.5,6.5,"5,5","6,5"
15,Venezia,Candela,d,4.5,2.5,"4,5","2,5"
15,Venezia,Altare,d,6.0,6.0,6,6
15,Venezia,Svoboda,d,6.0,6.0,6,6
15,Venezia,Idzes,d,5.5,5.5,"5,5","5,5"
15,Venezia,Sverko,d,6.0,6.0,6,6
15,Venezia,Nicolussi Caviglia,c,7.0,9.5,7,"9,5"
15,Venezia,Crnigoj,c,55.0,55.0,55,55
15,Venezia,Busio,c,5.5,5.5,"5,5","5,5"
15,Venezia,Ellertsson,c,6.0,6.0,6,6
15,Venezia,Oristanio,c,7.0,10.0,7,10
15,Venezia,Andersen M.K.,c,6.0,6.0,6,6
15,Venezia,Doumbia I.,c,5.5,5.5,"5,5","5,5"
15,Venezia,Yeboah J.,c,55.0,55.0,55,55
15,Venezia,Pohjanpalo,a,6.5,6.5,"6,5","6,5"
15,Venezia,Di Francesco,all,6.0,6.0,6,6
15,Verona,Montipo',p,5.5,1.5,"5,5","1,5"
15,Verona,Magnani,d,4.5,4.5,"4,5","4,5"
15,Verona,Dawidowicz,d,4.5,4.5,"4,5","4,5"
15,Verona,Bradaric,d,5.0,5.0,5,5
15,Verona,Tchatchoua,d,5.5,6.5,"5,5","6,5"
15,Verona,Ghilardi,d,5.0,4.5,5,"4,5"
15,Verona,Lazovic,c,5.0,5.0,5,5
15,Verona,Kastanos,c,5.5,5.5,"5,5","5,5"
15,Verona,Harroui,c,6.0,6.0,6,6
15,Verona,Belahyane,c,5.0,5.0,5,5
15,Verona,Suslov,c,5.5,5.5,"5,5","5,5"
15,Verona,Dani Silva,c,5.0,4.5,5,"4,5"
15,Verona,Sarr A.,a,55.0,55.0,55,55
15,Verona,Mosquera,a,5.5,5.5,"5,5","5,5"
15,Verona,Rocha Livramento,a,5.0,5.0,5,5
15,Verona,Tengstedt,a,6.0,9.0,6,9
15,Verona,Zanetti,all,4.5,4.5,"4,5","4,5"
16,Atalanta,Carnesecchi,p,7.5,7.5,"7,5","7,5"
16,Atalanta,Djimsiti,d,6.0,6.0,6,6
16,Atalanta,Kolasinac,d,6.5,6.5,"6,5","6,5"
16,Atalanta,Bellanova,d,6.5,7.5,"6,5","7,5"
16,Atalanta,Ruggeri,d,6.0,6.0,6,6
16,Atalanta,Kossounou,d,6.0,6.0,6,6
16,Atalanta,Hien,d,5.5,5.5,"5,5","5,5"
16,Atalanta,De Roon,c,6.0,5.5,6,"5,5"
16,Atalanta,Pasalic,c,5.5,5.5,"5,5","5,5"
16,Atalanta,Zaniolo,c,7.0,9.5,7,"9,5"
16,Atalanta,Brescianini,c,5.5,5.5,"5,5","5,5"
16,Atalanta,Samardzic,c,6.5,6.0,"6,5",6
16,Atalanta,Ederson D.s.,c,6.0,6.0,6,6
16,Atalanta,Lookman,a,6.0,6.0,6,6
16,Atalanta,De Ketelaere,a,5.5,5.5,"5,5","5,5"
16,Atalanta,Retegui,a,5.5,5.5,"5,5","5,5"
16,Atalanta,Gasperini,all,6.5,6.5,"6,5","6,5"
16,Bologna,Skorupski,p,6.0,6.0,6,6
16,Bologna,De Silvestri,d,6.5,6.5,"6,5","6,5"
16,Bologna,Lykogiannis,d,6.0,5.5,6,"5,5"
16,Bologna,Holm,d,5.5,5.5,"5,5","5,5"
16,Bologna,Lucumi',d,6.5,6.5,"6,5","6,5"
16,Bologna,Posch,d,55.0,55.0,55,55
16,Bologna,Beukema,d,6.0,6.0,6,6
16,Bologna,Freuler,c,6.5,6.5,"6,5","6,5"
16,Bologna,Pobega,c,6.0,5.5,6,"5,5"
16,Bologna,Ndoye,c,6.0,6.0,6,6
16,Bologna,Ferguson,c,6.5,6.5,"6,5","6,5"
16,Bologna,Iling Junior,c,55.0,55.0,55,55
16,Bologna,Odgaard,a,7.0,10.0,7,10
16,Bologna,Castro S.,a,6.5,6.5,"6,5","6,5"
16,Bologna,Dallinga,a,55.0,55.0,55,55
16,Bologna,Dominguez B.,a,7.0,7.0,7,7
16,Bologna,Italiano,all,6.5,6.5,"6,5","6,5"
16,Cagliari,Sherri,p,6.0,5.0,6,5
16,Cagliari,Luperto,d,5.5,5.0,"5,5",5
16,Cagliari,Mina,d,6.5,6.5,"6,5","6,5"
16,Cagliari,Augello,d,5.5,5.0,"5,5",5
16,Cagliari,Zortea,d,6.0,6.0,6,6
16,Cagliari,Zappa,d,6.0,6.0,6,6
16,Cagliari,Obert,d,5.5,5.0,"5,5",5
16,Cagliari,Deiola,c,5.5,5.5,"5,5","5,5"
16,Cagliari,Gaetano,c,6.0,6.0,6,6
16,Cagliari,Adopo,c,6.0,6.0,6,6
16,Cagliari,Marin,c,6.0,6.0,6,6
16,Cagliari,Makoumbou,c,6.0,6.0,6,6
16,Cagliari,Felici,c,6.0,6.0,6,6
16,Cagliari,Pavoletti,a,6.0,6.0,6,6
16,Cagliari,Piccoli,a,5.5,5.5,"5,5","5,5"
16,Cagliari,Luvumbo,a,5.5,5.5,"5,5","5,5"
16,Cagliari,Nicola,all,6.0,6.0,6,6
16,Como,Reina,p,6.0,6.0,6,6
16,Como,Barba,d,6.5,6.5,"6,5","6,5"
16,Como,Goldaniga,d,6.0,5.5,6,"5,5"
16,Como,Sergi Roberto,d,6.5,6.5,"6,5","6,5"
16,Como,Kempf,d,6.0,6.0,6,6
16,Como,Van Der Brempt,d,5.5,5.0,"5,5",5
16,Como,Strefezza,c,6.0,6.0,6,6
16,Como,Da Cunha,c,6.5,6.0,"6,5",6
16,Como,Kone B.,c,55.0,55.0,55,55
16,Como,Engelhardt,c,5.5,5.5,"5,5","5,5"
16,Como,Fadera,c,7.0,7.0,7,7
16,Como,Paz N.,c,7.0,10.0,7,10
16,Como,Belotti,a,6.5,6.0,"6,5",6
16,Como,Cutrone,a,6.5,7.5,"6,5","7,5"
16,Como,Gabrielloni,a,8.0,11.5,8,"11,5"
16,Como,Fabregas,all,7.0,7.0,7,7
16,Empoli,Vasquez D.,p,6.0,5.0,6,5
16,Empoli,Pezzella Giu.,d,6.0,5.5,6,"5,5"
16,Empoli,Ismajli,d,6.0,6.0,6,6
16,Empoli,Viti,d,6.5,6.5,"6,5","6,5"
16,Empoli,Cacace,d,5.0,5.0,5,5
16,Empoli,Sambia,d,55.0,55.0,55,55
16,Empoli,Goglichidze,d,5.5,5.5,"5,5","5,5"
16,Empoli,Grassi,c,6.0,5.5,6,"5,5"
16,Empoli,Gyasi,c,5.5,5.5,"5,5","5,5"
16,Empoli,Maleh,c,5.5,5.5,"5,5","5,5"
16,Empoli,Anjorin,c,6.0,6.0,6,6
16,Empoli,Esposito Se.,a,6.0,6.0,6,6
16,Empoli,Colombo,a,6.0,6.0,6,6
16,Empoli,Ekong,a,6.0,6.0,6,6
16,Empoli,Konate Is.,a,55.0,55.0,55,55
16,Empoli,D'Aversa,all,5.5,5.5,"5,5","5,5"
16,Fiorentina,De Gea,p,6.0,5.0,6,5
16,Fiorentina,Gosens,d,5.5,5.5,"5,5","5,5"
16,Fiorentina,Ranieri L.,d,6.0,6.0,6,6
16,Fiorentina,Parisi,d,55.0,55.0,55,55
16,Fiorentina,Dodo',d,5.5,5.0,"5,5",5
16,Fiorentina,Comuzzo,d,5.5,5.0,"5,5",5
16,Fiorentina,Cataldi,c,5.5,5.5,"5,5","5,5"
16,Fiorentina,Sottil,c,6.0,6.0,6,6
16,Fiorentina,Ikone',c,6.0,6.0,6,6
16,Fiorentina,Adli,c,6.0,6.0,6,6
16,Fiorentina,Colpani,c,5.5,5.5,"5,5","5,5"
16,Fiorentina,Richardson,c,5.5,5.5,"5,5","5,5"
16,Fiorentina,Kean,a,5.5,5.5,"5,5","5,5"
16,Fiorentina,Kouame',a,55.0,55.0,55,55
16,Fiorentina,Gudmundsson A.,a,6.0,6.0,6,6
16,Fiorentina,Beltran L.,a,5.5,5.5,"5,5","5,5"
16,Fiorentina,Palladino,all,5.5,5.5,"5,5","5,5"
16,Genoa,Leali,p,6.5,6.5,"6,5","6,5"
16,Genoa,Sabelli,d,6.0,6.0,6,6
16,Genoa,Bani,d,6.0,6.0,6,6
16,Genoa,Martin,d,6.5,6.5,"6,5","6,5"
16,Genoa,Vasquez,d,6.5,6.5,"6,5","6,5"
16,Genoa,Zanoli,d,6.0,5.5,6,"5,5"
16,Genoa,Vogliacco,d,5.5,5.0,"5,5",5
16,Genoa,Norton-Cuffy,d,55.0,55.0,55,55
16,Genoa,Badelj,c,6.5,6.5,"6,5","6,5"
16,Genoa,Thorsby,c,6.5,6.5,"6,5","6,5"
16,Genoa,Frendrup,c,6.5,6.5,"6,5","6,5"
16,Genoa,Miretti,c,6.5,6.5,"6,5","6,5"
16,Genoa,Pinamonti,a,5.5,5.5,"5,5","5,5"
16,Genoa,Vitinha O.,a,55.0,55.0,55,55
16,Genoa,Vieira P.,all,6.5,6.5,"6,5","6,5"
16,Inter,Sommer,p,6.0,6.0,6,6
16,Inter,Dimarco,d,7.5,11.5,"7,5","11,5"
16,Inter,De Vrij,d,6.5,6.5,"6,5","6,5"
16,Inter,Bastoni,d,6.5,7.0,"6,5",7
16,Inter,Darmian,d,6.0,5.5,6,"5,5"
16,Inter,Dumfries,d,7.5,11.5,"7,5","11,5"
16,Inter,Carlos Augusto,d,6.5,9.5,"6,5","9,5"
16,Inter,Bisseck,d,6.0,5.5,6,"5,5"
16,Inter,Zielinski,c,6.0,6.0,6,6
16,Inter,Barella,c,7.0,10.0,7,10
16,Inter,Calhanoglu,c,7.5,11.0,"7,5",11
16,Inter,Mkhitaryan,c,6.5,7.5,"6,5","7,5"
16,Inter,Asllani,c,6.0,6.0,6,6
16,Inter,Buchanan T.,c,55.0,55.0,55,55
16,Inter,Martinez L.,a,6.5,6.5,"6,5","6,5"
16,Inter,Thuram,a,7.0,10.0,7,10
16,Inter,Inzaghi S.,all,8.0,8.0,8,8
16,Juventus,Di Gregorio,p,6.0,4.0,6,4
16,Juventus,Danilo,d,5.5,5.5,"5,5","5,5"
16,Juventus,Kalulu,d,6.0,6.0,6,6
16,Juventus,Gatti,d,6.0,9.0,6,9
16,Juventus,Savona,d,5.0,5.0,5,5
16,Juventus,Locatelli,c,55.0,55.0,55,55
16,Juventus,Fagioli,c,55.0,55.0,55,55
16,Juventus,Weah,c,6.0,6.0,6,6
16,Juventus,Douglas Luiz,c,6.0,6.0,6,6
16,Juventus,McKennie,c,5.5,5.5,"5,5","5,5"
16,Juventus,Thuram K.,c,7.0,8.0,7,8
16,Juventus,Koopmeiners,c,6.0,6.0,6,6
16,Juventus,Conceicao,c,6.0,6.0,6,6
16,Juventus,Vlahovic,a,6.5,9.0,"6,5",9
16,Juventus,Gonzalez N.,a,55.0,55.0,55,55
16,Juventus,Yildiz,a,5.5,5.5,"5,5","5,5"
16,Juventus,Thiago Motta,all,5.0,5.0,5,5
16,Lazio,Provedel,p,6.0,0.0,6,0
16,Lazio,Patric,d,4.5,4.5,"4,5","4,5"
16,Lazio,Marusic,d,4.0,4.0,4,4
16,Lazio,Lazzari,d,5.0,5.0,5,5
16,Lazio,Tavares N.,d,5.0,5.0,5,5
16,Lazio,Gila,d,6.0,6.0,6,6
16,Lazio,Gigot,d,5.0,5.0,5,5
16,Lazio,Zaccagni,c,5.5,5.0,"5,5",5
16,Lazio,Guendouzi,c,5.5,5.5,"5,5","5,5"
16,Lazio,Castrovilli,c,55.0,55.0,55,55
16,Lazio,Rovella,c,5.5,5.0,"5,5",5
16,Lazio,Tchaouna,c,5.0,5.0,5,5
16,Lazio,Dele-Bashiru,c,5.5,5.5,"5,5","5,5"
16,Lazio,Pedro,a,5.0,5.0,5,5
16,Lazio,Isaksen,a,6.0,6.0,6,6
16,Lazio,Noslin,a,5.0,5.0,5,5
16,Lazio,Baroni,all,4.0,4.0,4,4
16,Lecce,Falcone,p,6.0,5.0,6,5
16,Lecce,Guilbert,d,5.5,5.5,"5,5","5,5"
16,Lecce,Baschirotto,d,6.0,6.0,6,6
16,Lecce,Dorgu,d,5.0,3.0,5,3
16,Lecce,Jean,d,6.5,6.5,"6,5","6,5"
16,Lecce,Coulibaly L.,c,6.5,6.5,"6,5","6,5"
16,Lecce,Helgason,c,6.0,6.0,6,6
16,Lecce,Berisha M.,c,6.5,7.5,"6,5","7,5"
16,Lecce,Rafia,c,6.5,6.0,"6,5",6
16,Lecce,Ramadani,c,6.0,6.0,6,6
16,Lecce,Kaba,c,55.0,55.0,55,55
16,Lecce,Tete Morente,c,7.0,10.0,7,10
16,Lecce,Rebic,a,6.0,6.0,6,6
16,Lecce,Krstovic,a,6.5,6.5,"6,5","6,5"
16,Lecce,Pierotti,a,6.5,6.5,"6,5","6,5"
16,Lecce,Giampaolo,all,6.5,6.0,"6,5",6
16,Milan,Maignan,p,6.0,6.0,6,6
16,Milan,Gabbia,d,6.0,6.0,6,6
16,Milan,Emerson Royal,d,5.5,5.5,"5,5","5,5"
16,Milan,Thiaw,d,5.5,5.5,"5,5","5,5"
16,Milan,Jimenez A.,d,6.5,6.5,"6,5","6,5"
16,Milan,Fofana Y.,c,6.0,6.0,6,6
16,Milan,Chukwueze,c,5.0,5.0,5,5
16,Milan,Reijnders,c,6.5,6.5,"6,5","6,5"
16,Milan,Liberali,c,6.0,6.0,6,6
16,Milan,Morata,a,5.0,5.0,5,5
16,Milan,Abraham,a,5.5,5.5,"5,5","5,5"
16,Milan,Leao,a,5.5,5.5,"5,5","5,5"
16,Milan,Okafor,a,5.5,5.5,"5,5","5,5"
16,Milan,Camarda,a,5.5,5.5,"5,5","5,5"
16,Milan,Fonseca,all,5.5,5.5,"5,5","5,5"
16,Monza,Turati,p,7.0,8.0,7,8
16,Monza,Izzo,d,5.0,4.5,5,"4,5"
16,Monza,Pereira P.,d,55.0,55.0,55,55
16,Monza,Kyriakopoulos,d,5.5,5.0,"5,5",5
16,Monza,Mari',d,5.5,5.5,"5,5","5,5"
16,Monza,Carboni A.,d,5.5,5.5,"5,5","5,5"
16,Monza,Caldirola,d,5.5,5.5,"5,5","5,5"
16,Monza,Birindelli,d,6.5,6.5,"6,5","6,5"
16,Monza,Sensi,c,5.5,5.5,"5,5","5,5"
16,Monza,Maldini,c,5.5,5.0,"5,5",5
16,Monza,Bianco,c,5.5,5.0,"5,5",5
16,Monza,Bondo,c,5.5,5.5,"5,5","5,5"
16,Monza,Forson O.,c,5.5,5.5,"5,5","5,5"
16,Monza,Caprari,a,5.5,5.5,"5,5","5,5"
16,Monza,Mota,a,5.5,5.5,"5,5","5,5"
16,Monza,Maric,a,55.0,55.0,55,55
16,Monza,Nesta,all,5.5,5.5,"5,5","5,5"
16,Napoli,Meret,p,6.5,8.5,"6,5","8,5"
16,Napoli,Buongiorno,d,6.0,6.0,6,6
16,Napoli,Di Lorenzo,d,6.5,6.5,"6,5","6,5"
16,Napoli,Rrahmani,d,6.0,6.0,6,6
16,Napoli,Olivera,d,6.5,6.5,"6,5","6,5"
16,Napoli,Politano,c,6.0,5.5,6,"5,5"
16,Napoli,Zambo Anguissa,c,7.0,10.0,7,10
16,Napoli,Lobotka,c,6.0,6.0,6,6
16,Napoli,McTominay,c,6.5,7.5,"6,5","7,5"
16,Napoli,Gilmour,c,55.0,55.0,55,55
16,Napoli,Neres,c,7.5,7.5,"7,5","7,5"
16,Napoli,Simeone,a,6.5,7.5,"6,5","7,5"
16,Napoli,Lukaku,a,6.5,9.5,"6,5","9,5"
16,Napoli,Raspadori,a,55.0,55.0,55,55
16,Napoli,Ngonge,a,55.0,55.0,55,55
16,Napoli,Conte,all,7.0,7.0,7,7
16,Parma,Suzuki,p,6.0,3.0,6,3
16,Parma,Balogh,d,4.5,4.5,"4,5","4,5"
16,Parma,Valeri,d,6.0,6.0,6,6
16,Parma,Delprato,d,5.0,5.0,5,5
16,Parma,Leoni,d,5.5,5.5,"5,5","5,5"
16,Parma,Hernani,c,6.0,5.5,6,"5,5"
16,Parma,Estevez,c,55.0,55.0,55,55
16,Parma,Sohm,c,7.0,13.0,7,13
16,Parma,Man,c,5.0,5.0,5,5
16,Parma,Hainaut,c,5.5,5.5,"5,5","5,5"
16,Parma,Keita M.,c,5.5,6.5,"5,5","6,5"
16,Parma,Cancellieri,a,5.5,5.5,"5,5","5,5"
16,Parma,Almqvist,a,6.0,6.0,6,6
16,Parma,Benedyczak,a,55.0,55.0,55,55
16,Parma,Bonny,a,6.5,6.5,"6,5","6,5"
16,Parma,Haj Mohamed,a,6.0,6.0,6,6
16,Parma,Pecchia,all,5.5,5.5,"5,5","5,5"
16,Roma,Svilar,p,6.5,4.5,"6,5","4,5"
16,Roma,Mancini,d,6.0,6.0,6,6
16,Roma,N'Dicka,d,5.0,5.0,5,5
16,Roma,Celik,d,5.5,5.5,"5,5","5,5"
16,Roma,Angelino,d,6.5,6.5,"6,5","6,5"
16,Roma,Hermoso,d,5.0,5.0,5,5
16,Roma,Abdulhamid,d,5.5,5.5,"5,5","5,5"
16,Roma,Pellegrini Lo.,c,5.0,5.0,5,5
16,Roma,El Shaarawy,c,6.0,6.0,6,6
16,Roma,Saelemaekers,c,6.0,6.0,6,6
16,Roma,Kone' M.,c,6.5,6.5,"6,5","6,5"
16,Roma,Pisilli,c,5.0,5.0,5,5
16,Roma,Le Fee,c,5.5,5.0,"5,5",5
16,Roma,Dybala,a,5.5,5.5,"5,5","5,5"
16,Roma,Soule',a,6.0,6.0,6,6
16,Roma,Dovbyk,a,5.0,5.0,5,5
16,Roma,Ranieri C.,all,5.5,5.5,"5,5","5,5"
16,Torino,Milinkovic-Savic V.,p,6.5,6.5,"6,5","6,5"
16,Torino,Masina,d,6.0,5.5,6,"5,5"
16,Torino,Walukiewicz,d,6.0,6.0,6,6
16,Torino,Lazaro,d,55.0,55.0,55,55
16,Torino,Pedersen,d,6.0,5.5,6,"5,5"
16,Torino,Coco,d,6.5,6.0,"6,5",6
16,Torino,Sosa B.,d,6.5,6.5,"6,5","6,5"
16,Torino,Dembele' A.,d,6.0,6.0,6,6
16,Torino,Linetty,c,6.0,6.0,6,6
16,Torino,Ricci S.,c,6.0,6.0,6,6
16,Torino,Vlasic,c,6.5,7.5,"6,5","7,5"
16,Torino,Gineitis,c,5.5,5.5,"5,5","5,5"
16,Torino,Sanabria,a,6.0,6.0,6,6
16,Torino,Karamoh,a,5.5,5.5,"5,5","5,5"
16,Torino,Adams C.,a,7.5,10.5,"7,5","10,5"
16,Torino,Njie,a,6.0,6.0,6,6
16,Torino,Vanoli,all,6.5,6.5,"6,5","6,5"
16,Udinese,Sava,p,6.0,3.0,6,3
16,Udinese,Kamara H.,d,5.5,5.5,"5,5","5,5"
16,Udinese,Bijol,d,5.5,5.5,"5,5","5,5"
16,Udinese,Abankwah,d,55.0,55.0,55,55
16,Udinese,Ehizibue,d,5.5,5.5,"5,5","5,5"
16,Udinese,Zemura,d,6.0,6.0,6,6
16,Udinese,Kristensen T.,d,5.5,5.5,"5,5","5,5"
16,Udinese,Giannetti L.,d,5.0,3.0,5,3
16,Udinese,Lovric,c,6.0,6.0,6,6
16,Udinese,Karlstrom,c,5.0,5.0,5,5
16,Udinese,Ekkelenkamp,c,6.0,6.0,6,6
16,Udinese,Rui Modesto,c,55.0,55.0,55,55
16,Udinese,Atta,c,5.5,5.0,"5,5",5
16,Udinese,Thauvin,a,6.5,6.5,"6,5","6,5"
16,Udinese,Lucca,a,5.0,5.0,5,5
16,Udinese,Bravo,a,55.0,55.0,55,55
16,Udinese,Runjaic,all,5.0,5.0,5,5
16,Venezia,Stankovic F.,p,6.5,4.5,"6,5","4,5"
16,Venezia,Zampano,d,6.0,6.5,6,"6,5"
16,Venezia,Candela,d,5.0,5.0,5,5
16,Venezia,Altare,d,6.5,6.5,"6,5","6,5"
16,Venezia,Svoboda,d,6.0,6.0,6,6
16,Venezia,Idzes,d,6.5,9.5,"6,5","9,5"
16,Venezia,Sverko,d,6.5,6.0,"6,5",6
16,Venezia,Nicolussi Caviglia,c,6.5,7.5,"6,5","7,5"
16,Venezia,Crnigoj,c,55.0,55.0,55,55
16,Venezia,Busio,c,6.5,6.5,"6,5","6,5"
16,Venezia,Ellertsson,c,7.0,10.0,7,10
16,Venezia,Oristanio,c,6.5,6.5,"6,5","6,5"
16,Venezia,Andersen M.K.,c,6.5,6.5,"6,5","6,5"
16,Venezia,Yeboah J.,c,6.0,5.5,6,"5,5"
16,Venezia,Pohjanpalo,a,6.0,6.0,6,6
16,Venezia,Gytkjaer,a,55.0,55.0,55,55
16,Venezia,Di Francesco,all,7.0,7.0,7,7
16,Verona,Montipo',p,6.0,4.0,6,4
16,Verona,Dawidowicz,d,6.0,6.0,6,6
16,Verona,Daniliuc,d,6.0,6.0,6,6
16,Verona,Coppola D.,d,7.0,9.5,7,"9,5"
16,Verona,Tchatchoua,d,7.0,7.0,7,7
16,Verona,Ghilardi,d,6.5,6.5,"6,5","6,5"
16,Verona,Lazovic,c,6.5,6.5,"6,5","6,5"
16,Verona,Duda,c,6.0,5.5,6,"5,5"
16,Verona,Harroui,c,6.5,8.5,"6,5","8,5"
16,Verona,Belahyane,c,6.5,6.5,"6,5","6,5"
16,Verona,Suslov,c,7.0,7.0,7,7
16,Verona,Dani Silva,c,55.0,55.0,55,55
16,Verona,Sarr A.,a,7.0,10.0,7,10
16,Verona,Mosquera,a,7.0,10.0,7,10
16,Verona,Rocha Livramento,a,6.5,6.5,"6,5","6,5"
16,Verona,Zanetti,all,7.0,7.0,7,7
17,Atalanta,Carnesecchi,p,6.0,4.0,6,4
17,Atalanta,Zappacosta,d,6.5,7.5,"6,5","7,5"
17,Atalanta,Cuadrado,d,55.0,55.0,55,55
17,Atalanta,Djimsiti,d,5.0,5.0,5,5
17,Atalanta,Kolasinac,d,5.5,5.5,"5,5","5,5"
17,Atalanta,Bellanova,d,6.0,6.0,6,6
17,Atalanta,Ruggeri,d,6.5,6.5,"6,5","6,5"
17,Atalanta,Kossounou,d,6.0,6.0,6,6
17,Atalanta,Hien,d,6.0,6.0,6,6
17,Atalanta,Pasalic,c,6.5,6.5,"6,5","6,5"
17,Atalanta,Zaniolo,c,6.5,7.0,"6,5",7
17,Atalanta,Samardzic,c,6.5,6.5,"6,5","6,5"
17,Atalanta,Ederson D.s.,c,6.0,6.0,6,6
17,Atalanta,Lookman,a,6.5,9.5,"6,5","9,5"
17,Atalanta,De Ketelaere,a,8.0,14.0,8,14
17,Atalanta,Retegui,a,6.0,6.0,6,6
17,Atalanta,Gasperini,all,6.5,6.5,"6,5","6,5"
17,Bologna,Ravaglia F.,p,6.5,6.5,"6,5","6,5"
17,Bologna,Lykogiannis,d,55.0,55.0,55,55
17,Bologna,Miranda J.,d,7.0,7.5,7,"7,5"
17,Bologna,Casale,d,55.0,55.0,55,55
17,Bologna,Holm,d,7.0,7.0,7,7
17,Bologna,Lucumi',d,6.5,6.5,"6,5","6,5"
17,Bologna,Beukema,d,6.5,6.5,"6,5","6,5"
17,Bologna,Freuler,c,7.0,6.5,7,"6,5"
17,Bologna,Orsolini,c,6.5,6.5,"6,5","6,5"
17,Bologna,Pobega,c,7.0,10.0,7,10
17,Bologna,Ferguson,c,5.5,5.5,"5,5","5,5"
17,Bologna,Fabbian,c,6.0,6.0,6,6
17,Bologna,Odgaard,a,6.0,6.0,6,6
17,Bologna,Castro S.,a,5.0,2.0,5,2
17,Bologna,Dallinga,a,7.0,10.0,7,10
17,Bologna,Dominguez B.,a,6.0,6.0,6,6
17,Bologna,Italiano,all,7.0,7.0,7,7
17,Cagliari,Sherri,p,6.0,4.0,6,4
17,Cagliari,Luperto,d,5.0,5.0,5,5
17,Cagliari,Mina,d,5.0,5.0,5,5
17,Cagliari,Augello,d,6.0,7.0,6,7
17,Cagliari,Zortea,d,5.5,5.5,"5,5","5,5"
17,Cagliari,Zappa,d,5.5,5.5,"5,5","5,5"
17,Cagliari,Wieteska,d,5.5,5.0,"5,5",5
17,Cagliari,Deiola,c,5.5,5.5,"5,5","5,5"
17,Cagliari,Gaetano,c,5.5,5.5,"5,5","5,5"
17,Cagliari,Adopo,c,6.0,6.0,6,6
17,Cagliari,Marin,c,5.5,5.5,"5,5","5,5"
17,Cagliari,Makoumbou,c,6.0,6.0,6,6
17,Cagliari,Felici,c,6.0,6.0,6,6
17,Cagliari,Pavoletti,a,7.0,9.5,7,"9,5"
17,Cagliari,Lapadula,a,6.0,6.0,6,6
17,Cagliari,Piccoli,a,5.0,5.0,5,5
17,Cagliari,Nicola,all,5.5,5.5,"5,5","5,5"
17,Como,Reina,p,6.0,4.0,6,4
17,Como,Barba,d,5.5,5.5,"5,5","5,5"
17,Como,Goldaniga,d,6.0,6.0,6,6
17,Como,Sergi Roberto,d,6.0,6.0,6,6
17,Como,Dossena,d,6.0,6.0,6,6
17,Como,Kempf,d,5.5,5.5,"5,5","5,5"
17,Como,Van Der Brempt,d,5.5,5.5,"5,5","5,5"
17,Como,Mazzitelli,c,5.5,5.0,"5,5",5
17,Como,Strefezza,c,5.5,5.5,"5,5","5,5"
17,Como,Da Cunha,c,6.0,5.5,6,"5,5"
17,Como,Kone B.,c,6.0,6.0,6,6
17,Como,Fadera,c,6.0,6.0,6,6
17,Como,Paz N.,c,5.5,5.5,"5,5","5,5"
17,Como,Cerri,a,55.0,55.0,55,55
17,Como,Belotti,a,5.5,5.5,"5,5","5,5"
17,Como,Cutrone,a,5.5,5.5,"5,5","5,5"
17,Como,Fabregas,all,5.5,5.0,"5,5",5
17,Empoli,Vasquez D.,p,6.5,3.5,"6,5","3,5"
17,Empoli,Pezzella Giu.,d,6.0,5.5,6,"5,5"
17,Empoli,Ismajli,d,5.5,5.5,"5,5","5,5"
17,Empoli,Cacace,d,5.0,5.0,5,5
17,Empoli,Sambia,d,55.0,55.0,55,55
17,Empoli,Goglichidze,d,5.5,5.5,"5,5","5,5"
17,Empoli,Marianucci,d,55.0,55.0,55,55
17,Empoli,Grassi,c,6.0,6.0,6,6
17,Empoli,Henderson L.,c,6.5,7.5,"6,5","7,5"
17,Empoli,Gyasi,c,6.0,6.0,6,6
17,Empoli,Maleh,c,6.0,6.0,6,6
17,Empoli,Fazzini,c,6.0,6.0,6,6
17,Empoli,Anjorin,c,6.0,6.0,6,6
17,Empoli,Esposito Se.,a,6.5,9.5,"6,5","9,5"
17,Empoli,Colombo,a,6.5,9.5,"6,5","9,5"
17,Empoli,D'Aversa,all,6.5,6.0,"6,5",6
17,Fiorentina,De Gea,p,6.0,4.0,6,4
17,Fiorentina,Gosens,d,5.5,5.5,"5,5","5,5"
17,Fiorentina,Ranieri L.,d,5.0,5.0,5,5
17,Fiorentina,Parisi,d,55.0,55.0,55,55
17,Fiorentina,Kayode,d,5.0,5.0,5,5
17,Fiorentina,Comuzzo,d,5.5,5.5,"5,5","5,5"
17,Fiorentina,Cataldi,c,6.0,6.0,6,6
17,Fiorentina,Mandragora,c,6.0,6.0,6,6
17,Fiorentina,Sottil,c,6.0,5.5,6,"5,5"
17,Fiorentina,Ikone',c,5.5,5.5,"5,5","5,5"
17,Fiorentina,Adli,c,5.5,5.5,"5,5","5,5"
17,Fiorentina,Colpani,c,5.5,5.5,"5,5","5,5"
17,Fiorentina,Kean,a,6.0,9.0,6,9
17,Fiorentina,Kouame',a,6.0,5.5,6,"5,5"
17,Fiorentina,Gudmundsson A.,a,5.5,5.5,"5,5","5,5"
17,Fiorentina,Beltran L.,a,5.5,5.5,"5,5","5,5"
17,Fiorentina,Palladino,all,5.0,5.0,5,5
17,Genoa,Leali,p,6.0,4.0,6,4
17,Genoa,Sabelli,d,6.0,5.5,6,"5,5"
17,Genoa,Bani,d,6.0,6.0,6,6
17,Genoa,Martin,d,5.5,5.5,"5,5","5,5"
17,Genoa,Vasquez,d,5.5,5.5,"5,5","5,5"
17,Genoa,Zanoli,d,6.0,6.0,6,6
17,Genoa,Norton-Cuffy,d,55.0,55.0,55,55
17,Genoa,Badelj,c,5.5,5.5,"5,5","5,5"
17,Genoa,Thorsby,c,6.0,6.0,6,6
17,Genoa,Frendrup,c,5.5,5.0,"5,5",5
17,Genoa,Miretti,c,6.0,6.0,6,6
17,Genoa,Balotelli,a,55.0,55.0,55,55
17,Genoa,Pinamonti,a,6.5,9.5,"6,5","9,5"
17,Genoa,Ekuban,a,6.0,6.0,6,6
17,Genoa,Vitinha O.,a,6.0,7.0,6,7
17,Genoa,Vieira P.,all,6.0,6.0,6,6
17,Inter,Sommer,p,6.0,6.0,6,6
17,Inter,Dimarco,d,6.0,6.0,6,6
17,Inter,De Vrij,d,6.0,6.0,6,6
17,Inter,Bastoni,d,6.5,6.5,"6,5","6,5"
17,Inter,Dumfries,d,5.5,5.5,"5,5","5,5"
17,Inter,Carlos Augusto,d,7.0,10.0,7,10
17,Inter,Bisseck,d,6.5,6.0,"6,5",6
17,Inter,Zielinski,c,6.5,7.5,"6,5","7,5"
17,Inter,Barella,c,6.0,6.0,6,6
17,Inter,Calhanoglu,c,6.5,7.5,"6,5","7,5"
17,Inter,Mkhitaryan,c,5.5,5.5,"5,5","5,5"
17,Inter,Frattesi,c,55.0,55.0,55,55
17,Inter,Buchanan T.,c,55.0,55.0,55,55
17,Inter,Martinez L.,a,5.5,5.5,"5,5","5,5"
17,Inter,Thuram,a,7.0,9.5,7,"9,5"
17,Inter,Taremi,a,55.0,55.0,55,55
17,Inter,Inzaghi S.,all,6.5,6.5,"6,5","6,5"
17,Juventus,Di Gregorio,p,6.0,5.0,6,5
17,Juventus,Kalulu,d,5.5,5.5,"5,5","5,5"
17,Juventus,Cambiaso,d,6.0,6.0,6,6
17,Juventus,Gatti,d,6.0,6.0,6,6
17,Juventus,Savona,d,6.0,6.0,6,6
17,Juventus,Locatelli,c,6.5,6.5,"6,5","6,5"
17,Juventus,Fagioli,c,55.0,55.0,55,55
17,Juventus,McKennie,c,7.0,10.0,7,10
17,Juventus,Thuram K.,c,6.0,6.0,6,6
17,Juventus,Koopmeiners,c,6.5,7.5,"6,5","7,5"
17,Juventus,Adzic,c,55.0,55.0,55,55
17,Juventus,Conceicao,c,6.0,5.5,6,"5,5"
17,Juventus,Vlahovic,a,5.5,5.5,"5,5","5,5"
17,Juventus,Gonzalez N.,a,7.0,10.0,7,10
17,Juventus,Yildiz,a,6.5,6.5,"6,5","6,5"
17,Juventus,Mbangula,a,55.0,55.0,55,55
17,Juventus,Thiago Motta,all,6.0,6.0,6,6
17,Lazio,Provedel,p,6.0,5.0,6,5
17,Lazio,Romagnoli,d,6.0,6.0,6,6
17,Lazio,Marusic,d,7.0,10.0,7,10
17,Lazio,Lazzari,d,5.5,5.5,"5,5","5,5"
17,Lazio,Pellegrini Lu.,d,5.5,5.5,"5,5","5,5"
17,Lazio,Tavares N.,d,5.5,5.5,"5,5","5,5"
17,Lazio,Gila,d,6.5,6.5,"6,5","6,5"
17,Lazio,Zaccagni,c,5.5,5.5,"5,5","5,5"
17,Lazio,Guendouzi,c,6.0,6.0,6,6
17,Lazio,Rovella,c,6.5,6.5,"6,5","6,5"
17,Lazio,Tchaouna,c,6.0,5.5,6,"5,5"
17,Lazio,Pedro,a,6.0,6.0,6,6
17,Lazio,Dia,a,5.5,5.5,"5,5","5,5"
17,Lazio,Castellanos,a,7.0,10.0,7,10
17,Lazio,Isaksen,a,6.0,6.0,6,6
17,Lazio,Noslin,a,55.0,55.0,55,55
17,Lazio,Baroni,all,6.0,6.0,6,6
17,Lecce,Falcone,p,6.5,4.5,"6,5","4,5"
17,Lecce,Guilbert,d,4.5,3.5,"4,5","3,5"
17,Lecce,Baschirotto,d,6.5,6.5,"6,5","6,5"
17,Lecce,Dorgu,d,6.0,5.5,6,"5,5"
17,Lecce,Jean,d,6.0,6.0,6,6
17,Lecce,Coulibaly L.,c,5.5,5.5,"5,5","5,5"
17,Lecce,Berisha M.,c,6.5,6.5,"6,5","6,5"
17,Lecce,Rafia,c,6.0,6.0,6,6
17,Lecce,Kaba,c,5.5,5.5,"5,5","5,5"
17,Lecce,Pierret,c,6.0,6.0,6,6
17,Lecce,Tete Morente,c,6.5,9.5,"6,5","9,5"
17,Lecce,Rebic,a,6.0,5.5,6,"5,5"
17,Lecce,Sansone,a,55.0,55.0,55,55
17,Lecce,Krstovic,a,5.5,5.5,"5,5","5,5"
17,Lecce,Pierotti,a,6.0,6.0,6,6
17,Lecce,Giampaolo,all,6.0,6.0,6,6
17,Milan,Maignan,p,6.0,6.0,6,6
17,Milan,Calabria,d,6.0,6.0,6,6
17,Milan,Hernandez T.,d,5.5,5.5,"5,5","5,5"
17,Milan,Gabbia,d,6.5,6.5,"6,5","6,5"
17,Milan,Tomori,d,55.0,55.0,55,55
17,Milan,Emerson Royal,d,6.0,5.5,6,"5,5"
17,Milan,Terracciano F.,d,6.5,6.5,"6,5","6,5"
17,Milan,Thiaw,d,6.5,6.5,"6,5","6,5"
17,Milan,Jimenez A.,d,6.5,6.5,"6,5","6,5"
17,Milan,Fofana Y.,c,7.0,8.0,7,8
17,Milan,Chukwueze,c,5.5,5.5,"5,5","5,5"
17,Milan,Reijnders,c,7.0,10.0,7,10
17,Milan,Abraham,a,5.0,5.0,5,5
17,Milan,Leao,a,6.0,6.0,6,6
17,Milan,Fonseca,all,6.0,6.0,6,6
17,Monza,Turati,p,6.5,4.5,"6,5","4,5"
17,Monza,Izzo,d,55.0,55.0,55,55
17,Monza,D'Ambrosio,d,5.5,5.5,"5,5","5,5"
17,Monza,Pereira P.,d,6.0,5.5,6,"5,5"
17,Monza,Kyriakopoulos,d,6.0,6.0,6,6
17,Monza,Mari',d,5.5,5.5,"5,5","5,5"
17,Monza,Carboni A.,d,5.5,6.5,"5,5","6,5"
17,Monza,Birindelli,d,7.0,10.0,7,10
17,Monza,Sensi,c,55.0,55.0,55,55
17,Monza,Bianco,c,6.5,6.5,"6,5","6,5"
17,Monza,Ciurria,c,6.0,6.0,6,6
17,Monza,Bondo,c,6.0,6.0,6,6
17,Monza,Caprari,a,6.0,6.0,6,6
17,Monza,Mota,a,6.5,6.5,"6,5","6,5"
17,Monza,Maric,a,55.0,55.0,55,55
17,Monza,Nesta,all,6.0,6.0,6,6
17,Napoli,Meret,p,7.5,6.5,"7,5","6,5"
17,Napoli,Juan Jesus,d,5.5,5.0,"5,5",5
17,Napoli,Spinazzola,d,55.0,55.0,55,55
17,Napoli,Di Lorenzo,d,6.0,6.0,6,6
17,Napoli,Rrahmani,d,6.5,9.5,"6,5","9,5"
17,Napoli,Olivera,d,6.0,6.0,6,6
17,Napoli,Politano,c,6.0,6.0,6,6
17,Napoli,Zambo Anguissa,c,7.0,10.0,7,10
17,Napoli,Lobotka,c,6.5,7.5,"6,5","7,5"
17,Napoli,McTominay,c,6.0,6.0,6,6
17,Napoli,Neres,c,6.5,7.5,"6,5","7,5"
17,Napoli,Simeone,a,6.0,6.0,6,6
17,Napoli,Lukaku,a,6.0,6.0,6,6
17,Napoli,Kvaratskhelia,a,6.0,6.0,6,6
17,Napoli,Conte,all,6.5,6.5,"6,5","6,5"
17,Parma,Suzuki,p,5.5,0.5,"5,5","0,5"
17,Parma,Valenti,d,5.0,5.0,5,5
17,Parma,Balogh,d,4.0,4.0,4,4
17,Parma,Valeri,d,5.0,5.0,5,5
17,Parma,Delprato,d,5.5,5.5,"5,5","5,5"
17,Parma,Coulibaly W.,d,4.0,4.0,4,4
17,Parma,Hernani,c,6.0,6.0,6,6
17,Parma,Sohm,c,6.0,6.0,6,6
17,Parma,Man,c,5.0,5.0,5,5
17,Parma,Camara D.,c,6.0,6.0,6,6
17,Parma,Mihaila,a,5.0,5.0,5,5
17,Parma,Cancellieri,a,6.0,6.0,6,6
17,Parma,Almqvist,a,5.5,5.0,"5,5",5
17,Parma,Benedyczak,a,6.0,6.0,6,6
17,Parma,Bonny,a,5.5,5.0,"5,5",5
17,Parma,Haj Mohamed,a,5.5,5.5,"5,5","5,5"
17,Parma,Pecchia,all,5.0,5.0,5,5
17,Roma,Svilar,p,6.5,6.5,"6,5","6,5"
17,Roma,Mancini,d,6.0,6.0,6,6
17,Roma,Hummels,d,7.0,7.0,7,7
17,Roma,N'Dicka,d,6.5,6.5,"6,5","6,5"
17,Roma,Angelino,d,7.0,7.5,7,"7,5"
17,Roma,Paredes,c,7.5,10.5,"7,5","10,5"
17,Roma,El Shaarawy,c,6.0,6.0,6,6
17,Roma,Saelemaekers,c,8.0,11.0,8,11
17,Roma,Kone' M.,c,7.0,7.0,7,7
17,Roma,Dybala,a,8.0,15.0,8,15
17,Roma,Dovbyk,a,7.0,10.0,7,10
17,Roma,Ranieri C.,all,8.0,8.0,8,8
17,Torino,Milinkovic-Savic V.,p,7.0,8.0,7,8
17,Torino,Masina,d,5.0,5.0,5,5
17,Torino,Walukiewicz,d,6.0,6.0,6,6
17,Torino,Maripan,d,6.0,6.0,6,6
17,Torino,Vojvoda,d,5.0,5.0,5,5
17,Torino,Pedersen,d,5.5,5.5,"5,5","5,5"
17,Torino,Sosa B.,d,5.0,5.0,5,5
17,Torino,Linetty,c,6.0,6.0,6,6
17,Torino,Ilic,c,6.0,6.0,6,6
17,Torino,Ricci S.,c,5.5,5.5,"5,5","5,5"
17,Torino,Vlasic,c,5.5,5.5,"5,5","5,5"
17,Torino,Gineitis,c,6.5,6.5,"6,5","6,5"
17,Torino,Sanabria,a,5.0,5.0,5,5
17,Torino,Karamoh,a,5.5,5.5,"5,5","5,5"
17,Torino,Adams C.,a,5.5,5.5,"5,5","5,5"
17,Torino,Njie,a,55.0,55.0,55,55
17,Torino,Vanoli,all,5.0,5.0,5,5
17,Udinese,Sava,p,6.0,4.5,6,"4,5"
17,Udinese,Kabasele,d,6.5,6.5,"6,5","6,5"
17,Udinese,Toure' I.s.,d,5.5,5.5,"5,5","5,5"
17,Udinese,Abankwah,d,6.5,6.5,"6,5","6,5"
17,Udinese,Ehizibue,d,6.0,5.5,6,"5,5"
17,Udinese,Zemura,d,6.0,5.5,6,"5,5"
17,Udinese,Kristensen T.,d,5.0,4.5,5,"4,5"
17,Udinese,Lovric,c,6.0,5.5,6,"5,5"
17,Udinese,Karlstrom,c,6.5,6.5,"6,5","6,5"
17,Udinese,Ekkelenkamp,c,6.5,7.5,"6,5","7,5"
17,Udinese,Rui Modesto,c,55.0,55.0,55,55
17,Udinese,Atta,c,6.0,6.0,6,6
17,Udinese,Thauvin,a,7.0,10.0,7,10
17,Udinese,Lucca,a,7.0,10.0,7,10
17,Udinese,Bravo,a,55.0,55.0,55,55
17,Udinese,Runjaic,all,7.0,7.0,7,7
17,Venezia,Stankovic F.,p,8.0,7.0,8,7
17,Venezia,Zampano,d,6.5,9.5,"6,5","9,5"
17,Venezia,Altare,d,6.5,6.5,"6,5","6,5"
17,Venezia,Idzes,d,5.5,5.0,"5,5",5
17,Venezia,Sverko,d,6.5,9.5,"6,5","9,5"
17,Venezia,Schingtienne,d,55.0,55.0,55,55
17,Venezia,Nicolussi Caviglia,c,6.0,6.0,6,6
17,Venezia,Bjarkason,c,55.0,55.0,55,55
17,Venezia,Crnigoj,c,6.0,6.0,6,6
17,Venezia,Busio,c,6.0,6.0,6,6
17,Venezia,Ellertsson,c,6.0,6.0,6,6
17,Venezia,Oristanio,c,7.0,8.0,7,8
17,Venezia,Andersen M.K.,c,6.0,6.0,6,6
17,Venezia,Yeboah J.,c,55.0,55.0,55,55
17,Venezia,Pohjanpalo,a,6.0,6.0,6,6
17,Venezia,Gytkjaer,a,55.0,55.0,55,55
17,Venezia,Di Francesco,all,6.5,6.5,"6,5","6,5"
17,Verona,Montipo',p,6.5,5.5,"6,5","5,5"
17,Verona,Dawidowicz,d,6.5,6.0,"6,5",6
17,Verona,Daniliuc,d,5.0,5.0,5,5
17,Verona,Coppola D.,d,5.5,5.5,"5,5","5,5"
17,Verona,Tchatchoua,d,6.0,6.0,6,6
17,Verona,Ghilardi,d,6.5,6.5,"6,5","6,5"
17,Verona,Lazovic,c,5.5,5.5,"5,5","5,5"
17,Verona,Kastanos,c,5.5,5.5,"5,5","5,5"
17,Verona,Duda,c,6.0,6.0,6,6
17,Verona,Belahyane,c,6.0,6.0,6,6
17,Verona,Serdar,c,6.0,6.0,6,6
17,Verona,Suslov,c,6.0,6.0,6,6
17,Verona,Sarr A.,a,5.0,5.0,5,5
17,Verona,Mosquera,a,5.5,5.5,"5,5","5,5"
17,Verona,Rocha Livramento,a,5.5,5.5,"5,5","5,5"
17,Verona,Tengstedt,a,55.0,55.0,55,55
17,Verona,Zanetti,all,6.0,6.0,6,6
18,Atalanta,Carnesecchi,p,6.5,5.5,"6,5","5,5"
18,Atalanta,Zappacosta,d,6.0,6.0,6,6
18,Atalanta,Cuadrado,d,5.5,5.0,"5,5",5
18,Atalanta,Djimsiti,d,6.0,6.0,6,6
18,Atalanta,Kolasinac,d,6.0,6.0,6,6
18,Atalanta,Bellanova,d,6.0,6.0,6,6
18,Atalanta,Kossounou,d,6.0,6.0,6,6
18,Atalanta,Hien,d,5.5,5.0,"5,5",5
18,Atalanta,De Roon,c,5.5,5.5,"5,5","5,5"
18,Atalanta,Pasalic,c,5.0,5.0,5,5
18,Atalanta,Zaniolo,c,6.5,6.5,"6,5","6,5"
18,Atalanta,Brescianini,c,7.0,10.0,7,10
18,Atalanta,Samardzic,c,6.0,6.0,6,6
18,Atalanta,Ederson D.s.,c,6.5,6.5,"6,5","6,5"
18,Atalanta,Lookman,a,6.5,7.0,"6,5",7
18,Atalanta,De Ketelaere,a,5.5,5.5,"5,5","5,5"
18,Atalanta,Gasperini,all,6.0,6.0,6,6
18,Bologna,Skorupski,p,6.0,3.0,6,3
18,Bologna,De Silvestri,d,55.0,55.0,55,55
18,Bologna,Miranda J.,d,5.5,5.5,"5,5","5,5"
18,Bologna,Holm,d,5.5,5.5,"5,5","5,5"
18,Bologna,Lucumi',d,5.0,4.5,5,"4,5"
18,Bologna,Beukema,d,6.0,6.0,6,6
18,Bologna,Freuler,c,6.5,6.5,"6,5","6,5"
18,Bologna,Orsolini,c,55.0,55.0,55,55
18,Bologna,Pobega,c,4.5,3.5,"4,5","3,5"
18,Bologna,Ndoye,c,55.0,55.0,55,55
18,Bologna,Fabbian,c,6.5,6.5,"6,5","6,5"
18,Bologna,Odgaard,a,6.5,6.5,"6,5","6,5"
18,Bologna,Castro S.,a,5.5,4.0,"5,5",4
18,Bologna,Dallinga,a,55.0,55.0,55,55
18,Bologna,Dominguez B.,a,7.5,13.5,"7,5","13,5"
18,Bologna,Italiano,all,5.5,5.5,"5,5","5,5"
18,Cagliari,Scuffet,p,6.0,3.0,6,3
18,Cagliari,Luperto,d,5.5,5.5,"5,5","5,5"
18,Cagliari,Mina,d,6.5,6.5,"6,5","6,5"
18,Cagliari,Augello,d,5.5,5.5,"5,5","5,5"
18,Cagliari,Zortea,d,5.5,5.5,"5,5","5,5"
18,Cagliari,Zappa,d,5.5,5.5,"5,5","5,5"
18,Cagliari,Obert,d,5.5,5.5,"5,5","5,5"
18,Cagliari,Wieteska,d,4.5,4.5,"4,5","4,5"
18,Cagliari,Viola,c,6.0,6.0,6,6
18,Cagliari,Gaetano,c,6.0,6.0,6,6
18,Cagliari,Adopo,c,5.5,5.5,"5,5","5,5"
18,Cagliari,Marin,c,6.0,6.0,6,6
18,Cagliari,Makoumbou,c,5.0,5.0,5,5
18,Cagliari,Felici,c,55.0,55.0,55,55
18,Cagliari,Pavoletti,a,5.0,5.0,5,5
18,Cagliari,Piccoli,a,5.0,5.0,5,5
18,Cagliari,Nicola,all,5.5,5.5,"5,5","5,5"
18,Como,Reina,p,6.0,6.0,6,6
18,Como,Goldaniga,d,6.0,5.5,6,"5,5"
18,Como,Moreno Alb.,d,6.5,6.5,"6,5","6,5"
18,Como,Dossena,d,6.0,6.0,6,6
18,Como,Kempf,d,6.5,6.5,"6,5","6,5"
18,Como,Van Der Brempt,d,6.0,5.5,6,"5,5"
18,Como,Verdi,c,55.0,55.0,55,55
18,Como,Strefezza,c,6.5,6.5,"6,5","6,5"
18,Como,Da Cunha,c,6.5,6.5,"6,5","6,5"
18,Como,Kone B.,c,55.0,55.0,55,55
18,Como,Braunoder,c,55.0,55.0,55,55
18,Como,Engelhardt,c,6.0,5.5,6,"5,5"
18,Como,Fadera,c,6.5,6.5,"6,5","6,5"
18,Como,Paz N.,c,6.5,6.5,"6,5","6,5"
18,Como,Belotti,a,55.0,55.0,55,55
18,Como,Cutrone,a,7.5,11.5,"7,5","11,5"
18,Como,Fabregas,all,7.0,7.0,7,7
18,Empoli,Vasquez D.,p,5.5,3.5,"5,5","3,5"
18,Empoli,De Sciglio,d,6.0,6.0,6,6
18,Empoli,Pezzella Giu.,d,6.0,6.0,6,6
18,Empoli,Ismajli,d,5.0,5.0,5,5
18,Empoli,Cacace,d,6.0,6.0,6,6
18,Empoli,Goglichidze,d,4.5,4.5,"4,5","4,5"
18,Empoli,Marianucci,d,55.0,55.0,55,55
18,Empoli,Grassi,c,5.5,5.5,"5,5","5,5"
18,Empoli,Henderson L.,c,6.0,6.0,6,6
18,Empoli,Gyasi,c,5.5,5.0,"5,5",5
18,Empoli,Maleh,c,6.0,6.0,6,6
18,Empoli,Fazzini,c,6.0,6.0,6,6
18,Empoli,Anjorin,c,6.5,7.5,"6,5","7,5"
18,Empoli,Esposito Se.,a,6.5,6.5,"6,5","6,5"
18,Empoli,Colombo,a,5.0,5.0,5,5
18,Empoli,Ekong,a,55.0,55.0,55,55
18,Empoli,D'Aversa,all,5.5,5.0,"5,5",5
18,Fiorentina,De Gea,p,7.0,5.0,7,5
18,Fiorentina,Gosens,d,6.0,6.0,6,6
18,Fiorentina,Ranieri L.,d,5.0,5.0,5,5
18,Fiorentina,Parisi,d,5.5,5.5,"5,5","5,5"
18,Fiorentina,Dodo',d,6.0,6.0,6,6
18,Fiorentina,Comuzzo,d,6.0,5.5,6,"5,5"
18,Fiorentina,Cataldi,c,5.0,5.0,5,5
18,Fiorentina,Mandragora,c,6.0,6.0,6,6
18,Fiorentina,Sottil,c,7.0,10.0,7,10
18,Fiorentina,Ikone',c,6.0,6.0,6,6
18,Fiorentina,Adli,c,6.5,7.5,"6,5","7,5"
18,Fiorentina,Colpani,c,5.0,5.0,5,5
18,Fiorentina,Richardson,c,5.5,5.5,"5,5","5,5"
18,Fiorentina,Kean,a,7.5,10.5,"7,5","10,5"
18,Fiorentina,Gudmundsson A.,a,5.5,5.5,"5,5","5,5"
18,Fiorentina,Beltran L.,a,6.0,6.0,6,6
18,Fiorentina,Palladino,all,6.5,6.0,"6,5",6
18,Genoa,Leali,p,7.0,9.0,7,9
18,Genoa,Sabelli,d,5.5,5.5,"5,5","5,5"
18,Genoa,Bani,d,5.5,5.5,"5,5","5,5"
18,Genoa,Martin,d,6.5,6.5,"6,5","6,5"
18,Genoa,Vasquez,d,5.0,5.0,5,5
18,Genoa,Zanoli,d,6.0,6.0,6,6
18,Genoa,De Winter,d,55.0,55.0,55,55
18,Genoa,Norton-Cuffy,d,5.5,5.5,"5,5","5,5"
18,Genoa,Badelj,c,7.0,10.0,7,10
18,Genoa,Thorsby,c,6.5,6.0,"6,5",6
18,Genoa,Frendrup,c,6.0,6.0,6,6
18,Genoa,Miretti,c,6.0,7.0,6,7
18,Genoa,Masini,c,6.0,6.0,6,6
18,Genoa,Pinamonti,a,5.5,5.5,"5,5","5,5"
18,Genoa,Ekuban,a,7.0,10.0,7,10
18,Genoa,Vitinha O.,a,6.5,6.0,"6,5",6
18,Genoa,Vieira P.,all,6.5,6.5,"6,5","6,5"
18,Inter,Sommer,p,6.5,6.5,"6,5","6,5"
18,Inter,Dimarco,d,6.0,6.0,6,6
18,Inter,De Vrij,d,6.5,6.5,"6,5","6,5"
18,Inter,Bastoni,d,7.0,10.0,7,10
18,Inter,Dumfries,d,6.0,6.0,6,6
18,Inter,Carlos Augusto,d,6.0,6.0,6,6
18,Inter,Bisseck,d,6.5,6.5,"6,5","6,5"
18,Inter,Zielinski,c,6.0,6.0,6,6
18,Inter,Barella,c,7.0,9.0,7,9
18,Inter,Calhanoglu,c,7.0,10.0,7,10
18,Inter,Mkhitaryan,c,6.5,6.5,"6,5","6,5"
18,Inter,Frattesi,c,55.0,55.0,55,55
18,Inter,Asllani,c,55.0,55.0,55,55
18,Inter,Martinez L.,a,6.5,9.5,"6,5","9,5"
18,Inter,Thuram,a,6.0,6.0,6,6
18,Inter,Taremi,a,55.0,55.0,55,55
18,Inter,Inzaghi S.,all,6.5,6.5,"6,5","6,5"
18,Juventus,Di Gregorio,p,6.0,4.0,6,4
18,Juventus,Kalulu,d,6.0,5.5,6,"5,5"
18,Juventus,Cambiaso,d,5.5,5.5,"5,5","5,5"
18,Juventus,Gatti,d,6.0,6.0,6,6
18,Juventus,Savona,d,5.5,5.5,"5,5","5,5"
18,Juventus,Locatelli,c,7.0,7.5,7,"7,5"
18,Juventus,Fagioli,c,55.0,55.0,55,55
18,Juventus,Douglas Luiz,c,55.0,55.0,55,55
18,Juventus,McKennie,c,5.5,5.0,"5,5",5
18,Juventus,Thuram K.,c,8.0,14.0,8,14
18,Juventus,Koopmeiners,c,6.5,7.5,"6,5","7,5"
18,Juventus,Conceicao,c,6.0,6.0,6,6
18,Juventus,Vlahovic,a,5.5,5.5,"5,5","5,5"
18,Juventus,Gonzalez N.,a,55.0,55.0,55,55
18,Juventus,Yildiz,a,6.0,6.0,6,6
18,Juventus,Mbangula,a,6.0,6.0,6,6
18,Juventus,Thiago Motta,all,5.5,5.5,"5,5","5,5"
18,Lazio,Provedel,p,6.5,5.5,"6,5","5,5"
18,Lazio,Romagnoli,d,6.0,6.0,6,6
18,Lazio,Marusic,d,6.0,6.0,6,6
18,Lazio,Pellegrini Lu.,d,6.5,6.5,"6,5","6,5"
18,Lazio,Tavares N.,d,6.0,6.0,6,6
18,Lazio,Gila,d,6.0,6.0,6,6
18,Lazio,Zaccagni,c,6.0,5.5,6,"5,5"
18,Lazio,Guendouzi,c,6.5,6.5,"6,5","6,5"
18,Lazio,Castrovilli,c,55.0,55.0,55,55
18,Lazio,Rovella,c,7.0,7.5,7,"7,5"
18,Lazio,Tchaouna,c,5.5,5.5,"5,5","5,5"
18,Lazio,Dele-Bashiru,c,7.0,10.0,7,10
18,Lazio,Dia,a,5.5,5.5,"5,5","5,5"
18,Lazio,Castellanos,a,6.5,6.5,"6,5","6,5"
18,Lazio,Isaksen,a,5.5,5.5,"5,5","5,5"
18,Lazio,Baroni,all,6.5,6.5,"6,5","6,5"
18,Lecce,Falcone,p,7.0,8.0,7,8
18,Lecce,Bonifazi,d,55.0,55.0,55,55
18,Lecce,Gallo,d,6.0,6.0,6,6
18,Lecce,Baschirotto,d,5.0,5.0,5,5
18,Lecce,Dorgu,d,5.5,5.5,"5,5","5,5"
18,Lecce,Jean,d,5.5,5.5,"5,5","5,5"
18,Lecce,Coulibaly L.,c,6.5,6.0,"6,5",6
18,Lecce,Oudin,c,5.5,5.5,"5,5","5,5"
18,Lecce,Rafia,c,5.5,5.5,"5,5","5,5"
18,Lecce,Kaba,c,6.0,6.0,6,6
18,Lecce,Pierret,c,5.5,5.5,"5,5","5,5"
18,Lecce,Tete Morente,c,6.0,6.0,6,6
18,Lecce,Rebic,a,5.5,5.5,"5,5","5,5"
18,Lecce,Sansone,a,55.0,55.0,55,55
18,Lecce,Krstovic,a,5.5,5.5,"5,5","5,5"
18,Lecce,Pierotti,a,5.5,5.0,"5,5",5
18,Lecce,Giampaolo,all,5.5,5.5,"5,5","5,5"
18,Milan,Maignan,p,6.0,5.0,6,5
18,Milan,Hernandez T.,d,6.0,5.5,6,"5,5"
18,Milan,Gabbia,d,5.5,5.0,"5,5",5
18,Milan,Emerson Royal,d,6.0,6.0,6,6
18,Milan,Terracciano F.,d,6.0,6.0,6,6
18,Milan,Thiaw,d,6.5,6.5,"6,5","6,5"
18,Milan,Jimenez A.,d,6.5,6.5,"6,5","6,5"
18,Milan,Bennacer,c,6.0,6.0,6,6
18,Milan,Fofana Y.,c,6.5,7.5,"6,5","7,5"
18,Milan,Chukwueze,c,6.5,6.5,"6,5","6,5"
18,Milan,Reijnders,c,7.0,9.5,7,"9,5"
18,Milan,Morata,a,6.0,5.5,6,"5,5"
18,Milan,Abraham,a,6.0,6.0,6,6
18,Milan,Camarda,a,55.0,55.0,55,55
18,Milan,Fonseca,all,6.0,5.0,6,5
18,Monza,Turati,p,6.0,4.0,6,4
18,Monza,Izzo,d,5.5,5.0,"5,5",5
18,Monza,D'Ambrosio,d,5.0,4.5,5,"4,5"
18,Monza,Pereira P.,d,7.0,9.5,7,"9,5"
18,Monza,Mari',d,4.5,3.5,"4,5","3,5"
18,Monza,Carboni A.,d,5.5,5.0,"5,5",5
18,Monza,Birindelli,d,6.0,5.5,6,"5,5"
18,Monza,Sensi,c,6.0,6.0,6,6
18,Monza,Maldini,c,5.0,5.0,5,5
18,Monza,Bianco,c,5.5,5.5,"5,5","5,5"
18,Monza,Ciurria,c,6.0,6.0,6,6
18,Monza,Bondo,c,6.5,6.5,"6,5","6,5"
18,Monza,Martins K.,c,6.5,7.5,"6,5","7,5"
18,Monza,Caprari,a,6.5,6.5,"6,5","6,5"
18,Monza,Djuric,a,6.0,6.0,6,6
18,Monza,Bocchetti,all,6.5,6.5,"6,5","6,5"
18,Napoli,Meret,p,6.5,6.5,"6,5","6,5"
18,Napoli,Juan Jesus,d,6.0,6.0,6,6
18,Napoli,Spinazzola,d,55.0,55.0,55,55
18,Napoli,Di Lorenzo,d,6.5,6.5,"6,5","6,5"
18,Napoli,Rrahmani,d,6.0,6.0,6,6
18,Napoli,Olivera,d,6.5,6.5,"6,5","6,5"
18,Napoli,Politano,c,6.0,6.0,6,6
18,Napoli,Zambo Anguissa,c,6.0,6.0,6,6
18,Napoli,Lobotka,c,6.0,6.0,6,6
18,Napoli,McTominay,c,5.5,5.5,"5,5","5,5"
18,Napoli,Neres,c,6.5,6.5,"6,5","6,5"
18,Napoli,Lukaku,a,5.5,2.5,"5,5","2,5"
18,Napoli,Raspadori,a,7.0,10.0,7,10
18,Napoli,Kvaratskhelia,a,5.5,5.5,"5,5","5,5"
18,Napoli,Conte,all,7.0,7.0,7,7
18,Parma,Suzuki,p,6.5,5.5,"6,5","5,5"
18,Parma,Valenti,d,7.5,10.0,"7,5",10
18,Parma,Balogh,d,5.0,5.0,5,5
18,Parma,Valeri,d,5.5,5.5,"5,5","5,5"
18,Parma,Coulibaly W.,d,6.0,6.0,6,6
18,Parma,Hernani,c,7.0,10.0,7,10
18,Parma,Sohm,c,5.5,5.5,"5,5","5,5"
18,Parma,Man,c,5.5,5.5,"5,5","5,5"
18,Parma,Camara D.,c,5.5,5.0,"5,5",5
18,Parma,Hainaut,c,6.0,5.5,6,"5,5"
18,Parma,Keita M.,c,5.5,5.5,"5,5","5,5"
18,Parma,Mihaila,a,6.5,7.5,"6,5","7,5"
18,Parma,Cancellieri,a,5.5,5.5,"5,5","5,5"
18,Parma,Almqvist,a,55.0,55.0,55,55
18,Parma,Benedyczak,a,6.0,6.0,6,6
18,Parma,Bonny,a,6.0,6.0,6,6
18,Parma,Pecchia,all,6.0,6.0,6,6
18,Roma,Svilar,p,6.5,5.5,"6,5","5,5"
18,Roma,Mancini,d,6.5,6.5,"6,5","6,5"
18,Roma,Hummels,d,5.5,5.0,"5,5",5
18,Roma,N'Dicka,d,5.5,5.5,"5,5","5,5"
18,Roma,Celik,d,6.0,5.5,6,"5,5"
18,Roma,Angelino,d,6.0,6.0,6,6
18,Roma,Paredes,c,6.5,6.0,"6,5",6
18,Roma,Pellegrini Lo.,c,4.5,4.5,"4,5","4,5"
18,Roma,El Shaarawy,c,55.0,55.0,55,55
18,Roma,Saelemaekers,c,6.0,6.0,6,6
18,Roma,Kone' M.,c,6.5,6.0,"6,5",6
18,Roma,Pisilli,c,6.0,6.0,6,6
18,Roma,Dybala,a,7.5,10.5,"7,5","10,5"
18,Roma,Shomurodov,a,55.0,55.0,55,55
18,Roma,Dovbyk,a,6.5,7.5,"6,5","7,5"
18,Roma,Ranieri C.,all,6.0,6.0,6,6
18,Torino,Milinkovic-Savic V.,p,6.0,4.0,6,4
18,Torino,Lazaro,d,6.5,6.5,"6,5","6,5"
18,Torino,Maripan,d,6.0,6.0,6,6
18,Torino,Vojvoda,d,6.0,6.0,6,6
18,Torino,Pedersen,d,5.5,5.5,"5,5","5,5"
18,Torino,Coco,d,5.5,5.5,"5,5","5,5"
18,Torino,Sosa B.,d,5.5,5.5,"5,5","5,5"
18,Torino,Dembele' A.,d,55.0,55.0,55,55
18,Torino,Linetty,c,55.0,55.0,55,55
18,Torino,Ilic,c,6.5,6.5,"6,5","6,5"
18,Torino,Ricci S.,c,7.0,10.0,7,10
18,Torino,Vlasic,c,6.0,6.0,6,6
18,Torino,Gineitis,c,6.0,6.0,6,6
18,Torino,Sanabria,a,55.0,55.0,55,55
18,Torino,Karamoh,a,5.5,5.5,"5,5","5,5"
18,Torino,Adams C.,a,7.5,11.5,"7,5","11,5"
18,Torino,Vanoli,all,6.0,6.0,6,6
18,Udinese,Sava,p,6.5,4.5,"6,5","4,5"
18,Udinese,Kabasele,d,5.0,5.0,5,5
18,Udinese,Kamara H.,d,6.0,6.0,6,6
18,Udinese,Bijol,d,6.0,7.0,6,7
18,Udinese,Toure' I.s.,d,7.0,10.0,7,10
18,Udinese,Abankwah,d,6.0,5.5,6,"5,5"
18,Udinese,Ehizibue,d,5.0,5.0,5,5
18,Udinese,Zemura,d,5.5,5.5,"5,5","5,5"
18,Udinese,Lovric,c,6.0,6.0,6,6
18,Udinese,Karlstrom,c,5.5,5.5,"5,5","5,5"
18,Udinese,Ekkelenkamp,c,6.0,6.0,6,6
18,Udinese,Atta,c,6.0,6.0,6,6
18,Udinese,Thauvin,a,7.0,8.0,7,8
18,Udinese,Sanchez,a,55.0,55.0,55,55
18,Udinese,Lucca,a,7.0,10.0,7,10
18,Udinese,Runjaic,all,6.0,6.0,6,6
18,Venezia,Stankovic F.,p,7.5,9.0,"7,5",9
18,Venezia,Zampano,d,6.0,6.0,6,6
18,Venezia,Candela,d,5.0,5.0,5,5
18,Venezia,Altare,d,6.0,5.5,6,"5,5"
18,Venezia,Carboni F.,d,5.5,5.5,"5,5","5,5"
18,Venezia,Idzes,d,5.5,5.0,"5,5",5
18,Venezia,Sverko,d,6.5,6.5,"6,5","6,5"
18,Venezia,Nicolussi Caviglia,c,6.0,6.0,6,6
18,Venezia,Bjarkason,c,55.0,55.0,55,55
18,Venezia,Busio,c,6.5,6.5,"6,5","6,5"
18,Venezia,Ellertsson,c,6.0,6.0,6,6
18,Venezia,Oristanio,c,6.5,6.5,"6,5","6,5"
18,Venezia,Andersen M.K.,c,6.0,6.0,6,6
18,Venezia,El Haddad,c,55.0,55.0,55,55
18,Venezia,Yeboah J.,c,6.5,6.5,"6,5","6,5"
18,Venezia,Pohjanpalo,a,6.0,6.0,6,6
18,Venezia,Di Francesco,all,6.0,6.0,6,6
18,Verona,Montipo',p,6.5,4.5,"6,5","4,5"
18,Verona,Magnani,d,6.0,6.0,6,6
18,Verona,Dawidowicz,d,5.5,5.0,"5,5",5
18,Verona,Bradaric,d,6.5,6.5,"6,5","6,5"
18,Verona,Coppola D.,d,6.0,5.5,6,"5,5"
18,Verona,Tchatchoua,d,5.5,5.0,"5,5",5
18,Verona,Ghilardi,d,5.5,5.0,"5,5",5
18,Verona,Lazovic,c,6.0,6.0,6,6
18,Verona,Duda,c,6.0,6.0,6,6
18,Verona,Belahyane,c,6.0,6.0,6,6
18,Verona,Serdar,c,7.0,8.0,7,8
18,Verona,Suslov,c,5.5,5.0,"5,5",5
18,Verona,Sarr A.,a,7.0,10.0,7,10
18,Verona,Mosquera,a,6.0,6.0,6,6
18,Verona,Rocha Livramento,a,6.0,6.0,6,6
18,Verona,Tengstedt,a,7.5,11.5,"7,5","11,5"
18,Verona,Zanetti,all,6.5,6.5,"6,5","6,5"
19,Atalanta,Carnesecchi,p,7.0,6.0,7,6
19,Atalanta,Zappacosta,d,5.0,5.0,5,5
19,Atalanta,Djimsiti,d,6.0,6.0,6,6
19,Atalanta,Kolasinac,d,6.0,5.5,6,"5,5"
19,Atalanta,Bellanova,d,6.5,7.5,"6,5","7,5"
19,Atalanta,Ruggeri,d,6.0,6.0,6,6
19,Atalanta,Scalvini,d,6.0,6.0,6,6
19,Atalanta,Hien,d,55.0,55.0,55,55
19,Atalanta,De Roon,c,5.5,5.5,"5,5","5,5"
19,Atalanta,Pasalic,c,5.5,5.5,"5,5","5,5"
19,Atalanta,Zaniolo,c,55.0,55.0,55,55
19,Atalanta,Samardzic,c,6.5,6.5,"6,5","6,5"
19,Atalanta,Ederson D.s.,c,6.5,6.5,"6,5","6,5"
19,Atalanta,Lookman,a,6.0,6.0,6,6
19,Atalanta,De Ketelaere,a,6.0,6.0,6,6
19,Atalanta,Retegui,a,7.0,10.0,7,10
19,Atalanta,Gasperini,all,6.5,6.5,"6,5","6,5"
19,Bologna,Skorupski,p,6.0,4.0,6,4
19,Bologna,De Silvestri,d,6.0,6.0,6,6
19,Bologna,Lykogiannis,d,5.0,5.0,5,5
19,Bologna,Erlic,d,55.0,55.0,55,55
19,Bologna,Casale,d,5.5,5.5,"5,5","5,5"
19,Bologna,Holm,d,6.5,9.5,"6,5","9,5"
19,Bologna,Beukema,d,5.5,5.5,"5,5","5,5"
19,Bologna,Freuler,c,6.0,6.0,6,6
19,Bologna,Orsolini,c,6.5,7.5,"6,5","7,5"
19,Bologna,Pobega,c,6.0,6.0,6,6
19,Bologna,Ndoye,c,6.0,6.0,6,6
19,Bologna,Ferguson,c,6.0,6.0,6,6
19,Bologna,Moro N.,c,6.5,6.5,"6,5","6,5"
19,Bologna,Odgaard,a,6.0,6.0,6,6
19,Bologna,Castro S.,a,7.0,10.0,7,10
19,Bologna,Dallinga,a,55.0,55.0,55,55
19,Bologna,Italiano,all,6.5,6.5,"6,5","6,5"
19,Cagliari,Scuffet,p,6.5,5.5,"6,5","5,5"
19,Cagliari,Luperto,d,6.5,6.5,"6,5","6,5"
19,Cagliari,Palomino,d,6.0,6.0,6,6
19,Cagliari,Mina,d,6.5,6.0,"6,5",6
19,Cagliari,Augello,d,6.0,6.0,6,6
19,Cagliari,Zortea,d,7.0,10.0,7,10
19,Cagliari,Zappa,d,6.0,6.0,6,6
19,Cagliari,Obert,d,6.5,7.5,"6,5","7,5"
19,Cagliari,Viola,c,6.5,6.5,"6,5","6,5"
19,Cagliari,Adopo,c,6.0,6.0,6,6
19,Cagliari,Marin,c,55.0,55.0,55,55
19,Cagliari,Makoumbou,c,5.5,5.5,"5,5","5,5"
19,Cagliari,Felici,c,6.5,7.5,"6,5","7,5"
19,Cagliari,Pavoletti,a,55.0,55.0,55,55
19,Cagliari,Lapadula,a,6.0,6.0,6,6
19,Cagliari,Piccoli,a,7.0,9.5,7,"9,5"
19,Cagliari,Nicola,all,7.0,7.0,7,7
19,Como,Butez,p,6.5,4.5,"6,5","4,5"
19,Como,Goldaniga,d,5.5,5.5,"5,5","5,5"
19,Como,Dossena,d,5.5,5.5,"5,5","5,5"
19,Como,Kempf,d,6.0,5.5,6,"5,5"
19,Como,Van Der Brempt,d,5.5,5.5,"5,5","5,5"
19,Como,Verdi,c,55.0,55.0,55,55
19,Como,Strefezza,c,6.0,6.0,6,6
19,Como,Caqueret,c,6.5,7.5,"6,5","7,5"
19,Como,Da Cunha,c,6.5,6.5,"6,5","6,5"
19,Como,Perrone,c,6.0,6.0,6,6
19,Como,Engelhardt,c,6.0,6.0,6,6
19,Como,Fadera,c,6.0,6.0,6,6
19,Como,Diao,c,7.0,10.0,7,10
19,Como,Belotti,a,55.0,55.0,55,55
19,Como,Cutrone,a,6.0,6.0,6,6
19,Como,Gabrielloni,a,55.0,55.0,55,55
19,Como,Fabregas,all,6.0,6.0,6,6
19,Empoli,Vasquez D.,p,4.5,3.5,"4,5","3,5"
19,Empoli,Pezzella Giu.,d,7.0,7.0,7,7
19,Empoli,Ismajli,d,6.0,6.0,6,6
19,Empoli,Viti,d,6.0,5.5,6,"5,5"
19,Empoli,Cacace,d,55.0,55.0,55,55
19,Empoli,Sambia,d,55.0,55.0,55,55
19,Empoli,Goglichidze,d,6.5,6.5,"6,5","6,5"
19,Empoli,Marianucci,d,55.0,55.0,55,55
19,Empoli,Grassi,c,6.0,6.0,6,6
19,Empoli,Henderson L.,c,55.0,55.0,55,55
19,Empoli,Gyasi,c,6.0,6.0,6,6
19,Empoli,Maleh,c,6.0,6.0,6,6
19,Empoli,Anjorin,c,7.0,7.0,7,7
19,Empoli,Esposito Se.,a,7.0,9.5,7,"9,5"
19,Empoli,Colombo,a,6.5,7.5,"6,5","7,5"
19,Empoli,Ekong,a,55.0,55.0,55,55
19,Empoli,D'Aversa,all,6.0,6.0,6,6
19,Fiorentina,De Gea,p,6.0,3.0,6,3
19,Fiorentina,Gosens,d,6.0,6.0,6,6
19,Fiorentina,Ranieri L.,d,5.0,5.0,5,5
19,Fiorentina,Parisi,d,5.5,5.5,"5,5","5,5"
19,Fiorentina,Dodo',d,5.0,5.0,5,5
19,Fiorentina,Comuzzo,d,5.0,5.0,5,5
19,Fiorentina,Moreno M.,d,5.0,5.0,5,5
19,Fiorentina,Cataldi,c,55.0,55.0,55,55
19,Fiorentina,Mandragora,c,6.0,6.0,6,6
19,Fiorentina,Sottil,c,6.0,6.0,6,6
19,Fiorentina,Adli,c,5.5,5.5,"5,5","5,5"
19,Fiorentina,Colpani,c,5.5,5.5,"5,5","5,5"
19,Fiorentina,Richardson,c,6.0,6.0,6,6
19,Fiorentina,Kean,a,5.5,5.5,"5,5","5,5"
19,Fiorentina,Kouame',a,55.0,55.0,55,55
19,Fiorentina,Beltran L.,a,5.0,5.0,5,5
19,Fiorentina,Palladino,all,5.5,5.5,"5,5","5,5"
19,Genoa,Leali,p,6.5,6.5,"6,5","6,5"
19,Genoa,Bani,d,6.0,6.0,6,6
19,Genoa,Martin,d,6.0,6.0,6,6
19,Genoa,Vasquez,d,7.0,7.0,7,7
19,Genoa,Zanoli,d,6.0,6.0,6,6
19,Genoa,De Winter,d,5.5,5.5,"5,5","5,5"
19,Genoa,Badelj,c,6.0,6.0,6,6
19,Genoa,Thorsby,c,5.0,5.0,5,5
19,Genoa,Frendrup,c,6.5,6.5,"6,5","6,5"
19,Genoa,Miretti,c,5.5,5.5,"5,5","5,5"
19,Genoa,Masini,c,55.0,55.0,55,55
19,Genoa,Kasa,c,5.5,5.0,"5,5",5
19,Genoa,Pinamonti,a,6.5,6.5,"6,5","6,5"
19,Genoa,Vitinha O.,a,6.0,6.0,6,6
19,Genoa,Ekhator,a,5.5,5.5,"5,5","5,5"
19,Genoa,Vieira P.,all,6.0,6.0,6,6
19,Inter,Sommer,p,6.5,4.5,"6,5","4,5"
19,Inter,Dimarco,d,6.5,7.5,"6,5","7,5"
19,Inter,De Vrij,d,5.5,5.5,"5,5","5,5"
19,Inter,Bastoni,d,6.5,6.5,"6,5","6,5"
19,Inter,Darmian,d,6.0,6.0,6,6
19,Inter,Pavard,d,6.0,6.0,6,6
19,Inter,Dumfries,d,7.0,10.0,7,10
19,Inter,Carlos Augusto,d,6.0,6.0,6,6
19,Inter,Zielinski,c,5.5,5.5,"5,5","5,5"
19,Inter,Barella,c,5.5,5.5,"5,5","5,5"
19,Inter,Frattesi,c,5.5,5.5,"5,5","5,5"
19,Inter,Asllani,c,5.5,5.5,"5,5","5,5"
19,Inter,Buchanan T.,c,55.0,55.0,55,55
19,Inter,Martinez L.,a,7.0,10.0,7,10
19,Inter,Thuram,a,6.5,6.5,"6,5","6,5"
19,Inter,Taremi,a,5.5,5.5,"5,5","5,5"
19,Inter,Inzaghi S.,all,6.0,5.5,6,"5,5"
19,Juventus,Di Gregorio,p,6.5,5.5,"6,5","5,5"
19,Juventus,Kalulu,d,7.5,10.5,"7,5","10,5"
19,Juventus,Cambiaso,d,5.0,5.0,5,5
19,Juventus,Gatti,d,7.0,7.0,7,7
19,Juventus,Savona,d,5.0,5.0,5,5
19,Juventus,Locatelli,c,6.5,6.5,"6,5","6,5"
19,Juventus,Fagioli,c,55.0,55.0,55,55
19,Juventus,Douglas Luiz,c,6.0,6.0,6,6
19,Juventus,McKennie,c,7.0,8.0,7,8
19,Juventus,Thuram K.,c,6.5,6.5,"6,5","6,5"
19,Juventus,Koopmeiners,c,6.0,6.0,6,6
19,Juventus,Gonzalez N.,a,6.5,6.5,"6,5","6,5"
19,Juventus,Yildiz,a,5.5,5.5,"5,5","5,5"
19,Juventus,Mbangula,a,55.0,55.0,55,55
19,Juventus,Thiago Motta,all,6.0,6.0,6,6
19,Lazio,Provedel,p,6.0,4.0,6,4
19,Lazio,Romagnoli,d,5.5,5.5,"5,5","5,5"
19,Lazio,Marusic,d,6.0,6.0,6,6
19,Lazio,Lazzari,d,55.0,55.0,55,55
19,Lazio,Pellegrini Lu.,d,55.0,55.0,55,55
19,Lazio,Tavares N.,d,5.5,5.5,"5,5","5,5"
19,Lazio,Gila,d,5.5,5.0,"5,5",5
19,Lazio,Zaccagni,c,5.5,5.0,"5,5",5
19,Lazio,Guendouzi,c,5.5,5.5,"5,5","5,5"
19,Lazio,Rovella,c,5.5,5.0,"5,5",5
19,Lazio,Tchaouna,c,5.5,5.5,"5,5","5,5"
19,Lazio,Dele-Bashiru,c,6.5,6.5,"6,5","6,5"
19,Lazio,Dia,a,5.5,5.0,"5,5",5
19,Lazio,Castellanos,a,5.5,4.5,"5,5","4,5"
19,Lazio,Isaksen,a,6.0,6.0,6,6
19,Lazio,Noslin,a,55.0,55.0,55,55
19,Lazio,Baroni,all,5.5,5.5,"5,5","5,5"
19,Lecce,Falcone,p,6.0,6.0,6,6
19,Lecce,Gallo,d,6.0,6.0,6,6
19,Lecce,Guilbert,d,6.5,6.5,"6,5","6,5"
19,Lecce,Baschirotto,d,6.5,6.5,"6,5","6,5"
19,Lecce,Dorgu,d,6.5,6.5,"6,5","6,5"
19,Lecce,Jean,d,6.5,6.5,"6,5","6,5"
19,Lecce,Coulibaly L.,c,6.5,6.5,"6,5","6,5"
19,Lecce,Helgason,c,6.0,6.0,6,6
19,Lecce,Rafia,c,6.0,6.0,6,6
19,Lecce,Karlsson,c,55.0,55.0,55,55
19,Lecce,Pierret,c,6.5,6.5,"6,5","6,5"
19,Lecce,Tete Morente,c,5.5,5.5,"5,5","5,5"
19,Lecce,Rebic,a,55.0,55.0,55,55
19,Lecce,Krstovic,a,6.5,6.5,"6,5","6,5"
19,Lecce,Pierotti,a,5.5,5.5,"5,5","5,5"
19,Lecce,Giampaolo,all,6.5,6.5,"6,5","6,5"
19,Milan,Maignan,p,6.5,5.5,"6,5","5,5"
19,Milan,Hernandez T.,d,6.5,9.5,"6,5","9,5"
19,Milan,Gabbia,d,6.0,6.0,6,6
19,Milan,Tomori,d,6.0,6.0,6,6
19,Milan,Emerson Royal,d,6.5,6.5,"6,5","6,5"
19,Milan,Thiaw,d,5.5,5.0,"5,5",5
19,Milan,Jimenez A.,d,6.0,5.5,6,"5,5"
19,Milan,Pulisic,c,5.5,5.5,"5,5","5,5"
19,Milan,Bennacer,c,5.5,5.0,"5,5",5
19,Milan,Fofana Y.,c,6.0,6.0,6,6
19,Milan,Musah,c,5.5,5.0,"5,5",5
19,Milan,Reijnders,c,6.0,6.0,6,6
19,Milan,Morata,a,5.5,5.0,"5,5",5
19,Milan,Abraham,a,6.5,7.5,"6,5","7,5"
19,Milan,Leao,a,7.0,9.5,7,"9,5"
19,Milan,Camarda,a,6.0,6.0,6,6
19,Milan,Conceicao S.,all,6.5,6.5,"6,5","6,5"
19,Monza,Turati,p,6.5,4.5,"6,5","4,5"
19,Monza,Izzo,d,6.0,6.0,6,6
19,Monza,D'Ambrosio,d,4.5,3.5,"4,5","3,5"
19,Monza,Pereira P.,d,5.5,5.5,"5,5","5,5"
19,Monza,Caldirola,d,5.5,5.5,"5,5","5,5"
19,Monza,Birindelli,d,5.5,5.5,"5,5","5,5"
19,Monza,Sensi,c,6.0,6.0,6,6
19,Monza,Maldini,c,5.5,5.5,"5,5","5,5"
19,Monza,Akpa Akpro,c,5.5,5.5,"5,5","5,5"
19,Monza,Bianco,c,5.5,5.0,"5,5",5
19,Monza,Ciurria,c,5.5,5.5,"5,5","5,5"
19,Monza,Bondo,c,5.5,5.0,"5,5",5
19,Monza,Martins K.,c,55.0,55.0,55,55
19,Monza,Caprari,a,6.5,9.5,"6,5","9,5"
19,Monza,Djuric,a,5.5,5.5,"5,5","5,5"
19,Monza,Mota,a,5.5,5.5,"5,5","5,5"
19,Monza,Bocchetti,all,5.5,5.5,"5,5","5,5"
19,Napoli,Meret,p,6.5,6.5,"6,5","6,5"
19,Napoli,Juan Jesus,d,6.5,6.5,"6,5","6,5"
19,Napoli,Spinazzola,d,6.0,6.0,6,6
19,Napoli,Di Lorenzo,d,5.5,5.0,"5,5",5
19,Napoli,Rrahmani,d,7.0,7.0,7,7
19,Napoli,Mazzocchi,d,55.0,55.0,55,55
19,Napoli,Olivera,d,6.5,6.5,"6,5","6,5"
19,Napoli,Zambo Anguissa,c,7.0,7.0,7,7
19,Napoli,Lobotka,c,6.5,6.5,"6,5","6,5"
19,Napoli,McTominay,c,7.0,10.0,7,10
19,Napoli,Gilmour,c,55.0,55.0,55,55
19,Napoli,Neres,c,7.5,10.5,"7,5","10,5"
19,Napoli,Simeone,a,6.0,6.0,6,6
19,Napoli,Lukaku,a,7.0,10.0,7,10
19,Napoli,Raspadori,a,55.0,55.0,55,55
19,Napoli,Ngonge,a,55.0,55.0,55,55
19,Napoli,Conte,all,7.0,7.0,7,7
19,Parma,Suzuki,p,7.5,7.5,"7,5","7,5"
19,Parma,Valenti,d,5.5,5.5,"5,5","5,5"
19,Parma,Balogh,d,6.0,6.0,6,6
19,Parma,Valeri,d,6.0,6.0,6,6
19,Parma,Delprato,d,6.0,5.5,6,"5,5"
19,Parma,Hernani,c,6.0,6.0,6,6
19,Parma,Sohm,c,6.0,6.0,6,6
19,Parma,Hainaut,c,6.0,6.0,6,6
19,Parma,Keita M.,c,6.0,6.0,6,6
19,Parma,Mihaila,a,6.0,6.0,6,6
19,Parma,Cancellieri,a,6.0,6.0,6,6
19,Parma,Almqvist,a,6.0,6.0,6,6
19,Parma,Benedyczak,a,5.5,5.5,"5,5","5,5"
19,Parma,Bonny,a,6.5,6.5,"6,5","6,5"
19,Parma,Haj Mohamed,a,6.0,6.0,6,6
19,Parma,Pecchia,all,6.0,6.0,6,6
19,Roma,Svilar,p,7.0,7.0,7,7
19,Roma,Mancini,d,6.0,6.0,6,6
19,Roma,Hummels,d,6.0,6.0,6,6
19,Roma,N'Dicka,d,6.5,6.0,"6,5",6
19,Roma,Angelino,d,6.5,6.5,"6,5","6,5"
19,Roma,Paredes,c,7.0,6.5,7,"6,5"
19,Roma,Pellegrini Lo.,c,7.0,10.0,7,10
19,Roma,El Shaarawy,c,6.0,6.0,6,6
19,Roma,Saelemaekers,c,7.5,11.0,"7,5",11
19,Roma,Kone' M.,c,6.5,6.5,"6,5","6,5"
19,Roma,Baldanzi,c,6.0,6.0,6,6
19,Roma,Pisilli,c,6.0,6.0,6,6
19,Roma,Dybala,a,6.5,6.0,"6,5",6
19,Roma,Shomurodov,a,6.0,6.0,6,6
19,Roma,Dovbyk,a,6.0,6.0,6,6
19,Roma,Ranieri C.,all,7.0,7.0,7,7
19,Torino,Milinkovic-Savic V.,p,6.5,6.5,"6,5","6,5"
19,Torino,Lazaro,d,6.5,6.5,"6,5","6,5"
19,Torino,Maripan,d,6.5,6.5,"6,5","6,5"
19,Torino,Vojvoda,d,6.0,6.0,6,6
19,Torino,Pedersen,d,6.0,6.0,6,6
19,Torino,Coco,d,6.0,6.0,6,6
19,Torino,Sosa B.,d,5.5,5.5,"5,5","5,5"
19,Torino,Linetty,c,6.0,5.5,6,"5,5"
19,Torino,Tameze,c,6.0,6.0,6,6
19,Torino,Ilic,c,5.5,5.5,"5,5","5,5"
19,Torino,Ricci S.,c,6.0,5.5,6,"5,5"
19,Torino,Vlasic,c,6.5,6.5,"6,5","6,5"
19,Torino,Sanabria,a,55.0,55.0,55,55
19,Torino,Karamoh,a,6.0,6.0,6,6
19,Torino,Adams C.,a,5.5,5.5,"5,5","5,5"
19,Torino,Njie,a,5.5,5.5,"5,5","5,5"
19,Torino,Vanoli,all,5.5,5.5,"5,5","5,5"
19,Udinese,Sava,p,6.5,6.5,"6,5","6,5"
19,Udinese,Kamara H.,d,5.5,5.5,"5,5","5,5"
19,Udinese,Bijol,d,6.0,6.0,6,6
19,Udinese,Ehizibue,d,6.0,6.0,6,6
19,Udinese,Kristensen T.,d,5.5,5.5,"5,5","5,5"
19,Udinese,Solet,d,6.0,6.0,6,6
19,Udinese,Lovric,c,6.0,6.0,6,6
19,Udinese,Payero,c,5.5,5.5,"5,5","5,5"
19,Udinese,Karlstrom,c,6.0,5.5,6,"5,5"
19,Udinese,Ekkelenkamp,c,6.0,6.0,6,6
19,Udinese,Rui Modesto,c,55.0,55.0,55,55
19,Udinese,Atta,c,6.5,6.5,"6,5","6,5"
19,Udinese,Thauvin,a,6.0,6.0,6,6
19,Udinese,Sanchez,a,55.0,55.0,55,55
19,Udinese,Lucca,a,6.0,5.5,6,"5,5"
19,Udinese,Bravo,a,55.0,55.0,55,55
19,Udinese,Runjaic,all,6.0,6.0,6,6
19,Venezia,Stankovic F.,p,7.0,6.0,7,6
19,Venezia,Zampano,d,5.5,5.5,"5,5","5,5"
19,Venezia,Altare,d,6.0,6.0,6,6
19,Venezia,Carboni F.,d,6.0,6.0,6,6
19,Venezia,Idzes,d,6.5,6.5,"6,5","6,5"
19,Venezia,Sverko,d,5.0,4.5,5,"4,5"
19,Venezia,Nicolussi Caviglia,c,6.5,6.5,"6,5","6,5"
19,Venezia,Busio,c,6.0,6.0,6,6
19,Venezia,Ellertsson,c,5.5,5.5,"5,5","5,5"
19,Venezia,Oristanio,c,6.0,6.0,6,6
19,Venezia,Andersen M.K.,c,6.0,6.0,6,6
19,Venezia,Yeboah J.,c,5.5,5.5,"5,5","5,5"
19,Venezia,Pohjanpalo,a,7.0,10.0,7,10
19,Venezia,Di Francesco,all,6.0,6.0,6,6
19,Verona,Montipo',p,7.0,7.0,7,7
19,Verona,Magnani,d,55.0,55.0,55,55
19,Verona,Dawidowicz,d,6.0,6.0,6,6
19,Verona,Bradaric,d,6.0,6.0,6,6
19,Verona,Daniliuc,d,55.0,55.0,55,55
19,Verona,Coppola D.,d,6.0,6.0,6,6
19,Verona,Tchatchoua,d,6.0,5.5,6,"5,5"
19,Verona,Ghilardi,d,6.0,6.0,6,6
19,Verona,Duda,c,6.0,6.0,6,6
19,Verona,Belahyane,c,6.0,6.0,6,6
19,Verona,Serdar,c,5.0,4.0,5,4
19,Verona,Suslov,c,6.0,6.0,6,6
19,Verona,Sarr A.,a,5.5,5.5,"5,5","5,5"
19,Verona,Mosquera,a,6.0,6.0,6,6
19,Verona,Tengstedt,a,6.0,6.0,6,6
19,Verona,Zanetti,all,6.0,6.0,6,6
20,Atalanta,Carnesecchi,p,6.5,6.5,"6,5","6,5"
20,Atalanta,Zappacosta,d,5.5,5.5,"5,5","5,5"
20,Atalanta,Djimsiti,d,6.0,6.0,6,6
20,Atalanta,Kolasinac,d,6.0,5.5,6,"5,5"
20,Atalanta,Bellanova,d,6.0,6.0,6,6
20,Atalanta,Scalvini,d,6.0,5.5,6,"5,5"
20,Atalanta,Kossounou,d,6.0,6.0,6,6
20,Atalanta,Hien,d,6.0,6.0,6,6
20,Atalanta,De Roon,c,6.0,6.0,6,6
20,Atalanta,Pasalic,c,5.0,5.0,5,5
20,Atalanta,Zaniolo,c,5.5,5.5,"5,5","5,5"
20,Atalanta,Brescianini,c,55.0,55.0,55,55
20,Atalanta,Samardzic,c,6.0,6.0,6,6
20,Atalanta,Ederson D.s.,c,5.5,5.5,"5,5","5,5"
20,Atalanta,Lookman,a,5.5,5.5,"5,5","5,5"
20,Atalanta,De Ketelaere,a,5.0,5.0,5,5
20,Atalanta,Gasperini,all,5.5,5.5,"5,5","5,5"
20,Bologna,Skorupski,p,5.5,3.5,"5,5","3,5"
20,Bologna,Miranda J.,d,6.0,5.5,6,"5,5"
20,Bologna,Holm,d,6.5,6.0,"6,5",6
20,Bologna,Lucumi',d,5.5,5.0,"5,5",5
20,Bologna,Posch,d,55.0,55.0,55,55
20,Bologna,Beukema,d,7.0,7.0,7,7
20,Bologna,Freuler,c,6.5,6.5,"6,5","6,5"
20,Bologna,Orsolini,c,5.5,5.5,"5,5","5,5"
20,Bologna,Ndoye,c,6.0,6.0,6,6
20,Bologna,Ferguson,c,7.0,10.0,7,10
20,Bologna,Iling Junior,c,55.0,55.0,55,55
20,Bologna,Odgaard,a,6.5,7.5,"6,5","7,5"
20,Bologna,Castro S.,a,55.0,55.0,55,55
20,Bologna,Dallinga,a,7.0,9.5,7,"9,5"
20,Bologna,Dominguez B.,a,6.5,6.5,"6,5","6,5"
20,Bologna,Italiano,all,5.5,5.5,"5,5","5,5"
20,Cagliari,Caprile,p,7.0,6.0,7,6
20,Cagliari,Luperto,d,6.0,6.0,6,6
20,Cagliari,Palomino,d,5.0,5.0,5,5
20,Cagliari,Augello,d,55.0,55.0,55,55
20,Cagliari,Zortea,d,7.5,10.5,"7,5","10,5"
20,Cagliari,Zappa,d,6.5,6.5,"6,5","6,5"
20,Cagliari,Obert,d,5.5,5.5,"5,5","5,5"
20,Cagliari,Wieteska,d,5.5,5.5,"5,5","5,5"
20,Cagliari,Viola,c,5.5,5.5,"5,5","5,5"
20,Cagliari,Deiola,c,6.0,6.0,6,6
20,Cagliari,Adopo,c,6.0,6.0,6,6
20,Cagliari,Marin,c,55.0,55.0,55,55
20,Cagliari,Makoumbou,c,6.5,6.5,"6,5","6,5"
20,Cagliari,Felici,c,7.0,7.5,7,"7,5"
20,Cagliari,Piccoli,a,6.5,6.0,"6,5",6
20,Cagliari,Nicola,all,6.5,6.5,"6,5","6,5"
20,Como,Butez,p,6.5,5.5,"6,5","5,5"
20,Como,Moreno Alb.,d,5.5,5.5,"5,5","5,5"
20,Como,Dossena,d,6.5,6.5,"6,5","6,5"
20,Como,Kempf,d,5.5,5.0,"5,5",5
20,Como,Van Der Brempt,d,6.0,6.0,6,6
20,Como,Mazzitelli,c,55.0,55.0,55,55
20,Como,Strefezza,c,6.5,7.5,"6,5","7,5"
20,Como,Da Cunha,c,6.0,6.0,6,6
20,Como,Kone B.,c,55.0,55.0,55,55
20,Como,Engelhardt,c,6.0,5.5,6,"5,5"
20,Como,Fadera,c,6.5,6.5,"6,5","6,5"
20,Como,Paz N.,c,5.5,5.5,"5,5","5,5"
20,Como,Diao,c,6.0,5.5,6,"5,5"
20,Como,Belotti,a,6.0,6.0,6,6
20,Como,Cutrone,a,7.0,10.0,7,10
20,Como,Fabregas,all,6.0,6.0,6,6
20,Empoli,Seghetti,p,6.5,3.5,"6,5","3,5"
20,Empoli,De Sciglio,d,5.5,5.5,"5,5","5,5"
20,Empoli,Pezzella Giu.,d,5.5,5.5,"5,5","5,5"
20,Empoli,Ismajli,d,4.5,4.5,"4,5","4,5"
20,Empoli,Viti,d,5.0,5.0,5,5
20,Empoli,Cacace,d,6.5,9.5,"6,5","9,5"
20,Empoli,Sambia,d,55.0,55.0,55,55
20,Empoli,Goglichidze,d,5.0,5.0,5,5
20,Empoli,Grassi,c,5.5,5.5,"5,5","5,5"
20,Empoli,Henderson L.,c,55.0,55.0,55,55
20,Empoli,Gyasi,c,6.0,7.0,6,7
20,Empoli,Maleh,c,5.0,5.0,5,5
20,Empoli,Fazzini,c,6.0,6.0,6,6
20,Empoli,Esposito Se.,a,6.0,6.0,6,6
20,Empoli,Colombo,a,5.5,5.5,"5,5","5,5"
20,Empoli,D'Aversa,all,5.0,5.0,5,5
20,Fiorentina,De Gea,p,6.0,4.0,6,4
20,Fiorentina,Gosens,d,5.5,5.5,"5,5","5,5"
20,Fiorentina,Ranieri L.,d,5.5,5.0,"5,5",5
20,Fiorentina,Parisi,d,6.0,6.0,6,6
20,Fiorentina,Dodo',d,6.0,6.0,6,6
20,Fiorentina,Comuzzo,d,5.5,5.5,"5,5","5,5"
20,Fiorentina,Sottil,c,6.0,6.0,6,6
20,Fiorentina,Ikone',c,6.0,6.0,6,6
20,Fiorentina,Adli,c,5.0,5.0,5,5
20,Fiorentina,Colpani,c,5.5,5.5,"5,5","5,5"
20,Fiorentina,Folorunsho,c,5.5,5.5,"5,5","5,5"
20,Fiorentina,Richardson,c,5.0,5.0,5,5
20,Fiorentina,Kean,a,5.5,5.5,"5,5","5,5"
20,Fiorentina,Kouame',a,5.5,5.5,"5,5","5,5"
20,Fiorentina,Gudmundsson A.,a,5.0,5.0,5,5
20,Fiorentina,Beltran L.,a,7.0,10.0,7,10
20,Fiorentina,Palladino,all,5.0,5.0,5,5
20,Genoa,Leali,p,6.0,6.0,6,6
20,Genoa,Sabelli,d,55.0,55.0,55,55
20,Genoa,Bani,d,6.5,6.5,"6,5","6,5"
20,Genoa,Martin,d,6.5,6.5,"6,5","6,5"
20,Genoa,Vasquez,d,6.5,6.5,"6,5","6,5"
20,Genoa,Zanoli,d,6.0,6.0,6,6
20,Genoa,De Winter,d,6.0,6.0,6,6
20,Genoa,Badelj,c,5.5,5.0,"5,5",5
20,Genoa,Thorsby,c,6.0,6.0,6,6
20,Genoa,Frendrup,c,7.0,10.0,7,10
20,Genoa,Miretti,c,6.5,7.5,"6,5","7,5"
20,Genoa,Masini,c,55.0,55.0,55,55
20,Genoa,Kasa,c,5.5,5.0,"5,5",5
20,Genoa,Pinamonti,a,6.0,6.0,6,6
20,Genoa,Ekhator,a,55.0,55.0,55,55
20,Genoa,Vieira P.,all,6.5,6.5,"6,5","6,5"
20,Inter,Sommer,p,6.0,6.0,6,6
20,Inter,Dimarco,d,55.0,55.0,55,55
20,Inter,De Vrij,d,6.0,6.0,6,6
20,Inter,Bastoni,d,6.5,6.5,"6,5","6,5"
20,Inter,Darmian,d,7.0,10.0,7,10
20,Inter,Pavard,d,6.0,6.0,6,6
20,Inter,Dumfries,d,6.0,6.0,6,6
20,Inter,Carlos Augusto,d,6.0,6.0,6,6
20,Inter,Zielinski,c,6.0,6.0,6,6
20,Inter,Barella,c,6.0,6.0,6,6
20,Inter,Frattesi,c,5.5,5.5,"5,5","5,5"
20,Inter,Asllani,c,6.5,6.0,"6,5",6
20,Inter,Martinez L.,a,6.5,6.5,"6,5","6,5"
20,Inter,Arnautovic,a,6.0,6.0,6,6
20,Inter,Thuram,a,6.0,6.0,6,6
20,Inter,Taremi,a,6.0,6.0,6,6
20,Inter,Inzaghi S.,all,6.5,6.5,"6,5","6,5"
20,Juventus,Di Gregorio,p,6.0,5.0,6,5
20,Juventus,Kalulu,d,6.5,6.5,"6,5","6,5"
20,Juventus,Cambiaso,d,6.0,6.0,6,6
20,Juventus,Gatti,d,6.0,6.0,6,6
20,Juventus,Savona,d,6.0,6.0,6,6
20,Juventus,Weah,c,6.0,6.0,6,6
20,Juventus,Douglas Luiz,c,6.0,5.5,6,"5,5"
20,Juventus,McKennie,c,6.0,6.0,6,6
20,Juventus,Thuram K.,c,6.0,6.0,6,6
20,Juventus,Koopmeiners,c,6.0,6.0,6,6
20,Juventus,Gonzalez N.,a,6.0,6.0,6,6
20,Juventus,Yildiz,a,7.5,10.5,"7,5","10,5"
20,Juventus,Mbangula,a,7.0,7.0,7,7
20,Juventus,Thiago Motta,all,6.0,5.0,6,5
20,Lazio,Provedel,p,6.5,5.5,"6,5","5,5"
20,Lazio,Hysaj,d,6.0,6.0,6,6
20,Lazio,Romagnoli,d,5.5,5.5,"5,5","5,5"
20,Lazio,Marusic,d,6.0,6.0,6,6
20,Lazio,Lazzari,d,6.0,6.0,6,6
20,Lazio,Pellegrini Lu.,d,6.5,6.0,"6,5",6
20,Lazio,Tavares N.,d,6.0,6.0,6,6
20,Lazio,Gigot,d,6.5,6.5,"6,5","6,5"
20,Lazio,Guendouzi,c,6.5,7.5,"6,5","7,5"
20,Lazio,Rovella,c,6.0,5.5,6,"5,5"
20,Lazio,Tchaouna,c,4.5,3.5,"4,5","3,5"
20,Lazio,Dele-Bashiru,c,6.0,6.0,6,6
20,Lazio,Dia,a,7.0,10.0,7,10
20,Lazio,Isaksen,a,6.0,6.0,6,6
20,Lazio,Baroni,all,6.0,6.0,6,6
20,Lecce,Falcone,p,6.5,5.5,"6,5","5,5"
20,Lecce,Bonifazi,d,6.0,6.0,6,6
20,Lecce,Guilbert,d,6.5,6.5,"6,5","6,5"
20,Lecce,Baschirotto,d,5.5,5.5,"5,5","5,5"
20,Lecce,Dorgu,d,7.0,8.0,7,8
20,Lecce,Jean,d,6.0,6.0,6,6
20,Lecce,Coulibaly L.,c,6.0,6.0,6,6
20,Lecce,Helgason,c,6.5,6.5,"6,5","6,5"
20,Lecce,Ramadani,c,55.0,55.0,55,55
20,Lecce,Kaba,c,6.0,6.0,6,6
20,Lecce,Karlsson,c,55.0,55.0,55,55
20,Lecce,Pierret,c,6.0,5.5,6,"5,5"
20,Lecce,Tete Morente,c,7.5,11.0,"7,5",11
20,Lecce,Krstovic,a,8.0,13.5,8,"13,5"
20,Lecce,Pierotti,a,6.5,7.5,"6,5","7,5"
20,Lecce,Giampaolo,all,7.0,7.0,7,7
20,Milan,Maignan,p,5.5,4.5,"5,5","4,5"
20,Milan,Calabria,d,6.5,6.5,"6,5","6,5"
20,Milan,Hernandez T.,d,6.0,6.0,6,6
20,Milan,Tomori,d,6.5,6.5,"6,5","6,5"
20,Milan,Thiaw,d,6.0,6.0,6,6
20,Milan,Jimenez A.,d,6.0,5.5,6,"5,5"
20,Milan,Pulisic,c,6.5,6.5,"6,5","6,5"
20,Milan,Fofana Y.,c,5.0,5.0,5,5
20,Milan,Musah,c,6.0,6.0,6,6
20,Milan,Reijnders,c,6.0,6.0,6,6
20,Milan,Morata,a,7.0,10.0,7,10
20,Milan,Abraham,a,5.0,5.0,5,5
20,Milan,Leao,a,5.5,5.5,"5,5","5,5"
20,Milan,Omoregbe,a,55.0,55.0,55,55
20,Milan,Conceicao S.,all,6.0,6.0,6,6
20,Monza,Turati,p,6.0,4.5,6,"4,5"
20,Monza,Izzo,d,6.0,6.0,6,6
20,Monza,Pereira P.,d,7.0,7.5,7,"7,5"
20,Monza,Mari',d,6.0,6.0,6,6
20,Monza,Carboni A.,d,5.5,5.5,"5,5","5,5"
20,Monza,Valoti,c,55.0,55.0,55,55
20,Monza,Maldini,c,7.5,10.5,"7,5","10,5"
20,Monza,Akpa Akpro,c,6.0,6.0,6,6
20,Monza,Bianco,c,6.5,6.5,"6,5","6,5"
20,Monza,Vignato S.,c,55.0,55.0,55,55
20,Monza,Ciurria,c,7.0,9.5,7,"9,5"
20,Monza,Bondo,c,7.0,6.5,7,"6,5"
20,Monza,Martins K.,c,6.0,6.0,6,6
20,Monza,Petagna,a,55.0,55.0,55,55
20,Monza,Caprari,a,6.0,6.0,6,6
20,Monza,Djuric,a,6.0,6.0,6,6
20,Monza,Bocchetti,all,7.0,7.0,7,7
20,Napoli,Meret,p,6.0,6.0,6,6
20,Napoli,Juan Jesus,d,6.0,6.0,6,6
20,Napoli,Spinazzola,d,6.5,6.5,"6,5","6,5"
20,Napoli,Di Lorenzo,d,7.0,7.0,7,7
20,Napoli,Rrahmani,d,6.5,6.5,"6,5","6,5"
20,Napoli,Mazzocchi,d,55.0,55.0,55,55
20,Napoli,Politano,c,6.0,6.0,6,6
20,Napoli,Zambo Anguissa,c,7.0,10.0,7,10
20,Napoli,Lobotka,c,6.5,6.5,"6,5","6,5"
20,Napoli,McTominay,c,6.5,6.5,"6,5","6,5"
20,Napoli,Zerbin,c,55.0,55.0,55,55
20,Napoli,Neres,c,7.0,7.0,7,7
20,Napoli,Simeone,a,55.0,55.0,55,55
20,Napoli,Lukaku,a,7.0,8.0,7,8
20,Napoli,Raspadori,a,55.0,55.0,55,55
20,Napoli,Ngonge,a,55.0,55.0,55,55
20,Napoli,Conte,all,7.0,7.0,7,7
20,Parma,Suzuki,p,6.0,5.0,6,5
20,Parma,Valenti,d,6.0,5.5,6,"5,5"
20,Parma,Balogh,d,6.0,6.0,6,6
20,Parma,Valeri,d,5.5,5.5,"5,5","5,5"
20,Parma,Delprato,d,6.0,5.5,6,"5,5"
20,Parma,Hernani,c,6.0,5.5,6,"5,5"
20,Parma,Sohm,c,6.0,6.0,6,6
20,Parma,Man,c,5.5,5.5,"5,5","5,5"
20,Parma,Camara D.,c,6.0,6.0,6,6
20,Parma,Hainaut,c,5.5,5.5,"5,5","5,5"
20,Parma,Keita M.,c,6.0,6.0,6,6
20,Parma,Mihaila,a,5.5,5.5,"5,5","5,5"
20,Parma,Cancellieri,a,5.5,5.5,"5,5","5,5"
20,Parma,Almqvist,a,5.5,5.5,"5,5","5,5"
20,Parma,Bonny,a,5.5,5.5,"5,5","5,5"
20,Parma,Haj Mohamed,a,55.0,55.0,55,55
20,Parma,Pecchia,all,5.5,5.0,"5,5",5
20,Roma,Svilar,p,6.0,4.0,6,4
20,Roma,Mancini,d,6.5,6.0,"6,5",6
20,Roma,Hummels,d,5.5,5.5,"5,5","5,5"
20,Roma,N'Dicka,d,6.0,6.0,6,6
20,Roma,Celik,d,55.0,55.0,55,55
20,Roma,Angelino,d,6.5,6.5,"6,5","6,5"
20,Roma,Paredes,c,6.0,6.0,6,6
20,Roma,Pellegrini Lo.,c,5.5,5.5,"5,5","5,5"
20,Roma,El Shaarawy,c,55.0,55.0,55,55
20,Roma,Saelemaekers,c,6.5,9.5,"6,5","9,5"
20,Roma,Zalewski,c,55.0,55.0,55,55
20,Roma,Kone' M.,c,5.5,6.5,"5,5","6,5"
20,Roma,Baldanzi,c,55.0,55.0,55,55
20,Roma,Pisilli,c,55.0,55.0,55,55
20,Roma,Dybala,a,5.5,5.5,"5,5","5,5"
20,Roma,Dovbyk,a,6.5,9.5,"6,5","9,5"
20,Roma,Ranieri C.,all,6.0,6.0,6,6
20,Torino,Milinkovic-Savic V.,p,6.0,5.0,6,5
20,Torino,Walukiewicz,d,55.0,55.0,55,55
20,Torino,Lazaro,d,6.5,6.5,"6,5","6,5"
20,Torino,Maripan,d,6.0,6.0,6,6
20,Torino,Vojvoda,d,5.5,5.0,"5,5",5
20,Torino,Pedersen,d,5.5,5.5,"5,5","5,5"
20,Torino,Coco,d,6.0,5.5,6,"5,5"
20,Torino,Sosa B.,d,5.5,5.5,"5,5","5,5"
20,Torino,Linetty,c,5.0,4.5,5,"4,5"
20,Torino,Tameze,c,6.0,6.0,6,6
20,Torino,Ricci S.,c,7.0,7.0,7,7
20,Torino,Vlasic,c,7.0,10.0,7,10
20,Torino,Sanabria,a,55.0,55.0,55,55
20,Torino,Karamoh,a,6.5,7.5,"6,5","7,5"
20,Torino,Adams C.,a,6.0,6.0,6,6
20,Torino,Njie,a,55.0,55.0,55,55
20,Torino,Vanoli,all,6.0,5.0,6,5
20,Udinese,Sava,p,6.5,6.5,"6,5","6,5"
20,Udinese,Kamara H.,d,6.5,6.5,"6,5","6,5"
20,Udinese,Bijol,d,6.5,6.5,"6,5","6,5"
20,Udinese,Ehizibue,d,6.0,6.0,6,6
20,Udinese,Kristensen T.,d,6.5,6.5,"6,5","6,5"
20,Udinese,Solet,d,7.0,7.0,7,7
20,Udinese,Lovric,c,6.5,6.0,"6,5",6
20,Udinese,Payero,c,6.5,6.5,"6,5","6,5"
20,Udinese,Karlstrom,c,6.5,6.5,"6,5","6,5"
20,Udinese,Ekkelenkamp,c,6.0,6.0,6,6
20,Udinese,Rui Modesto,c,6.0,6.0,6,6
20,Udinese,Atta,c,6.0,6.0,6,6
20,Udinese,Thauvin,a,6.0,6.0,6,6
20,Udinese,Sanchez,a,6.0,6.0,6,6
20,Udinese,Bravo,a,55.0,55.0,55,55
20,Udinese,Runjaic,all,6.5,6.5,"6,5","6,5"
20,Venezia,Stankovic F.,p,6.5,5.5,"6,5","5,5"
20,Venezia,Zampano,d,6.0,5.5,6,"5,5"
20,Venezia,Haps,d,6.0,6.0,6,6
20,Venezia,Idzes,d,6.5,6.5,"6,5","6,5"
20,Venezia,Sverko,d,5.5,5.5,"5,5","5,5"
20,Venezia,Sagrado,d,5.0,5.0,5,5
20,Venezia,Nicolussi Caviglia,c,6.0,5.5,6,"5,5"
20,Venezia,Bjarkason,c,5.5,5.5,"5,5","5,5"
20,Venezia,Busio,c,6.0,6.0,6,6
20,Venezia,Ellertsson,c,6.0,6.0,6,6
20,Venezia,Oristanio,c,5.5,5.0,"5,5",5
20,Venezia,Doumbia I.,c,6.0,6.0,6,6
20,Venezia,Yeboah J.,c,6.0,6.0,6,6
20,Venezia,Condè,c,55.0,55.0,55,55
20,Venezia,Pohjanpalo,a,5.5,5.5,"5,5","5,5"
20,Venezia,Gytkjaer,a,55.0,55.0,55,55
20,Venezia,Di Francesco,all,6.0,6.0,6,6
20,Verona,Montipo',p,6.0,2.0,6,2
20,Verona,Faraoni,d,6.0,6.0,6,6
20,Verona,Magnani,d,5.5,5.5,"5,5","5,5"
20,Verona,Dawidowicz,d,5.5,5.5,"5,5","5,5"
20,Verona,Bradaric,d,6.0,6.0,6,6
20,Verona,Daniliuc,d,55.0,55.0,55,55
20,Verona,Coppola D.,d,5.5,5.5,"5,5","5,5"
20,Verona,Lazovic,c,6.0,6.0,6,6
20,Verona,Kastanos,c,55.0,55.0,55,55
20,Verona,Duda,c,6.0,6.0,6,6
20,Verona,Belahyane,c,5.0,5.0,5,5
20,Verona,Suslov,c,5.5,5.5,"5,5","5,5"
20,Verona,Sarr A.,a,5.5,5.5,"5,5","5,5"
20,Verona,Mosquera,a,55.0,55.0,55,55
20,Verona,Rocha Livramento,a,6.0,6.0,6,6
20,Verona,Tengstedt,a,5.5,5.5,"5,5","5,5"
20,Verona,Zanetti,all,5.0,5.0,5,5
21,Atalanta,Carnesecchi,p,6.0,3.0,6,3
21,Atalanta,Zappacosta,d,6.0,6.0,6,6
21,Atalanta,Djimsiti,d,5.0,4.5,5,"4,5"
21,Atalanta,Bellanova,d,6.0,6.0,6,6
21,Atalanta,Ruggeri,d,5.5,5.0,"5,5",5
21,Atalanta,Scalvini,d,5.0,4.5,5,"4,5"
21,Atalanta,Hien,d,5.5,5.0,"5,5",5
21,Atalanta,De Roon,c,6.5,6.5,"6,5","6,5"
21,Atalanta,Pasalic,c,6.0,6.0,6,6
21,Atalanta,Zaniolo,c,6.0,6.0,6,6
21,Atalanta,Brescianini,c,55.0,55.0,55,55
21,Atalanta,Samardzic,c,6.0,6.0,6,6
21,Atalanta,Ederson D.s.,c,5.5,5.5,"5,5","5,5"
21,Atalanta,Lookman,a,7.0,10.0,7,10
21,Atalanta,De Ketelaere,a,5.5,5.5,"5,5","5,5"
21,Atalanta,Retegui,a,7.5,10.5,"7,5","10,5"
21,Atalanta,Gasperini,all,5.5,5.5,"5,5","5,5"
21,Bologna,Ravaglia F.,p,6.0,5.0,6,5
21,Bologna,De Silvestri,d,6.0,6.0,6,6
21,Bologna,Lykogiannis,d,6.5,7.5,"6,5","7,5"
21,Bologna,Miranda J.,d,6.0,6.0,6,6
21,Bologna,Lucumi',d,6.0,6.0,6,6
21,Bologna,Posch,d,6.0,6.0,6,6
21,Bologna,Beukema,d,6.0,6.0,6,6
21,Bologna,Freuler,c,6.0,6.0,6,6
21,Bologna,Orsolini,c,8.0,12.0,8,12
21,Bologna,Ndoye,c,6.0,6.0,6,6
21,Bologna,Ferguson,c,6.5,6.5,"6,5","6,5"
21,Bologna,Fabbian,c,55.0,55.0,55,55
21,Bologna,Odgaard,a,7.0,10.0,7,10
21,Bologna,Castro S.,a,7.0,9.5,7,"9,5"
21,Bologna,Dallinga,a,6.0,6.0,6,6
21,Bologna,Dominguez B.,a,6.5,7.5,"6,5","7,5"
21,Bologna,Italiano,all,7.0,7.0,7,7
21,Cagliari,Caprile,p,6.0,5.0,6,5
21,Cagliari,Luperto,d,7.0,10.0,7,10
21,Cagliari,Mina,d,6.5,6.5,"6,5","6,5"
21,Cagliari,Augello,d,6.5,7.5,"6,5","7,5"
21,Cagliari,Zortea,d,7.0,9.5,7,"9,5"
21,Cagliari,Zappa,d,6.0,6.0,6,6
21,Cagliari,Obert,d,7.0,10.0,7,10
21,Cagliari,Viola,c,5.5,5.5,"5,5","5,5"
21,Cagliari,Deiola,c,7.0,7.5,7,"7,5"
21,Cagliari,Gaetano,c,7.0,10.0,7,10
21,Cagliari,Adopo,c,5.5,5.0,"5,5",5
21,Cagliari,Marin,c,7.5,9.5,"7,5","9,5"
21,Cagliari,Makoumbou,c,5.5,5.5,"5,5","5,5"
21,Cagliari,Felici,c,5.5,5.5,"5,5","5,5"
21,Cagliari,Pavoletti,a,55.0,55.0,55,55
21,Cagliari,Piccoli,a,6.0,6.0,6,6
21,Cagliari,Nicola,all,7.5,7.5,"7,5","7,5"
21,Como,Butez,p,6.0,5.0,6,5
21,Como,Goldaniga,d,5.0,4.0,5,4
21,Como,Dossena,d,6.5,7.5,"6,5","7,5"
21,Como,Iovine,d,5.0,5.0,5,5
21,Como,Kempf,d,6.5,6.5,"6,5","6,5"
21,Como,Van Der Brempt,d,6.0,6.0,6,6
21,Como,Jack,d,6.0,6.0,6,6
21,Como,Strefezza,c,7.0,11.0,7,11
21,Como,Caqueret,c,6.5,6.5,"6,5","6,5"
21,Como,Da Cunha,c,6.0,6.0,6,6
21,Como,Perrone,c,55.0,55.0,55,55
21,Como,Engelhardt,c,6.5,7.5,"6,5","7,5"
21,Como,Fadera,c,7.0,7.0,7,7
21,Como,Paz N.,c,7.0,10.0,7,10
21,Como,Diao,c,7.5,10.5,"7,5","10,5"
21,Como,Cutrone,a,6.0,6.0,6,6
21,Como,Fabregas,all,7.5,7.0,"7,5",7
21,Empoli,Vasquez D.,p,6.0,3.0,6,3
21,Empoli,De Sciglio,d,5.5,5.5,"5,5","5,5"
21,Empoli,Pezzella Giu.,d,6.0,6.0,6,6
21,Empoli,Ismajli,d,5.5,5.5,"5,5","5,5"
21,Empoli,Viti,d,6.0,6.0,6,6
21,Empoli,Cacace,d,5.5,5.5,"5,5","5,5"
21,Empoli,Sambia,d,55.0,55.0,55,55
21,Empoli,Goglichidze,d,5.5,5.5,"5,5","5,5"
21,Empoli,Grassi,c,6.0,6.0,6,6
21,Empoli,Zurkowski,c,55.0,55.0,55,55
21,Empoli,Henderson L.,c,6.5,7.5,"6,5","7,5"
21,Empoli,Gyasi,c,5.0,5.0,5,5
21,Empoli,Maleh,c,6.0,6.0,6,6
21,Empoli,Fazzini,c,5.5,5.5,"5,5","5,5"
21,Empoli,Esposito Se.,a,7.0,10.0,7,10
21,Empoli,Colombo,a,5.5,5.5,"5,5","5,5"
21,Empoli,D'Aversa,all,5.5,5.0,"5,5",5
21,Fiorentina,De Gea,p,6.0,5.0,6,5
21,Fiorentina,Gosens,d,6.0,5.5,6,"5,5"
21,Fiorentina,Ranieri L.,d,6.0,6.0,6,6
21,Fiorentina,Dodo',d,6.0,6.0,6,6
21,Fiorentina,Comuzzo,d,5.0,5.0,5,5
21,Fiorentina,Mandragora,c,6.0,6.0,6,6
21,Fiorentina,Sottil,c,6.0,6.0,6,6
21,Fiorentina,Adli,c,5.0,5.0,5,5
21,Fiorentina,Colpani,c,6.0,6.0,6,6
21,Fiorentina,Folorunsho,c,6.5,6.0,"6,5",6
21,Fiorentina,Kean,a,6.5,9.0,"6,5",9
21,Fiorentina,Kouame',a,55.0,55.0,55,55
21,Fiorentina,Gudmundsson A.,a,6.0,6.0,6,6
21,Fiorentina,Beltran L.,a,5.5,5.5,"5,5","5,5"
21,Fiorentina,Palladino,all,5.0,5.0,5,5
21,Genoa,Leali,p,5.5,0.5,"5,5","0,5"
21,Genoa,Sabelli,d,5.5,5.5,"5,5","5,5"
21,Genoa,Bani,d,5.0,5.0,5,5
21,Genoa,Martin,d,5.5,5.5,"5,5","5,5"
21,Genoa,Vasquez,d,5.5,5.0,"5,5",5
21,Genoa,Zanoli,d,6.0,6.0,6,6
21,Genoa,De Winter,d,5.0,5.0,5,5
21,Genoa,Thorsby,c,6.0,6.0,6,6
21,Genoa,Frendrup,c,5.5,5.5,"5,5","5,5"
21,Genoa,Miretti,c,6.0,7.0,6,7
21,Genoa,Masini,c,6.5,9.5,"6,5","9,5"
21,Genoa,Kasa,c,55.0,55.0,55,55
21,Genoa,Venturino,c,6.0,6.0,6,6
21,Genoa,Pinamonti,a,5.5,5.5,"5,5","5,5"
21,Genoa,Ekhator,a,6.0,6.0,6,6
21,Genoa,Vieira P.,all,5.5,5.5,"5,5","5,5"
21,Inter,Sommer,p,5.5,4.5,"5,5","4,5"
21,Inter,Dimarco,d,6.0,6.0,6,6
21,Inter,De Vrij,d,5.5,5.5,"5,5","5,5"
21,Inter,Bastoni,d,55.0,55.0,55,55
21,Inter,Darmian,d,55.0,55.0,55,55
21,Inter,Pavard,d,6.0,6.0,6,6
21,Inter,Dumfries,d,7.0,10.0,7,10
21,Inter,Carlos Augusto,d,6.5,6.5,"6,5","6,5"
21,Inter,Zielinski,c,5.5,5.5,"5,5","5,5"
21,Inter,Barella,c,6.5,7.5,"6,5","7,5"
21,Inter,Mkhitaryan,c,6.0,6.0,6,6
21,Inter,Asllani,c,6.5,7.5,"6,5","7,5"
21,Inter,Martinez L.,a,7.0,10.0,7,10
21,Inter,Arnautovic,a,6.5,7.5,"6,5","7,5"
21,Inter,Thuram,a,7.0,10.0,7,10
21,Inter,Taremi,a,5.5,5.5,"5,5","5,5"
21,Inter,Inzaghi S.,all,7.0,7.0,7,7
21,Juventus,Di Gregorio,p,6.0,6.0,6,6
21,Juventus,Kalulu,d,6.5,6.5,"6,5","6,5"
21,Juventus,Cambiaso,d,6.0,6.0,6,6
21,Juventus,Gatti,d,6.5,6.5,"6,5","6,5"
21,Juventus,Locatelli,c,6.5,6.5,"6,5","6,5"
21,Juventus,Fagioli,c,55.0,55.0,55,55
21,Juventus,Weah,c,7.0,10.0,7,10
21,Juventus,Douglas Luiz,c,6.0,6.0,6,6
21,Juventus,McKennie,c,6.0,6.0,6,6
21,Juventus,Thuram K.,c,7.0,8.0,7,8
21,Juventus,Koopmeiners,c,6.5,6.5,"6,5","6,5"
21,Juventus,Adzic,c,55.0,55.0,55,55
21,Juventus,Vlahovic,a,55.0,55.0,55,55
21,Juventus,Gonzalez N.,a,6.0,7.0,6,7
21,Juventus,Yildiz,a,6.5,6.5,"6,5","6,5"
21,Juventus,Mbangula,a,7.5,10.5,"7,5","10,5"
21,Juventus,Thiago Motta,all,7.0,7.0,7,7
21,Lazio,Provedel,p,6.5,6.5,"6,5","6,5"
21,Lazio,Hysaj,d,6.0,6.0,6,6
21,Lazio,Romagnoli,d,6.0,6.0,6,6
21,Lazio,Pellegrini Lu.,d,6.0,6.0,6,6
21,Lazio,Tavares N.,d,6.5,6.0,"6,5",6
21,Lazio,Gila,d,6.5,6.5,"6,5","6,5"
21,Lazio,Gigot,d,7.0,9.5,7,"9,5"
21,Lazio,Zaccagni,c,7.5,11.5,"7,5","11,5"
21,Lazio,Guendouzi,c,7.0,8.0,7,8
21,Lazio,Castrovilli,c,55.0,55.0,55,55
21,Lazio,Rovella,c,6.5,6.5,"6,5","6,5"
21,Lazio,Dele-Bashiru,c,6.0,6.0,6,6
21,Lazio,Pedro,a,6.0,6.0,6,6
21,Lazio,Dia,a,7.5,11.5,"7,5","11,5"
21,Lazio,Castellanos,a,6.0,6.0,6,6
21,Lazio,Isaksen,a,6.5,6.5,"6,5","6,5"
21,Lazio,Baroni,all,7.0,7.0,7,7
21,Lecce,Falcone,p,6.0,2.0,6,2
21,Lecce,Bonifazi,d,4.5,4.5,"4,5","4,5"
21,Lecce,Guilbert,d,5.0,5.0,5,5
21,Lecce,Baschirotto,d,5.5,5.5,"5,5","5,5"
21,Lecce,Dorgu,d,5.0,5.0,5,5
21,Lecce,Jean,d,5.0,5.0,5,5
21,Lecce,Coulibaly L.,c,5.5,5.5,"5,5","5,5"
21,Lecce,Helgason,c,6.5,6.5,"6,5","6,5"
21,Lecce,Ramadani,c,5.0,5.0,5,5
21,Lecce,Karlsson,c,5.5,5.5,"5,5","5,5"
21,Lecce,Pierret,c,5.5,5.5,"5,5","5,5"
21,Lecce,Tete Morente,c,6.0,6.0,6,6
21,Lecce,Rebic,a,4.0,3.0,4,3
21,Lecce,Burnete,a,5.5,5.5,"5,5","5,5"
21,Lecce,Krstovic,a,6.0,6.0,6,6
21,Lecce,Pierotti,a,7.0,9.5,7,"9,5"
21,Lecce,Giampaolo,all,5.0,5.0,5,5
21,Milan,Maignan,p,6.0,4.0,6,4
21,Milan,Hernandez T.,d,5.5,5.5,"5,5","5,5"
21,Milan,Gabbia,d,5.5,5.5,"5,5","5,5"
21,Milan,Tomori,d,5.0,5.0,5,5
21,Milan,Emerson Royal,d,5.0,4.5,5,"4,5"
21,Milan,Terracciano F.,d,55.0,55.0,55,55
21,Milan,Jimenez A.,d,5.5,5.5,"5,5","5,5"
21,Milan,Bennacer,c,5.5,5.0,"5,5",5
21,Milan,Fofana Y.,c,5.5,5.5,"5,5","5,5"
21,Milan,Musah,c,5.0,5.0,5,5
21,Milan,Reijnders,c,5.5,5.5,"5,5","5,5"
21,Milan,Jovic,a,55.0,55.0,55,55
21,Milan,Abraham,a,5.0,5.0,5,5
21,Milan,Leao,a,5.5,5.5,"5,5","5,5"
21,Milan,Camarda,a,6.0,6.0,6,6
21,Milan,Conceicao S.,all,5.5,5.5,"5,5","5,5"
21,Monza,Turati,p,6.5,3.5,"6,5","3,5"
21,Monza,Izzo,d,5.0,4.5,5,"4,5"
21,Monza,D'Ambrosio,d,5.0,5.0,5,5
21,Monza,Kyriakopoulos,d,5.0,4.5,5,"4,5"
21,Monza,Carboni A.,d,5.5,5.5,"5,5","5,5"
21,Monza,Sensi,c,55.0,55.0,55,55
21,Monza,Maldini,c,6.5,9.5,"6,5","9,5"
21,Monza,Akpa Akpro,c,5.0,4.5,5,"4,5"
21,Monza,Bianco,c,5.5,5.5,"5,5","5,5"
21,Monza,Vignato S.,c,5.5,5.5,"5,5","5,5"
21,Monza,Ciurria,c,6.0,7.0,6,7
21,Monza,Bondo,c,6.0,6.0,6,6
21,Monza,Forson O.,c,55.0,55.0,55,55
21,Monza,Martins K.,c,6.0,6.0,6,6
21,Monza,Caprari,a,5.5,5.5,"5,5","5,5"
21,Monza,Djuric,a,5.5,5.5,"5,5","5,5"
21,Monza,Bocchetti,all,5.5,5.5,"5,5","5,5"
21,Napoli,Meret,p,6.5,4.5,"6,5","4,5"
21,Napoli,Juan Jesus,d,5.5,5.5,"5,5","5,5"
21,Napoli,Spinazzola,d,6.0,6.0,6,6
21,Napoli,Di Lorenzo,d,5.0,5.0,5,5
21,Napoli,Rrahmani,d,5.0,5.0,5,5
21,Napoli,Mazzocchi,d,55.0,55.0,55,55
21,Napoli,Olivera,d,6.0,6.0,6,6
21,Napoli,Politano,c,7.0,10.0,7,10
21,Napoli,Zambo Anguissa,c,7.5,9.5,"7,5","9,5"
21,Napoli,Lobotka,c,5.5,5.5,"5,5","5,5"
21,Napoli,McTominay,c,7.0,9.5,7,"9,5"
21,Napoli,Neres,c,6.5,7.0,"6,5",7
21,Napoli,Simeone,a,55.0,55.0,55,55
21,Napoli,Lukaku,a,7.0,10.0,7,10
21,Napoli,Conte,all,7.0,6.5,7,"6,5"
21,Parma,Suzuki,p,6.0,5.0,6,5
21,Parma,Valenti,d,6.0,6.0,6,6
21,Parma,Valeri,d,6.0,6.0,6,6
21,Parma,Vogliacco,d,6.0,6.0,6,6
21,Parma,Delprato,d,6.0,6.0,6,6
21,Parma,Hernani,c,7.5,10.5,"7,5","10,5"
21,Parma,Sohm,c,6.0,5.5,6,"5,5"
21,Parma,Man,c,6.0,6.0,6,6
21,Parma,Camara D.,c,6.5,6.5,"6,5","6,5"
21,Parma,Hainaut,c,6.0,6.0,6,6
21,Parma,Keita M.,c,5.0,4.5,5,"4,5"
21,Parma,Mihaila,a,5.5,5.5,"5,5","5,5"
21,Parma,Cancellieri,a,5.5,5.5,"5,5","5,5"
21,Parma,Almqvist,a,5.5,5.5,"5,5","5,5"
21,Parma,Bonny,a,5.5,5.5,"5,5","5,5"
21,Parma,Haj Mohamed,a,55.0,55.0,55,55
21,Parma,Pecchia,all,6.0,6.0,6,6
21,Roma,Svilar,p,6.0,5.0,6,5
21,Roma,Mancini,d,6.5,6.5,"6,5","6,5"
21,Roma,Hummels,d,6.5,6.5,"6,5","6,5"
21,Roma,N'Dicka,d,6.5,6.5,"6,5","6,5"
21,Roma,Celik,d,6.0,6.0,6,6
21,Roma,Angelino,d,6.5,6.5,"6,5","6,5"
21,Roma,Paredes,c,6.0,5.5,6,"5,5"
21,Roma,Pellegrini Lo.,c,5.5,5.5,"5,5","5,5"
21,Roma,El Shaarawy,c,7.5,10.5,"7,5","10,5"
21,Roma,Saelemaekers,c,6.5,6.5,"6,5","6,5"
21,Roma,Kone' M.,c,6.0,6.0,6,6
21,Roma,Pisilli,c,6.0,6.0,6,6
21,Roma,Dybala,a,7.5,8.5,"7,5","8,5"
21,Roma,Shomurodov,a,55.0,55.0,55,55
21,Roma,Soule',a,55.0,55.0,55,55
21,Roma,Dovbyk,a,6.5,9.5,"6,5","9,5"
21,Roma,Ranieri C.,all,6.5,6.5,"6,5","6,5"
21,Torino,Milinkovic-Savic V.,p,6.5,5.5,"6,5","5,5"
21,Torino,Masina,d,6.0,6.0,6,6
21,Torino,Lazaro,d,6.0,6.0,6,6
21,Torino,Maripan,d,6.0,6.0,6,6
21,Torino,Pedersen,d,55.0,55.0,55,55
21,Torino,Coco,d,6.0,6.0,6,6
21,Torino,Sosa B.,d,5.5,5.5,"5,5","5,5"
21,Torino,Dembele' A.,d,4.0,3.0,4,3
21,Torino,Tameze,c,5.5,5.5,"5,5","5,5"
21,Torino,Ricci S.,c,6.5,6.5,"6,5","6,5"
21,Torino,Vlasic,c,5.5,5.5,"5,5","5,5"
21,Torino,Gineitis,c,7.0,10.0,7,10
21,Torino,Karamoh,a,6.0,6.0,6,6
21,Torino,Adams C.,a,6.0,6.0,6,6
21,Torino,Njie,a,7.0,6.5,7,"6,5"
21,Torino,Vanoli,all,6.5,6.5,"6,5","6,5"
21,Udinese,Sava,p,6.0,2.0,6,2
21,Udinese,Kamara H.,d,5.0,5.0,5,5
21,Udinese,Bijol,d,4.0,1.5,4,"1,5"
21,Udinese,Zemura,d,5.5,5.5,"5,5","5,5"
21,Udinese,Kristensen T.,d,5.0,5.0,5,5
21,Udinese,Solet,d,5.0,4.0,5,4
21,Udinese,Lovric,c,6.0,6.0,6,6
21,Udinese,Payero,c,7.0,10.0,7,10
21,Udinese,Karlstrom,c,5.0,5.0,5,5
21,Udinese,Ekkelenkamp,c,5.0,4.5,5,"4,5"
21,Udinese,Rui Modesto,c,6.0,6.0,6,6
21,Udinese,Atta,c,5.5,5.5,"5,5","5,5"
21,Udinese,Thauvin,a,5.5,5.5,"5,5","5,5"
21,Udinese,Sanchez,a,5.5,5.5,"5,5","5,5"
21,Udinese,Lucca,a,5.5,5.5,"5,5","5,5"
21,Udinese,Bravo,a,55.0,55.0,55,55
21,Udinese,Runjaic,all,5.0,5.0,5,5
21,Venezia,Stankovic F.,p,7.5,6.5,"7,5","6,5"
21,Venezia,Candela,d,5.0,4.5,5,"4,5"
21,Venezia,Haps,d,6.0,6.0,6,6
21,Venezia,Carboni F.,d,6.0,5.5,6,"5,5"
21,Venezia,Idzes,d,6.0,6.0,6,6
21,Venezia,Nicolussi Caviglia,c,6.0,6.0,6,6
21,Venezia,Bjarkason,c,6.0,5.5,6,"5,5"
21,Venezia,Busio,c,5.5,5.5,"5,5","5,5"
21,Venezia,Zerbin,c,6.0,6.0,6,6
21,Venezia,Ellertsson,c,6.0,6.0,6,6
21,Venezia,Oristanio,c,6.0,6.0,6,6
21,Venezia,Doumbia I.,c,6.0,6.0,6,6
21,Venezia,Yeboah J.,c,6.0,6.0,6,6
21,Venezia,Condè,c,55.0,55.0,55,55
21,Venezia,Pohjanpalo,a,7.0,10.0,7,10
21,Venezia,Gytkjaer,a,55.0,55.0,55,55
21,Venezia,Di Francesco,all,6.0,6.0,6,6
21,Verona,Montipo',p,6.0,3.0,6,3
21,Verona,Faraoni,d,5.5,5.5,"5,5","5,5"
21,Verona,Dawidowicz,d,5.0,4.5,5,"4,5"
21,Verona,Bradaric,d,5.0,4.5,5,"4,5"
21,Verona,Coppola D.,d,5.5,5.0,"5,5",5
21,Verona,Tchatchoua,d,4.5,4.5,"4,5","4,5"
21,Verona,Ghilardi,d,5.0,4.5,5,"4,5"
21,Verona,Lazovic,c,5.5,5.5,"5,5","5,5"
21,Verona,Kastanos,c,5.5,5.5,"5,5","5,5"
21,Verona,Duda,c,4.5,3.5,"4,5","3,5"
21,Verona,Belahyane,c,5.5,5.5,"5,5","5,5"
21,Verona,Serdar,c,5.0,5.0,5,5
21,Verona,Suslov,c,5.5,5.5,"5,5","5,5"
21,Verona,Sarr A.,a,5.5,5.5,"5,5","5,5"
21,Verona,Rocha Livramento,a,5.5,5.5,"5,5","5,5"
21,Verona,Tengstedt,a,5.0,5.0,5,5
21,Verona,Zanetti,all,5.0,5.0,5,5
22,Atalanta,Carnesecchi,p,6.0,5.0,6,5
22,Atalanta,Zappacosta,d,5.0,5.0,5,5
22,Atalanta,Toloi,d,55.0,55.0,55,55
22,Atalanta,Cuadrado,d,5.5,5.5,"5,5","5,5"
22,Atalanta,Djimsiti,d,6.0,6.0,6,6
22,Atalanta,Kolasinac,d,5.5,5.5,"5,5","5,5"
22,Atalanta,Bellanova,d,6.0,6.0,6,6
22,Atalanta,Ruggeri,d,6.0,6.0,6,6
22,Atalanta,Scalvini,d,5.0,5.0,5,5
22,Atalanta,De Roon,c,5.5,5.5,"5,5","5,5"
22,Atalanta,Brescianini,c,7.5,9.0,"7,5",9
22,Atalanta,Samardzic,c,5.5,5.0,"5,5",5
22,Atalanta,Ederson D.s.,c,7.0,7.0,7,7
22,Atalanta,Lookman,a,5.5,5.0,"5,5",5
22,Atalanta,De Ketelaere,a,6.5,6.5,"6,5","6,5"
22,Atalanta,Retegui,a,8.0,14.0,8,14
22,Atalanta,Gasperini,all,6.5,6.5,"6,5","6,5"
22,Bologna,Skorupski,p,6.0,5.0,6,5
22,Bologna,Lykogiannis,d,6.5,7.5,"6,5","7,5"
22,Bologna,Miranda J.,d,6.0,6.0,6,6
22,Bologna,Holm,d,5.5,5.5,"5,5","5,5"
22,Bologna,Lucumi',d,5.5,5.5,"5,5","5,5"
22,Bologna,Beukema,d,6.0,6.0,6,6
22,Bologna,Freuler,c,5.5,5.5,"5,5","5,5"
22,Bologna,Ndoye,c,5.5,5.5,"5,5","5,5"
22,Bologna,Ferguson,c,6.0,6.0,6,6
22,Bologna,Moro N.,c,6.0,6.0,6,6
22,Bologna,Iling Junior,c,55.0,55.0,55,55
22,Bologna,Fabbian,c,6.0,6.0,6,6
22,Bologna,Odgaard,a,5.5,5.5,"5,5","5,5"
22,Bologna,Castro S.,a,5.5,5.5,"5,5","5,5"
22,Bologna,Dallinga,a,5.5,5.5,"5,5","5,5"
22,Bologna,Dominguez B.,a,7.0,10.0,7,10
22,Bologna,Italiano,all,5.5,5.5,"5,5","5,5"
22,Cagliari,Caprile,p,7.0,5.0,7,5
22,Cagliari,Luperto,d,5.0,5.0,5,5
22,Cagliari,Mina,d,5.0,5.0,5,5
22,Cagliari,Augello,d,5.5,5.5,"5,5","5,5"
22,Cagliari,Zortea,d,5.0,4.5,5,"4,5"
22,Cagliari,Zappa,d,4.5,4.5,"4,5","4,5"
22,Cagliari,Obert,d,5.0,5.0,5,5
22,Cagliari,Deiola,c,5.5,5.5,"5,5","5,5"
22,Cagliari,Gaetano,c,5.0,5.0,5,5
22,Cagliari,Adopo,c,5.5,5.5,"5,5","5,5"
22,Cagliari,Marin,c,5.0,5.0,5,5
22,Cagliari,Makoumbou,c,5.5,5.5,"5,5","5,5"
22,Cagliari,Felici,c,5.0,5.0,5,5
22,Cagliari,Pavoletti,a,5.5,5.5,"5,5","5,5"
22,Cagliari,Lapadula,a,5.5,5.5,"5,5","5,5"
22,Cagliari,Piccoli,a,5.0,5.0,5,5
22,Cagliari,Nicola,all,5.0,5.0,5,5
22,Como,Butez,p,6.0,4.0,6,4
22,Como,Moreno Alb.,d,6.0,6.0,6,6
22,Como,Dossena,d,5.5,5.5,"5,5","5,5"
22,Como,Kempf,d,5.0,5.0,5,5
22,Como,Jack,d,5.0,4.5,5,"4,5"
22,Como,Strefezza,c,6.0,6.0,6,6
22,Como,Caqueret,c,5.5,5.5,"5,5","5,5"
22,Como,Da Cunha,c,6.0,6.0,6,6
22,Como,Perrone,c,6.0,6.0,6,6
22,Como,Engelhardt,c,5.5,5.5,"5,5","5,5"
22,Como,Fadera,c,6.5,7.5,"6,5","7,5"
22,Como,Paz N.,c,7.0,10.0,7,10
22,Como,Diao,c,5.0,5.0,5,5
22,Como,Belotti,a,5.5,5.5,"5,5","5,5"
22,Como,Cutrone,a,6.0,5.5,6,"5,5"
22,Como,Fabregas,all,6.0,6.0,6,6
22,Empoli,Vasquez D.,p,5.5,4.5,"5,5","4,5"
22,Empoli,De Sciglio,d,55.0,55.0,55,55
22,Empoli,Pezzella Giu.,d,6.0,6.5,6,"6,5"
22,Empoli,Ismajli,d,6.5,6.5,"6,5","6,5"
22,Empoli,Viti,d,6.0,6.0,6,6
22,Empoli,Cacace,d,55.0,55.0,55,55
22,Empoli,Goglichidze,d,6.5,6.5,"6,5","6,5"
22,Empoli,Grassi,c,6.0,5.5,6,"5,5"
22,Empoli,Henderson L.,c,6.0,5.5,6,"5,5"
22,Empoli,Gyasi,c,6.0,6.0,6,6
22,Empoli,Maleh,c,6.0,6.0,6,6
22,Empoli,Fazzini,c,6.5,6.5,"6,5","6,5"
22,Empoli,Anjorin,c,6.0,6.0,6,6
22,Empoli,Esposito Se.,a,6.0,6.0,6,6
22,Empoli,Colombo,a,7.0,10.0,7,10
22,Empoli,D'Aversa,all,6.5,6.5,"6,5","6,5"
22,Fiorentina,De Gea,p,6.5,5.5,"6,5","5,5"
22,Fiorentina,Gosens,d,6.5,7.5,"6,5","7,5"
22,Fiorentina,Ranieri L.,d,6.5,6.5,"6,5","6,5"
22,Fiorentina,Parisi,d,6.0,6.0,6,6
22,Fiorentina,Pongracic,d,6.0,6.0,6,6
22,Fiorentina,Dodo',d,6.5,7.0,"6,5",7
22,Fiorentina,Comuzzo,d,6.0,6.0,6,6
22,Fiorentina,Mandragora,c,6.0,5.5,6,"5,5"
22,Fiorentina,Sottil,c,6.0,6.0,6,6
22,Fiorentina,Adli,c,7.0,9.0,7,9
22,Fiorentina,Folorunsho,c,6.5,6.5,"6,5","6,5"
22,Fiorentina,Richardson,c,55.0,55.0,55,55
22,Fiorentina,Kean,a,6.0,6.0,6,6
22,Fiorentina,Gudmundsson A.,a,6.5,6.5,"6,5","6,5"
22,Fiorentina,Beltran L.,a,7.0,10.0,7,10
22,Fiorentina,Palladino,all,6.5,5.5,"6,5","5,5"
22,Genoa,Leali,p,6.0,6.0,6,6
22,Genoa,Sabelli,d,6.0,6.0,6,6
22,Genoa,Martin,d,7.0,8.0,7,8
22,Genoa,Vasquez,d,7.5,10.5,"7,5","10,5"
22,Genoa,De Winter,d,7.0,10.0,7,10
22,Genoa,Thorsby,c,6.5,6.5,"6,5","6,5"
22,Genoa,Cornet,c,6.5,7.5,"6,5","7,5"
22,Genoa,Frendrup,c,6.0,6.0,6,6
22,Genoa,Miretti,c,6.5,6.5,"6,5","6,5"
22,Genoa,Masini,c,6.5,6.5,"6,5","6,5"
22,Genoa,Kasa,c,6.0,6.0,6,6
22,Genoa,Pinamonti,a,5.0,2.0,5,2
22,Genoa,Ekuban,a,6.0,6.0,6,6
22,Genoa,Vitinha O.,a,55.0,55.0,55,55
22,Genoa,Ekhator,a,55.0,55.0,55,55
22,Genoa,Vieira P.,all,6.5,6.5,"6,5","6,5"
22,Inter,Sommer,p,6.5,6.5,"6,5","6,5"
22,Inter,De Vrij,d,6.0,5.5,6,"5,5"
22,Inter,Bastoni,d,6.5,6.5,"6,5","6,5"
22,Inter,Darmian,d,6.0,6.0,6,6
22,Inter,Dumfries,d,7.0,10.0,7,10
22,Inter,Carlos Augusto,d,6.0,6.0,6,6
22,Inter,Bisseck,d,6.0,6.0,6,6
22,Inter,Zielinski,c,6.5,6.5,"6,5","6,5"
22,Inter,Barella,c,6.0,6.0,6,6
22,Inter,Mkhitaryan,c,6.0,6.0,6,6
22,Inter,Frattesi,c,7.5,10.5,"7,5","10,5"
22,Inter,Asllani,c,6.0,6.0,6,6
22,Inter,Buchanan T.,c,6.0,6.0,6,6
22,Inter,Martinez L.,a,7.5,11.5,"7,5","11,5"
22,Inter,Thuram,a,6.5,7.5,"6,5","7,5"
22,Inter,Taremi,a,6.5,9.0,"6,5",9
22,Inter,Inzaghi S.,all,7.0,6.5,7,"6,5"
22,Juventus,Di Gregorio,p,6.5,4.5,"6,5","4,5"
22,Juventus,Kalulu,d,6.0,6.0,6,6
22,Juventus,Cambiaso,d,6.0,5.5,6,"5,5"
22,Juventus,Gatti,d,5.5,5.5,"5,5","5,5"
22,Juventus,Savona,d,6.0,6.0,6,6
22,Juventus,Locatelli,c,5.0,5.0,5,5
22,Juventus,Douglas Luiz,c,6.0,6.0,6,6
22,Juventus,McKennie,c,5.5,5.5,"5,5","5,5"
22,Juventus,Thuram K.,c,5.5,5.5,"5,5","5,5"
22,Juventus,Koopmeiners,c,5.5,5.0,"5,5",5
22,Juventus,Conceicao,c,6.0,6.0,6,6
22,Juventus,Vlahovic,a,55.0,55.0,55,55
22,Juventus,Gonzalez N.,a,5.5,5.5,"5,5","5,5"
22,Juventus,Kolo Muani,a,7.0,10.0,7,10
22,Juventus,Yildiz,a,6.0,6.0,6,6
22,Juventus,Mbangula,a,6.0,6.0,6,6
22,Juventus,Thiago Motta,all,5.0,5.0,5,5
22,Lazio,Provedel,p,5.5,3.5,"5,5","3,5"
22,Lazio,Hysaj,d,6.5,7.5,"6,5","7,5"
22,Lazio,Romagnoli,d,5.5,5.5,"5,5","5,5"
22,Lazio,Marusic,d,6.5,9.5,"6,5","9,5"
22,Lazio,Pellegrini Lu.,d,5.0,5.0,5,5
22,Lazio,Gila,d,5.5,5.5,"5,5","5,5"
22,Lazio,Zaccagni,c,5.5,5.5,"5,5","5,5"
22,Lazio,Guendouzi,c,5.5,5.5,"5,5","5,5"
22,Lazio,Rovella,c,6.0,6.0,6,6
22,Lazio,Dele-Bashiru,c,5.5,5.5,"5,5","5,5"
22,Lazio,Pedro,a,6.0,5.5,6,"5,5"
22,Lazio,Dia,a,5.0,5.0,5,5
22,Lazio,Castellanos,a,5.5,5.5,"5,5","5,5"
22,Lazio,Isaksen,a,5.5,5.5,"5,5","5,5"
22,Lazio,Noslin,a,55.0,55.0,55,55
22,Lazio,Baroni,all,5.0,4.0,5,4
22,Lecce,Falcone,p,5.5,1.5,"5,5","1,5"
22,Lecce,Guilbert,d,4.5,4.5,"4,5","4,5"
22,Lecce,Baschirotto,d,5.0,5.0,5,5
22,Lecce,Dorgu,d,6.0,6.0,6,6
22,Lecce,Jean,d,5.0,5.0,5,5
22,Lecce,Coulibaly L.,c,5.5,5.5,"5,5","5,5"
22,Lecce,Helgason,c,5.0,5.0,5,5
22,Lecce,Ramadani,c,6.0,6.0,6,6
22,Lecce,Kaba,c,6.0,6.0,6,6
22,Lecce,Karlsson,c,55.0,55.0,55,55
22,Lecce,Pierret,c,5.0,5.0,5,5
22,Lecce,Tete Morente,c,5.5,5.5,"5,5","5,5"
22,Lecce,Burnete,a,55.0,55.0,55,55
22,Lecce,Krstovic,a,5.5,5.5,"5,5","5,5"
22,Lecce,Pierotti,a,5.5,5.5,"5,5","5,5"
22,Lecce,Giampaolo,all,5.0,5.0,5,5
22,Milan,Maignan,p,6.5,4.5,"6,5","4,5"
22,Milan,Calabria,d,6.5,6.5,"6,5","6,5"
22,Milan,Hernandez T.,d,5.5,5.5,"5,5","5,5"
22,Milan,Gabbia,d,5.5,5.5,"5,5","5,5"
22,Milan,Pavlovic,d,7.5,8.0,"7,5",8
22,Milan,Bartesaghi,d,6.0,6.0,6,6
22,Milan,Pulisic,c,6.5,9.5,"6,5","9,5"
22,Milan,Bennacer,c,5.0,5.0,5,5
22,Milan,Fofana Y.,c,6.0,5.5,6,"5,5"
22,Milan,Chukwueze,c,6.5,9.5,"6,5","9,5"
22,Milan,Musah,c,6.0,7.0,6,7
22,Milan,Reijnders,c,7.0,10.0,7,10
22,Milan,Morata,a,5.5,5.5,"5,5","5,5"
22,Milan,Jovic,a,6.0,6.0,6,6
22,Milan,Abraham,a,5.5,5.5,"5,5","5,5"
22,Milan,Leao,a,5.5,5.5,"5,5","5,5"
22,Milan,Conceicao S.,all,6.5,6.5,"6,5","6,5"
22,Monza,Turati,p,7.0,8.0,7,8
22,Monza,Izzo,d,5.5,5.5,"5,5","5,5"
22,Monza,D'Ambrosio,d,6.0,6.0,6,6
22,Monza,Pereira P.,d,5.5,5.5,"5,5","5,5"
22,Monza,Kyriakopoulos,d,5.0,4.5,5,"4,5"
22,Monza,Carboni A.,d,5.0,5.0,5,5
22,Monza,Lekovic,d,5.0,5.0,5,5
22,Monza,Maldini,c,6.0,6.0,6,6
22,Monza,Akpa Akpro,c,5.5,5.0,"5,5",5
22,Monza,Urbanski,c,5.5,5.5,"5,5","5,5"
22,Monza,Bianco,c,6.0,5.5,6,"5,5"
22,Monza,Vignato S.,c,5.5,5.5,"5,5","5,5"
22,Monza,Ciurria,c,5.5,5.5,"5,5","5,5"
22,Monza,Petagna,a,5.5,5.5,"5,5","5,5"
22,Monza,Caprari,a,5.5,5.0,"5,5",5
22,Monza,Mota,a,5.5,5.5,"5,5","5,5"
22,Monza,Bocchetti,all,5.0,5.0,5,5
22,Napoli,Meret,p,6.5,5.5,"6,5","5,5"
22,Napoli,Juan Jesus,d,6.0,6.0,6,6
22,Napoli,Spinazzola,d,6.5,6.0,"6,5",6
22,Napoli,Di Lorenzo,d,6.0,6.0,6,6
22,Napoli,Rrahmani,d,6.0,6.0,6,6
22,Napoli,Mazzocchi,d,55.0,55.0,55,55
22,Napoli,Politano,c,7.0,8.0,7,8
22,Napoli,Zambo Anguissa,c,7.0,10.0,7,10
22,Napoli,Lobotka,c,6.0,5.5,6,"5,5"
22,Napoli,McTominay,c,6.5,6.5,"6,5","6,5"
22,Napoli,Gilmour,c,55.0,55.0,55,55
22,Napoli,Neres,c,6.0,6.0,6,6
22,Napoli,Simeone,a,55.0,55.0,55,55
22,Napoli,Lukaku,a,7.0,10.0,7,10
22,Napoli,Ngonge,a,55.0,55.0,55,55
22,Napoli,Conte,all,7.0,7.0,7,7
22,Parma,Suzuki,p,5.5,2.5,"5,5","2,5"
22,Parma,Valenti,d,6.5,6.5,"6,5","6,5"
22,Parma,Valeri,d,6.0,6.0,6,6
22,Parma,Vogliacco,d,5.5,5.0,"5,5",5
22,Parma,Delprato,d,7.0,9.5,7,"9,5"
22,Parma,Lovik,d,5.5,5.5,"5,5","5,5"
22,Parma,Hernani,c,6.0,6.0,6,6
22,Parma,Sohm,c,6.5,6.0,"6,5",6
22,Parma,Man,c,5.5,5.5,"5,5","5,5"
22,Parma,Camara D.,c,6.0,6.0,6,6
22,Parma,Hainaut,c,5.5,5.0,"5,5",5
22,Parma,Mihaila,a,6.0,6.0,6,6
22,Parma,Djuric,a,5.5,5.5,"5,5","5,5"
22,Parma,Cancellieri,a,7.0,10.0,7,10
22,Parma,Almqvist,a,5.5,5.5,"5,5","5,5"
22,Parma,Haj Mohamed,a,5.5,5.0,"5,5",5
22,Parma,Pecchia,all,5.5,5.5,"5,5","5,5"
22,Roma,Svilar,p,6.0,5.0,6,5
22,Roma,Mancini,d,6.0,6.0,6,6
22,Roma,N'Dicka,d,6.0,6.0,6,6
22,Roma,Celik,d,5.5,5.0,"5,5",5
22,Roma,Angelino,d,6.0,6.0,6,6
22,Roma,Rensch,d,6.5,6.5,"6,5","6,5"
22,Roma,Pellegrini Lo.,c,6.5,9.0,"6,5",9
22,Roma,Cristante,c,55.0,55.0,55,55
22,Roma,El Shaarawy,c,6.5,6.5,"6,5","6,5"
22,Roma,Zalewski,c,6.0,6.0,6,6
22,Roma,Kone' M.,c,6.5,6.5,"6,5","6,5"
22,Roma,Baldanzi,c,6.0,6.0,6,6
22,Roma,Pisilli,c,6.0,6.0,6,6
22,Roma,Dybala,a,55.0,55.0,55,55
22,Roma,Shomurodov,a,6.0,6.0,6,6
22,Roma,Dovbyk,a,6.5,9.5,"6,5","9,5"
22,Roma,Ranieri C.,all,7.0,7.0,7,7
22,Torino,Milinkovic-Savic V.,p,6.0,6.0,6,6
22,Torino,Masina,d,6.0,6.0,6,6
22,Torino,Walukiewicz,d,6.0,6.0,6,6
22,Torino,Lazaro,d,6.5,6.5,"6,5","6,5"
22,Torino,Maripan,d,7.0,7.0,7,7
22,Torino,Pedersen,d,6.5,6.5,"6,5","6,5"
22,Torino,Coco,d,6.5,6.5,"6,5","6,5"
22,Torino,Sosa B.,d,6.0,6.0,6,6
22,Torino,Linetty,c,55.0,55.0,55,55
22,Torino,Tameze,c,6.0,6.0,6,6
22,Torino,Ricci S.,c,6.5,7.5,"6,5","7,5"
22,Torino,Vlasic,c,7.0,7.0,7,7
22,Torino,Gineitis,c,6.0,6.0,6,6
22,Torino,Karamoh,a,7.0,7.0,7,7
22,Torino,Adams C.,a,7.5,13.5,"7,5","13,5"
22,Torino,Njie,a,55.0,55.0,55,55
22,Torino,Vanoli,all,7.0,7.0,7,7
22,Udinese,Sava,p,5.0,3.0,5,3
22,Udinese,Kabasele,d,5.0,5.0,5,5
22,Udinese,Bijol,d,6.0,6.0,6,6
22,Udinese,Toure' I.s.,d,55.0,55.0,55,55
22,Udinese,Zemura,d,5.5,5.5,"5,5","5,5"
22,Udinese,Kristensen T.,d,6.0,6.0,6,6
22,Udinese,Pafundi,c,55.0,55.0,55,55
22,Udinese,Lovric,c,6.5,7.5,"6,5","7,5"
22,Udinese,Payero,c,5.5,5.5,"5,5","5,5"
22,Udinese,Karlstrom,c,5.5,5.0,"5,5",5
22,Udinese,Ekkelenkamp,c,6.0,6.0,6,6
22,Udinese,Rui Modesto,c,6.0,6.0,6,6
22,Udinese,Atta,c,5.5,5.0,"5,5",5
22,Udinese,Thauvin,a,6.0,6.0,6,6
22,Udinese,Sanchez,a,55.0,55.0,55,55
22,Udinese,Lucca,a,7.0,10.0,7,10
22,Udinese,Runjaic,all,6.0,6.0,6,6
22,Venezia,Stankovic F.,p,6.5,5.5,"6,5","5,5"
22,Venezia,Zampano,d,5.5,5.5,"5,5","5,5"
22,Venezia,Haps,d,5.5,5.5,"5,5","5,5"
22,Venezia,Carboni F.,d,55.0,55.0,55,55
22,Venezia,Idzes,d,6.5,6.5,"6,5","6,5"
22,Venezia,Candè,d,5.5,5.5,"5,5","5,5"
22,Venezia,Nicolussi Caviglia,c,6.0,6.0,6,6
22,Venezia,Bjarkason,c,55.0,55.0,55,55
22,Venezia,Busio,c,6.0,6.0,6,6
22,Venezia,Zerbin,c,6.5,9.5,"6,5","9,5"
22,Venezia,Ellertsson,c,5.5,5.5,"5,5","5,5"
22,Venezia,Oristanio,c,5.5,5.5,"5,5","5,5"
22,Venezia,Doumbia I.,c,6.0,6.0,6,6
22,Venezia,Yeboah J.,c,55.0,55.0,55,55
22,Venezia,Pohjanpalo,a,6.0,5.5,6,"5,5"
22,Venezia,Gytkjaer,a,55.0,55.0,55,55
22,Venezia,Di Francesco,all,6.0,6.0,6,6
22,Verona,Montipo',p,6.5,5.5,"6,5","5,5"
22,Verona,Bradaric,d,5.5,5.5,"5,5","5,5"
22,Verona,Daniliuc,d,5.5,5.5,"5,5","5,5"
22,Verona,Coppola D.,d,6.5,6.5,"6,5","6,5"
22,Verona,Tchatchoua,d,7.0,10.0,7,10
22,Verona,Ghilardi,d,6.5,6.5,"6,5","6,5"
22,Verona,Lazovic,c,55.0,55.0,55,55
22,Verona,Kastanos,c,6.0,5.5,6,"5,5"
22,Verona,Belahyane,c,5.5,5.5,"5,5","5,5"
22,Verona,Serdar,c,6.5,6.5,"6,5","6,5"
22,Verona,Suslov,c,6.0,6.0,6,6
22,Verona,Sarr A.,a,6.5,6.5,"6,5","6,5"
22,Verona,Mosquera,a,6.5,6.5,"6,5","6,5"
22,Verona,Rocha Livramento,a,55.0,55.0,55,55
22,Verona,Tengstedt,a,6.0,6.0,6,6
22,Verona,Zanetti,all,6.0,6.0,6,6
23,Atalanta,Rui Patricio,p,6.0,5.0,6,5
23,Atalanta,Toloi,d,6.0,6.0,6,6
23,Atalanta,Cuadrado,d,6.5,6.5,"6,5","6,5"
23,Atalanta,Djimsiti,d,7.0,10.0,7,10
23,Atalanta,Kolasinac,d,6.0,6.0,6,6
23,Atalanta,Bellanova,d,6.5,7.5,"6,5","7,5"
23,Atalanta,Ruggeri,d,5.5,5.5,"5,5","5,5"
23,Atalanta,Hien,d,6.5,6.5,"6,5","6,5"
23,Atalanta,De Roon,c,6.0,6.0,6,6
23,Atalanta,Pasalic,c,6.0,6.0,6,6
23,Atalanta,Brescianini,c,5.5,5.5,"5,5","5,5"
23,Atalanta,Samardzic,c,6.0,6.0,6,6
23,Atalanta,Ederson D.s.,c,5.5,5.5,"5,5","5,5"
23,Atalanta,Scamacca,a,55.0,55.0,55,55
23,Atalanta,De Ketelaere,a,6.0,6.0,6,6
23,Atalanta,Retegui,a,5.0,2.0,5,2
23,Atalanta,Gasperini,all,6.0,6.0,6,6
23,Bologna,Skorupski,p,6.0,6.0,6,6
23,Bologna,De Silvestri,d,7.0,10.0,7,10
23,Bologna,Lykogiannis,d,7.0,7.5,7,"7,5"
23,Bologna,Miranda J.,d,6.5,7.5,"6,5","7,5"
23,Bologna,Lucumi',d,6.5,6.5,"6,5","6,5"
23,Bologna,Beukema,d,6.0,6.0,6,6
23,Bologna,Freuler,c,6.5,6.0,"6,5",6
23,Bologna,Ndoye,c,6.0,5.5,6,"5,5"
23,Bologna,Moro N.,c,6.5,6.5,"6,5","6,5"
23,Bologna,Fabbian,c,7.0,10.0,7,10
23,Bologna,El Azzouzi,c,55.0,55.0,55,55
23,Bologna,Odgaard,a,6.5,6.5,"6,5","6,5"
23,Bologna,Cambiaghi,a,55.0,55.0,55,55
23,Bologna,Castro S.,a,6.0,6.0,6,6
23,Bologna,Dallinga,a,6.0,6.0,6,6
23,Bologna,Dominguez B.,a,7.0,7.0,7,7
23,Bologna,Italiano,all,7.0,7.0,7,7
23,Cagliari,Caprile,p,6.5,4.5,"6,5","4,5"
23,Cagliari,Luperto,d,5.5,5.5,"5,5","5,5"
23,Cagliari,Mina,d,5.0,5.0,5,5
23,Cagliari,Augello,d,6.0,6.0,6,6
23,Cagliari,Zortea,d,6.0,6.0,6,6
23,Cagliari,Zappa,d,5.0,5.0,5,5
23,Cagliari,Viola,c,6.0,7.0,6,7
23,Cagliari,Deiola,c,6.0,6.0,6,6
23,Cagliari,Gaetano,c,5.5,5.5,"5,5","5,5"
23,Cagliari,Adopo,c,6.0,6.0,6,6
23,Cagliari,Makoumbou,c,6.0,6.0,6,6
23,Cagliari,Prati,c,55.0,55.0,55,55
23,Cagliari,Felici,c,5.5,5.5,"5,5","5,5"
23,Cagliari,Pavoletti,a,6.0,6.0,6,6
23,Cagliari,Piccoli,a,6.5,9.5,"6,5","9,5"
23,Cagliari,Mutandwa,a,55.0,55.0,55,55
23,Cagliari,Nicola,all,5.5,5.5,"5,5","5,5"
23,Como,Butez,p,6.0,4.0,6,4
23,Como,Goldaniga,d,5.0,5.0,5,5
23,Como,Dossena,d,5.0,5.0,5,5
23,Como,Iovine,d,55.0,55.0,55,55
23,Como,Valle,d,5.5,5.5,"5,5","5,5"
23,Como,Jack,d,55.0,55.0,55,55
23,Como,Strefezza,c,6.0,6.0,6,6
23,Como,Ikone',c,6.0,6.0,6,6
23,Como,Caqueret,c,5.0,4.5,5,"4,5"
23,Como,Da Cunha,c,6.0,6.0,6,6
23,Como,Perrone,c,5.0,4.5,5,"4,5"
23,Como,Engelhardt,c,5.0,5.0,5,5
23,Como,Fadera,c,4.0,3.0,4,3
23,Como,Paz N.,c,6.0,6.0,6,6
23,Como,Diao,c,5.5,5.0,"5,5",5
23,Como,Cutrone,a,5.5,5.5,"5,5","5,5"
23,Como,Fabregas,all,5.5,5.5,"5,5","5,5"
23,Empoli,Vasquez D.,p,5.5,1.5,"5,5","1,5"
23,Empoli,De Sciglio,d,6.0,9.0,6,9
23,Empoli,Ismajli,d,6.5,6.5,"6,5","6,5"
23,Empoli,Cacace,d,5.0,5.0,5,5
23,Empoli,Goglichidze,d,5.0,5.0,5,5
23,Empoli,Marianucci,d,5.5,5.5,"5,5","5,5"
23,Empoli,Tosto,d,55.0,55.0,55,55
23,Empoli,Zurkowski,c,5.5,5.5,"5,5","5,5"
23,Empoli,Henderson L.,c,6.0,6.0,6,6
23,Empoli,Gyasi,c,5.5,5.0,"5,5",5
23,Empoli,Maleh,c,5.0,4.0,5,4
23,Empoli,Anjorin,c,6.0,6.0,6,6
23,Empoli,Bacci,c,55.0,55.0,55,55
23,Empoli,Esposito Se.,a,5.5,5.5,"5,5","5,5"
23,Empoli,Colombo,a,5.5,5.5,"5,5","5,5"
23,Empoli,Konate Is.,a,55.0,55.0,55,55
23,Empoli,D'Aversa,all,6.0,6.0,6,6
23,Fiorentina,De Gea,p,6.0,5.0,6,5
23,Fiorentina,Gosens,d,6.5,7.5,"6,5","7,5"
23,Fiorentina,Ranieri L.,d,6.0,6.0,6,6
23,Fiorentina,Parisi,d,6.0,6.0,6,6
23,Fiorentina,Pongracic,d,6.5,6.5,"6,5","6,5"
23,Fiorentina,Dodo',d,6.5,6.5,"6,5","6,5"
23,Fiorentina,Comuzzo,d,6.0,5.5,6,"5,5"
23,Fiorentina,Mandragora,c,6.0,7.0,6,7
23,Fiorentina,Folorunsho,c,6.0,5.5,6,"5,5"
23,Fiorentina,Richardson,c,5.5,5.5,"5,5","5,5"
23,Fiorentina,Kean,a,7.0,10.0,7,10
23,Fiorentina,Kouame',a,55.0,55.0,55,55
23,Fiorentina,Gudmundsson A.,a,6.5,9.5,"6,5","9,5"
23,Fiorentina,Beltran L.,a,5.5,5.0,"5,5",5
23,Fiorentina,Palladino,all,6.5,6.5,"6,5","6,5"
23,Genoa,Leali,p,6.0,4.0,6,4
23,Genoa,Sabelli,d,6.0,6.0,6,6
23,Genoa,Martin,d,6.5,7.5,"6,5","7,5"
23,Genoa,Vasquez,d,6.5,6.5,"6,5","6,5"
23,Genoa,De Winter,d,6.5,9.0,"6,5",9
23,Genoa,Badelj,c,55.0,55.0,55,55
23,Genoa,Thorsby,c,6.0,6.0,6,6
23,Genoa,Cornet,c,5.0,5.0,5,5
23,Genoa,Messias,c,6.0,6.0,6,6
23,Genoa,Frendrup,c,6.5,6.5,"6,5","6,5"
23,Genoa,Miretti,c,6.0,6.0,6,6
23,Genoa,Masini,c,5.5,5.5,"5,5","5,5"
23,Genoa,Pinamonti,a,5.5,5.5,"5,5","5,5"
23,Genoa,Ekuban,a,6.0,6.0,6,6
23,Genoa,Vitinha O.,a,5.5,5.5,"5,5","5,5"
23,Genoa,Ekhator,a,55.0,55.0,55,55
23,Genoa,Vieira P.,all,6.0,6.0,6,6
23,Inter,Sommer,p,6.0,5.0,6,5
23,Inter,Dimarco,d,5.5,5.5,"5,5","5,5"
23,Inter,De Vrij,d,7.0,10.0,7,10
23,Inter,Bastoni,d,6.0,5.5,6,"5,5"
23,Inter,Pavard,d,6.0,6.0,6,6
23,Inter,Dumfries,d,6.0,5.5,6,"5,5"
23,Inter,Carlos Augusto,d,6.0,6.0,6,6
23,Inter,Bisseck,d,6.5,6.5,"6,5","6,5"
23,Inter,Zielinski,c,5.5,5.5,"5,5","5,5"
23,Inter,Barella,c,6.5,6.5,"6,5","6,5"
23,Inter,Calhanoglu,c,5.5,5.5,"5,5","5,5"
23,Inter,Mkhitaryan,c,5.5,5.5,"5,5","5,5"
23,Inter,Frattesi,c,6.0,6.0,6,6
23,Inter,Zalewski,c,6.5,7.5,"6,5","7,5"
23,Inter,Martinez L.,a,5.5,5.5,"5,5","5,5"
23,Inter,Thuram,a,6.0,6.0,6,6
23,Inter,Inzaghi S.,all,6.0,6.0,6,6
23,Juventus,Di Gregorio,p,6.0,5.0,6,5
23,Juventus,Gatti,d,6.0,6.0,6,6
23,Juventus,Savona,d,6.0,6.0,6,6
23,Juventus,Locatelli,c,6.0,6.0,6,6
23,Juventus,Weah,c,6.5,6.5,"6,5","6,5"
23,Juventus,McKennie,c,6.0,6.0,6,6
23,Juventus,Thuram K.,c,6.5,7.5,"6,5","7,5"
23,Juventus,Koopmeiners,c,6.5,6.5,"6,5","6,5"
23,Juventus,Veiga R.,c,6.0,6.0,6,6
23,Juventus,Conceicao,c,6.5,9.5,"6,5","9,5"
23,Juventus,Vlahovic,a,7.0,10.0,7,10
23,Juventus,Gonzalez N.,a,6.5,6.5,"6,5","6,5"
23,Juventus,Kolo Muani,a,7.5,13.5,"7,5","13,5"
23,Juventus,Yildiz,a,6.5,6.5,"6,5","6,5"
23,Juventus,Thiago Motta,all,6.5,6.5,"6,5","6,5"
23,Lazio,Provedel,p,5.5,4.5,"5,5","4,5"
23,Lazio,Hysaj,d,6.0,7.0,6,7
23,Lazio,Romagnoli,d,6.0,6.0,6,6
23,Lazio,Marusic,d,6.0,6.0,6,6
23,Lazio,Gila,d,6.5,6.5,"6,5","6,5"
23,Lazio,Gigot,d,6.0,6.0,6,6
23,Lazio,Zaccagni,c,7.0,10.0,7,10
23,Lazio,Guendouzi,c,6.5,6.5,"6,5","6,5"
23,Lazio,Rovella,c,6.5,6.5,"6,5","6,5"
23,Lazio,Dele-Bashiru,c,55.0,55.0,55,55
23,Lazio,Pedro,a,55.0,55.0,55,55
23,Lazio,Dia,a,6.0,7.0,6,7
23,Lazio,Castellanos,a,7.0,10.0,7,10
23,Lazio,Isaksen,a,6.5,6.5,"6,5","6,5"
23,Lazio,Noslin,a,55.0,55.0,55,55
23,Lazio,Baroni,all,6.5,6.5,"6,5","6,5"
23,Lecce,Falcone,p,7.5,6.5,"7,5","6,5"
23,Lecce,Gallo,d,6.0,6.0,6,6
23,Lecce,Guilbert,d,6.5,6.5,"6,5","6,5"
23,Lecce,Baschirotto,d,5.5,5.5,"5,5","5,5"
23,Lecce,Jean,d,6.0,6.0,6,6
23,Lecce,Coulibaly L.,c,6.5,6.5,"6,5","6,5"
23,Lecce,Helgason,c,7.0,8.0,7,8
23,Lecce,Ramadani,c,6.0,5.5,6,"5,5"
23,Lecce,Karlsson,c,6.5,6.0,"6,5",6
23,Lecce,Pierret,c,6.5,6.5,"6,5","6,5"
23,Lecce,Tete Morente,c,6.5,6.5,"6,5","6,5"
23,Lecce,Krstovic,a,8.0,13.0,8,13
23,Lecce,Pierotti,a,8.0,14.0,8,14
23,Lecce,Giampaolo,all,8.0,8.0,8,8
23,Milan,Maignan,p,6.0,5.0,6,5
23,Milan,Walker,d,6.0,6.0,6,6
23,Milan,Hernandez T.,d,6.5,6.5,"6,5","6,5"
23,Milan,Gabbia,d,55.0,55.0,55,55
23,Milan,Tomori,d,6.5,6.5,"6,5","6,5"
23,Milan,Pavlovic,d,6.0,6.0,6,6
23,Milan,Terracciano F.,d,5.5,5.5,"5,5","5,5"
23,Milan,Jimenez A.,d,6.0,6.0,6,6
23,Milan,Pulisic,c,6.0,6.0,6,6
23,Milan,Bennacer,c,6.5,6.5,"6,5","6,5"
23,Milan,Chukwueze,c,55.0,55.0,55,55
23,Milan,Musah,c,6.5,6.5,"6,5","6,5"
23,Milan,Reijnders,c,7.0,10.0,7,10
23,Milan,Abraham,a,6.0,6.0,6,6
23,Milan,Leao,a,6.0,6.0,6,6
23,Milan,Camarda,a,6.0,6.0,6,6
23,Milan,Conceicao S.,all,6.0,6.0,6,6
23,Monza,Turati,p,6.5,5.5,"6,5","5,5"
23,Monza,Pizzignacco,p,6.5,6.5,"6,5","6,5"
23,Monza,Izzo,d,5.5,5.0,"5,5",5
23,Monza,Pereira P.,d,5.5,5.5,"5,5","5,5"
23,Monza,Kyriakopoulos,d,5.5,5.5,"5,5","5,5"
23,Monza,Palacios T.,d,5.5,5.5,"5,5","5,5"
23,Monza,Lekovic,d,4.5,2.5,"4,5","2,5"
23,Monza,Sensi,c,5.5,5.5,"5,5","5,5"
23,Monza,Castrovilli,c,5.5,5.5,"5,5","5,5"
23,Monza,Urbanski,c,6.0,6.0,6,6
23,Monza,Vignato S.,c,5.5,5.5,"5,5","5,5"
23,Monza,Ciurria,c,5.5,5.5,"5,5","5,5"
23,Monza,Martins K.,c,6.5,6.0,"6,5",6
23,Monza,Petagna,a,55.0,55.0,55,55
23,Monza,Mota,a,5.5,5.5,"5,5","5,5"
23,Monza,Maric,a,55.0,55.0,55,55
23,Monza,Bocchetti,all,5.0,5.0,5,5
23,Napoli,Meret,p,6.5,5.5,"6,5","5,5"
23,Napoli,Juan Jesus,d,6.5,7.5,"6,5","7,5"
23,Napoli,Spinazzola,d,7.0,10.0,7,10
23,Napoli,Di Lorenzo,d,6.0,6.0,6,6
23,Napoli,Rrahmani,d,6.5,6.5,"6,5","6,5"
23,Napoli,Mazzocchi,d,5.5,5.5,"5,5","5,5"
23,Napoli,Politano,c,6.0,5.5,6,"5,5"
23,Napoli,Zambo Anguissa,c,6.0,6.0,6,6
23,Napoli,Lobotka,c,6.0,6.0,6,6
23,Napoli,McTominay,c,5.5,5.5,"5,5","5,5"
23,Napoli,Neres,c,6.5,6.5,"6,5","6,5"
23,Napoli,Simeone,a,55.0,55.0,55,55
23,Napoli,Lukaku,a,6.0,6.0,6,6
23,Napoli,Raspadori,a,55.0,55.0,55,55
23,Napoli,Conte,all,5.5,5.5,"5,5","5,5"
23,Parma,Suzuki,p,5.5,2.5,"5,5","2,5"
23,Parma,Valenti,d,5.5,5.5,"5,5","5,5"
23,Parma,Valeri,d,6.5,9.5,"6,5","9,5"
23,Parma,Vogliacco,d,5.0,5.0,5,5
23,Parma,Leoni,d,4.5,4.5,"4,5","4,5"
23,Parma,Sohm,c,6.0,6.0,6,6
23,Parma,Camara D.,c,6.0,5.5,6,"5,5"
23,Parma,Hainaut,c,5.0,5.0,5,5
23,Parma,Keita M.,c,5.5,5.5,"5,5","5,5"
23,Parma,Ondrejka,c,6.0,6.0,6,6
23,Parma,Mihaila,a,6.0,6.0,6,6
23,Parma,Djuric,a,5.5,5.5,"5,5","5,5"
23,Parma,Cancellieri,a,5.5,5.5,"5,5","5,5"
23,Parma,Almqvist,a,5.5,5.5,"5,5","5,5"
23,Parma,Bonny,a,5.0,5.0,5,5
23,Parma,Haj Mohamed,a,6.0,6.0,6,6
23,Parma,Pecchia,all,4.5,4.5,"4,5","4,5"
23,Roma,Svilar,p,5.5,4.5,"5,5","4,5"
23,Roma,Mancini,d,5.5,5.5,"5,5","5,5"
23,Roma,N'Dicka,d,6.5,6.5,"6,5","6,5"
23,Roma,Angelino,d,7.0,10.0,7,10
23,Roma,Rensch,d,6.0,6.0,6,6
23,Roma,Paredes,c,6.5,6.5,"6,5","6,5"
23,Roma,Cristante,c,6.0,6.0,6,6
23,Roma,El Shaarawy,c,6.0,6.0,6,6
23,Roma,Saelemaekers,c,6.5,7.5,"6,5","7,5"
23,Roma,Kone' M.,c,6.5,6.0,"6,5",6
23,Roma,Baldanzi,c,55.0,55.0,55,55
23,Roma,Pisilli,c,6.0,5.5,6,"5,5"
23,Roma,Dybala,a,55.0,55.0,55,55
23,Roma,Shomurodov,a,5.5,5.5,"5,5","5,5"
23,Roma,Soule',a,5.5,5.5,"5,5","5,5"
23,Roma,Dovbyk,a,6.0,6.0,6,6
23,Roma,Ranieri C.,all,6.5,6.5,"6,5","6,5"
23,Torino,Milinkovic-Savic V.,p,7.0,8.5,7,"8,5"
23,Torino,Masina,d,55.0,55.0,55,55
23,Torino,Walukiewicz,d,6.0,6.0,6,6
23,Torino,Lazaro,d,7.0,8.0,7,8
23,Torino,Maripan,d,7.0,10.0,7,10
23,Torino,Pedersen,d,5.5,5.5,"5,5","5,5"
23,Torino,Coco,d,5.0,4.5,5,"4,5"
23,Torino,Sosa B.,d,6.0,6.0,6,6
23,Torino,Tameze,c,5.0,4.5,5,"4,5"
23,Torino,Ricci S.,c,6.0,6.0,6,6
23,Torino,Vlasic,c,6.0,6.0,6,6
23,Torino,Gineitis,c,6.0,6.0,6,6
23,Torino,Sanabria,a,6.0,6.0,6,6
23,Torino,Karamoh,a,6.0,6.0,6,6
23,Torino,Adams C.,a,5.5,5.5,"5,5","5,5"
23,Torino,Njie,a,6.0,6.0,6,6
23,Torino,Vanoli,all,6.5,6.5,"6,5","6,5"
23,Udinese,Sava,p,5.0,3.0,5,3
23,Udinese,Kamara H.,d,6.5,7.0,"6,5",7
23,Udinese,Bijol,d,6.5,6.0,"6,5",6
23,Udinese,Zemura,d,5.5,5.5,"5,5","5,5"
23,Udinese,Kristensen T.,d,6.0,6.0,6,6
23,Udinese,Solet,d,7.0,8.0,7,8
23,Udinese,Pafundi,c,55.0,55.0,55,55
23,Udinese,Lovric,c,6.5,9.5,"6,5","9,5"
23,Udinese,Zarraga,c,55.0,55.0,55,55
23,Udinese,Payero,c,5.5,5.5,"5,5","5,5"
23,Udinese,Ekkelenkamp,c,6.0,6.0,6,6
23,Udinese,Atta,c,6.0,6.0,6,6
23,Udinese,Thauvin,a,6.5,6.5,"6,5","6,5"
23,Udinese,Sanchez,a,5.5,5.5,"5,5","5,5"
23,Udinese,Lucca,a,7.0,9.5,7,"9,5"
23,Udinese,Bravo,a,7.0,10.0,7,10
23,Udinese,Runjaic,all,6.5,6.5,"6,5","6,5"
23,Venezia,Joronen,p,4.5,1.5,"4,5","1,5"
23,Venezia,Stankovic F.,p,55.0,55.0,55,55
23,Venezia,Haps,d,5.5,5.0,"5,5",5
23,Venezia,Idzes,d,5.5,5.5,"5,5","5,5"
23,Venezia,Schingtienne,d,5.0,5.0,5,5
23,Venezia,Candè,d,5.5,5.5,"5,5","5,5"
23,Venezia,Nicolussi Caviglia,c,6.5,9.5,"6,5","9,5"
23,Venezia,Bjarkason,c,55.0,55.0,55,55
23,Venezia,Busio,c,5.5,5.5,"5,5","5,5"
23,Venezia,Zerbin,c,5.0,5.0,5,5
23,Venezia,Ellertsson,c,6.0,6.0,6,6
23,Venezia,Oristanio,c,5.0,5.0,5,5
23,Venezia,Doumbia I.,c,5.5,5.5,"5,5","5,5"
23,Venezia,Yeboah J.,c,5.0,4.5,5,"4,5"
23,Venezia,Perez K.,c,5.5,5.5,"5,5","5,5"
23,Venezia,Gytkjaer,a,6.5,9.5,"6,5","9,5"
23,Venezia,Di Francesco,all,5.5,5.5,"5,5","5,5"
23,Verona,Montipo',p,6.0,6.0,6,6
23,Verona,Dawidowicz,d,55.0,55.0,55,55
23,Verona,Bradaric,d,5.5,5.0,"5,5",5
23,Verona,Daniliuc,d,6.0,6.0,6,6
23,Verona,Coppola D.,d,6.5,6.5,"6,5","6,5"
23,Verona,Tchatchoua,d,6.5,6.5,"6,5","6,5"
23,Verona,Ghilardi,d,6.0,6.0,6,6
23,Verona,Lazovic,c,55.0,55.0,55,55
23,Verona,Niasse,c,5.5,5.0,"5,5",5
23,Verona,Belahyane,c,6.5,6.5,"6,5","6,5"
23,Verona,Serdar,c,6.5,6.5,"6,5","6,5"
23,Verona,Suslov,c,6.5,6.5,"6,5","6,5"
23,Verona,Sarr A.,a,6.0,6.0,6,6
23,Verona,Mosquera,a,5.5,5.0,"5,5",5
23,Verona,Rocha Livramento,a,55.0,55.0,55,55
23,Verona,Ajayi,a,55.0,55.0,55,55
23,Verona,Zanetti,all,6.5,6.5,"6,5","6,5"
24,Atalanta,Rui Patricio,p,6.5,6.5,"6,5","6,5"
24,Atalanta,Zappacosta,d,6.5,6.5,"6,5","6,5"
24,Atalanta,Toloi,d,6.0,6.0,6,6
24,Atalanta,Cuadrado,d,6.5,6.5,"6,5","6,5"
24,Atalanta,Djimsiti,d,6.5,7.5,"6,5","7,5"
24,Atalanta,Hien,d,6.5,6.5,"6,5","6,5"
24,Atalanta,Posch,d,7.0,7.0,7,7
24,Atalanta,Palestra,d,55.0,55.0,55,55
24,Atalanta,De Roon,c,7.0,8.0,7,8
24,Atalanta,Pasalic,c,6.0,6.0,6,6
24,Atalanta,Brescianini,c,6.0,6.0,6,6
24,Atalanta,Samardzic,c,6.5,6.5,"6,5","6,5"
24,Atalanta,Ederson D.s.,c,7.5,10.5,"7,5","10,5"
24,Atalanta,Sulemana I.,c,6.0,5.5,6,"5,5"
24,Atalanta,De Ketelaere,a,7.0,7.0,7,7
24,Atalanta,Retegui,a,9.0,21.0,9,21
24,Atalanta,Gasperini,all,7.5,7.5,"7,5","7,5"
24,Bologna,Skorupski,p,7.0,7.0,7,7
24,Bologna,De Silvestri,d,6.0,6.0,6,6
24,Bologna,Lykogiannis,d,5.5,5.5,"5,5","5,5"
24,Bologna,Miranda J.,d,55.0,55.0,55,55
24,Bologna,Casale,d,6.0,6.0,6,6
24,Bologna,Holm,d,6.0,6.0,6,6
24,Bologna,Lucumi',d,6.0,6.0,6,6
24,Bologna,Freuler,c,6.0,5.5,6,"5,5"
24,Bologna,Pobega,c,6.5,6.0,"6,5",6
24,Bologna,Ndoye,c,6.0,6.0,6,6
24,Bologna,Moro N.,c,55.0,55.0,55,55
24,Bologna,Fabbian,c,6.0,6.0,6,6
24,Bologna,Cambiaghi,a,6.0,6.0,6,6
24,Bologna,Castro S.,a,6.0,6.0,6,6
24,Bologna,Dallinga,a,6.0,6.0,6,6
24,Bologna,Dominguez B.,a,6.0,6.0,6,6
24,Bologna,Italiano,all,6.0,6.0,6,6
24,Cagliari,Caprile,p,6.0,5.0,6,5
24,Cagliari,Luperto,d,6.5,6.5,"6,5","6,5"
24,Cagliari,Mina,d,7.0,7.0,7,7
24,Cagliari,Augello,d,7.0,7.0,7,7
24,Cagliari,Zortea,d,5.5,5.5,"5,5","5,5"
24,Cagliari,Zappa,d,6.5,6.5,"6,5","6,5"
24,Cagliari,Viola,c,6.0,6.0,6,6
24,Cagliari,Deiola,c,55.0,55.0,55,55
24,Cagliari,Gaetano,c,6.5,7.5,"6,5","7,5"
24,Cagliari,Adopo,c,6.0,6.0,6,6
24,Cagliari,Marin,c,55.0,55.0,55,55
24,Cagliari,Makoumbou,c,6.0,6.0,6,6
24,Cagliari,Felici,c,6.5,6.5,"6,5","6,5"
24,Cagliari,Pavoletti,a,55.0,55.0,55,55
24,Cagliari,Piccoli,a,6.0,6.0,6,6
24,Cagliari,Coman F.,a,7.5,10.5,"7,5","10,5"
24,Cagliari,Nicola,all,7.0,7.0,7,7
24,Como,Butez,p,5.0,3.0,5,3
24,Como,Goldaniga,d,6.0,5.5,6,"5,5"
24,Como,Dossena,d,5.5,5.5,"5,5","5,5"
24,Como,Valle,d,6.0,5.5,6,"5,5"
24,Como,Van Der Brempt,d,55.0,55.0,55,55
24,Como,Jack,d,55.0,55.0,55,55
24,Como,Smolcic I.,d,6.0,6.0,6,6
24,Como,Strefezza,c,6.0,5.5,6,"5,5"
24,Como,Ikone',c,5.5,5.5,"5,5","5,5"
24,Como,Da Cunha,c,6.0,6.0,6,6
24,Como,Perrone,c,6.0,6.0,6,6
24,Como,Engelhardt,c,55.0,55.0,55,55
24,Como,Paz N.,c,6.5,6.5,"6,5","6,5"
24,Como,Diao,c,7.0,10.0,7,10
24,Como,Cutrone,a,6.5,7.5,"6,5","7,5"
24,Como,Douvikas,a,6.0,6.0,6,6
24,Como,Fabregas,all,5.5,5.5,"5,5","5,5"
24,Empoli,Vasquez D.,p,6.0,4.0,6,4
24,Empoli,De Sciglio,d,5.5,5.5,"5,5","5,5"
24,Empoli,Pezzella Giu.,d,5.5,5.5,"5,5","5,5"
24,Empoli,Viti,d,6.0,6.0,6,6
24,Empoli,Cacace,d,5.5,5.5,"5,5","5,5"
24,Empoli,Goglichidze,d,5.5,5.5,"5,5","5,5"
24,Empoli,Marianucci,d,5.0,4.0,5,4
24,Empoli,Grassi,c,5.5,5.0,"5,5",5
24,Empoli,Zurkowski,c,6.0,6.0,6,6
24,Empoli,Henderson L.,c,5.5,5.0,"5,5",5
24,Empoli,Gyasi,c,6.0,6.0,6,6
24,Empoli,Bacci,c,55.0,55.0,55,55
24,Empoli,Kouame',a,6.0,6.0,6,6
24,Empoli,Esposito Se.,a,5.5,5.5,"5,5","5,5"
24,Empoli,Colombo,a,6.5,6.5,"6,5","6,5"
24,Empoli,Konate Is.,a,55.0,55.0,55,55
24,Empoli,D'Aversa,all,5.5,5.5,"5,5","5,5"
24,Fiorentina,De Gea,p,6.0,4.0,6,4
24,Fiorentina,Gosens,d,6.0,6.0,6,6
24,Fiorentina,Ranieri L.,d,5.5,5.5,"5,5","5,5"
24,Fiorentina,Parisi,d,5.5,5.0,"5,5",5
24,Fiorentina,Pongracic,d,5.5,3.5,"5,5","3,5"
24,Fiorentina,Dodo',d,5.5,5.5,"5,5","5,5"
24,Fiorentina,Moreno M.,d,6.0,6.0,6,6
24,Fiorentina,Cataldi,c,6.0,6.0,6,6
24,Fiorentina,Mandragora,c,6.5,9.5,"6,5","9,5"
24,Fiorentina,Zaniolo,c,6.0,6.0,6,6
24,Fiorentina,Fagioli,c,6.0,6.0,6,6
24,Fiorentina,Folorunsho,c,6.0,6.0,6,6
24,Fiorentina,Richardson,c,5.0,4.5,5,"4,5"
24,Fiorentina,Kean,a,5.5,5.0,"5,5",5
24,Fiorentina,Gudmundsson A.,a,55.0,55.0,55,55
24,Fiorentina,Beltran L.,a,5.5,5.5,"5,5","5,5"
24,Fiorentina,Palladino,all,6.0,6.0,6,6
24,Genoa,Leali,p,6.0,5.0,6,5
24,Genoa,Sabelli,d,6.0,6.0,6,6
24,Genoa,Martin,d,6.0,6.0,6,6
24,Genoa,Vasquez,d,6.5,6.5,"6,5","6,5"
24,Genoa,Zanoli,d,6.0,6.0,6,6
24,Genoa,Matturro,d,6.0,5.5,6,"5,5"
24,Genoa,Badelj,c,5.5,5.5,"5,5","5,5"
24,Genoa,Thorsby,c,5.0,3.0,5,3
24,Genoa,Messias,c,6.5,7.0,"6,5",7
24,Genoa,Frendrup,c,5.5,5.5,"5,5","5,5"
24,Genoa,Miretti,c,5.5,5.5,"5,5","5,5"
24,Genoa,Masini,c,6.0,6.0,6,6
24,Genoa,Pinamonti,a,7.0,10.0,7,10
24,Genoa,Ekuban,a,6.0,6.0,6,6
24,Genoa,Vitinha O.,a,5.5,5.5,"5,5","5,5"
24,Genoa,Vieira P.,all,6.0,6.0,6,6
24,Inter,Sommer,p,6.0,5.0,6,5
24,Inter,Acerbi,d,6.5,6.5,"6,5","6,5"
24,Inter,Bastoni,d,6.5,6.5,"6,5","6,5"
24,Inter,Darmian,d,5.5,5.5,"5,5","5,5"
24,Inter,Pavard,d,6.5,6.5,"6,5","6,5"
24,Inter,Carlos Augusto,d,7.0,8.0,7,8
24,Inter,Zielinski,c,6.5,6.5,"6,5","6,5"
24,Inter,Barella,c,7.0,6.5,7,"6,5"
24,Inter,Calhanoglu,c,6.5,6.0,"6,5",6
24,Inter,Mkhitaryan,c,6.0,5.5,6,"5,5"
24,Inter,Frattesi,c,6.0,6.0,6,6
24,Inter,Zalewski,c,6.0,5.5,6,"5,5"
24,Inter,Martinez L.,a,6.5,6.5,"6,5","6,5"
24,Inter,Arnautovic,a,7.0,10.0,7,10
24,Inter,Thuram,a,6.0,6.0,6,6
24,Inter,Taremi,a,55.0,55.0,55,55
24,Inter,Inzaghi S.,all,6.5,6.5,"6,5","6,5"
24,Juventus,Di Gregorio,p,7.0,6.0,7,6
24,Juventus,Gatti,d,6.5,6.5,"6,5","6,5"
24,Juventus,Kelly L.,d,5.5,5.5,"5,5","5,5"
24,Juventus,Savona,d,5.5,5.0,"5,5",5
24,Juventus,Locatelli,c,6.0,6.0,6,6
24,Juventus,Weah,c,6.5,6.5,"6,5","6,5"
24,Juventus,Douglas Luiz,c,6.0,6.0,6,6
24,Juventus,McKennie,c,5.5,5.5,"5,5","5,5"
24,Juventus,Thuram K.,c,6.0,6.0,6,6
24,Juventus,Koopmeiners,c,5.0,5.0,5,5
24,Juventus,Veiga R.,c,6.5,6.5,"6,5","6,5"
24,Juventus,Conceicao,c,6.0,6.0,6,6
24,Juventus,Gonzalez N.,a,6.0,7.0,6,7
24,Juventus,Kolo Muani,a,8.0,14.0,8,14
24,Juventus,Yildiz,a,6.0,6.0,6,6
24,Juventus,Mbangula,a,6.0,6.0,6,6
24,Juventus,Thiago Motta,all,6.0,6.0,6,6
24,Lazio,Provedel,p,6.0,5.0,6,5
24,Lazio,Romagnoli,d,6.0,6.0,6,6
24,Lazio,Marusic,d,7.0,10.0,7,10
24,Lazio,Lazzari,d,5.5,5.5,"5,5","5,5"
24,Lazio,Tavares N.,d,6.5,6.5,"6,5","6,5"
24,Lazio,Gila,d,6.5,6.5,"6,5","6,5"
24,Lazio,Zaccagni,c,7.0,8.0,7,8
24,Lazio,Guendouzi,c,6.5,6.5,"6,5","6,5"
24,Lazio,Rovella,c,7.0,8.0,7,8
24,Lazio,Tchaouna,c,6.0,6.0,6,6
24,Lazio,Dele-Bashiru,c,6.5,9.5,"6,5","9,5"
24,Lazio,Pedro,a,7.5,13.5,"7,5","13,5"
24,Lazio,Dia,a,6.0,6.0,6,6
24,Lazio,Castellanos,a,8.0,13.0,8,13
24,Lazio,Isaksen,a,6.5,6.5,"6,5","6,5"
24,Lazio,Noslin,a,6.5,7.5,"6,5","7,5"
24,Lazio,Baroni,all,8.0,8.0,8,8
24,Lecce,Falcone,p,6.0,6.0,6,6
24,Lecce,Gallo,d,6.0,6.0,6,6
24,Lecce,Guilbert,d,6.5,6.5,"6,5","6,5"
24,Lecce,Baschirotto,d,6.0,6.0,6,6
24,Lecce,Jean,d,6.0,6.0,6,6
24,Lecce,Coulibaly L.,c,6.0,6.0,6,6
24,Lecce,Helgason,c,6.0,6.0,6,6
24,Lecce,Berisha M.,c,55.0,55.0,55,55
24,Lecce,Ramadani,c,5.5,5.5,"5,5","5,5"
24,Lecce,Karlsson,c,6.0,6.0,6,6
24,Lecce,Pierret,c,6.0,6.0,6,6
24,Lecce,Tete Morente,c,5.5,5.5,"5,5","5,5"
24,Lecce,Krstovic,a,6.0,6.0,6,6
24,Lecce,Pierotti,a,5.5,5.5,"5,5","5,5"
24,Lecce,N'Dri,a,55.0,55.0,55,55
24,Lecce,Giampaolo,all,6.0,6.0,6,6
24,Milan,Maignan,p,6.0,6.0,6,6
24,Milan,Walker,d,6.5,6.5,"6,5","6,5"
24,Milan,Hernandez T.,d,6.0,6.0,6,6
24,Milan,Tomori,d,5.0,4.0,5,4
24,Milan,Pavlovic,d,6.0,6.0,6,6
24,Milan,Terracciano F.,d,55.0,55.0,55,55
24,Milan,Thiaw,d,6.0,6.0,6,6
24,Milan,Jimenez A.,d,5.0,5.0,5,5
24,Milan,Pulisic,c,7.5,9.5,"7,5","9,5"
24,Milan,Fofana Y.,c,5.5,5.5,"5,5","5,5"
24,Milan,Musah,c,6.0,6.0,6,6
24,Milan,Reijnders,c,6.0,6.0,6,6
24,Milan,Abraham,a,5.5,5.5,"5,5","5,5"
24,Milan,Leao,a,7.0,10.0,7,10
24,Milan,Joao Felix,a,6.0,5.5,6,"5,5"
24,Milan,Gimenez,a,7.0,9.5,7,"9,5"
24,Milan,Conceicao S.,all,6.5,6.5,"6,5","6,5"
24,Monza,Pizzignacco,p,6.0,1.0,6,1
24,Monza,Izzo,d,5.5,5.5,"5,5","5,5"
24,Monza,Pereira P.,d,5.0,4.5,5,"4,5"
24,Monza,Kyriakopoulos,d,6.0,6.0,6,6
24,Monza,Palacios T.,d,4.5,4.5,"4,5","4,5"
24,Monza,Lekovic,d,4.5,4.5,"4,5","4,5"
24,Monza,Sensi,c,6.5,9.5,"6,5","9,5"
24,Monza,Castrovilli,c,6.0,6.0,6,6
24,Monza,Urbanski,c,5.5,5.5,"5,5","5,5"
24,Monza,Bianco,c,5.5,5.5,"5,5","5,5"
24,Monza,Vignato S.,c,55.0,55.0,55,55
24,Monza,Ciurria,c,5.5,5.5,"5,5","5,5"
24,Monza,Zeroli,c,55.0,55.0,55,55
24,Monza,Martins K.,c,5.0,5.0,5,5
24,Monza,Mota,a,5.0,5.0,5,5
24,Monza,Ganvoula,a,5.5,5.5,"5,5","5,5"
24,Monza,Bocchetti,all,4.5,4.0,"4,5",4
24,Napoli,Meret,p,6.5,5.5,"6,5","5,5"
24,Napoli,Juan Jesus,d,5.5,5.5,"5,5","5,5"
24,Napoli,Di Lorenzo,d,6.5,6.5,"6,5","6,5"
24,Napoli,Rrahmani,d,6.0,6.0,6,6
24,Napoli,Mazzocchi,d,5.0,5.0,5,5
24,Napoli,Politano,c,6.0,7.0,6,7
24,Napoli,Zambo Anguissa,c,6.0,6.0,6,6
24,Napoli,Lobotka,c,5.5,5.5,"5,5","5,5"
24,Napoli,McTominay,c,7.0,10.0,7,10
24,Napoli,Gilmour,c,55.0,55.0,55,55
24,Napoli,Neres,c,5.5,5.5,"5,5","5,5"
24,Napoli,Simeone,a,6.0,6.0,6,6
24,Napoli,Lukaku,a,5.5,5.5,"5,5","5,5"
24,Napoli,Raspadori,a,6.0,6.0,6,6
24,Napoli,Ngonge,a,5.5,5.5,"5,5","5,5"
24,Napoli,Okafor,a,55.0,55.0,55,55
24,Napoli,Conte,all,5.5,5.5,"5,5","5,5"
24,Parma,Suzuki,p,6.0,4.0,6,4
24,Parma,Valeri,d,6.0,6.0,6,6
24,Parma,Vogliacco,d,5.0,3.0,5,3
24,Parma,Delprato,d,5.0,5.0,5,5
24,Parma,Leoni,d,6.5,9.5,"6,5","9,5"
24,Parma,Hernani,c,5.5,5.0,"5,5",5
24,Parma,Sohm,c,5.5,5.5,"5,5","5,5"
24,Parma,Man,c,6.0,6.0,6,6
24,Parma,Camara D.,c,6.5,6.0,"6,5",6
24,Parma,Bernabe',c,6.0,6.0,6,6
24,Parma,Keita M.,c,5.5,5.5,"5,5","5,5"
24,Parma,Ondrejka,c,5.5,5.5,"5,5","5,5"
24,Parma,Djuric,a,6.0,6.0,6,6
24,Parma,Cancellieri,a,5.5,5.5,"5,5","5,5"
24,Parma,Almqvist,a,55.0,55.0,55,55
24,Parma,Bonny,a,6.5,7.5,"6,5","7,5"
24,Parma,Pecchia,all,5.5,5.5,"5,5","5,5"
24,Roma,Svilar,p,6.0,6.0,6,6
24,Roma,Mancini,d,6.5,6.5,"6,5","6,5"
24,Roma,N'Dicka,d,7.0,7.0,7,7
24,Roma,Celik,d,6.0,5.5,6,"5,5"
24,Roma,Angelino,d,6.5,6.5,"6,5","6,5"
24,Roma,Rensch,d,6.0,6.0,6,6
24,Roma,Nelsson,d,6.0,6.0,6,6
24,Roma,Cristante,c,6.0,5.5,6,"5,5"
24,Roma,El Shaarawy,c,6.0,6.0,6,6
24,Roma,Saelemaekers,c,6.0,6.0,6,6
24,Roma,Baldanzi,c,6.0,6.0,6,6
24,Roma,Pisilli,c,6.0,6.0,6,6
24,Roma,Gourna-Douath,c,6.0,5.5,6,"5,5"
24,Roma,Dybala,a,7.0,10.0,7,10
24,Roma,Shomurodov,a,55.0,55.0,55,55
24,Roma,Dovbyk,a,6.0,6.0,6,6
24,Roma,Ranieri C.,all,6.5,6.5,"6,5","6,5"
24,Torino,Milinkovic-Savic V.,p,6.0,5.0,6,5
24,Torino,Biraghi,d,6.0,6.0,6,6
24,Torino,Walukiewicz,d,6.0,6.0,6,6
24,Torino,Lazaro,d,6.5,6.5,"6,5","6,5"
24,Torino,Maripan,d,6.0,6.0,6,6
24,Torino,Pedersen,d,5.5,5.5,"5,5","5,5"
24,Torino,Coco,d,5.5,5.0,"5,5",5
24,Torino,Sosa B.,d,6.0,6.0,6,6
24,Torino,Tameze,c,6.0,6.0,6,6
24,Torino,Ricci S.,c,6.0,5.5,6,"5,5"
24,Torino,Vlasic,c,6.5,6.5,"6,5","6,5"
24,Torino,Casadei,c,6.0,6.0,6,6
24,Torino,Gineitis,c,6.0,6.0,6,6
24,Torino,Sanabria,a,55.0,55.0,55,55
24,Torino,Karamoh,a,5.5,5.5,"5,5","5,5"
24,Torino,Adams C.,a,5.5,5.5,"5,5","5,5"
24,Torino,Vanoli,all,6.0,6.0,6,6
24,Udinese,Sava,p,6.0,5.0,6,5
24,Udinese,Kamara H.,d,6.0,6.0,6,6
24,Udinese,Bijol,d,7.0,7.0,7,7
24,Udinese,Ehizibue,d,55.0,55.0,55,55
24,Udinese,Kristensen T.,d,5.5,5.5,"5,5","5,5"
24,Udinese,Solet,d,7.0,7.0,7,7
24,Udinese,Lovric,c,6.0,6.0,6,6
24,Udinese,Zarraga,c,55.0,55.0,55,55
24,Udinese,Payero,c,6.0,6.0,6,6
24,Udinese,Karlstrom,c,6.5,7.5,"6,5","7,5"
24,Udinese,Ekkelenkamp,c,7.0,10.0,7,10
24,Udinese,Atta,c,6.5,6.5,"6,5","6,5"
24,Udinese,Thauvin,a,6.5,6.5,"6,5","6,5"
24,Udinese,Lucca,a,6.0,5.5,6,"5,5"
24,Udinese,Bravo,a,55.0,55.0,55,55
24,Udinese,Runjaic,all,6.5,6.5,"6,5","6,5"
24,Venezia,Radu I.,p,6.5,5.5,"6,5","5,5"
24,Venezia,Marcandalli,d,5.5,5.5,"5,5","5,5"
24,Venezia,Idzes,d,6.0,6.0,6,6
24,Venezia,Schingtienne,d,6.0,6.0,6,6
24,Venezia,Candè,d,6.0,5.5,6,"5,5"
24,Venezia,Nicolussi Caviglia,c,6.5,6.5,"6,5","6,5"
24,Venezia,Bjarkason,c,6.0,6.0,6,6
24,Venezia,Busio,c,6.0,6.0,6,6
24,Venezia,Zerbin,c,6.5,6.5,"6,5","6,5"
24,Venezia,Ellertsson,c,5.5,5.5,"5,5","5,5"
24,Venezia,Oristanio,c,6.0,6.0,6,6
24,Venezia,Yeboah J.,c,6.0,6.0,6,6
24,Venezia,Perez K.,c,6.0,6.0,6,6
24,Venezia,Gytkjaer,a,55.0,55.0,55,55
24,Venezia,Maric,a,55.0,55.0,55,55
24,Venezia,Fila,a,6.0,5.5,6,"5,5"
24,Venezia,Di Francesco,all,5.5,5.5,"5,5","5,5"
24,Verona,Montipo',p,5.5,0.5,"5,5","0,5"
24,Verona,Dawidowicz,d,5.5,5.5,"5,5","5,5"
24,Verona,Bradaric,d,5.0,5.0,5,5
24,Verona,Daniliuc,d,4.5,4.5,"4,5","4,5"
24,Verona,Coppola D.,d,4.0,4.0,4,4
24,Verona,Tchatchoua,d,4.5,4.5,"4,5","4,5"
24,Verona,Ghilardi,d,4.5,4.0,"4,5",4
24,Verona,Valentini N.,d,5.5,5.5,"5,5","5,5"
24,Verona,Oyegoke,d,6.0,6.0,6,6
24,Verona,Kastanos,c,6.0,6.0,6,6
24,Verona,Niasse,c,4.5,4.0,"4,5",4
24,Verona,Suslov,c,5.0,5.0,5,5
24,Verona,Bernede,c,4.5,4.5,"4,5","4,5"
24,Verona,Sarr A.,a,6.0,6.0,6,6
24,Verona,Mosquera,a,5.0,5.0,5,5
24,Verona,Lambourde,a,55.0,55.0,55,55
24,Verona,Zanetti,all,4.0,4.0,4,4
25,Atalanta,Carnesecchi,p,6.0,6.0,6,6
25,Atalanta,Toloi,d,6.5,6.5,"6,5","6,5"
25,Atalanta,Cuadrado,d,6.0,6.0,6,6
25,Atalanta,Ruggeri,d,6.5,6.5,"6,5","6,5"
25,Atalanta,Hien,d,6.0,5.5,6,"5,5"
25,Atalanta,Posch,d,5.5,5.5,"5,5","5,5"
25,Atalanta,Palestra,d,6.0,6.0,6,6
25,Atalanta,De Roon,c,6.0,6.0,6,6
25,Atalanta,Pasalic,c,5.5,5.5,"5,5","5,5"
25,Atalanta,Brescianini,c,6.0,6.0,6,6
25,Atalanta,Samardzic,c,5.0,5.0,5,5
25,Atalanta,Ederson D.s.,c,6.0,6.0,6,6
25,Atalanta,Sulemana I.,c,5.0,5.0,5,5
25,Atalanta,De Ketelaere,a,6.0,6.0,6,6
25,Atalanta,Retegui,a,5.5,5.5,"5,5","5,5"
25,Atalanta,Vlahovic V.,a,6.0,6.0,6,6
25,Atalanta,Gasperini,all,4.5,4.5,"4,5","4,5"
25,Bologna,Skorupski,p,6.5,4.5,"6,5","4,5"
25,Bologna,Calabria,d,55.0,55.0,55,55
25,Bologna,Miranda J.,d,6.5,6.5,"6,5","6,5"
25,Bologna,Casale,d,5.5,5.5,"5,5","5,5"
25,Bologna,Holm,d,5.5,5.5,"5,5","5,5"
25,Bologna,Lucumi',d,5.0,5.0,5,5
25,Bologna,Beukema,d,5.0,5.0,5,5
25,Bologna,Freuler,c,6.5,6.5,"6,5","6,5"
25,Bologna,Pobega,c,7.5,8.5,"7,5","8,5"
25,Bologna,Ndoye,c,7.5,13.5,"7,5","13,5"
25,Bologna,Aebischer,c,55.0,55.0,55,55
25,Bologna,Moro N.,c,6.0,6.0,6,6
25,Bologna,Fabbian,c,55.0,55.0,55,55
25,Bologna,Cambiaghi,a,6.5,6.5,"6,5","6,5"
25,Bologna,Castro S.,a,7.0,7.0,7,7
25,Bologna,Dominguez B.,a,6.0,6.0,6,6
25,Bologna,Italiano,all,7.0,7.0,7,7
25,Cagliari,Caprile,p,6.5,6.5,"6,5","6,5"
25,Cagliari,Luperto,d,7.0,7.0,7,7
25,Cagliari,Mina,d,6.5,6.5,"6,5","6,5"
25,Cagliari,Augello,d,6.5,6.5,"6,5","6,5"
25,Cagliari,Zortea,d,6.5,6.5,"6,5","6,5"
25,Cagliari,Zappa,d,6.5,6.5,"6,5","6,5"
25,Cagliari,Deiola,c,6.5,6.5,"6,5","6,5"
25,Cagliari,Adopo,c,6.0,6.0,6,6
25,Cagliari,Marin,c,55.0,55.0,55,55
25,Cagliari,Makoumbou,c,6.0,6.0,6,6
25,Cagliari,Felici,c,5.5,5.5,"5,5","5,5"
25,Cagliari,Pavoletti,a,55.0,55.0,55,55
25,Cagliari,Piccoli,a,5.5,5.5,"5,5","5,5"
25,Cagliari,Coman F.,a,6.0,5.5,6,"5,5"
25,Cagliari,Nicola,all,7.0,7.0,7,7
25,Como,Butez,p,6.5,6.5,"6,5","6,5"
25,Como,Goldaniga,d,6.0,5.5,6,"5,5"
25,Como,Dossena,d,6.0,6.0,6,6
25,Como,Valle,d,6.5,6.5,"6,5","6,5"
25,Como,Kempf,d,6.0,6.0,6,6
25,Como,Jack,d,55.0,55.0,55,55
25,Como,Smolcic I.,d,7.0,7.0,7,7
25,Como,Strefezza,c,6.5,6.5,"6,5","6,5"
25,Como,Ikone',c,55.0,55.0,55,55
25,Como,Caqueret,c,7.0,8.0,7,8
25,Como,Da Cunha,c,6.5,7.5,"6,5","7,5"
25,Como,Perrone,c,6.0,5.5,6,"5,5"
25,Como,Engelhardt,c,55.0,55.0,55,55
25,Como,Paz N.,c,7.5,10.5,"7,5","10,5"
25,Como,Diao,c,7.5,10.5,"7,5","10,5"
25,Como,Douvikas,a,6.0,6.0,6,6
25,Como,Fabregas,all,7.0,7.0,7,7
25,Empoli,Silvestri,p,5.5,2.5,"5,5","2,5"
25,Empoli,De Sciglio,d,6.0,6.0,6,6
25,Empoli,Pezzella Giu.,d,5.5,5.5,"5,5","5,5"
25,Empoli,Cacace,d,6.0,6.0,6,6
25,Empoli,Sambia,d,6.0,6.0,6,6
25,Empoli,Goglichidze,d,5.0,5.0,5,5
25,Empoli,Grassi,c,5.5,5.5,"5,5","5,5"
25,Empoli,Zurkowski,c,6.0,6.0,6,6
25,Empoli,Henderson L.,c,5.5,5.5,"5,5","5,5"
25,Empoli,Gyasi,c,6.0,6.0,6,6
25,Empoli,Kovalenko,c,55.0,55.0,55,55
25,Empoli,Maleh,c,5.0,5.0,5,5
25,Empoli,Kouame',a,5.0,5.0,5,5
25,Empoli,Esposito Se.,a,6.0,6.0,6,6
25,Empoli,Colombo,a,6.0,6.0,6,6
25,Empoli,Konate Is.,a,55.0,55.0,55,55
25,Empoli,D'Aversa,all,5.0,5.0,5,5
25,Fiorentina,De Gea,p,6.0,4.0,6,4
25,Fiorentina,Gosens,d,5.5,5.0,"5,5",5
25,Fiorentina,Ranieri L.,d,5.5,5.5,"5,5","5,5"
25,Fiorentina,Parisi,d,6.0,6.0,6,6
25,Fiorentina,Pongracic,d,6.0,6.0,6,6
25,Fiorentina,Dodo',d,5.5,5.5,"5,5","5,5"
25,Fiorentina,Cataldi,c,5.5,5.5,"5,5","5,5"
25,Fiorentina,Mandragora,c,5.5,5.5,"5,5","5,5"
25,Fiorentina,Zaniolo,c,6.0,6.0,6,6
25,Fiorentina,Fagioli,c,5.5,5.5,"5,5","5,5"
25,Fiorentina,Colpani,c,5.0,5.0,5,5
25,Fiorentina,Folorunsho,c,5.5,5.0,"5,5",5
25,Fiorentina,Ndour,c,6.0,6.0,6,6
25,Fiorentina,Richardson,c,5.5,5.5,"5,5","5,5"
25,Fiorentina,Gudmundsson A.,a,5.5,5.0,"5,5",5
25,Fiorentina,Beltran L.,a,5.0,5.0,5,5
25,Fiorentina,Palladino,all,5.0,5.0,5,5
25,Genoa,Leali,p,6.5,6.5,"6,5","6,5"
25,Genoa,Bani,d,6.0,5.5,6,"5,5"
25,Genoa,Martin,d,6.5,6.5,"6,5","6,5"
25,Genoa,Vasquez,d,6.5,6.5,"6,5","6,5"
25,Genoa,De Winter,d,6.0,6.0,6,6
25,Genoa,Cornet,c,7.0,10.0,7,10
25,Genoa,Messias,c,5.5,5.5,"5,5","5,5"
25,Genoa,Frendrup,c,6.0,6.0,6,6
25,Genoa,Miretti,c,5.5,5.5,"5,5","5,5"
25,Genoa,Onana J.,c,55.0,55.0,55,55
25,Genoa,Masini,c,6.5,6.5,"6,5","6,5"
25,Genoa,Pinamonti,a,7.5,10.5,"7,5","10,5"
25,Genoa,Ekuban,a,7.0,9.0,7,9
25,Genoa,Vitinha O.,a,5.5,5.5,"5,5","5,5"
25,Genoa,Ekhator,a,6.0,6.0,6,6
25,Genoa,Vieira P.,all,6.5,6.5,"6,5","6,5"
25,Inter,Sommer,p,6.5,5.5,"6,5","5,5"
25,Inter,Dimarco,d,6.0,6.0,6,6
25,Inter,Acerbi,d,6.0,6.0,6,6
25,Inter,Bastoni,d,6.5,6.5,"6,5","6,5"
25,Inter,Pavard,d,6.5,6.5,"6,5","6,5"
25,Inter,Dumfries,d,7.0,7.0,7,7
25,Inter,Carlos Augusto,d,5.5,5.5,"5,5","5,5"
25,Inter,Zielinski,c,55.0,55.0,55,55
25,Inter,Barella,c,6.5,6.0,"6,5",6
25,Inter,Calhanoglu,c,5.5,5.5,"5,5","5,5"
25,Inter,Mkhitaryan,c,5.5,5.5,"5,5","5,5"
25,Inter,Zalewski,c,6.0,6.0,6,6
25,Inter,Correa,a,55.0,55.0,55,55
25,Inter,Martinez L.,a,5.0,5.0,5,5
25,Inter,Thuram,a,5.5,5.5,"5,5","5,5"
25,Inter,Taremi,a,5.5,5.5,"5,5","5,5"
25,Inter,Inzaghi S.,all,5.5,5.5,"5,5","5,5"
25,Juventus,Di Gregorio,p,6.0,6.0,6,6
25,Juventus,Cambiaso,d,6.0,6.0,6,6
25,Juventus,Gatti,d,6.5,6.5,"6,5","6,5"
25,Juventus,Savona,d,5.0,5.0,5,5
25,Juventus,Locatelli,c,6.0,6.0,6,6
25,Juventus,Weah,c,6.0,6.0,6,6
25,Juventus,McKennie,c,5.5,5.5,"5,5","5,5"
25,Juventus,Thuram K.,c,6.5,6.5,"6,5","6,5"
25,Juventus,Koopmeiners,c,6.0,6.0,6,6
25,Juventus,Veiga R.,c,6.5,6.5,"6,5","6,5"
25,Juventus,Conceicao,c,7.0,9.5,7,"9,5"
25,Juventus,Gonzalez N.,a,6.5,6.5,"6,5","6,5"
25,Juventus,Kolo Muani,a,6.5,7.5,"6,5","7,5"
25,Juventus,Yildiz,a,55.0,55.0,55,55
25,Juventus,Thiago Motta,all,7.0,7.0,7,7
25,Lazio,Provedel,p,5.5,3.5,"5,5","3,5"
25,Lazio,Romagnoli,d,5.5,5.5,"5,5","5,5"
25,Lazio,Marusic,d,5.0,3.0,5,3
25,Lazio,Lazzari,d,55.0,55.0,55,55
25,Lazio,Tavares N.,d,6.5,6.5,"6,5","6,5"
25,Lazio,Gila,d,6.0,6.0,6,6
25,Lazio,Zaccagni,c,7.0,7.5,7,"7,5"
25,Lazio,Guendouzi,c,6.0,6.0,6,6
25,Lazio,Rovella,c,6.0,5.5,6,"5,5"
25,Lazio,Tchaouna,c,55.0,55.0,55,55
25,Lazio,Pedro,a,6.0,6.0,6,6
25,Lazio,Dia,a,7.0,10.0,7,10
25,Lazio,Castellanos,a,6.0,6.0,6,6
25,Lazio,Isaksen,a,7.0,10.0,7,10
25,Lazio,Noslin,a,6.0,6.0,6,6
25,Lazio,Baroni,all,6.5,6.5,"6,5","6,5"
25,Lecce,Falcone,p,6.5,6.5,"6,5","6,5"
25,Lecce,Gallo,d,6.5,6.5,"6,5","6,5"
25,Lecce,Guilbert,d,6.5,6.5,"6,5","6,5"
25,Lecce,Baschirotto,d,6.0,6.0,6,6
25,Lecce,Jean,d,6.0,6.0,6,6
25,Lecce,Veiga D.,d,6.0,6.0,6,6
25,Lecce,Coulibaly L.,c,6.0,6.0,6,6
25,Lecce,Helgason,c,6.5,6.5,"6,5","6,5"
25,Lecce,Ramadani,c,6.0,5.5,6,"5,5"
25,Lecce,Pierret,c,6.0,6.0,6,6
25,Lecce,Tete Morente,c,5.5,5.5,"5,5","5,5"
25,Lecce,Rebic,a,55.0,55.0,55,55
25,Lecce,Krstovic,a,5.5,5.5,"5,5","5,5"
25,Lecce,Pierotti,a,6.0,5.5,6,"5,5"
25,Lecce,N'Dri,a,55.0,55.0,55,55
25,Lecce,Giampaolo,all,6.0,6.0,6,6
25,Milan,Maignan,p,6.0,6.0,6,6
25,Milan,Walker,d,6.5,6.5,"6,5","6,5"
25,Milan,Hernandez T.,d,6.0,6.0,6,6
25,Milan,Gabbia,d,6.0,6.0,6,6
25,Milan,Terracciano F.,d,55.0,55.0,55,55
25,Milan,Thiaw,d,6.0,6.0,6,6
25,Milan,Jimenez A.,d,6.5,6.0,"6,5",6
25,Milan,Pulisic,c,6.0,6.0,6,6
25,Milan,Sottil,c,5.5,5.5,"5,5","5,5"
25,Milan,Fofana Y.,c,6.0,6.0,6,6
25,Milan,Musah,c,5.5,5.0,"5,5",5
25,Milan,Reijnders,c,6.0,6.0,6,6
25,Milan,Abraham,a,55.0,55.0,55,55
25,Milan,Leao,a,6.5,7.5,"6,5","7,5"
25,Milan,Joao Felix,a,6.0,6.0,6,6
25,Milan,Gimenez,a,7.0,9.5,7,"9,5"
25,Milan,Conceicao S.,all,6.5,6.5,"6,5","6,5"
25,Monza,Turati,p,6.5,6.5,"6,5","6,5"
25,Monza,Izzo,d,6.5,6.0,"6,5",6
25,Monza,D'Ambrosio,d,5.5,5.5,"5,5","5,5"
25,Monza,Pereira P.,d,5.5,5.0,"5,5",5
25,Monza,Kyriakopoulos,d,5.5,5.5,"5,5","5,5"
25,Monza,Carboni A.,d,6.0,6.0,6,6
25,Monza,Brorsson,d,55.0,55.0,55,55
25,Monza,Urbanski,c,6.0,6.0,6,6
25,Monza,Bianco,c,6.0,6.0,6,6
25,Monza,Ciurria,c,5.5,5.5,"5,5","5,5"
25,Monza,Zeroli,c,5.5,5.5,"5,5","5,5"
25,Monza,Martins K.,c,55.0,55.0,55,55
25,Monza,Keita B.,a,55.0,55.0,55,55
25,Monza,Caprari,a,6.5,6.5,"6,5","6,5"
25,Monza,Mota,a,5.5,5.5,"5,5","5,5"
25,Monza,Ganvoula,a,5.0,5.0,5,5
25,Monza,Nesta,all,6.0,6.0,6,6
25,Napoli,Meret,p,6.0,4.0,6,4
25,Napoli,Juan Jesus,d,5.5,5.0,"5,5",5
25,Napoli,Buongiorno,d,6.0,6.0,6,6
25,Napoli,Di Lorenzo,d,5.5,5.5,"5,5","5,5"
25,Napoli,Rrahmani,d,5.5,5.5,"5,5","5,5"
25,Napoli,Mazzocchi,d,5.5,5.5,"5,5","5,5"
25,Napoli,Marin R.,d,55.0,55.0,55,55
25,Napoli,Politano,c,6.0,6.0,6,6
25,Napoli,Zambo Anguissa,c,6.5,6.0,"6,5",6
25,Napoli,Lobotka,c,6.0,6.0,6,6
25,Napoli,McTominay,c,6.5,6.5,"6,5","6,5"
25,Napoli,Lukaku,a,6.5,7.5,"6,5","7,5"
25,Napoli,Raspadori,a,7.0,10.0,7,10
25,Napoli,Conte,all,6.0,6.0,6,6
25,Parma,Suzuki,p,7.0,6.0,7,6
25,Parma,Balogh,d,5.5,5.0,"5,5",5
25,Parma,Valeri,d,5.5,5.5,"5,5","5,5"
25,Parma,Vogliacco,d,6.0,6.0,6,6
25,Parma,Delprato,d,6.0,6.0,6,6
25,Parma,Leoni,d,4.5,3.5,"4,5","3,5"
25,Parma,Lovik,d,6.0,6.0,6,6
25,Parma,Sohm,c,6.0,6.0,6,6
25,Parma,Man,c,6.0,6.0,6,6
25,Parma,Camara D.,c,6.0,6.0,6,6
25,Parma,Bernabe',c,5.5,5.5,"5,5","5,5"
25,Parma,Keita M.,c,5.5,5.5,"5,5","5,5"
25,Parma,Ondrejka,c,6.0,6.0,6,6
25,Parma,Cancellieri,a,6.0,6.0,6,6
25,Parma,Almqvist,a,6.0,5.5,6,"5,5"
25,Parma,Bonny,a,5.5,5.5,"5,5","5,5"
25,Parma,Pecchia,all,6.0,6.0,6,6
25,Roma,Svilar,p,6.0,6.0,6,6
25,Roma,Mancini,d,6.5,6.5,"6,5","6,5"
25,Roma,N'Dicka,d,6.5,6.5,"6,5","6,5"
25,Roma,Celik,d,6.0,6.0,6,6
25,Roma,Angelino,d,6.0,6.0,6,6
25,Roma,Nelsson,d,6.0,6.0,6,6
25,Roma,Salah-Eddine,d,5.0,5.0,5,5
25,Roma,Paredes,c,6.0,6.0,6,6
25,Roma,Pellegrini Lo.,c,6.0,5.5,6,"5,5"
25,Roma,Saelemaekers,c,6.0,6.0,6,6
25,Roma,Kone' M.,c,6.5,6.5,"6,5","6,5"
25,Roma,Baldanzi,c,6.0,6.0,6,6
25,Roma,Pisilli,c,55.0,55.0,55,55
25,Roma,Gourna-Douath,c,6.0,5.5,6,"5,5"
25,Roma,Shomurodov,a,6.0,6.0,6,6
25,Roma,Soule',a,7.5,10.0,"7,5",10
25,Roma,Ranieri C.,all,6.5,6.5,"6,5","6,5"
25,Torino,Milinkovic-Savic V.,p,6.0,3.0,6,3
25,Torino,Masina,d,55.0,55.0,55,55
25,Torino,Biraghi,d,5.0,3.0,5,3
25,Torino,Walukiewicz,d,5.5,5.5,"5,5","5,5"
25,Torino,Lazaro,d,5.5,5.5,"5,5","5,5"
25,Torino,Maripan,d,5.5,5.5,"5,5","5,5"
25,Torino,Pedersen,d,5.5,5.5,"5,5","5,5"
25,Torino,Coco,d,5.0,5.0,5,5
25,Torino,Sosa B.,d,5.5,5.5,"5,5","5,5"
25,Torino,Linetty,c,5.5,5.0,"5,5",5
25,Torino,Elmas,c,7.0,10.0,7,10
25,Torino,Vlasic,c,6.5,9.5,"6,5","9,5"
25,Torino,Casadei,c,5.5,5.5,"5,5","5,5"
25,Torino,Gineitis,c,6.0,5.5,6,"5,5"
25,Torino,Karamoh,a,5.0,4.5,5,"4,5"
25,Torino,Adams C.,a,5.0,6.0,5,6
25,Torino,Vanoli,all,6.0,6.0,6,6
25,Udinese,Sava,p,6.5,6.5,"6,5","6,5"
25,Udinese,Kamara H.,d,6.0,6.0,6,6
25,Udinese,Bijol,d,6.0,6.0,6,6
25,Udinese,Ehizibue,d,6.0,6.0,6,6
25,Udinese,Solet,d,6.5,6.5,"6,5","6,5"
25,Udinese,Pafundi,c,55.0,55.0,55,55
25,Udinese,Lovric,c,6.5,6.5,"6,5","6,5"
25,Udinese,Payero,c,6.5,7.5,"6,5","7,5"
25,Udinese,Karlstrom,c,6.0,6.0,6,6
25,Udinese,Ekkelenkamp,c,7.5,13.5,"7,5","13,5"
25,Udinese,Rui Modesto,c,6.0,6.0,6,6
25,Udinese,Atta,c,6.5,6.5,"6,5","6,5"
25,Udinese,Thauvin,a,7.0,10.0,7,10
25,Udinese,Sanchez,a,6.0,6.0,6,6
25,Udinese,Lucca,a,6.0,6.0,6,6
25,Udinese,Bravo,a,55.0,55.0,55,55
25,Udinese,Runjaic,all,7.0,7.0,7,7
25,Venezia,Radu I.,p,6.0,4.0,6,4
25,Venezia,Zampano,d,5.5,5.5,"5,5","5,5"
25,Venezia,Idzes,d,5.5,5.5,"5,5","5,5"
25,Venezia,Schingtienne,d,5.5,5.5,"5,5","5,5"
25,Venezia,Candè,d,5.5,5.5,"5,5","5,5"
25,Venezia,Nicolussi Caviglia,c,6.0,6.0,6,6
25,Venezia,Busio,c,5.5,5.5,"5,5","5,5"
25,Venezia,Zerbin,c,5.5,5.5,"5,5","5,5"
25,Venezia,Ellertsson,c,6.0,6.0,6,6
25,Venezia,Oristanio,c,6.0,6.0,6,6
25,Venezia,Doumbia I.,c,55.0,55.0,55,55
25,Venezia,Yeboah J.,c,5.5,5.5,"5,5","5,5"
25,Venezia,Perez K.,c,6.0,5.5,6,"5,5"
25,Venezia,Gytkjaer,a,55.0,55.0,55,55
25,Venezia,Maric,a,5.5,5.5,"5,5","5,5"
25,Venezia,Fila,a,5.5,5.5,"5,5","5,5"
25,Venezia,Di Francesco,all,5.5,5.5,"5,5","5,5"
25,Verona,Montipo',p,6.5,5.5,"6,5","5,5"
25,Verona,Dawidowicz,d,6.0,6.0,6,6
25,Verona,Bradaric,d,6.0,5.5,6,"5,5"
25,Verona,Coppola D.,d,6.0,5.5,6,"5,5"
25,Verona,Tchatchoua,d,5.5,5.5,"5,5","5,5"
25,Verona,Valentini N.,d,5.0,5.0,5,5
25,Verona,Oyegoke,d,55.0,55.0,55,55
25,Verona,Lazovic,c,6.0,6.0,6,6
25,Verona,Kastanos,c,5.5,5.5,"5,5","5,5"
25,Verona,Duda,c,5.5,5.0,"5,5",5
25,Verona,Niasse,c,5.5,5.0,"5,5",5
25,Verona,Suslov,c,5.5,5.5,"5,5","5,5"
25,Verona,Cisse' A.,c,55.0,55.0,55,55
25,Verona,Bernede,c,55.0,55.0,55,55
25,Verona,Sarr A.,a,6.0,6.0,6,6
25,Verona,Mosquera,a,6.0,6.0,6,6
25,Verona,Zanetti,all,6.0,6.0,6,6
26,Atalanta,Carnesecchi,p,6.0,5.5,6,"5,5"
26,Atalanta,Zappacosta,d,7.0,10.0,7,10
26,Atalanta,Toloi,d,6.0,6.0,6,6
26,Atalanta,Cuadrado,d,6.0,6.0,6,6
26,Atalanta,Djimsiti,d,6.5,7.5,"6,5","7,5"
26,Atalanta,Kolasinac,d,7.0,7.0,7,7
26,Atalanta,Bellanova,d,6.0,6.0,6,6
26,Atalanta,Ruggeri,d,55.0,55.0,55,55
26,Atalanta,Posch,d,6.5,6.5,"6,5","6,5"
26,Atalanta,De Roon,c,6.5,7.5,"6,5","7,5"
26,Atalanta,Pasalic,c,6.5,7.5,"6,5","7,5"
26,Atalanta,Brescianini,c,6.0,6.0,6,6
26,Atalanta,Ederson D.s.,c,6.0,6.0,6,6
26,Atalanta,Lookman,a,8.0,14.0,8,14
26,Atalanta,De Ketelaere,a,6.5,6.5,"6,5","6,5"
26,Atalanta,Retegui,a,7.5,11.5,"7,5","11,5"
26,Atalanta,Gasperini,all,8.0,8.0,8,8
26,Bologna,Ravaglia F.,p,6.0,4.0,6,4
26,Bologna,Calabria,d,5.5,5.0,"5,5",5
26,Bologna,Lykogiannis,d,5.5,5.5,"5,5","5,5"
26,Bologna,Miranda J.,d,6.0,6.0,6,6
26,Bologna,Lucumi',d,5.5,5.5,"5,5","5,5"
26,Bologna,Beukema,d,5.0,5.0,5,5
26,Bologna,Freuler,c,6.0,6.0,6,6
26,Bologna,Orsolini,c,6.0,6.0,6,6
26,Bologna,Pobega,c,6.0,6.0,6,6
26,Bologna,Ndoye,c,5.5,5.5,"5,5","5,5"
26,Bologna,Ferguson,c,55.0,55.0,55,55
26,Bologna,Moro N.,c,5.0,5.0,5,5
26,Bologna,Fabbian,c,6.0,6.0,6,6
26,Bologna,Cambiaghi,a,5.5,5.5,"5,5","5,5"
26,Bologna,Castro S.,a,5.0,5.0,5,5
26,Bologna,Dominguez B.,a,55.0,55.0,55,55
26,Bologna,Italiano,all,5.5,5.5,"5,5","5,5"
26,Cagliari,Caprile,p,6.5,5.5,"6,5","5,5"
26,Cagliari,Luperto,d,6.0,6.0,6,6
26,Cagliari,Mina,d,5.0,5.0,5,5
26,Cagliari,Augello,d,6.0,6.0,6,6
26,Cagliari,Zortea,d,6.0,6.0,6,6
26,Cagliari,Zappa,d,5.5,5.5,"5,5","5,5"
26,Cagliari,Viola,c,6.0,6.0,6,6
26,Cagliari,Deiola,c,5.5,5.5,"5,5","5,5"
26,Cagliari,Adopo,c,5.5,5.5,"5,5","5,5"
26,Cagliari,Marin,c,6.0,6.0,6,6
26,Cagliari,Makoumbou,c,5.5,5.5,"5,5","5,5"
26,Cagliari,Felici,c,5.5,5.5,"5,5","5,5"
26,Cagliari,Pavoletti,a,55.0,55.0,55,55
26,Cagliari,Piccoli,a,5.5,5.5,"5,5","5,5"
26,Cagliari,Luvumbo,a,6.5,6.5,"6,5","6,5"
26,Cagliari,Coman F.,a,6.0,6.0,6,6
26,Cagliari,Nicola,all,6.0,6.0,6,6
26,Como,Butez,p,6.5,5.5,"6,5","5,5"
26,Como,Goldaniga,d,6.0,6.0,6,6
26,Como,Vojvoda,d,55.0,55.0,55,55
26,Como,Valle,d,5.5,5.5,"5,5","5,5"
26,Como,Kempf,d,4.5,4.5,"4,5","4,5"
26,Como,Smolcic I.,d,6.0,6.0,6,6
26,Como,Strefezza,c,5.5,5.5,"5,5","5,5"
26,Como,Caqueret,c,6.0,6.0,6,6
26,Como,Da Cunha,c,6.0,6.0,6,6
26,Como,Perrone,c,5.5,5.5,"5,5","5,5"
26,Como,Engelhardt,c,55.0,55.0,55,55
26,Como,Fadera,c,55.0,55.0,55,55
26,Como,Paz N.,c,6.5,7.0,"6,5",7
26,Como,Diao,c,7.0,10.0,7,10
26,Como,Cutrone,a,6.0,6.0,6,6
26,Como,Douvikas,a,55.0,55.0,55,55
26,Como,Fabregas,all,7.0,6.5,7,"6,5"
26,Empoli,Silvestri,p,6.0,1.0,6,1
26,Empoli,De Sciglio,d,5.0,5.0,5,5
26,Empoli,Pezzella Giu.,d,5.5,5.5,"5,5","5,5"
26,Empoli,Cacace,d,4.5,4.5,"4,5","4,5"
26,Empoli,Sambia,d,5.5,5.5,"5,5","5,5"
26,Empoli,Goglichidze,d,4.5,4.5,"4,5","4,5"
26,Empoli,Grassi,c,5.5,5.5,"5,5","5,5"
26,Empoli,Zurkowski,c,6.0,6.0,6,6
26,Empoli,Henderson L.,c,5.0,5.0,5,5
26,Empoli,Gyasi,c,4.5,2.5,"4,5","2,5"
26,Empoli,Kovalenko,c,55.0,55.0,55,55
26,Empoli,Maleh,c,5.0,5.0,5,5
26,Empoli,Kouame',a,6.0,6.0,6,6
26,Empoli,Esposito Se.,a,5.5,5.5,"5,5","5,5"
26,Empoli,Colombo,a,6.0,6.0,6,6
26,Empoli,Campaniello,a,5.5,5.5,"5,5","5,5"
26,Empoli,D'Aversa,all,4.5,4.5,"4,5","4,5"
26,Fiorentina,De Gea,p,6.0,5.0,6,5
26,Fiorentina,Ranieri L.,d,6.5,6.5,"6,5","6,5"
26,Fiorentina,Mari',d,5.5,5.5,"5,5","5,5"
26,Fiorentina,Parisi,d,6.0,6.0,6,6
26,Fiorentina,Dodo',d,6.0,6.0,6,6
26,Fiorentina,Comuzzo,d,6.0,6.0,6,6
26,Fiorentina,Cataldi,c,5.5,5.0,"5,5",5
26,Fiorentina,Mandragora,c,5.5,5.5,"5,5","5,5"
26,Fiorentina,Zaniolo,c,6.0,6.0,6,6
26,Fiorentina,Fagioli,c,5.5,5.5,"5,5","5,5"
26,Fiorentina,Folorunsho,c,6.5,6.0,"6,5",6
26,Fiorentina,Ndour,c,5.5,5.5,"5,5","5,5"
26,Fiorentina,Richardson,c,5.5,5.0,"5,5",5
26,Fiorentina,Kean,a,5.5,5.5,"5,5","5,5"
26,Fiorentina,Beltran L.,a,5.5,5.5,"5,5","5,5"
26,Fiorentina,Caprini,a,5.0,5.0,5,5
26,Fiorentina,Palladino,all,5.0,5.0,5,5
26,Genoa,Leali,p,6.5,5.5,"6,5","5,5"
26,Genoa,Sabelli,d,5.5,5.5,"5,5","5,5"
26,Genoa,Bani,d,6.5,6.5,"6,5","6,5"
26,Genoa,Martin,d,6.0,6.0,6,6
26,Genoa,Vasquez,d,6.5,6.5,"6,5","6,5"
26,Genoa,Zanoli,d,6.0,6.0,6,6
26,Genoa,Cornet,c,5.5,5.5,"5,5","5,5"
26,Genoa,Messias,c,5.5,5.5,"5,5","5,5"
26,Genoa,Frendrup,c,6.0,6.0,6,6
26,Genoa,Miretti,c,6.0,5.5,6,"5,5"
26,Genoa,Onana J.,c,6.0,6.0,6,6
26,Genoa,Masini,c,5.5,5.5,"5,5","5,5"
26,Genoa,Venturino,c,55.0,55.0,55,55
26,Genoa,Pinamonti,a,6.0,6.0,6,6
26,Genoa,Ekuban,a,5.5,5.0,"5,5",5
26,Genoa,Ekhator,a,6.0,6.0,6,6
26,Genoa,Vieira P.,all,6.0,6.0,6,6
26,Inter,Martinez Jo.,p,6.5,6.5,"6,5","6,5"
26,Inter,Dimarco,d,6.0,6.0,6,6
26,Inter,De Vrij,d,55.0,55.0,55,55
26,Inter,Acerbi,d,6.5,6.5,"6,5","6,5"
26,Inter,Bastoni,d,6.0,6.0,6,6
26,Inter,Darmian,d,55.0,55.0,55,55
26,Inter,Pavard,d,6.5,6.5,"6,5","6,5"
26,Inter,Dumfries,d,5.5,5.5,"5,5","5,5"
26,Inter,Zielinski,c,6.0,6.0,6,6
26,Inter,Barella,c,6.0,6.0,6,6
26,Inter,Calhanoglu,c,6.5,7.5,"6,5","7,5"
26,Inter,Mkhitaryan,c,6.0,6.0,6,6
26,Inter,Asllani,c,5.5,5.5,"5,5","5,5"
26,Inter,Correa,a,5.5,5.5,"5,5","5,5"
26,Inter,Martinez L.,a,7.0,10.0,7,10
26,Inter,Taremi,a,5.5,5.5,"5,5","5,5"
26,Inter,Inzaghi S.,all,6.5,6.5,"6,5","6,5"
26,Juventus,Di Gregorio,p,6.0,6.0,6,6
26,Juventus,Cambiaso,d,6.0,6.0,6,6
26,Juventus,Gatti,d,6.5,6.5,"6,5","6,5"
26,Juventus,Kelly L.,d,6.5,6.5,"6,5","6,5"
26,Juventus,Rouhi,d,6.0,6.0,6,6
26,Juventus,Locatelli,c,6.0,6.0,6,6
26,Juventus,Weah,c,6.5,6.0,"6,5",6
26,Juventus,Douglas Luiz,c,6.0,6.0,6,6
26,Juventus,McKennie,c,6.0,6.0,6,6
26,Juventus,Thuram K.,c,6.0,6.0,6,6
26,Juventus,Koopmeiners,c,6.0,6.0,6,6
26,Juventus,Conceicao,c,5.5,5.5,"5,5","5,5"
26,Juventus,Vlahovic,a,6.5,9.5,"6,5","9,5"
26,Juventus,Kolo Muani,a,6.0,6.0,6,6
26,Juventus,Yildiz,a,6.5,6.5,"6,5","6,5"
26,Juventus,Mbangula,a,55.0,55.0,55,55
26,Juventus,Thiago Motta,all,6.0,6.0,6,6
26,Lazio,Mandas,p,6.5,6.5,"6,5","6,5"
26,Lazio,Romagnoli,d,6.5,6.5,"6,5","6,5"
26,Lazio,Marusic,d,6.5,6.5,"6,5","6,5"
26,Lazio,Lazzari,d,5.5,5.5,"5,5","5,5"
26,Lazio,Tavares N.,d,6.0,6.0,6,6
26,Lazio,Gila,d,6.5,6.5,"6,5","6,5"
26,Lazio,Zaccagni,c,6.5,6.0,"6,5",6
26,Lazio,Guendouzi,c,6.5,6.0,"6,5",6
26,Lazio,Tchaouna,c,55.0,55.0,55,55
26,Lazio,Belahyane,c,5.5,5.5,"5,5","5,5"
26,Lazio,Dele-Bashiru,c,5.5,5.5,"5,5","5,5"
26,Lazio,Pedro,a,5.5,5.5,"5,5","5,5"
26,Lazio,Dia,a,5.0,5.0,5,5
26,Lazio,Isaksen,a,6.0,6.0,6,6
26,Lazio,Noslin,a,5.5,5.5,"5,5","5,5"
26,Lazio,Baroni,all,5.5,5.5,"5,5","5,5"
26,Lecce,Falcone,p,7.0,6.0,7,6
26,Lecce,Gallo,d,6.0,6.0,6,6
26,Lecce,Guilbert,d,6.5,6.5,"6,5","6,5"
26,Lecce,Baschirotto,d,6.0,6.0,6,6
26,Lecce,Jean,d,5.5,5.5,"5,5","5,5"
26,Lecce,Veiga D.,d,55.0,55.0,55,55
26,Lecce,Coulibaly L.,c,5.5,5.5,"5,5","5,5"
26,Lecce,Berisha M.,c,5.5,5.0,"5,5",5
26,Lecce,Rafia,c,5.5,5.5,"5,5","5,5"
26,Lecce,Karlsson,c,6.0,6.0,6,6
26,Lecce,Pierret,c,6.5,6.5,"6,5","6,5"
26,Lecce,Tete Morente,c,5.0,5.0,5,5
26,Lecce,Rebic,a,5.5,5.5,"5,5","5,5"
26,Lecce,Krstovic,a,5.5,5.5,"5,5","5,5"
26,Lecce,Pierotti,a,5.5,5.5,"5,5","5,5"
26,Lecce,N'Dri,a,55.0,55.0,55,55
26,Lecce,Giampaolo,all,5.0,5.0,5,5
26,Milan,Maignan,p,4.5,2.5,"4,5","2,5"
26,Milan,Hernandez T.,d,6.0,6.0,6,6
26,Milan,Pavlovic,d,6.0,6.0,6,6
26,Milan,Thiaw,d,5.0,3.0,5,3
26,Milan,Jimenez A.,d,6.5,6.5,"6,5","6,5"
26,Milan,Pulisic,c,5.5,2.5,"5,5","2,5"
26,Milan,Sottil,c,6.0,6.0,6,6
26,Milan,Fofana Y.,c,5.5,5.5,"5,5","5,5"
26,Milan,Chukwueze,c,55.0,55.0,55,55
26,Milan,Musah,c,5.5,5.0,"5,5",5
26,Milan,Reijnders,c,6.5,9.5,"6,5","9,5"
26,Milan,Abraham,a,5.5,5.5,"5,5","5,5"
26,Milan,Leao,a,5.5,5.5,"5,5","5,5"
26,Milan,Joao Felix,a,6.0,6.0,6,6
26,Milan,Camarda,a,55.0,55.0,55,55
26,Milan,Gimenez,a,5.0,5.0,5,5
26,Milan,Conceicao S.,all,5.5,5.5,"5,5","5,5"
26,Monza,Turati,p,6.0,2.0,6,2
26,Monza,Pereira P.,d,5.0,5.0,5,5
26,Monza,Kyriakopoulos,d,5.0,5.0,5,5
26,Monza,Carboni A.,d,5.0,5.0,5,5
26,Monza,Palacios T.,d,55.0,55.0,55,55
26,Monza,Lekovic,d,5.0,5.0,5,5
26,Monza,Brorsson,d,5.5,5.5,"5,5","5,5"
26,Monza,Urbanski,c,5.5,5.5,"5,5","5,5"
26,Monza,Bianco,c,5.5,5.0,"5,5",5
26,Monza,Ciurria,c,5.5,5.5,"5,5","5,5"
26,Monza,Zeroli,c,5.5,5.5,"5,5","5,5"
26,Monza,Martins K.,c,5.5,5.5,"5,5","5,5"
26,Monza,Keita B.,a,5.5,5.5,"5,5","5,5"
26,Monza,Petagna,a,5.0,5.0,5,5
26,Monza,Mota,a,5.5,5.5,"5,5","5,5"
26,Monza,Ganvoula,a,5.5,5.5,"5,5","5,5"
26,Monza,Nesta,all,5.0,5.0,5,5
26,Napoli,Meret,p,6.0,4.0,6,4
26,Napoli,Spinazzola,d,6.0,6.0,6,6
26,Napoli,Buongiorno,d,5.5,5.5,"5,5","5,5"
26,Napoli,Di Lorenzo,d,5.5,5.0,"5,5",5
26,Napoli,Rrahmani,d,4.0,2.0,4,2
26,Napoli,Politano,c,5.5,5.5,"5,5","5,5"
26,Napoli,Zambo Anguissa,c,6.0,6.0,6,6
26,Napoli,Lobotka,c,5.5,5.5,"5,5","5,5"
26,Napoli,McTominay,c,5.5,5.0,"5,5",5
26,Napoli,Billing,c,6.5,6.5,"6,5","6,5"
26,Napoli,Simeone,a,6.0,5.5,6,"5,5"
26,Napoli,Lukaku,a,5.0,5.0,5,5
26,Napoli,Raspadori,a,6.5,9.5,"6,5","9,5"
26,Napoli,Ngonge,a,5.5,5.5,"5,5","5,5"
26,Napoli,Okafor,a,55.0,55.0,55,55
26,Napoli,Conte,all,5.0,5.0,5,5
26,Parma,Suzuki,p,6.0,6.0,6,6
26,Parma,Valenti,d,6.5,6.5,"6,5","6,5"
26,Parma,Balogh,d,6.5,6.5,"6,5","6,5"
26,Parma,Valeri,d,6.0,6.0,6,6
26,Parma,Delprato,d,6.5,6.5,"6,5","6,5"
26,Parma,Lovik,d,55.0,55.0,55,55
26,Parma,Estevez,c,6.5,6.5,"6,5","6,5"
26,Parma,Sohm,c,7.0,10.0,7,10
26,Parma,Man,c,6.5,7.5,"6,5","7,5"
26,Parma,Camara D.,c,55.0,55.0,55,55
26,Parma,Bernabe',c,55.0,55.0,55,55
26,Parma,Keita M.,c,6.0,6.0,6,6
26,Parma,Cancellieri,a,5.5,5.0,"5,5",5
26,Parma,Almqvist,a,5.5,5.0,"5,5",5
26,Parma,Bonny,a,7.0,10.0,7,10
26,Parma,Pellegrino M.,a,55.0,55.0,55,55
26,Parma,Chivu,all,7.0,7.0,7,7
26,Roma,Svilar,p,6.5,6.5,"6,5","6,5"
26,Roma,Mancini,d,6.0,6.0,6,6
26,Roma,Hummels,d,6.5,6.5,"6,5","6,5"
26,Roma,N'Dicka,d,6.5,6.5,"6,5","6,5"
26,Roma,Angelino,d,7.0,10.0,7,10
26,Roma,Rensch,d,6.0,6.0,6,6
26,Roma,Salah-Eddine,d,55.0,55.0,55,55
26,Roma,Paredes,c,6.0,6.0,6,6
26,Roma,Cristante,c,7.5,11.5,"7,5","11,5"
26,Roma,Saelemaekers,c,7.0,10.0,7,10
26,Roma,Baldanzi,c,6.5,6.5,"6,5","6,5"
26,Roma,Pisilli,c,6.0,6.0,6,6
26,Roma,Dybala,a,6.5,7.5,"6,5","7,5"
26,Roma,Shomurodov,a,7.0,10.0,7,10
26,Roma,Soule',a,7.0,8.0,7,8
26,Roma,Ranieri C.,all,7.0,7.0,7,7
26,Torino,Milinkovic-Savic V.,p,8.0,10.0,8,10
26,Torino,Biraghi,d,6.0,6.0,6,6
26,Torino,Walukiewicz,d,5.5,5.5,"5,5","5,5"
26,Torino,Lazaro,d,6.0,6.0,6,6
26,Torino,Maripan,d,6.5,6.5,"6,5","6,5"
26,Torino,Pedersen,d,5.0,5.0,5,5
26,Torino,Coco,d,6.5,6.5,"6,5","6,5"
26,Torino,Dembele' A.,d,55.0,55.0,55,55
26,Torino,Linetty,c,6.0,6.0,6,6
26,Torino,Elmas,c,6.0,6.0,6,6
26,Torino,Ricci S.,c,6.5,6.0,"6,5",6
26,Torino,Vlasic,c,6.5,6.5,"6,5","6,5"
26,Torino,Casadei,c,6.0,6.0,6,6
26,Torino,Gineitis,c,7.0,10.0,7,10
26,Torino,Sanabria,a,6.5,7.5,"6,5","7,5"
26,Torino,Karamoh,a,6.5,6.5,"6,5","6,5"
26,Torino,Vanoli,all,6.5,6.5,"6,5","6,5"
26,Udinese,Sava,p,6.0,6.0,6,6
26,Udinese,Kamara H.,d,6.0,6.0,6,6
26,Udinese,Bijol,d,6.5,6.5,"6,5","6,5"
26,Udinese,Ehizibue,d,55.0,55.0,55,55
26,Udinese,Kristensen T.,d,6.5,6.5,"6,5","6,5"
26,Udinese,Solet,d,7.0,7.0,7,7
26,Udinese,Lovric,c,6.5,6.0,"6,5",6
26,Udinese,Zarraga,c,55.0,55.0,55,55
26,Udinese,Payero,c,6.0,5.5,6,"5,5"
26,Udinese,Karlstrom,c,6.5,6.5,"6,5","6,5"
26,Udinese,Ekkelenkamp,c,6.0,6.0,6,6
26,Udinese,Atta,c,55.0,55.0,55,55
26,Udinese,Thauvin,a,6.0,6.0,6,6
26,Udinese,Sanchez,a,6.5,6.5,"6,5","6,5"
26,Udinese,Lucca,a,6.5,9.0,"6,5",9
26,Udinese,Bravo,a,6.0,6.0,6,6
26,Udinese,Runjaic,all,7.0,7.0,7,7
26,Venezia,Radu I.,p,6.5,6.5,"6,5","6,5"
26,Venezia,Marcandalli,d,5.5,5.5,"5,5","5,5"
26,Venezia,Idzes,d,7.0,7.0,7,7
26,Venezia,Schingtienne,d,6.5,6.0,"6,5",6
26,Venezia,Candè,d,6.5,6.5,"6,5","6,5"
26,Venezia,Nicolussi Caviglia,c,6.0,5.5,6,"5,5"
26,Venezia,Busio,c,55.0,55.0,55,55
26,Venezia,Zerbin,c,7.0,7.0,7,7
26,Venezia,Ellertsson,c,7.0,6.5,7,"6,5"
26,Venezia,Oristanio,c,6.0,6.0,6,6
26,Venezia,Doumbia I.,c,6.5,6.5,"6,5","6,5"
26,Venezia,Yeboah J.,c,55.0,55.0,55,55
26,Venezia,Condè,c,55.0,55.0,55,55
26,Venezia,Perez K.,c,6.0,6.0,6,6
26,Venezia,Maric,a,5.5,5.5,"5,5","5,5"
26,Venezia,Fila,a,55.0,55.0,55,55
26,Venezia,Di Francesco,all,7.0,7.0,7,7
26,Verona,Montipo',p,6.5,6.5,"6,5","6,5"
26,Verona,Faraoni,d,6.0,6.0,6,6
26,Verona,Dawidowicz,d,6.0,6.0,6,6
26,Verona,Coppola D.,d,6.5,6.5,"6,5","6,5"
26,Verona,Tchatchoua,d,6.0,6.0,6,6
26,Verona,Valentini N.,d,6.5,6.5,"6,5","6,5"
26,Verona,Oyegoke,d,6.0,5.5,6,"5,5"
26,Verona,Duda,c,6.0,5.5,6,"5,5"
26,Verona,Niasse,c,6.5,6.5,"6,5","6,5"
26,Verona,Suslov,c,7.0,7.0,7,7
26,Verona,Bernede,c,7.0,10.0,7,10
26,Verona,Sarr A.,a,6.0,6.0,6,6
26,Verona,Mosquera,a,6.0,6.0,6,6
26,Verona,Rocha Livramento,a,6.0,6.0,6,6
26,Verona,Zanetti,all,7.0,6.5,7,"6,5"
27,Atalanta,Carnesecchi,p,6.0,6.0,6,6
27,Atalanta,Zappacosta,d,6.0,6.0,6,6
27,Atalanta,Cuadrado,d,6.5,6.5,"6,5","6,5"
27,Atalanta,Djimsiti,d,6.0,6.0,6,6
27,Atalanta,Kolasinac,d,6.5,6.5,"6,5","6,5"
27,Atalanta,Bellanova,d,5.5,5.5,"5,5","5,5"
27,Atalanta,Ruggeri,d,55.0,55.0,55,55
27,Atalanta,Posch,d,5.5,5.5,"5,5","5,5"
27,Atalanta,De Roon,c,6.0,6.0,6,6
27,Atalanta,Pasalic,c,5.5,5.5,"5,5","5,5"
27,Atalanta,Maldini,c,6.0,6.0,6,6
27,Atalanta,Samardzic,c,5.5,5.5,"5,5","5,5"
27,Atalanta,Ederson D.s.,c,5.5,5.5,"5,5","5,5"
27,Atalanta,Lookman,a,5.5,5.0,"5,5",5
27,Atalanta,De Ketelaere,a,5.5,5.5,"5,5","5,5"
27,Atalanta,Retegui,a,5.0,5.0,5,5
27,Atalanta,Gasperini,all,5.5,5.5,"5,5","5,5"
27,Bologna,Skorupski,p,6.0,5.0,6,5
27,Bologna,Calabria,d,5.5,5.5,"5,5","5,5"
27,Bologna,Lykogiannis,d,6.0,6.0,6,6
27,Bologna,Erlic,d,5.5,5.5,"5,5","5,5"
27,Bologna,Casale,d,6.0,6.0,6,6
27,Bologna,Lucumi',d,5.5,5.5,"5,5","5,5"
27,Bologna,Beukema,d,55.0,55.0,55,55
27,Bologna,Freuler,c,6.5,6.0,"6,5",6
27,Bologna,Orsolini,c,7.5,13.5,"7,5","13,5"
27,Bologna,Pobega,c,6.0,6.0,6,6
27,Bologna,Ferguson,c,6.5,6.5,"6,5","6,5"
27,Bologna,Fabbian,c,6.0,6.0,6,6
27,Bologna,Odgaard,a,6.5,6.5,"6,5","6,5"
27,Bologna,Cambiaghi,a,7.0,8.0,7,8
27,Bologna,Castro S.,a,6.5,6.5,"6,5","6,5"
27,Bologna,Dominguez B.,a,5.5,5.5,"5,5","5,5"
27,Bologna,Italiano,all,7.0,7.0,7,7
27,Cagliari,Caprile,p,6.5,4.5,"6,5","4,5"
27,Cagliari,Luperto,d,5.5,5.5,"5,5","5,5"
27,Cagliari,Mina,d,6.0,6.0,6,6
27,Cagliari,Augello,d,6.0,7.0,6,7
27,Cagliari,Zortea,d,6.0,6.0,6,6
27,Cagliari,Zappa,d,5.5,5.5,"5,5","5,5"
27,Cagliari,Obert,d,6.0,5.5,6,"5,5"
27,Cagliari,Viola,c,55.0,55.0,55,55
27,Cagliari,Gaetano,c,6.0,6.0,6,6
27,Cagliari,Adopo,c,5.5,5.5,"5,5","5,5"
27,Cagliari,Marin,c,6.0,6.0,6,6
27,Cagliari,Makoumbou,c,5.5,5.0,"5,5",5
27,Cagliari,Felici,c,5.0,5.0,5,5
27,Cagliari,Piccoli,a,6.5,9.5,"6,5","9,5"
27,Cagliari,Luvumbo,a,5.5,5.5,"5,5","5,5"
27,Cagliari,Coman F.,a,5.5,5.5,"5,5","5,5"
27,Cagliari,Nicola,all,5.5,5.5,"5,5","5,5"
27,Como,Butez,p,6.0,4.0,6,4
27,Como,Goldaniga,d,5.5,5.5,"5,5","5,5"
27,Como,Vojvoda,d,6.0,5.5,6,"5,5"
27,Como,Moreno Alb.,d,6.0,6.0,6,6
27,Como,Valle,d,5.5,5.5,"5,5","5,5"
27,Como,Kempf,d,5.0,4.0,5,4
27,Como,Smolcic I.,d,5.5,5.0,"5,5",5
27,Como,Strefezza,c,6.0,6.0,6,6
27,Como,Ikone',c,55.0,55.0,55,55
27,Como,Caqueret,c,6.5,6.0,"6,5",6
27,Como,Da Cunha,c,7.0,9.5,7,"9,5"
27,Como,Perrone,c,6.5,7.5,"6,5","7,5"
27,Como,Fadera,c,5.5,5.0,"5,5",5
27,Como,Paz N.,c,5.5,5.5,"5,5","5,5"
27,Como,Diao,c,6.0,6.0,6,6
27,Como,Cutrone,a,5.5,5.5,"5,5","5,5"
27,Como,Fabregas,all,6.0,6.0,6,6
27,Empoli,Silvestri,p,4.5,3.5,"4,5","3,5"
27,Empoli,De Sciglio,d,6.0,6.0,6,6
27,Empoli,Pezzella Giu.,d,6.0,6.0,6,6
27,Empoli,Cacace,d,6.5,6.5,"6,5","6,5"
27,Empoli,Goglichidze,d,6.0,6.0,6,6
27,Empoli,Marianucci,d,6.5,6.5,"6,5","6,5"
27,Empoli,Grassi,c,7.0,10.0,7,10
27,Empoli,Henderson L.,c,6.0,5.5,6,"5,5"
27,Empoli,Gyasi,c,6.0,6.0,6,6
27,Empoli,Maleh,c,6.0,5.5,6,"5,5"
27,Empoli,Kouame',a,6.0,6.0,6,6
27,Empoli,Esposito Se.,a,6.5,6.5,"6,5","6,5"
27,Empoli,Colombo,a,5.5,5.0,"5,5",5
27,Empoli,Konate Is.,a,55.0,55.0,55,55
27,Empoli,D'Aversa,all,6.0,6.0,6,6
27,Fiorentina,De Gea,p,6.5,6.5,"6,5","6,5"
27,Fiorentina,Gosens,d,7.0,10.0,7,10
27,Fiorentina,Ranieri L.,d,6.0,6.0,6,6
27,Fiorentina,Mari',d,6.0,6.0,6,6
27,Fiorentina,Pongracic,d,6.0,6.0,6,6
27,Fiorentina,Dodo',d,6.5,7.5,"6,5","7,5"
27,Fiorentina,Comuzzo,d,55.0,55.0,55,55
27,Fiorentina,Moreno M.,d,55.0,55.0,55,55
27,Fiorentina,Cataldi,c,6.0,6.0,6,6
27,Fiorentina,Mandragora,c,6.0,5.5,6,"5,5"
27,Fiorentina,Zaniolo,c,5.5,5.0,"5,5",5
27,Fiorentina,Fagioli,c,6.0,6.0,6,6
27,Fiorentina,Ndour,c,6.5,6.5,"6,5","6,5"
27,Fiorentina,Gudmundsson A.,a,55.0,55.0,55,55
27,Fiorentina,Beltran L.,a,5.5,2.0,"5,5",2
27,Fiorentina,Palladino,all,6.0,6.0,6,6
27,Genoa,Leali,p,5.5,4.5,"5,5","4,5"
27,Genoa,Sabelli,d,6.0,6.0,6,6
27,Genoa,Bani,d,6.0,6.0,6,6
27,Genoa,Martin,d,6.5,7.5,"6,5","7,5"
27,Genoa,Vasquez,d,7.0,10.0,7,10
27,Genoa,Zanoli,d,5.5,5.0,"5,5",5
27,Genoa,De Winter,d,6.0,6.0,6,6
27,Genoa,Cornet,c,5.5,5.5,"5,5","5,5"
27,Genoa,Messias,c,6.0,6.0,6,6
27,Genoa,Frendrup,c,5.5,5.5,"5,5","5,5"
27,Genoa,Miretti,c,5.5,5.5,"5,5","5,5"
27,Genoa,Onana J.,c,6.0,6.0,6,6
27,Genoa,Masini,c,5.5,5.5,"5,5","5,5"
27,Genoa,Pinamonti,a,5.5,5.5,"5,5","5,5"
27,Genoa,Ekuban,a,5.5,5.5,"5,5","5,5"
27,Genoa,Ekhator,a,5.5,5.5,"5,5","5,5"
27,Genoa,Vieira P.,all,6.0,6.0,6,6
27,Inter,Martinez Jo.,p,6.5,5.5,"6,5","5,5"
27,Inter,Dimarco,d,7.5,10.5,"7,5","10,5"
27,Inter,De Vrij,d,55.0,55.0,55,55
27,Inter,Acerbi,d,6.0,6.0,6,6
27,Inter,Bastoni,d,7.0,7.0,7,7
27,Inter,Pavard,d,6.0,6.0,6,6
27,Inter,Dumfries,d,5.0,5.0,5,5
27,Inter,Bisseck,d,6.0,6.0,6,6
27,Inter,Zielinski,c,5.5,5.5,"5,5","5,5"
27,Inter,Barella,c,6.0,6.0,6,6
27,Inter,Calhanoglu,c,6.0,6.0,6,6
27,Inter,Mkhitaryan,c,6.0,6.0,6,6
27,Inter,Frattesi,c,55.0,55.0,55,55
27,Inter,Correa,a,6.0,6.0,6,6
27,Inter,Martinez L.,a,5.5,5.5,"5,5","5,5"
27,Inter,Thuram,a,5.5,5.5,"5,5","5,5"
27,Inter,Inzaghi S.,all,6.0,5.5,6,"5,5"
27,Juventus,Di Gregorio,p,6.0,6.0,6,6
27,Juventus,Kalulu,d,6.0,6.0,6,6
27,Juventus,Cambiaso,d,7.0,8.0,7,8
27,Juventus,Gatti,d,6.0,6.0,6,6
27,Juventus,Kelly L.,d,6.0,5.5,6,"5,5"
27,Juventus,Alberto Costa,d,6.5,6.5,"6,5","6,5"
27,Juventus,Locatelli,c,6.5,6.5,"6,5","6,5"
27,Juventus,Weah,c,5.5,5.5,"5,5","5,5"
27,Juventus,McKennie,c,5.5,5.5,"5,5","5,5"
27,Juventus,Thuram K.,c,7.0,10.0,7,10
27,Juventus,Koopmeiners,c,6.5,9.5,"6,5","9,5"
27,Juventus,Vlahovic,a,55.0,55.0,55,55
27,Juventus,Gonzalez N.,a,6.0,6.0,6,6
27,Juventus,Kolo Muani,a,6.0,6.0,6,6
27,Juventus,Yildiz,a,6.5,6.5,"6,5","6,5"
27,Juventus,Mbangula,a,6.0,7.0,6,7
27,Juventus,Thiago Motta,all,6.5,6.5,"6,5","6,5"
27,Lazio,Provedel,p,6.0,5.0,6,5
27,Lazio,Patric,d,55.0,55.0,55,55
27,Lazio,Marusic,d,6.5,6.5,"6,5","6,5"
27,Lazio,Lazzari,d,6.0,6.0,6,6
27,Lazio,Tavares N.,d,6.5,6.5,"6,5","6,5"
27,Lazio,Gila,d,6.5,6.5,"6,5","6,5"
27,Lazio,Gigot,d,6.0,6.0,6,6
27,Lazio,Vecino,c,6.0,5.5,6,"5,5"
27,Lazio,Zaccagni,c,7.0,10.0,7,10
27,Lazio,Guendouzi,c,6.5,6.5,"6,5","6,5"
27,Lazio,Rovella,c,6.5,6.5,"6,5","6,5"
27,Lazio,Tchaouna,c,6.5,6.5,"6,5","6,5"
27,Lazio,Pedro,a,7.0,10.0,7,10
27,Lazio,Dia,a,5.5,5.5,"5,5","5,5"
27,Lazio,Isaksen,a,7.0,7.0,7,7
27,Lazio,Noslin,a,55.0,55.0,55,55
27,Lazio,Baroni,all,7.0,7.0,7,7
27,Lecce,Falcone,p,6.0,5.0,6,5
27,Lecce,Sala M.,d,6.0,6.0,6,6
27,Lecce,Gallo,d,5.5,5.0,"5,5",5
27,Lecce,Guilbert,d,5.5,5.5,"5,5","5,5"
27,Lecce,Baschirotto,d,6.0,6.0,6,6
27,Lecce,Jean,d,6.0,6.0,6,6
27,Lecce,Veiga D.,d,5.0,5.0,5,5
27,Lecce,Coulibaly L.,c,6.5,6.5,"6,5","6,5"
27,Lecce,Helgason,c,6.0,6.0,6,6
27,Lecce,Berisha M.,c,5.5,5.0,"5,5",5
27,Lecce,Karlsson,c,6.0,6.0,6,6
27,Lecce,Pierret,c,5.0,5.0,5,5
27,Lecce,Tete Morente,c,5.5,5.5,"5,5","5,5"
27,Lecce,Rebic,a,6.0,6.0,6,6
27,Lecce,Krstovic,a,5.5,5.5,"5,5","5,5"
27,Lecce,Giampaolo,all,5.5,5.5,"5,5","5,5"
27,Milan,Maignan,p,5.5,3.5,"5,5","3,5"
27,Milan,Walker,d,6.0,6.0,6,6
27,Milan,Hernandez T.,d,5.5,5.5,"5,5","5,5"
27,Milan,Gabbia,d,5.5,5.5,"5,5","5,5"
27,Milan,Pavlovic,d,5.0,4.0,5,4
27,Milan,Thiaw,d,6.0,6.0,6,6
27,Milan,Jimenez A.,d,5.0,5.0,5,5
27,Milan,Pulisic,c,5.5,5.5,"5,5","5,5"
27,Milan,Fofana Y.,c,5.0,5.0,5,5
27,Milan,Chukwueze,c,7.0,10.0,7,10
27,Milan,Musah,c,5.0,5.0,5,5
27,Milan,Reijnders,c,6.0,6.0,6,6
27,Milan,Jovic,a,55.0,55.0,55,55
27,Milan,Leao,a,6.5,7.0,"6,5",7
27,Milan,Joao Felix,a,5.5,5.5,"5,5","5,5"
27,Milan,Gimenez,a,5.5,5.0,"5,5",5
27,Milan,Conceicao S.,all,5.0,5.0,5,5
27,Monza,Turati,p,6.5,4.5,"6,5","4,5"
27,Monza,Izzo,d,5.5,5.5,"5,5","5,5"
27,Monza,D'Ambrosio,d,5.5,5.5,"5,5","5,5"
27,Monza,Pereira P.,d,5.5,5.5,"5,5","5,5"
27,Monza,Kyriakopoulos,d,5.5,5.5,"5,5","5,5"
27,Monza,Birindelli,d,6.0,5.5,6,"5,5"
27,Monza,Palacios T.,d,5.0,4.5,5,"4,5"
27,Monza,Castrovilli,c,55.0,55.0,55,55
27,Monza,Urbanski,c,5.5,5.5,"5,5","5,5"
27,Monza,Bianco,c,5.5,5.5,"5,5","5,5"
27,Monza,Vignato S.,c,5.5,5.5,"5,5","5,5"
27,Monza,Ciurria,c,5.5,5.5,"5,5","5,5"
27,Monza,Zeroli,c,6.0,6.0,6,6
27,Monza,Keita B.,a,6.0,6.0,6,6
27,Monza,Mota,a,5.5,5.5,"5,5","5,5"
27,Monza,Ganvoula,a,5.5,5.5,"5,5","5,5"
27,Monza,Nesta,all,5.5,5.5,"5,5","5,5"
27,Napoli,Meret,p,6.0,5.0,6,5
27,Napoli,Spinazzola,d,5.5,5.5,"5,5","5,5"
27,Napoli,Buongiorno,d,6.5,6.5,"6,5","6,5"
27,Napoli,Di Lorenzo,d,6.0,6.0,6,6
27,Napoli,Rrahmani,d,6.0,6.0,6,6
27,Napoli,Olivera,d,55.0,55.0,55,55
27,Napoli,Politano,c,5.5,5.5,"5,5","5,5"
27,Napoli,Lobotka,c,6.5,6.5,"6,5","6,5"
27,Napoli,McTominay,c,6.5,6.5,"6,5","6,5"
27,Napoli,Gilmour,c,6.0,6.0,6,6
27,Napoli,Billing,c,7.0,10.0,7,10
27,Napoli,Lukaku,a,6.0,6.0,6,6
27,Napoli,Raspadori,a,5.5,5.5,"5,5","5,5"
27,Napoli,Ngonge,a,55.0,55.0,55,55
27,Napoli,Okafor,a,6.0,6.0,6,6
27,Napoli,Conte,all,6.0,6.0,6,6
27,Parma,Suzuki,p,6.5,5.5,"6,5","5,5"
27,Parma,Valenti,d,5.5,5.5,"5,5","5,5"
27,Parma,Balogh,d,5.0,5.0,5,5
27,Parma,Valeri,d,6.0,6.0,6,6
27,Parma,Leoni,d,6.0,6.0,6,6
27,Parma,Lovik,d,6.0,6.0,6,6
27,Parma,Estevez,c,5.5,5.5,"5,5","5,5"
27,Parma,Sohm,c,5.5,5.5,"5,5","5,5"
27,Parma,Man,c,5.5,5.5,"5,5","5,5"
27,Parma,Camara D.,c,55.0,55.0,55,55
27,Parma,Hainaut,c,55.0,55.0,55,55
27,Parma,Keita M.,c,6.0,6.0,6,6
27,Parma,Cancellieri,a,5.5,5.5,"5,5","5,5"
27,Parma,Almqvist,a,5.0,4.5,5,"4,5"
27,Parma,Bonny,a,5.5,5.5,"5,5","5,5"
27,Parma,Pellegrino M.,a,55.0,55.0,55,55
27,Parma,Chivu,all,5.5,5.5,"5,5","5,5"
27,Roma,Svilar,p,6.5,5.5,"6,5","5,5"
27,Roma,Mancini,d,5.0,4.5,5,"4,5"
27,Roma,N'Dicka,d,6.0,6.0,6,6
27,Roma,Celik,d,6.0,7.0,6,7
27,Roma,Angelino,d,6.5,6.5,"6,5","6,5"
27,Roma,Rensch,d,6.5,7.5,"6,5","7,5"
27,Roma,Paredes,c,6.0,6.0,6,6
27,Roma,Pellegrini Lo.,c,5.0,5.0,5,5
27,Roma,Cristante,c,6.5,6.0,"6,5",6
27,Roma,El Shaarawy,c,6.0,6.0,6,6
27,Roma,Saelemaekers,c,7.0,10.0,7,10
27,Roma,Kone' M.,c,5.5,5.5,"5,5","5,5"
27,Roma,Dybala,a,6.5,6.5,"6,5","6,5"
27,Roma,Shomurodov,a,5.0,5.0,5,5
27,Roma,Soule',a,5.5,5.5,"5,5","5,5"
27,Roma,Dovbyk,a,7.0,10.0,7,10
27,Roma,Ranieri C.,all,6.5,6.5,"6,5","6,5"
27,Torino,Milinkovic-Savic V.,p,6.5,6.5,"6,5","6,5"
27,Torino,Biraghi,d,6.5,6.5,"6,5","6,5"
27,Torino,Walukiewicz,d,5.5,5.5,"5,5","5,5"
27,Torino,Lazaro,d,6.5,7.5,"6,5","7,5"
27,Torino,Maripan,d,6.5,6.5,"6,5","6,5"
27,Torino,Coco,d,6.5,6.0,"6,5",6
27,Torino,Linetty,c,55.0,55.0,55,55
27,Torino,Elmas,c,7.0,10.0,7,10
27,Torino,Ricci S.,c,6.5,6.5,"6,5","6,5"
27,Torino,Vlasic,c,6.5,6.5,"6,5","6,5"
27,Torino,Casadei,c,7.5,10.5,"7,5","10,5"
27,Torino,Gineitis,c,55.0,55.0,55,55
27,Torino,Sanabria,a,6.0,6.0,6,6
27,Torino,Karamoh,a,6.0,5.5,6,"5,5"
27,Torino,Adams C.,a,6.0,7.0,6,7
27,Torino,Vanoli,all,6.5,6.5,"6,5","6,5"
27,Udinese,Padelli,p,6.5,6.5,"6,5","6,5"
27,Udinese,Kamara H.,d,6.0,6.0,6,6
27,Udinese,Bijol,d,7.0,7.0,7,7
27,Udinese,Ehizibue,d,5.5,5.5,"5,5","5,5"
27,Udinese,Kristensen T.,d,55.0,55.0,55,55
27,Udinese,Solet,d,6.5,6.5,"6,5","6,5"
27,Udinese,Lovric,c,6.5,6.5,"6,5","6,5"
27,Udinese,Zarraga,c,6.0,6.0,6,6
27,Udinese,Karlstrom,c,6.0,6.0,6,6
27,Udinese,Ekkelenkamp,c,6.0,6.0,6,6
27,Udinese,Rui Modesto,c,55.0,55.0,55,55
27,Udinese,Atta,c,6.0,6.0,6,6
27,Udinese,Thauvin,a,7.0,10.0,7,10
27,Udinese,Davis K.,a,55.0,55.0,55,55
27,Udinese,Lucca,a,5.5,5.5,"5,5","5,5"
27,Udinese,Bravo,a,55.0,55.0,55,55
27,Udinese,Runjaic,all,7.0,7.0,7,7
27,Venezia,Radu I.,p,6.5,6.0,"6,5",6
27,Venezia,Marcandalli,d,55.0,55.0,55,55
27,Venezia,Idzes,d,6.5,6.5,"6,5","6,5"
27,Venezia,Schingtienne,d,5.5,5.5,"5,5","5,5"
27,Venezia,Candè,d,7.0,7.0,7,7
27,Venezia,Duncan,c,55.0,55.0,55,55
27,Venezia,Nicolussi Caviglia,c,6.5,6.5,"6,5","6,5"
27,Venezia,Busio,c,5.5,5.5,"5,5","5,5"
27,Venezia,Zerbin,c,6.0,6.0,6,6
27,Venezia,Ellertsson,c,6.0,6.0,6,6
27,Venezia,Oristanio,c,6.0,6.0,6,6
27,Venezia,Doumbia I.,c,6.5,6.5,"6,5","6,5"
27,Venezia,Yeboah J.,c,5.5,5.5,"5,5","5,5"
27,Venezia,Condè,c,55.0,55.0,55,55
27,Venezia,Perez K.,c,6.5,6.0,"6,5",6
27,Venezia,Maric,a,5.5,5.5,"5,5","5,5"
27,Venezia,Di Francesco,all,7.0,7.0,7,7
27,Verona,Montipo',p,6.5,4.5,"6,5","4,5"
27,Verona,Faraoni,d,6.0,6.0,6,6
27,Verona,Dawidowicz,d,6.0,6.0,6,6
27,Verona,Coppola D.,d,6.0,6.0,6,6
27,Verona,Tchatchoua,d,5.5,5.5,"5,5","5,5"
27,Verona,Ghilardi,d,6.0,6.0,6,6
27,Verona,Valentini N.,d,6.5,6.5,"6,5","6,5"
27,Verona,Oyegoke,d,5.5,5.5,"5,5","5,5"
27,Verona,Kastanos,c,55.0,55.0,55,55
27,Verona,Duda,c,6.5,6.5,"6,5","6,5"
27,Verona,Niasse,c,5.5,5.5,"5,5","5,5"
27,Verona,Suslov,c,6.5,6.5,"6,5","6,5"
27,Verona,Bernede,c,6.0,6.0,6,6
27,Verona,Sarr A.,a,6.0,6.0,6,6
27,Verona,Rocha Livramento,a,6.0,6.0,6,6
27,Verona,Lambourde,a,55.0,55.0,55,55
27,Verona,Zanetti,all,5.5,5.5,"5,5","5,5"
28,Atalanta,Carnesecchi,p,6.5,6.5,"6,5","6,5"
28,Atalanta,Zappacosta,d,7.0,10.0,7,10
28,Atalanta,Toloi,d,55.0,55.0,55,55
28,Atalanta,Cuadrado,d,6.5,6.5,"6,5","6,5"
28,Atalanta,Djimsiti,d,6.5,6.5,"6,5","6,5"
28,Atalanta,Kolasinac,d,7.0,8.0,7,8
28,Atalanta,Bellanova,d,6.5,6.5,"6,5","6,5"
28,Atalanta,Hien,d,6.5,6.0,"6,5",6
28,Atalanta,De Roon,c,7.5,10.5,"7,5","10,5"
28,Atalanta,Pasalic,c,55.0,55.0,55,55
28,Atalanta,Brescianini,c,6.5,6.5,"6,5","6,5"
28,Atalanta,Samardzic,c,55.0,55.0,55,55
28,Atalanta,Ederson D.s.,c,7.0,7.0,7,7
28,Atalanta,Lookman,a,7.5,10.5,"7,5","10,5"
28,Atalanta,De Ketelaere,a,6.5,6.5,"6,5","6,5"
28,Atalanta,Retegui,a,7.0,10.0,7,10
28,Atalanta,Gasperini,all,8.0,8.0,8,8
28,Bologna,Skorupski,p,6.0,5.0,6,5
28,Bologna,Calabria,d,6.5,7.5,"6,5","7,5"
28,Bologna,Miranda J.,d,6.0,6.0,6,6
28,Bologna,Lucumi',d,6.5,6.5,"6,5","6,5"
28,Bologna,Beukema,d,5.5,5.5,"5,5","5,5"
28,Bologna,Orsolini,c,5.5,5.5,"5,5","5,5"
28,Bologna,Ndoye,c,6.5,6.5,"6,5","6,5"
28,Bologna,Aebischer,c,6.0,6.0,6,6
28,Bologna,Ferguson,c,6.0,6.0,6,6
28,Bologna,Moro N.,c,6.0,5.5,6,"5,5"
28,Bologna,Odgaard,a,7.0,10.0,7,10
28,Bologna,Cambiaghi,a,7.0,10.0,7,10
28,Bologna,Castro S.,a,5.5,5.5,"5,5","5,5"
28,Bologna,Dallinga,a,5.5,5.5,"5,5","5,5"
28,Bologna,Dominguez B.,a,6.5,7.5,"6,5","7,5"
28,Bologna,Italiano,all,6.5,6.5,"6,5","6,5"
28,Cagliari,Caprile,p,6.0,5.0,6,5
28,Cagliari,Luperto,d,5.5,5.5,"5,5","5,5"
28,Cagliari,Mina,d,6.5,6.5,"6,5","6,5"
28,Cagliari,Augello,d,5.5,5.5,"5,5","5,5"
28,Cagliari,Zortea,d,6.0,6.0,6,6
28,Cagliari,Zappa,d,5.5,5.5,"5,5","5,5"
28,Cagliari,Obert,d,6.0,6.0,6,6
28,Cagliari,Viola,c,7.0,10.0,7,10
28,Cagliari,Deiola,c,5.5,5.0,"5,5",5
28,Cagliari,Gaetano,c,5.5,5.5,"5,5","5,5"
28,Cagliari,Adopo,c,55.0,55.0,55,55
28,Cagliari,Makoumbou,c,6.0,6.0,6,6
28,Cagliari,Prati,c,6.0,6.0,6,6
28,Cagliari,Pavoletti,a,55.0,55.0,55,55
28,Cagliari,Piccoli,a,6.5,7.5,"6,5","7,5"
28,Cagliari,Coman F.,a,6.5,6.5,"6,5","6,5"
28,Cagliari,Nicola,all,6.0,6.0,6,6
28,Como,Butez,p,6.5,5.5,"6,5","5,5"
28,Como,Goldaniga,d,6.0,6.0,6,6
28,Como,Dossena,d,6.5,6.5,"6,5","6,5"
28,Como,Valle,d,6.0,6.0,6,6
28,Como,Jack,d,5.0,4.5,5,"4,5"
28,Como,Smolcic I.,d,5.5,5.5,"5,5","5,5"
28,Como,Strefezza,c,6.0,6.0,6,6
28,Como,Ikone',c,7.0,10.0,7,10
28,Como,Caqueret,c,6.5,6.5,"6,5","6,5"
28,Como,Da Cunha,c,6.0,6.0,6,6
28,Como,Perrone,c,6.5,6.5,"6,5","6,5"
28,Como,Engelhardt,c,55.0,55.0,55,55
28,Como,Fadera,c,55.0,55.0,55,55
28,Como,Paz N.,c,6.0,6.0,6,6
28,Como,Diao,c,5.5,5.5,"5,5","5,5"
28,Como,Douvikas,a,6.0,5.5,6,"5,5"
28,Como,Fabregas,all,6.5,6.5,"6,5","6,5"
28,Empoli,Silvestri,p,6.5,5.5,"6,5","5,5"
28,Empoli,De Sciglio,d,5.5,5.5,"5,5","5,5"
28,Empoli,Pezzella Giu.,d,6.0,6.0,6,6
28,Empoli,Cacace,d,6.0,6.0,6,6
28,Empoli,Sambia,d,6.0,6.0,6,6
28,Empoli,Goglichidze,d,5.5,5.5,"5,5","5,5"
28,Empoli,Marianucci,d,6.0,6.0,6,6
28,Empoli,Grassi,c,5.5,5.5,"5,5","5,5"
28,Empoli,Henderson L.,c,5.0,5.0,5,5
28,Empoli,Gyasi,c,6.0,6.0,6,6
28,Empoli,Kovalenko,c,6.0,6.0,6,6
28,Empoli,Kouame',a,5.5,5.5,"5,5","5,5"
28,Empoli,Esposito Se.,a,5.5,5.5,"5,5","5,5"
28,Empoli,Colombo,a,5.0,5.0,5,5
28,Empoli,Konate Is.,a,6.0,6.0,6,6
28,Empoli,Campaniello,a,55.0,55.0,55,55
28,Empoli,D'Aversa,all,6.0,6.0,6,6
28,Fiorentina,De Gea,p,6.0,4.0,6,4
28,Fiorentina,Gosens,d,6.0,6.0,6,6
28,Fiorentina,Ranieri L.,d,5.5,5.5,"5,5","5,5"
28,Fiorentina,Mari',d,5.0,5.0,5,5
28,Fiorentina,Parisi,d,5.5,5.5,"5,5","5,5"
28,Fiorentina,Pongracic,d,5.5,5.0,"5,5",5
28,Fiorentina,Dodo',d,5.5,5.5,"5,5","5,5"
28,Fiorentina,Comuzzo,d,5.0,5.0,5,5
28,Fiorentina,Moreno M.,d,6.0,6.0,6,6
28,Fiorentina,Cataldi,c,5.5,5.5,"5,5","5,5"
28,Fiorentina,Fagioli,c,6.5,6.5,"6,5","6,5"
28,Fiorentina,Ndour,c,5.5,5.5,"5,5","5,5"
28,Fiorentina,Kean,a,6.5,7.5,"6,5","7,5"
28,Fiorentina,Gudmundsson A.,a,6.5,9.0,"6,5",9
28,Fiorentina,Beltran L.,a,55.0,55.0,55,55
28,Fiorentina,Palladino,all,5.5,5.5,"5,5","5,5"
28,Genoa,Leali,p,5.5,4.5,"5,5","4,5"
28,Genoa,Martin,d,6.5,6.5,"6,5","6,5"
28,Genoa,Vasquez,d,5.5,5.5,"5,5","5,5"
28,Genoa,Zanoli,d,6.0,6.0,6,6
28,Genoa,De Winter,d,6.0,6.0,6,6
28,Genoa,Matturro,d,6.0,6.0,6,6
28,Genoa,Norton-Cuffy,d,5.5,5.5,"5,5","5,5"
28,Genoa,Badelj,c,6.0,5.5,6,"5,5"
28,Genoa,Malinovskyi,c,6.0,6.0,6,6
28,Genoa,Cornet,c,7.0,10.0,7,10
28,Genoa,Frendrup,c,6.0,6.0,6,6
28,Genoa,Miretti,c,6.5,6.5,"6,5","6,5"
28,Genoa,Masini,c,6.5,6.0,"6,5",6
28,Genoa,Pinamonti,a,5.5,5.5,"5,5","5,5"
28,Genoa,Ekuban,a,6.5,7.5,"6,5","7,5"
28,Genoa,Ekhator,a,5.0,5.0,5,5
28,Genoa,Vieira P.,all,6.0,6.0,6,6
28,Inter,Martinez Jo.,p,6.0,4.0,6,4
28,Inter,De Vrij,d,5.5,5.5,"5,5","5,5"
28,Inter,Acerbi,d,6.0,6.0,6,6
28,Inter,Bastoni,d,7.0,7.0,7,7
28,Inter,Pavard,d,5.5,5.5,"5,5","5,5"
28,Inter,Dumfries,d,6.5,7.5,"6,5","7,5"
28,Inter,Carlos Augusto,d,6.5,6.5,"6,5","6,5"
28,Inter,Bisseck,d,6.5,7.5,"6,5","7,5"
28,Inter,Zielinski,c,55.0,55.0,55,55
28,Inter,Barella,c,6.0,6.0,6,6
28,Inter,Calhanoglu,c,7.0,10.0,7,10
28,Inter,Mkhitaryan,c,6.0,6.0,6,6
28,Inter,Correa,a,6.0,6.0,6,6
28,Inter,Martinez L.,a,6.0,6.0,6,6
28,Inter,Arnautovic,a,6.5,9.5,"6,5","9,5"
28,Inter,Thuram,a,5.5,5.5,"5,5","5,5"
28,Inter,Inzaghi S.,all,6.5,6.5,"6,5","6,5"
28,Juventus,Di Gregorio,p,6.5,2.5,"6,5","2,5"
28,Juventus,Kalulu,d,5.5,5.5,"5,5","5,5"
28,Juventus,Cambiaso,d,5.0,5.0,5,5
28,Juventus,Gatti,d,6.0,6.0,6,6
28,Juventus,Kelly L.,d,4.5,4.5,"4,5","4,5"
28,Juventus,Alberto Costa,d,5.5,5.5,"5,5","5,5"
28,Juventus,Locatelli,c,5.5,5.5,"5,5","5,5"
28,Juventus,Weah,c,5.5,5.5,"5,5","5,5"
28,Juventus,McKennie,c,5.0,5.0,5,5
28,Juventus,Thuram K.,c,5.5,5.5,"5,5","5,5"
28,Juventus,Koopmeiners,c,5.5,5.5,"5,5","5,5"
28,Juventus,Vlahovic,a,5.5,5.5,"5,5","5,5"
28,Juventus,Gonzalez N.,a,5.0,5.0,5,5
28,Juventus,Kolo Muani,a,5.0,5.0,5,5
28,Juventus,Yildiz,a,5.5,5.0,"5,5",5
28,Juventus,Mbangula,a,5.5,5.5,"5,5","5,5"
28,Juventus,Thiago Motta,all,5.0,5.0,5,5
28,Lazio,Provedel,p,6.5,5.5,"6,5","5,5"
28,Lazio,Patric,d,55.0,55.0,55,55
28,Lazio,Romagnoli,d,6.5,9.5,"6,5","9,5"
28,Lazio,Marusic,d,6.0,6.0,6,6
28,Lazio,Lazzari,d,5.5,5.0,"5,5",5
28,Lazio,Gila,d,5.5,5.5,"5,5","5,5"
28,Lazio,Vecino,c,6.5,7.0,"6,5",7
28,Lazio,Zaccagni,c,6.5,6.5,"6,5","6,5"
28,Lazio,Guendouzi,c,6.0,6.0,6,6
28,Lazio,Tchaouna,c,5.5,5.5,"5,5","5,5"
28,Lazio,Belahyane,c,5.5,5.5,"5,5","5,5"
28,Lazio,Pedro,a,5.5,5.5,"5,5","5,5"
28,Lazio,Dia,a,5.5,5.5,"5,5","5,5"
28,Lazio,Isaksen,a,6.0,6.0,6,6
28,Lazio,Noslin,a,6.0,6.0,6,6
28,Lazio,Baroni,all,5.5,5.5,"5,5","5,5"
28,Lecce,Falcone,p,6.0,3.0,6,3
28,Lecce,Gallo,d,5.0,3.0,5,3
28,Lecce,Guilbert,d,6.0,7.0,6,7
28,Lecce,Baschirotto,d,5.0,5.0,5,5
28,Lecce,Jean,d,5.5,5.5,"5,5","5,5"
28,Lecce,Veiga D.,d,5.5,5.5,"5,5","5,5"
28,Lecce,Coulibaly L.,c,6.0,6.0,6,6
28,Lecce,Helgason,c,6.5,7.5,"6,5","7,5"
28,Lecce,Berisha M.,c,6.0,5.5,6,"5,5"
28,Lecce,Ramadani,c,5.5,5.5,"5,5","5,5"
28,Lecce,Pierret,c,6.0,6.0,6,6
28,Lecce,Tete Morente,c,5.5,5.5,"5,5","5,5"
28,Lecce,Rebic,a,55.0,55.0,55,55
28,Lecce,Banda,a,55.0,55.0,55,55
28,Lecce,Krstovic,a,7.5,13.0,"7,5",13
28,Lecce,Pierotti,a,6.0,6.0,6,6
28,Lecce,Giampaolo,all,5.5,5.5,"5,5","5,5"
28,Milan,Sportiello,p,6.0,4.0,6,4
28,Milan,Walker,d,5.5,5.5,"5,5","5,5"
28,Milan,Hernandez T.,d,6.0,6.0,6,6
28,Milan,Gabbia,d,5.5,5.5,"5,5","5,5"
28,Milan,Thiaw,d,5.5,5.5,"5,5","5,5"
28,Milan,Jimenez A.,d,5.0,5.0,5,5
28,Milan,Pulisic,c,8.0,14.0,8,14
28,Milan,Sottil,c,6.0,6.0,6,6
28,Milan,Fofana Y.,c,6.0,6.0,6,6
28,Milan,Musah,c,6.0,6.0,6,6
28,Milan,Bondo,c,5.5,5.5,"5,5","5,5"
28,Milan,Reijnders,c,6.0,6.0,6,6
28,Milan,Abraham,a,6.5,6.0,"6,5",6
28,Milan,Leao,a,7.0,8.0,7,8
28,Milan,Joao Felix,a,6.5,6.5,"6,5","6,5"
28,Milan,Gimenez,a,5.5,5.5,"5,5","5,5"
28,Milan,Conceicao S.,all,6.5,6.0,"6,5",6
28,Monza,Turati,p,7.0,4.0,7,4
28,Monza,Izzo,d,6.0,5.5,6,"5,5"
28,Monza,D'Ambrosio,d,5.5,5.5,"5,5","5,5"
28,Monza,Pereira P.,d,5.0,5.0,5,5
28,Monza,Kyriakopoulos,d,5.0,3.0,5,3
28,Monza,Birindelli,d,7.0,10.0,7,10
28,Monza,Lekovic,d,5.5,5.5,"5,5","5,5"
28,Monza,Brorsson,d,55.0,55.0,55,55
28,Monza,Castrovilli,c,6.5,6.5,"6,5","6,5"
28,Monza,Bianco,c,6.5,6.5,"6,5","6,5"
28,Monza,Vignato S.,c,55.0,55.0,55,55
28,Monza,Zeroli,c,5.5,5.5,"5,5","5,5"
28,Monza,Keita B.,a,7.0,10.0,7,10
28,Monza,Caprari,a,6.0,6.0,6,6
28,Monza,Mota,a,7.0,8.0,7,8
28,Monza,Ganvoula,a,5.5,5.5,"5,5","5,5"
28,Monza,Nesta,all,6.5,6.0,"6,5",6
28,Napoli,Meret,p,6.0,5.0,6,5
28,Napoli,Juan Jesus,d,55.0,55.0,55,55
28,Napoli,Spinazzola,d,6.5,6.5,"6,5","6,5"
28,Napoli,Buongiorno,d,6.0,5.5,6,"5,5"
28,Napoli,Di Lorenzo,d,6.5,6.5,"6,5","6,5"
28,Napoli,Rrahmani,d,6.0,6.0,6,6
28,Napoli,Olivera,d,55.0,55.0,55,55
28,Napoli,Politano,c,6.5,6.5,"6,5","6,5"
28,Napoli,Lobotka,c,6.5,6.5,"6,5","6,5"
28,Napoli,McTominay,c,6.5,6.5,"6,5","6,5"
28,Napoli,Gilmour,c,6.5,6.5,"6,5","6,5"
28,Napoli,Billing,c,55.0,55.0,55,55
28,Napoli,Simeone,a,5.5,5.5,"5,5","5,5"
28,Napoli,Lukaku,a,7.5,11.5,"7,5","11,5"
28,Napoli,Raspadori,a,7.0,10.0,7,10
28,Napoli,Conte,all,7.0,7.0,7,7
28,Parma,Suzuki,p,6.0,4.0,6,4
28,Parma,Valenti,d,5.5,5.0,"5,5",5
28,Parma,Valeri,d,7.0,8.0,7,8
28,Parma,Vogliacco,d,5.5,5.0,"5,5",5
28,Parma,Delprato,d,5.5,5.5,"5,5","5,5"
28,Parma,Leoni,d,5.5,5.5,"5,5","5,5"
28,Parma,Hernani,c,6.5,7.5,"6,5","7,5"
28,Parma,Estevez,c,5.5,5.5,"5,5","5,5"
28,Parma,Sohm,c,6.0,5.5,6,"5,5"
28,Parma,Man,c,6.0,6.0,6,6
28,Parma,Keita M.,c,5.5,5.5,"5,5","5,5"
28,Parma,Cancellieri,a,5.5,5.5,"5,5","5,5"
28,Parma,Almqvist,a,6.5,6.5,"6,5","6,5"
28,Parma,Bonny,a,5.5,5.5,"5,5","5,5"
28,Parma,Haj Mohamed,a,5.5,5.5,"5,5","5,5"
28,Parma,Pellegrino M.,a,7.5,13.0,"7,5",13
28,Parma,Chivu,all,6.0,6.0,6,6
28,Roma,Svilar,p,6.0,6.0,6,6
28,Roma,Hummels,d,6.5,6.5,"6,5","6,5"
28,Roma,N'Dicka,d,6.0,6.0,6,6
28,Roma,Angelino,d,6.0,6.0,6,6
28,Roma,Abdulhamid,d,6.0,6.0,6,6
28,Roma,Rensch,d,6.0,6.0,6,6
28,Roma,Nelsson,d,6.0,6.0,6,6
28,Roma,Salah-Eddine,d,6.0,7.0,6,7
28,Roma,Paredes,c,6.5,6.5,"6,5","6,5"
28,Roma,Pellegrini Lo.,c,6.5,6.5,"6,5","6,5"
28,Roma,Cristante,c,6.0,6.0,6,6
28,Roma,Kone' M.,c,7.0,7.0,7,7
28,Roma,Baldanzi,c,55.0,55.0,55,55
28,Roma,Shomurodov,a,6.0,6.0,6,6
28,Roma,Soule',a,7.5,10.5,"7,5","10,5"
28,Roma,Dovbyk,a,6.0,6.0,6,6
28,Roma,Ranieri C.,all,6.5,6.5,"6,5","6,5"
28,Torino,Milinkovic-Savic V.,p,6.0,4.0,6,4
28,Torino,Biraghi,d,5.5,5.5,"5,5","5,5"
28,Torino,Walukiewicz,d,5.5,5.5,"5,5","5,5"
28,Torino,Lazaro,d,5.5,5.5,"5,5","5,5"
28,Torino,Maripan,d,6.5,6.5,"6,5","6,5"
28,Torino,Pedersen,d,55.0,55.0,55,55
28,Torino,Coco,d,5.5,5.5,"5,5","5,5"
28,Torino,Linetty,c,55.0,55.0,55,55
28,Torino,Elmas,c,7.0,10.0,7,10
28,Torino,Ricci S.,c,6.0,5.5,6,"5,5"
28,Torino,Vlasic,c,6.0,6.0,6,6
28,Torino,Casadei,c,7.0,8.0,7,8
28,Torino,Gineitis,c,5.5,5.5,"5,5","5,5"
28,Torino,Karamoh,a,5.5,5.5,"5,5","5,5"
28,Torino,Adams C.,a,7.0,9.5,7,"9,5"
28,Torino,Vanoli,all,6.0,6.0,6,6
28,Udinese,Okoye,p,6.5,5.5,"6,5","5,5"
28,Udinese,Kamara H.,d,6.0,5.5,6,"5,5"
28,Udinese,Bijol,d,6.0,6.0,6,6
28,Udinese,Ehizibue,d,5.5,5.5,"5,5","5,5"
28,Udinese,Zemura,d,6.0,6.0,6,6
28,Udinese,Kristensen T.,d,5.0,5.0,5,5
28,Udinese,Solet,d,6.5,6.5,"6,5","6,5"
28,Udinese,Lovric,c,6.0,5.5,6,"5,5"
28,Udinese,Payero,c,6.0,5.5,6,"5,5"
28,Udinese,Karlstrom,c,6.0,5.5,6,"5,5"
28,Udinese,Ekkelenkamp,c,6.0,6.0,6,6
28,Udinese,Rui Modesto,c,55.0,55.0,55,55
28,Udinese,Atta,c,6.0,6.0,6,6
28,Udinese,Thauvin,a,7.0,10.0,7,10
28,Udinese,Davis K.,a,55.0,55.0,55,55
28,Udinese,Lucca,a,6.5,6.5,"6,5","6,5"
28,Udinese,Runjaic,all,6.5,6.5,"6,5","6,5"
28,Venezia,Radu I.,p,7.0,6.0,7,6
28,Venezia,Carboni F.,d,6.5,6.5,"6,5","6,5"
28,Venezia,Idzes,d,5.5,5.5,"5,5","5,5"
28,Venezia,Schingtienne,d,6.0,6.0,6,6
28,Venezia,Candè,d,5.0,5.0,5,5
28,Venezia,Duncan,c,6.0,5.5,6,"5,5"
28,Venezia,Nicolussi Caviglia,c,5.5,5.5,"5,5","5,5"
28,Venezia,Bjarkason,c,6.0,6.0,6,6
28,Venezia,Zerbin,c,6.0,5.5,6,"5,5"
28,Venezia,Ellertsson,c,5.5,5.5,"5,5","5,5"
28,Venezia,Oristanio,c,5.5,5.5,"5,5","5,5"
28,Venezia,Doumbia I.,c,6.0,6.0,6,6
28,Venezia,Yeboah J.,c,6.0,5.5,6,"5,5"
28,Venezia,Perez K.,c,6.5,6.5,"6,5","6,5"
28,Venezia,Gytkjaer,a,7.0,10.0,7,10
28,Venezia,Maric,a,5.5,5.5,"5,5","5,5"
28,Venezia,Di Francesco,all,6.0,6.0,6,6
28,Verona,Montipo',p,5.0,3.0,5,3
28,Verona,Dawidowicz,d,5.5,5.5,"5,5","5,5"
28,Verona,Bradaric,d,6.0,6.0,6,6
28,Verona,Coppola D.,d,6.0,6.0,6,6
28,Verona,Tchatchoua,d,5.5,5.5,"5,5","5,5"
28,Verona,Valentini N.,d,4.5,3.5,"4,5","3,5"
28,Verona,Lazovic,c,5.5,5.5,"5,5","5,5"
28,Verona,Kastanos,c,6.0,6.0,6,6
28,Verona,Duda,c,5.5,5.5,"5,5","5,5"
28,Verona,Niasse,c,5.0,5.0,5,5
28,Verona,Suslov,c,6.0,5.5,6,"5,5"
28,Verona,Bernede,c,5.5,5.5,"5,5","5,5"
28,Verona,Sarr A.,a,5.5,5.5,"5,5","5,5"
28,Verona,Mosquera,a,7.0,10.0,7,10
28,Verona,Rocha Livramento,a,55.0,55.0,55,55
28,Verona,Tengstedt,a,6.5,6.5,"6,5","6,5"
28,Verona,Zanetti,all,6.0,6.0,6,6
29,Atalanta,Carnesecchi,p,6.0,4.0,6,4
29,Atalanta,Zappacosta,d,5.0,5.0,5,5
29,Atalanta,Djimsiti,d,5.0,5.0,5,5
29,Atalanta,Kolasinac,d,6.0,6.0,6,6
29,Atalanta,Bellanova,d,5.5,5.0,"5,5",5
29,Atalanta,Ruggeri,d,5.5,5.5,"5,5","5,5"
29,Atalanta,Hien,d,5.0,5.0,5,5
29,Atalanta,De Roon,c,6.0,6.0,6,6
29,Atalanta,Pasalic,c,6.5,6.5,"6,5","6,5"
29,Atalanta,Maldini,c,6.0,6.0,6,6
29,Atalanta,Brescianini,c,6.0,6.0,6,6
29,Atalanta,Samardzic,c,6.0,6.0,6,6
29,Atalanta,Ederson D.s.,c,4.5,3.5,"4,5","3,5"
29,Atalanta,Lookman,a,5.5,5.5,"5,5","5,5"
29,Atalanta,De Ketelaere,a,5.5,5.5,"5,5","5,5"
29,Atalanta,Retegui,a,5.0,5.0,5,5
29,Atalanta,Gasperini,all,4.5,3.5,"4,5","3,5"
29,Bologna,Skorupski,p,6.5,6.5,"6,5","6,5"
29,Bologna,Calabria,d,6.5,6.5,"6,5","6,5"
29,Bologna,Miranda J.,d,7.5,9.5,"7,5","9,5"
29,Bologna,Lucumi',d,6.5,6.5,"6,5","6,5"
29,Bologna,Beukema,d,7.0,7.0,7,7
29,Bologna,Freuler,c,6.5,6.0,"6,5",6
29,Bologna,Orsolini,c,7.0,10.0,7,10
29,Bologna,Pobega,c,6.5,7.5,"6,5","7,5"
29,Bologna,Ndoye,c,8.0,12.0,8,12
29,Bologna,Ferguson,c,7.0,8.0,7,8
29,Bologna,Fabbian,c,7.0,10.0,7,10
29,Bologna,Odgaard,a,7.0,10.0,7,10
29,Bologna,Cambiaghi,a,6.0,6.0,6,6
29,Bologna,Castro S.,a,7.0,9.5,7,"9,5"
29,Bologna,Dallinga,a,55.0,55.0,55,55
29,Bologna,Dominguez B.,a,6.0,6.0,6,6
29,Bologna,Italiano,all,9.0,9.0,9,9
29,Cagliari,Caprile,p,6.0,5.0,6,5
29,Cagliari,Luperto,d,6.0,6.0,6,6
29,Cagliari,Palomino,d,6.0,6.0,6,6
29,Cagliari,Mina,d,6.0,6.0,6,6
29,Cagliari,Augello,d,6.0,6.0,6,6
29,Cagliari,Zortea,d,6.5,6.5,"6,5","6,5"
29,Cagliari,Obert,d,5.5,5.0,"5,5",5
29,Cagliari,Viola,c,6.0,5.5,6,"5,5"
29,Cagliari,Deiola,c,6.0,6.0,6,6
29,Cagliari,Adopo,c,5.5,5.5,"5,5","5,5"
29,Cagliari,Marin,c,5.5,5.5,"5,5","5,5"
29,Cagliari,Makoumbou,c,5.5,5.5,"5,5","5,5"
29,Cagliari,Prati,c,6.0,6.0,6,6
29,Cagliari,Pavoletti,a,55.0,55.0,55,55
29,Cagliari,Piccoli,a,5.5,5.5,"5,5","5,5"
29,Cagliari,Mutandwa,a,5.5,5.5,"5,5","5,5"
29,Cagliari,Nicola,all,6.0,6.0,6,6
29,Como,Butez,p,6.0,4.0,6,4
29,Como,Goldaniga,d,5.5,5.5,"5,5","5,5"
29,Como,Dossena,d,5.5,5.5,"5,5","5,5"
29,Como,Valle,d,5.5,5.5,"5,5","5,5"
29,Como,Kempf,d,6.0,6.0,6,6
29,Como,Van Der Brempt,d,6.0,6.0,6,6
29,Como,Smolcic I.,d,5.5,5.5,"5,5","5,5"
29,Como,Alli,c,4.5,3.5,"4,5","3,5"
29,Como,Strefezza,c,6.0,5.5,6,"5,5"
29,Como,Caqueret,c,6.5,6.5,"6,5","6,5"
29,Como,Da Cunha,c,7.0,10.0,7,10
29,Como,Perrone,c,5.0,4.5,5,"4,5"
29,Como,Paz N.,c,6.5,7.0,"6,5",7
29,Como,Diao,c,6.0,6.0,6,6
29,Como,Cutrone,a,6.0,6.0,6,6
29,Como,Douvikas,a,6.0,6.0,6,6
29,Como,Fabregas,all,5.5,4.5,"5,5","4,5"
29,Empoli,Silvestri,p,6.0,5.0,6,5
29,Empoli,Pezzella Giu.,d,6.5,6.5,"6,5","6,5"
29,Empoli,Ismajli,d,6.0,6.0,6,6
29,Empoli,Cacace,d,6.0,6.0,6,6
29,Empoli,Sambia,d,5.0,5.0,5,5
29,Empoli,Marianucci,d,5.5,5.5,"5,5","5,5"
29,Empoli,Grassi,c,5.5,5.5,"5,5","5,5"
29,Empoli,Henderson L.,c,6.0,6.0,6,6
29,Empoli,Gyasi,c,5.5,5.5,"5,5","5,5"
29,Empoli,Kovalenko,c,6.0,6.0,6,6
29,Empoli,Kouame',a,6.0,6.0,6,6
29,Empoli,Esposito Se.,a,5.5,5.5,"5,5","5,5"
29,Empoli,Colombo,a,5.5,5.5,"5,5","5,5"
29,Empoli,Konate Is.,a,55.0,55.0,55,55
29,Empoli,D'Aversa,all,5.5,5.5,"5,5","5,5"
29,Fiorentina,De Gea,p,6.0,6.0,6,6
29,Fiorentina,Gosens,d,7.0,10.0,7,10
29,Fiorentina,Ranieri L.,d,6.5,6.0,"6,5",6
29,Fiorentina,Mari',d,6.5,6.0,"6,5",6
29,Fiorentina,Pongracic,d,7.0,7.0,7,7
29,Fiorentina,Dodo',d,6.5,6.5,"6,5","6,5"
29,Fiorentina,Comuzzo,d,55.0,55.0,55,55
29,Fiorentina,Cataldi,c,7.0,7.0,7,7
29,Fiorentina,Mandragora,c,7.5,10.5,"7,5","10,5"
29,Fiorentina,Zaniolo,c,55.0,55.0,55,55
29,Fiorentina,Fagioli,c,7.5,9.5,"7,5","9,5"
29,Fiorentina,Adli,c,55.0,55.0,55,55
29,Fiorentina,Folorunsho,c,55.0,55.0,55,55
29,Fiorentina,Kean,a,6.5,6.5,"6,5","6,5"
29,Fiorentina,Gudmundsson A.,a,7.5,10.5,"7,5","10,5"
29,Fiorentina,Beltran L.,a,55.0,55.0,55,55
29,Fiorentina,Palladino,all,7.5,7.5,"7,5","7,5"
29,Genoa,Leali,p,6.0,5.0,6,5
29,Genoa,Sabelli,d,6.5,6.5,"6,5","6,5"
29,Genoa,Martin,d,5.5,5.0,"5,5",5
29,Genoa,Vasquez,d,6.0,5.5,6,"5,5"
29,Genoa,Zanoli,d,5.5,5.5,"5,5","5,5"
29,Genoa,De Winter,d,6.0,6.0,6,6
29,Genoa,Matturro,d,5.0,5.0,5,5
29,Genoa,Norton-Cuffy,d,55.0,55.0,55,55
29,Genoa,Malinovskyi,c,7.5,9.5,"7,5","9,5"
29,Genoa,Frendrup,c,6.0,6.0,6,6
29,Genoa,Miretti,c,7.5,13.0,"7,5",13
29,Genoa,Onana J.,c,55.0,55.0,55,55
29,Genoa,Masini,c,6.0,6.0,6,6
29,Genoa,Pinamonti,a,6.0,6.0,6,6
29,Genoa,Ekhator,a,6.0,6.0,6,6
29,Genoa,Vieira P.,all,7.0,7.0,7,7
29,Inter,Sommer,p,6.5,6.5,"6,5","6,5"
29,Inter,Acerbi,d,7.0,7.0,7,7
29,Inter,Bastoni,d,5.5,4.5,"5,5","4,5"
29,Inter,Pavard,d,6.0,5.5,6,"5,5"
29,Inter,Dumfries,d,5.5,5.5,"5,5","5,5"
29,Inter,Carlos Augusto,d,7.0,10.0,7,10
29,Inter,Bisseck,d,6.0,6.0,6,6
29,Inter,Barella,c,6.5,7.5,"6,5","7,5"
29,Inter,Calhanoglu,c,7.0,8.0,7,8
29,Inter,Mkhitaryan,c,6.0,6.0,6,6
29,Inter,Frattesi,c,5.5,5.5,"5,5","5,5"
29,Inter,Asllani,c,55.0,55.0,55,55
29,Inter,Correa,a,55.0,55.0,55,55
29,Inter,Martinez L.,a,7.0,10.0,7,10
29,Inter,Thuram,a,6.0,6.0,6,6
29,Inter,Taremi,a,55.0,55.0,55,55
29,Inter,Inzaghi S.,all,7.0,7.0,7,7
29,Juventus,Di Gregorio,p,6.0,3.0,6,3
29,Juventus,Kalulu,d,5.5,5.5,"5,5","5,5"
29,Juventus,Cambiaso,d,6.0,6.0,6,6
29,Juventus,Gatti,d,6.0,6.0,6,6
29,Juventus,Kelly L.,d,5.0,5.0,5,5
29,Juventus,Alberto Costa,d,6.0,6.0,6,6
29,Juventus,Locatelli,c,4.5,4.0,"4,5",4
29,Juventus,Weah,c,5.0,4.5,5,"4,5"
29,Juventus,McKennie,c,5.0,5.0,5,5
29,Juventus,Thuram K.,c,5.5,5.0,"5,5",5
29,Juventus,Koopmeiners,c,4.5,4.5,"4,5","4,5"
29,Juventus,Veiga R.,c,5.0,5.0,5,5
29,Juventus,Conceicao,c,6.0,6.0,6,6
29,Juventus,Gonzalez N.,a,4.5,4.5,"4,5","4,5"
29,Juventus,Kolo Muani,a,5.0,5.0,5,5
29,Juventus,Mbangula,a,55.0,55.0,55,55
29,Juventus,Thiago Motta,all,4.0,4.0,4,4
29,Lazio,Provedel,p,6.0,1.0,6,1
29,Lazio,Romagnoli,d,5.0,4.5,5,"4,5"
29,Lazio,Marusic,d,4.5,4.5,"4,5","4,5"
29,Lazio,Lazzari,d,4.5,4.5,"4,5","4,5"
29,Lazio,Gila,d,4.5,4.0,"4,5",4
29,Lazio,Vecino,c,5.0,4.5,5,"4,5"
29,Lazio,Zaccagni,c,5.5,5.5,"5,5","5,5"
29,Lazio,Guendouzi,c,4.5,4.5,"4,5","4,5"
29,Lazio,Rovella,c,5.0,5.0,5,5
29,Lazio,Tchaouna,c,5.5,5.5,"5,5","5,5"
29,Lazio,Belahyane,c,55.0,55.0,55,55
29,Lazio,Ibrahimovic A.,c,55.0,55.0,55,55
29,Lazio,Pedro,a,5.5,5.5,"5,5","5,5"
29,Lazio,Dia,a,5.0,5.0,5,5
29,Lazio,Isaksen,a,5.5,5.5,"5,5","5,5"
29,Lazio,Noslin,a,5.5,5.5,"5,5","5,5"
29,Lazio,Baroni,all,4.0,4.0,4,4
29,Lecce,Falcone,p,6.0,4.0,6,4
29,Lecce,Gallo,d,5.5,5.5,"5,5","5,5"
29,Lecce,Guilbert,d,5.0,5.0,5,5
29,Lecce,Baschirotto,d,5.5,5.5,"5,5","5,5"
29,Lecce,Jean,d,5.5,5.5,"5,5","5,5"
29,Lecce,Veiga D.,d,6.0,6.0,6,6
29,Lecce,Coulibaly L.,c,6.0,6.0,6,6
29,Lecce,Helgason,c,5.5,5.5,"5,5","5,5"
29,Lecce,Berisha M.,c,6.5,6.0,"6,5",6
29,Lecce,Kaba,c,6.0,6.0,6,6
29,Lecce,Karlsson,c,6.0,6.0,6,6
29,Lecce,Tete Morente,c,5.5,5.5,"5,5","5,5"
29,Lecce,Banda,a,55.0,55.0,55,55
29,Lecce,Krstovic,a,6.5,9.0,"6,5",9
29,Lecce,Pierotti,a,5.0,5.0,5,5
29,Lecce,N'Dri,a,6.0,6.0,6,6
29,Lecce,Giampaolo,all,5.5,5.5,"5,5","5,5"
29,Milan,Maignan,p,6.5,5.5,"6,5","5,5"
29,Milan,Walker,d,6.0,6.0,6,6
29,Milan,Hernandez T.,d,5.5,5.5,"5,5","5,5"
29,Milan,Gabbia,d,5.5,5.5,"5,5","5,5"
29,Milan,Thiaw,d,6.0,6.0,6,6
29,Milan,Jimenez A.,d,6.0,5.5,6,"5,5"
29,Milan,Pulisic,c,7.0,10.0,7,10
29,Milan,Loftus-Cheek,c,6.0,6.0,6,6
29,Milan,Fofana Y.,c,6.5,6.5,"6,5","6,5"
29,Milan,Musah,c,4.5,4.0,"4,5",4
29,Milan,Bondo,c,5.5,5.0,"5,5",5
29,Milan,Reijnders,c,7.5,11.5,"7,5","11,5"
29,Milan,Abraham,a,7.0,8.0,7,8
29,Milan,Leao,a,5.0,5.0,5,5
29,Milan,Joao Felix,a,6.0,6.0,6,6
29,Milan,Gimenez,a,5.5,5.5,"5,5","5,5"
29,Milan,Conceicao S.,all,6.5,6.5,"6,5","6,5"
29,Monza,Turati,p,6.5,5.5,"6,5","5,5"
29,Monza,Izzo,d,7.0,10.0,7,10
29,Monza,D'Ambrosio,d,6.5,6.5,"6,5","6,5"
29,Monza,Pereira P.,d,5.5,5.5,"5,5","5,5"
29,Monza,Kyriakopoulos,d,6.0,6.0,6,6
29,Monza,Birindelli,d,5.5,5.5,"5,5","5,5"
29,Monza,Lekovic,d,55.0,55.0,55,55
29,Monza,Gagliardini,c,55.0,55.0,55,55
29,Monza,Castrovilli,c,6.0,6.0,6,6
29,Monza,Akpa Akpro,c,6.0,6.0,6,6
29,Monza,Bianco,c,6.0,6.0,6,6
29,Monza,Ciurria,c,6.0,6.0,6,6
29,Monza,Zeroli,c,6.0,6.0,6,6
29,Monza,Keita B.,a,6.0,6.0,6,6
29,Monza,Caprari,a,55.0,55.0,55,55
29,Monza,Mota,a,5.5,5.5,"5,5","5,5"
29,Monza,Nesta,all,5.5,5.5,"5,5","5,5"
29,Napoli,Meret,p,7.0,7.0,7,7
29,Napoli,Juan Jesus,d,6.0,6.0,6,6
29,Napoli,Spinazzola,d,6.0,6.0,6,6
29,Napoli,Buongiorno,d,6.5,6.5,"6,5","6,5"
29,Napoli,Di Lorenzo,d,5.5,5.5,"5,5","5,5"
29,Napoli,Rrahmani,d,6.5,6.5,"6,5","6,5"
29,Napoli,Olivera,d,6.0,5.5,6,"5,5"
29,Napoli,Politano,c,6.0,6.0,6,6
29,Napoli,Zambo Anguissa,c,5.5,5.5,"5,5","5,5"
29,Napoli,Lobotka,c,6.0,6.0,6,6
29,Napoli,McTominay,c,6.5,6.5,"6,5","6,5"
29,Napoli,Gilmour,c,5.5,5.5,"5,5","5,5"
29,Napoli,Simeone,a,5.5,5.5,"5,5","5,5"
29,Napoli,Lukaku,a,6.0,6.0,6,6
29,Napoli,Raspadori,a,6.5,6.5,"6,5","6,5"
29,Napoli,Okafor,a,6.5,6.5,"6,5","6,5"
29,Napoli,Conte,all,5.5,5.5,"5,5","5,5"
29,Parma,Suzuki,p,6.0,5.0,6,5
29,Parma,Valenti,d,5.5,5.5,"5,5","5,5"
29,Parma,Balogh,d,6.0,6.0,6,6
29,Parma,Valeri,d,6.0,6.0,6,6
29,Parma,Delprato,d,6.0,6.0,6,6
29,Parma,Leoni,d,5.5,5.0,"5,5",5
29,Parma,Hernani,c,6.0,5.5,6,"5,5"
29,Parma,Estevez,c,5.5,5.5,"5,5","5,5"
29,Parma,Man,c,6.0,6.0,6,6
29,Parma,Bernabe',c,6.0,6.0,6,6
29,Parma,Keita M.,c,6.5,6.5,"6,5","6,5"
29,Parma,Ondrejka,c,55.0,55.0,55,55
29,Parma,Almqvist,a,6.0,6.0,6,6
29,Parma,Bonny,a,7.5,10.5,"7,5","10,5"
29,Parma,Haj Mohamed,a,5.5,5.0,"5,5",5
29,Parma,Pellegrino M.,a,6.0,6.0,6,6
29,Parma,Chivu,all,6.0,6.0,6,6
29,Roma,Svilar,p,7.0,7.0,7,7
29,Roma,Mancini,d,6.5,6.5,"6,5","6,5"
29,Roma,N'Dicka,d,6.0,6.0,6,6
29,Roma,Angelino,d,6.0,6.0,6,6
29,Roma,Rensch,d,6.0,6.0,6,6
29,Roma,Paredes,c,6.5,6.5,"6,5","6,5"
29,Roma,Cristante,c,6.0,6.0,6,6
29,Roma,El Shaarawy,c,6.0,6.0,6,6
29,Roma,Saelemaekers,c,6.0,6.0,6,6
29,Roma,Kone' M.,c,5.5,5.5,"5,5","5,5"
29,Roma,Baldanzi,c,6.0,6.0,6,6
29,Roma,Pisilli,c,6.0,6.0,6,6
29,Roma,Dybala,a,55.0,55.0,55,55
29,Roma,Shomurodov,a,6.0,6.0,6,6
29,Roma,Soule',a,5.5,5.5,"5,5","5,5"
29,Roma,Dovbyk,a,6.0,9.0,6,9
29,Roma,Ranieri C.,all,6.5,6.5,"6,5","6,5"
29,Torino,Milinkovic-Savic V.,p,6.0,6.0,6,6
29,Torino,Masina,d,6.0,6.0,6,6
29,Torino,Biraghi,d,6.0,6.0,6,6
29,Torino,Walukiewicz,d,6.0,6.0,6,6
29,Torino,Lazaro,d,6.0,6.0,6,6
29,Torino,Maripan,d,6.0,6.0,6,6
29,Torino,Coco,d,6.5,6.5,"6,5","6,5"
29,Torino,Elmas,c,5.5,5.5,"5,5","5,5"
29,Torino,Tameze,c,55.0,55.0,55,55
29,Torino,Ricci S.,c,6.0,6.0,6,6
29,Torino,Vlasic,c,7.0,10.0,7,10
29,Torino,Casadei,c,6.0,6.0,6,6
29,Torino,Gineitis,c,5.5,5.0,"5,5",5
29,Torino,Karamoh,a,55.0,55.0,55,55
29,Torino,Adams C.,a,6.0,6.0,6,6
29,Torino,Vanoli,all,6.5,6.5,"6,5","6,5"
29,Udinese,Okoye,p,6.0,5.0,6,5
29,Udinese,Bijol,d,6.0,5.5,6,"5,5"
29,Udinese,Ehizibue,d,6.0,6.0,6,6
29,Udinese,Zemura,d,6.0,6.0,6,6
29,Udinese,Kristensen T.,d,5.5,5.0,"5,5",5
29,Udinese,Solet,d,6.0,5.5,6,"5,5"
29,Udinese,Pafundi,c,55.0,55.0,55,55
29,Udinese,Lovric,c,5.5,5.5,"5,5","5,5"
29,Udinese,Payero,c,5.5,5.5,"5,5","5,5"
29,Udinese,Karlstrom,c,6.0,6.0,6,6
29,Udinese,Ekkelenkamp,c,6.0,6.0,6,6
29,Udinese,Atta,c,6.5,6.0,"6,5",6
29,Udinese,Sanchez,a,5.5,5.5,"5,5","5,5"
29,Udinese,Davis K.,a,55.0,55.0,55,55
29,Udinese,Lucca,a,6.0,6.0,6,6
29,Udinese,Bravo,a,6.0,5.5,6,"5,5"
29,Udinese,Runjaic,all,5.5,5.5,"5,5","5,5"
29,Venezia,Radu I.,p,7.5,7.5,"7,5","7,5"
29,Venezia,Haps,d,55.0,55.0,55,55
29,Venezia,Idzes,d,7.0,7.0,7,7
29,Venezia,Schingtienne,d,6.5,6.5,"6,5","6,5"
29,Venezia,Candè,d,5.5,5.0,"5,5",5
29,Venezia,Duncan,c,6.5,6.5,"6,5","6,5"
29,Venezia,Nicolussi Caviglia,c,7.0,6.5,7,"6,5"
29,Venezia,Busio,c,55.0,55.0,55,55
29,Venezia,Zerbin,c,7.0,7.0,7,7
29,Venezia,Ellertsson,c,6.0,6.0,6,6
29,Venezia,Oristanio,c,6.0,6.0,6,6
29,Venezia,Doumbia I.,c,6.0,6.0,6,6
29,Venezia,Perez K.,c,7.0,7.0,7,7
29,Venezia,Gytkjaer,a,6.0,6.0,6,6
29,Venezia,Maric,a,6.0,6.0,6,6
29,Venezia,Fila,a,6.0,6.0,6,6
29,Venezia,Di Francesco,all,7.0,7.0,7,7
29,Verona,Montipo',p,6.0,6.0,6,6
29,Verona,Faraoni,d,55.0,55.0,55,55
29,Verona,Dawidowicz,d,6.0,6.0,6,6
29,Verona,Bradaric,d,6.5,6.5,"6,5","6,5"
29,Verona,Coppola D.,d,6.5,6.5,"6,5","6,5"
29,Verona,Tchatchoua,d,5.5,5.5,"5,5","5,5"
29,Verona,Ghilardi,d,6.0,5.5,6,"5,5"
29,Verona,Kastanos,c,6.0,5.5,6,"5,5"
29,Verona,Duda,c,7.0,10.0,7,10
29,Verona,Niasse,c,6.0,6.0,6,6
29,Verona,Suslov,c,6.5,6.5,"6,5","6,5"
29,Verona,Sarr A.,a,6.0,6.0,6,6
29,Verona,Mosquera,a,5.5,5.5,"5,5","5,5"
29,Verona,Rocha Livramento,a,55.0,55.0,55,55
29,Verona,Zanetti,all,6.5,6.5,"6,5","6,5"
30,Atalanta,Carnesecchi,p,6.5,5.5,"6,5","5,5"
30,Atalanta,Zappacosta,d,5.5,5.5,"5,5","5,5"
30,Atalanta,Cuadrado,d,6.0,6.0,6,6
30,Atalanta,Djimsiti,d,5.5,5.5,"5,5","5,5"
30,Atalanta,Kolasinac,d,6.0,5.5,6,"5,5"
30,Atalanta,Bellanova,d,5.5,5.5,"5,5","5,5"
30,Atalanta,Ruggeri,d,5.5,5.5,"5,5","5,5"
30,Atalanta,Hien,d,4.5,4.0,"4,5",4
30,Atalanta,De Roon,c,5.5,5.5,"5,5","5,5"
30,Atalanta,Pasalic,c,6.0,6.0,6,6
30,Atalanta,Maldini,c,5.5,5.5,"5,5","5,5"
30,Atalanta,Brescianini,c,6.0,6.0,6,6
30,Atalanta,Samardzic,c,5.5,5.0,"5,5",5
30,Atalanta,Lookman,a,5.5,5.5,"5,5","5,5"
30,Atalanta,De Ketelaere,a,5.5,5.5,"5,5","5,5"
30,Atalanta,Retegui,a,5.5,5.5,"5,5","5,5"
30,Atalanta,Gasperini,all,5.0,5.0,5,5
30,Bologna,Skorupski,p,7.0,7.0,7,7
30,Bologna,Calabria,d,6.0,5.5,6,"5,5"
30,Bologna,Miranda J.,d,6.0,6.0,6,6
30,Bologna,Casale,d,6.5,6.5,"6,5","6,5"
30,Bologna,Holm,d,6.0,6.0,6,6
30,Bologna,Beukema,d,6.0,6.0,6,6
30,Bologna,Freuler,c,6.0,6.0,6,6
30,Bologna,Orsolini,c,7.0,10.0,7,10
30,Bologna,Pobega,c,6.0,6.0,6,6
30,Bologna,Ndoye,c,6.0,6.0,6,6
30,Bologna,Ferguson,c,5.5,5.5,"5,5","5,5"
30,Bologna,Fabbian,c,55.0,55.0,55,55
30,Bologna,Odgaard,a,5.5,5.5,"5,5","5,5"
30,Bologna,Cambiaghi,a,6.5,7.5,"6,5","7,5"
30,Bologna,Dallinga,a,5.5,5.5,"5,5","5,5"
30,Bologna,Pedrola,a,55.0,55.0,55,55
30,Bologna,Italiano,all,6.5,6.5,"6,5","6,5"
30,Cagliari,Caprile,p,6.0,6.0,6,6
30,Cagliari,Luperto,d,6.5,6.0,"6,5",6
30,Cagliari,Palomino,d,6.0,6.0,6,6
30,Cagliari,Mina,d,7.0,7.0,7,7
30,Cagliari,Augello,d,7.0,8.0,7,8
30,Cagliari,Zortea,d,6.5,6.5,"6,5","6,5"
30,Cagliari,Zappa,d,55.0,55.0,55,55
30,Cagliari,Viola,c,7.0,10.0,7,10
30,Cagliari,Gaetano,c,7.5,11.5,"7,5","11,5"
30,Cagliari,Adopo,c,6.0,6.0,6,6
30,Cagliari,Makoumbou,c,6.0,6.0,6,6
30,Cagliari,Prati,c,6.5,6.5,"6,5","6,5"
30,Cagliari,Felici,c,5.5,5.5,"5,5","5,5"
30,Cagliari,Pavoletti,a,6.0,6.0,6,6
30,Cagliari,Piccoli,a,6.0,5.5,6,"5,5"
30,Cagliari,Luvumbo,a,7.0,10.0,7,10
30,Cagliari,Nicola,all,7.0,7.0,7,7
30,Como,Butez,p,6.0,5.0,6,5
30,Como,Goldaniga,d,5.0,4.5,5,"4,5"
30,Como,Sergi Roberto,d,5.5,5.0,"5,5",5
30,Como,Vojvoda,d,6.5,7.5,"6,5","7,5"
30,Como,Moreno Alb.,d,6.0,6.0,6,6
30,Como,Valle,d,5.0,5.0,5,5
30,Como,Kempf,d,6.0,6.0,6,6
30,Como,Strefezza,c,6.0,6.0,6,6
30,Como,Ikone',c,6.5,6.5,"6,5","6,5"
30,Como,Caqueret,c,6.5,6.5,"6,5","6,5"
30,Como,Da Cunha,c,6.0,6.0,6,6
30,Como,Perrone,c,5.5,5.5,"5,5","5,5"
30,Como,Diao,c,6.5,6.5,"6,5","6,5"
30,Como,Cutrone,a,5.5,5.5,"5,5","5,5"
30,Como,Gabrielloni,a,55.0,55.0,55,55
30,Como,Douvikas,a,7.0,10.0,7,10
30,Como,Fabregas,all,6.0,6.0,6,6
30,Empoli,Vasquez D.,p,6.0,5.0,6,5
30,Empoli,De Sciglio,d,55.0,55.0,55,55
30,Empoli,Pezzella Giu.,d,6.5,7.0,"6,5",7
30,Empoli,Viti,d,6.5,6.5,"6,5","6,5"
30,Empoli,Cacace,d,5.5,5.5,"5,5","5,5"
30,Empoli,Goglichidze,d,5.0,4.5,5,"4,5"
30,Empoli,Marianucci,d,6.5,6.5,"6,5","6,5"
30,Empoli,Grassi,c,6.5,6.0,"6,5",6
30,Empoli,Henderson L.,c,5.5,5.0,"5,5",5
30,Empoli,Gyasi,c,5.5,5.0,"5,5",5
30,Empoli,Fazzini,c,5.5,4.5,"5,5","4,5"
30,Empoli,Bacci,c,6.0,6.0,6,6
30,Empoli,Kouame',a,6.0,9.0,6,9
30,Empoli,Esposito Se.,a,5.5,5.5,"5,5","5,5"
30,Empoli,Colombo,a,6.0,6.0,6,6
30,Empoli,Solbakken,a,6.0,6.0,6,6
30,Empoli,D'Aversa,all,6.0,6.0,6,6
30,Fiorentina,De Gea,p,6.0,6.0,6,6
30,Fiorentina,Ranieri L.,d,6.5,6.5,"6,5","6,5"
30,Fiorentina,Mari',d,6.5,6.5,"6,5","6,5"
30,Fiorentina,Parisi,d,6.0,6.0,6,6
30,Fiorentina,Pongracic,d,6.0,6.0,6,6
30,Fiorentina,Dodo',d,6.5,6.5,"6,5","6,5"
30,Fiorentina,Comuzzo,d,55.0,55.0,55,55
30,Fiorentina,Cataldi,c,6.5,6.5,"6,5","6,5"
30,Fiorentina,Mandragora,c,7.0,7.0,7,7
30,Fiorentina,Zaniolo,c,55.0,55.0,55,55
30,Fiorentina,Fagioli,c,6.5,6.5,"6,5","6,5"
30,Fiorentina,Folorunsho,c,6.0,6.0,6,6
30,Fiorentina,Richardson,c,55.0,55.0,55,55
30,Fiorentina,Kean,a,7.5,10.5,"7,5","10,5"
30,Fiorentina,Gudmundsson A.,a,5.5,5.5,"5,5","5,5"
30,Fiorentina,Beltran L.,a,6.5,6.5,"6,5","6,5"
30,Fiorentina,Palladino,all,7.0,7.0,7,7
30,Genoa,Leali,p,6.5,5.5,"6,5","5,5"
30,Genoa,Sabelli,d,6.0,6.0,6,6
30,Genoa,Vasquez,d,6.5,6.5,"6,5","6,5"
30,Genoa,Zanoli,d,5.0,5.0,5,5
30,Genoa,De Winter,d,5.5,5.5,"5,5","5,5"
30,Genoa,Matturro,d,5.5,5.5,"5,5","5,5"
30,Genoa,Thorsby,c,55.0,55.0,55,55
30,Genoa,Malinovskyi,c,6.0,5.5,6,"5,5"
30,Genoa,Frendrup,c,6.5,6.0,"6,5",6
30,Genoa,Miretti,c,6.0,6.0,6,6
30,Genoa,Onana J.,c,5.5,5.5,"5,5","5,5"
30,Genoa,Masini,c,6.0,6.0,6,6
30,Genoa,Venturino,c,6.0,6.0,6,6
30,Genoa,Pinamonti,a,6.0,6.0,6,6
30,Genoa,Ekuban,a,6.0,6.0,6,6
30,Genoa,Vieira P.,all,6.0,6.0,6,6
30,Inter,Sommer,p,6.5,5.5,"6,5","5,5"
30,Inter,Dimarco,d,7.0,9.0,7,9
30,Inter,Acerbi,d,6.0,6.0,6,6
30,Inter,Darmian,d,6.0,6.0,6,6
30,Inter,Pavard,d,6.0,6.0,6,6
30,Inter,Carlos Augusto,d,6.0,6.0,6,6
30,Inter,Bisseck,d,5.5,5.5,"5,5","5,5"
30,Inter,Barella,c,6.0,5.5,6,"5,5"
30,Inter,Calhanoglu,c,6.0,6.0,6,6
30,Inter,Mkhitaryan,c,6.5,6.5,"6,5","6,5"
30,Inter,Frattesi,c,7.0,10.0,7,10
30,Inter,Zalewski,c,6.0,6.0,6,6
30,Inter,Asllani,c,5.5,5.0,"5,5",5
30,Inter,Correa,a,5.5,5.5,"5,5","5,5"
30,Inter,Arnautovic,a,7.0,10.0,7,10
30,Inter,Thuram,a,6.0,6.0,6,6
30,Inter,Inzaghi S.,all,6.5,5.5,"6,5","5,5"
30,Juventus,Di Gregorio,p,6.0,6.0,6,6
30,Juventus,Kalulu,d,6.0,6.0,6,6
30,Juventus,Gatti,d,6.5,6.5,"6,5","6,5"
30,Juventus,Kelly L.,d,6.5,6.5,"6,5","6,5"
30,Juventus,Locatelli,c,6.5,6.5,"6,5","6,5"
30,Juventus,Weah,c,55.0,55.0,55,55
30,Juventus,McKennie,c,6.0,6.0,6,6
30,Juventus,Thuram K.,c,6.0,5.5,6,"5,5"
30,Juventus,Koopmeiners,c,5.5,5.5,"5,5","5,5"
30,Juventus,Veiga R.,c,6.0,6.0,6,6
30,Juventus,Conceicao,c,6.0,6.0,6,6
30,Juventus,Vlahovic,a,6.0,6.0,6,6
30,Juventus,Gonzalez N.,a,6.0,6.0,6,6
30,Juventus,Yildiz,a,7.0,10.0,7,10
30,Juventus,Tudor,all,7.0,6.5,7,"6,5"
30,Lazio,Provedel,p,6.5,5.5,"6,5","5,5"
30,Lazio,Hysaj,d,6.0,6.0,6,6
30,Lazio,Romagnoli,d,6.0,5.5,6,"5,5"
30,Lazio,Marusic,d,6.5,9.5,"6,5","9,5"
30,Lazio,Pellegrini Lu.,d,6.0,6.0,6,6
30,Lazio,Gigot,d,6.0,6.0,6,6
30,Lazio,Zaccagni,c,6.0,5.5,6,"5,5"
30,Lazio,Guendouzi,c,6.5,6.0,"6,5",6
30,Lazio,Rovella,c,6.5,6.5,"6,5","6,5"
30,Lazio,Tchaouna,c,55.0,55.0,55,55
30,Lazio,Dele-Bashiru,c,5.5,5.5,"5,5","5,5"
30,Lazio,Pedro,a,6.5,7.5,"6,5","7,5"
30,Lazio,Dia,a,5.5,5.5,"5,5","5,5"
30,Lazio,Isaksen,a,6.5,6.5,"6,5","6,5"
30,Lazio,Noslin,a,6.0,6.0,6,6
30,Lazio,Baroni,all,6.0,6.0,6,6
30,Lecce,Falcone,p,6.5,5.5,"6,5","5,5"
30,Lecce,Gallo,d,6.0,6.0,6,6
30,Lecce,Guilbert,d,5.5,5.5,"5,5","5,5"
30,Lecce,Baschirotto,d,6.0,6.0,6,6
30,Lecce,Gaspar K.,d,6.0,6.0,6,6
30,Lecce,Coulibaly L.,c,6.0,6.0,6,6
30,Lecce,Helgason,c,6.0,6.0,6,6
30,Lecce,Berisha M.,c,6.0,6.0,6,6
30,Lecce,Ramadani,c,5.5,5.5,"5,5","5,5"
30,Lecce,Kaba,c,5.5,5.5,"5,5","5,5"
30,Lecce,Karlsson,c,5.5,5.0,"5,5",5
30,Lecce,Rebic,a,55.0,55.0,55,55
30,Lecce,Banda,a,5.5,5.5,"5,5","5,5"
30,Lecce,Krstovic,a,6.0,6.0,6,6
30,Lecce,Pierotti,a,6.0,6.0,6,6
30,Lecce,N'Dri,a,6.0,6.0,6,6
30,Lecce,Giampaolo,all,5.5,5.5,"5,5","5,5"
30,Milan,Maignan,p,6.0,4.0,6,4
30,Milan,Walker,d,5.5,5.5,"5,5","5,5"
30,Milan,Hernandez T.,d,6.5,7.5,"6,5","7,5"
30,Milan,Gabbia,d,5.5,5.5,"5,5","5,5"
30,Milan,Pavlovic,d,5.0,5.0,5,5
30,Milan,Jimenez A.,d,55.0,55.0,55,55
30,Milan,Pulisic,c,5.5,5.5,"5,5","5,5"
30,Milan,Fofana Y.,c,5.5,5.5,"5,5","5,5"
30,Milan,Chukwueze,c,6.0,6.0,6,6
30,Milan,Bondo,c,5.5,5.5,"5,5","5,5"
30,Milan,Reijnders,c,6.0,6.0,6,6
30,Milan,Jovic,a,7.0,10.0,7,10
30,Milan,Abraham,a,5.5,5.5,"5,5","5,5"
30,Milan,Leao,a,6.5,6.5,"6,5","6,5"
30,Milan,Joao Felix,a,5.0,5.0,5,5
30,Milan,Gimenez,a,5.0,2.0,5,2
30,Milan,Conceicao S.,all,5.0,4.5,5,"4,5"
30,Monza,Turati,p,6.0,3.0,6,3
30,Monza,Izzo,d,6.0,5.5,6,"5,5"
30,Monza,D'Ambrosio,d,5.0,5.0,5,5
30,Monza,Pereira P.,d,5.5,5.5,"5,5","5,5"
30,Monza,Kyriakopoulos,d,6.5,6.5,"6,5","6,5"
30,Monza,Birindelli,d,6.0,6.0,6,6
30,Monza,Castrovilli,c,6.5,6.5,"6,5","6,5"
30,Monza,Akpa Akpro,c,4.5,4.5,"4,5","4,5"
30,Monza,Bianco,c,6.0,6.0,6,6
30,Monza,Vignato S.,c,5.5,5.5,"5,5","5,5"
30,Monza,Ciurria,c,5.5,5.5,"5,5","5,5"
30,Monza,Keita B.,a,5.0,4.5,5,"4,5"
30,Monza,Petagna,a,55.0,55.0,55,55
30,Monza,Caprari,a,6.0,6.0,6,6
30,Monza,Mota,a,5.0,5.0,5,5
30,Monza,Ganvoula,a,5.5,5.5,"5,5","5,5"
30,Monza,Nesta,all,5.0,5.0,5,5
30,Napoli,Meret,p,7.0,9.0,7,9
30,Napoli,Juan Jesus,d,55.0,55.0,55,55
30,Napoli,Buongiorno,d,6.5,6.5,"6,5","6,5"
30,Napoli,Di Lorenzo,d,6.5,7.5,"6,5","7,5"
30,Napoli,Rrahmani,d,6.5,6.5,"6,5","6,5"
30,Napoli,Mazzocchi,d,55.0,55.0,55,55
30,Napoli,Olivera,d,6.0,6.0,6,6
30,Napoli,Politano,c,7.0,10.0,7,10
30,Napoli,Zambo Anguissa,c,6.5,6.5,"6,5","6,5"
30,Napoli,Lobotka,c,6.0,6.0,6,6
30,Napoli,Gilmour,c,6.5,7.5,"6,5","7,5"
30,Napoli,Neres,c,6.5,6.5,"6,5","6,5"
30,Napoli,Billing,c,5.0,5.0,5,5
30,Napoli,Simeone,a,55.0,55.0,55,55
30,Napoli,Lukaku,a,7.0,9.5,7,"9,5"
30,Napoli,Ngonge,a,55.0,55.0,55,55
30,Napoli,Conte,all,6.5,6.0,"6,5",6
30,Parma,Suzuki,p,6.0,6.0,6,6
30,Parma,Valenti,d,6.5,6.5,"6,5","6,5"
30,Parma,Valeri,d,6.0,6.0,6,6
30,Parma,Vogliacco,d,6.5,6.5,"6,5","6,5"
30,Parma,Delprato,d,6.0,5.5,6,"5,5"
30,Parma,Estevez,c,55.0,55.0,55,55
30,Parma,Sohm,c,5.5,5.5,"5,5","5,5"
30,Parma,Man,c,5.5,5.5,"5,5","5,5"
30,Parma,Camara D.,c,55.0,55.0,55,55
30,Parma,Bernabe',c,6.0,6.0,6,6
30,Parma,Keita M.,c,6.0,6.0,6,6
30,Parma,Ondrejka,c,6.0,6.0,6,6
30,Parma,Djuric,a,55.0,55.0,55,55
30,Parma,Almqvist,a,5.5,5.5,"5,5","5,5"
30,Parma,Bonny,a,6.0,6.0,6,6
30,Parma,Pellegrino M.,a,5.5,5.5,"5,5","5,5"
30,Parma,Chivu,all,6.0,6.0,6,6
30,Roma,Svilar,p,6.5,6.5,"6,5","6,5"
30,Roma,Mancini,d,6.5,6.5,"6,5","6,5"
30,Roma,Hummels,d,6.5,6.5,"6,5","6,5"
30,Roma,N'Dicka,d,6.0,6.0,6,6
30,Roma,Angelino,d,5.5,5.5,"5,5","5,5"
30,Roma,Pellegrini Lo.,c,5.5,5.5,"5,5","5,5"
30,Roma,Cristante,c,6.5,7.5,"6,5","7,5"
30,Roma,El Shaarawy,c,55.0,55.0,55,55
30,Roma,Saelemaekers,c,5.5,5.0,"5,5",5
30,Roma,Kone' M.,c,5.5,5.5,"5,5","5,5"
30,Roma,Baldanzi,c,6.0,5.5,6,"5,5"
30,Roma,Pisilli,c,55.0,55.0,55,55
30,Roma,Shomurodov,a,5.5,5.5,"5,5","5,5"
30,Roma,Soule',a,6.0,6.0,6,6
30,Roma,Dovbyk,a,6.5,9.5,"6,5","9,5"
30,Roma,Ranieri C.,all,6.5,6.0,"6,5",6
30,Torino,Milinkovic-Savic V.,p,6.0,5.0,6,5
30,Torino,Biraghi,d,6.5,6.5,"6,5","6,5"
30,Torino,Walukiewicz,d,5.5,5.0,"5,5",5
30,Torino,Lazaro,d,5.5,5.0,"5,5",5
30,Torino,Maripan,d,6.0,5.5,6,"5,5"
30,Torino,Pedersen,d,55.0,55.0,55,55
30,Torino,Coco,d,6.0,6.0,6,6
30,Torino,Elmas,c,5.5,5.5,"5,5","5,5"
30,Torino,Ilic,c,55.0,55.0,55,55
30,Torino,Ricci S.,c,6.0,5.5,6,"5,5"
30,Torino,Vlasic,c,5.5,5.5,"5,5","5,5"
30,Torino,Casadei,c,6.0,6.0,6,6
30,Torino,Gineitis,c,7.0,10.0,7,10
30,Torino,Sanabria,a,6.0,6.0,6,6
30,Torino,Karamoh,a,6.5,6.5,"6,5","6,5"
30,Torino,Adams C.,a,5.5,5.5,"5,5","5,5"
30,Torino,Vanoli,all,6.5,6.5,"6,5","6,5"
30,Udinese,Okoye,p,6.0,4.0,6,4
30,Udinese,Kamara H.,d,5.5,5.5,"5,5","5,5"
30,Udinese,Bijol,d,5.5,5.5,"5,5","5,5"
30,Udinese,Ehizibue,d,5.0,5.0,5,5
30,Udinese,Kristensen T.,d,5.0,5.0,5,5
30,Udinese,Solet,d,7.0,10.0,7,10
30,Udinese,Pafundi,c,55.0,55.0,55,55
30,Udinese,Lovric,c,5.5,5.5,"5,5","5,5"
30,Udinese,Zarraga,c,5.5,5.5,"5,5","5,5"
30,Udinese,Payero,c,6.5,6.5,"6,5","6,5"
30,Udinese,Karlstrom,c,5.0,5.0,5,5
30,Udinese,Ekkelenkamp,c,5.5,5.5,"5,5","5,5"
30,Udinese,Rui Modesto,c,6.0,6.0,6,6
30,Udinese,Atta,c,5.5,5.5,"5,5","5,5"
30,Udinese,Lucca,a,6.0,6.0,6,6
30,Udinese,Bravo,a,6.0,6.0,6,6
30,Udinese,Runjaic,all,5.5,5.5,"5,5","5,5"
30,Venezia,Radu I.,p,6.0,5.0,6,5
30,Venezia,Haps,d,6.0,6.0,6,6
30,Venezia,Idzes,d,6.5,6.0,"6,5",6
30,Venezia,Schingtienne,d,6.0,6.0,6,6
30,Venezia,Candè,d,6.0,6.0,6,6
30,Venezia,Duncan,c,55.0,55.0,55,55
30,Venezia,Busio,c,6.0,6.0,6,6
30,Venezia,Zerbin,c,5.5,5.0,"5,5",5
30,Venezia,Ellertsson,c,5.5,5.5,"5,5","5,5"
30,Venezia,Oristanio,c,5.5,5.5,"5,5","5,5"
30,Venezia,Doumbia I.,c,6.0,6.0,6,6
30,Venezia,Yeboah J.,c,6.0,6.0,6,6
30,Venezia,Condè,c,6.0,5.5,6,"5,5"
30,Venezia,Perez K.,c,6.0,5.5,6,"5,5"
30,Venezia,Gytkjaer,a,6.0,6.0,6,6
30,Venezia,Fila,a,5.0,5.0,5,5
30,Venezia,Di Francesco,all,5.5,5.5,"5,5","5,5"
30,Verona,Montipo',p,6.5,6.5,"6,5","6,5"
30,Verona,Dawidowicz,d,6.0,5.5,6,"5,5"
30,Verona,Bradaric,d,6.0,5.5,6,"5,5"
30,Verona,Coppola D.,d,6.5,6.5,"6,5","6,5"
30,Verona,Tchatchoua,d,5.5,5.5,"5,5","5,5"
30,Verona,Ghilardi,d,6.5,6.5,"6,5","6,5"
30,Verona,Valentini N.,d,6.0,6.0,6,6
30,Verona,Oyegoke,d,55.0,55.0,55,55
30,Verona,Kastanos,c,6.0,6.0,6,6
30,Verona,Duda,c,6.5,6.5,"6,5","6,5"
30,Verona,Serdar,c,6.0,6.0,6,6
30,Verona,Bernede,c,5.5,5.5,"5,5","5,5"
30,Verona,Sarr A.,a,5.5,5.5,"5,5","5,5"
30,Verona,Mosquera,a,5.0,5.0,5,5
30,Verona,Rocha Livramento,a,55.0,55.0,55,55
30,Verona,Tengstedt,a,5.5,5.5,"5,5","5,5"
30,Verona,Zanetti,all,6.0,6.0,6,6
31,Atalanta,Carnesecchi,p,6.5,5.5,"6,5","5,5"
31,Atalanta,Zappacosta,d,5.5,5.5,"5,5","5,5"
31,Atalanta,Cuadrado,d,5.5,5.5,"5,5","5,5"
31,Atalanta,Djimsiti,d,6.0,6.0,6,6
31,Atalanta,Kolasinac,d,6.0,5.5,6,"5,5"
31,Atalanta,Bellanova,d,5.5,5.5,"5,5","5,5"
31,Atalanta,Hien,d,5.0,5.0,5,5
31,Atalanta,De Roon,c,5.5,5.5,"5,5","5,5"
31,Atalanta,Maldini,c,6.0,6.0,6,6
31,Atalanta,Brescianini,c,6.0,6.0,6,6
31,Atalanta,Samardzic,c,6.0,6.0,6,6
31,Atalanta,Ederson D.s.,c,6.0,6.0,6,6
31,Atalanta,Lookman,a,5.5,5.5,"5,5","5,5"
31,Atalanta,De Ketelaere,a,6.0,6.0,6,6
31,Atalanta,Retegui,a,6.0,6.0,6,6
31,Atalanta,Gasperini,all,5.0,5.0,5,5
31,Bologna,Skorupski,p,6.0,5.0,6,5
31,Bologna,Ravaglia F.,p,6.5,6.5,"6,5","6,5"
31,Bologna,Miranda J.,d,6.0,6.0,6,6
31,Bologna,Holm,d,7.0,7.0,7,7
31,Bologna,Lucumi',d,5.5,5.5,"5,5","5,5"
31,Bologna,Beukema,d,6.0,6.0,6,6
31,Bologna,Freuler,c,6.0,6.0,6,6
31,Bologna,Orsolini,c,6.5,6.5,"6,5","6,5"
31,Bologna,Ndoye,c,7.5,10.5,"7,5","10,5"
31,Bologna,Aebischer,c,6.0,5.5,6,"5,5"
31,Bologna,Fabbian,c,55.0,55.0,55,55
31,Bologna,Odgaard,a,6.5,7.5,"6,5","7,5"
31,Bologna,Cambiaghi,a,6.0,6.0,6,6
31,Bologna,Castro S.,a,5.5,5.5,"5,5","5,5"
31,Bologna,Dallinga,a,5.5,5.5,"5,5","5,5"
31,Bologna,Dominguez B.,a,55.0,55.0,55,55
31,Bologna,Italiano,all,6.5,6.5,"6,5","6,5"
31,Cagliari,Caprile,p,6.0,6.0,6,6
31,Cagliari,Luperto,d,6.0,5.5,6,"5,5"
31,Cagliari,Palomino,d,5.5,5.0,"5,5",5
31,Cagliari,Mina,d,7.0,7.0,7,7
31,Cagliari,Augello,d,6.0,5.5,6,"5,5"
31,Cagliari,Zortea,d,5.5,5.5,"5,5","5,5"
31,Cagliari,Zappa,d,6.0,6.0,6,6
31,Cagliari,Viola,c,6.5,6.5,"6,5","6,5"
31,Cagliari,Deiola,c,55.0,55.0,55,55
31,Cagliari,Gaetano,c,5.5,5.5,"5,5","5,5"
31,Cagliari,Adopo,c,6.5,6.5,"6,5","6,5"
31,Cagliari,Prati,c,5.5,5.5,"5,5","5,5"
31,Cagliari,Pavoletti,a,55.0,55.0,55,55
31,Cagliari,Piccoli,a,5.5,5.5,"5,5","5,5"
31,Cagliari,Luvumbo,a,5.5,5.5,"5,5","5,5"
31,Cagliari,Coman F.,a,6.0,6.0,6,6
31,Cagliari,Nicola,all,6.5,6.5,"6,5","6,5"
31,Como,Butez,p,6.5,5.5,"6,5","5,5"
31,Como,Goldaniga,d,6.0,6.0,6,6
31,Como,Sergi Roberto,d,6.0,6.0,6,6
31,Como,Vojvoda,d,7.0,9.5,7,"9,5"
31,Como,Valle,d,6.5,6.5,"6,5","6,5"
31,Como,Kempf,d,5.0,5.0,5,5
31,Como,Smolcic I.,d,6.0,6.0,6,6
31,Como,Strefezza,c,6.0,6.0,6,6
31,Como,Ikone',c,7.0,10.0,7,10
31,Como,Caqueret,c,7.0,9.0,7,9
31,Como,Da Cunha,c,6.0,6.0,6,6
31,Como,Perrone,c,6.0,6.0,6,6
31,Como,Engelhardt,c,55.0,55.0,55,55
31,Como,Paz N.,c,6.5,6.5,"6,5","6,5"
31,Como,Diao,c,7.0,10.0,7,10
31,Como,Douvikas,a,6.0,6.0,6,6
31,Como,Fabregas,all,6.5,6.5,"6,5","6,5"
31,Empoli,Vasquez D.,p,6.0,6.0,6,6
31,Empoli,Pezzella Giu.,d,6.0,6.0,6,6
31,Empoli,Ebuehi,d,6.5,6.5,"6,5","6,5"
31,Empoli,Viti,d,6.5,6.5,"6,5","6,5"
31,Empoli,Cacace,d,5.0,5.0,5,5
31,Empoli,Sambia,d,6.0,6.0,6,6
31,Empoli,Goglichidze,d,6.5,6.5,"6,5","6,5"
31,Empoli,Marianucci,d,6.5,6.5,"6,5","6,5"
31,Empoli,Grassi,c,5.5,5.5,"5,5","5,5"
31,Empoli,Henderson L.,c,6.0,6.0,6,6
31,Empoli,Kouame',a,5.5,5.5,"5,5","5,5"
31,Empoli,Esposito Se.,a,6.0,6.0,6,6
31,Empoli,Colombo,a,6.0,6.0,6,6
31,Empoli,Solbakken,a,55.0,55.0,55,55
31,Empoli,D'Aversa,all,5.5,5.5,"5,5","5,5"
31,Fiorentina,De Gea,p,7.0,4.5,7,"4,5"
31,Fiorentina,Ranieri L.,d,6.0,6.0,6,6
31,Fiorentina,Mari',d,5.5,5.0,"5,5",5
31,Fiorentina,Parisi,d,6.0,6.0,6,6
31,Fiorentina,Pongracic,d,6.0,6.0,6,6
31,Fiorentina,Dodo',d,6.5,7.0,"6,5",7
31,Fiorentina,Comuzzo,d,6.0,6.0,6,6
31,Fiorentina,Cataldi,c,6.0,6.0,6,6
31,Fiorentina,Mandragora,c,6.0,6.0,6,6
31,Fiorentina,Fagioli,c,6.5,6.5,"6,5","6,5"
31,Fiorentina,Adli,c,55.0,55.0,55,55
31,Fiorentina,Folorunsho,c,6.0,6.0,6,6
31,Fiorentina,Ndour,c,5.5,5.5,"5,5","5,5"
31,Fiorentina,Kean,a,7.0,10.0,7,10
31,Fiorentina,Gudmundsson A.,a,6.5,6.5,"6,5","6,5"
31,Fiorentina,Beltran L.,a,6.0,6.0,6,6
31,Fiorentina,Palladino,all,6.5,5.5,"6,5","5,5"
31,Genoa,Leali,p,6.5,6.5,"6,5","6,5"
31,Genoa,Sabelli,d,6.5,6.5,"6,5","6,5"
31,Genoa,Martin,d,6.0,6.0,6,6
31,Genoa,Vasquez,d,7.0,7.0,7,7
31,Genoa,Zanoli,d,7.0,10.0,7,10
31,Genoa,De Winter,d,6.5,6.5,"6,5","6,5"
31,Genoa,Matturro,d,55.0,55.0,55,55
31,Genoa,Thorsby,c,6.5,6.0,"6,5",6
31,Genoa,Malinovskyi,c,6.5,6.5,"6,5","6,5"
31,Genoa,Messias,c,55.0,55.0,55,55
31,Genoa,Frendrup,c,6.0,5.5,6,"5,5"
31,Genoa,Onana J.,c,6.0,6.0,6,6
31,Genoa,Masini,c,6.5,6.5,"6,5","6,5"
31,Genoa,Kasa,c,55.0,55.0,55,55
31,Genoa,Pinamonti,a,5.0,5.0,5,5
31,Genoa,Ekuban,a,6.5,6.5,"6,5","6,5"
31,Genoa,Vieira P.,all,7.0,7.0,7,7
31,Inter,Sommer,p,7.0,5.0,7,5
31,Inter,Dimarco,d,6.5,7.0,"6,5",7
31,Inter,Acerbi,d,6.0,6.0,6,6
31,Inter,Bastoni,d,6.5,6.5,"6,5","6,5"
31,Inter,Darmian,d,6.5,9.5,"6,5","9,5"
31,Inter,Carlos Augusto,d,6.0,6.0,6,6
31,Inter,Bisseck,d,6.0,6.0,6,6
31,Inter,Calhanoglu,c,6.0,6.0,6,6
31,Inter,Mkhitaryan,c,6.0,7.0,6,7
31,Inter,Frattesi,c,5.5,5.5,"5,5","5,5"
31,Inter,Zalewski,c,6.0,5.5,6,"5,5"
31,Inter,Asllani,c,6.0,6.0,6,6
31,Inter,Correa,a,5.5,5.0,"5,5",5
31,Inter,Martinez L.,a,5.5,5.5,"5,5","5,5"
31,Inter,Arnautovic,a,55.0,55.0,55,55
31,Inter,Thuram,a,6.5,9.5,"6,5","9,5"
31,Inter,Inzaghi S.,all,5.5,5.5,"5,5","5,5"
31,Juventus,Di Gregorio,p,5.5,4.5,"5,5","4,5"
31,Juventus,Kalulu,d,7.0,7.0,7,7
31,Juventus,Cambiaso,d,6.0,6.0,6,6
31,Juventus,Kelly L.,d,5.5,5.5,"5,5","5,5"
31,Juventus,Savona,d,6.0,6.0,6,6
31,Juventus,Locatelli,c,7.0,10.0,7,10
31,Juventus,Weah,c,6.5,6.5,"6,5","6,5"
31,Juventus,McKennie,c,6.0,6.0,6,6
31,Juventus,Thuram K.,c,6.5,6.5,"6,5","6,5"
31,Juventus,Koopmeiners,c,6.0,6.0,6,6
31,Juventus,Veiga R.,c,6.0,5.5,6,"5,5"
31,Juventus,Vlahovic,a,6.0,6.0,6,6
31,Juventus,Gonzalez N.,a,6.5,6.5,"6,5","6,5"
31,Juventus,Kolo Muani,a,6.0,6.0,6,6
31,Juventus,Yildiz,a,6.0,6.0,6,6
31,Juventus,Tudor,all,6.0,6.0,6,6
31,Lazio,Mandas,p,6.5,6.5,"6,5","6,5"
31,Lazio,Lazzari,d,6.0,5.5,6,"5,5"
31,Lazio,Pellegrini Lu.,d,6.0,6.0,6,6
31,Lazio,Tavares N.,d,6.0,6.0,6,6
31,Lazio,Gila,d,7.0,7.0,7,7
31,Lazio,Gigot,d,6.5,6.5,"6,5","6,5"
31,Lazio,Provstgaard,d,6.5,6.5,"6,5","6,5"
31,Lazio,Vecino,c,55.0,55.0,55,55
31,Lazio,Zaccagni,c,6.0,6.0,6,6
31,Lazio,Rovella,c,7.0,6.5,7,"6,5"
31,Lazio,Tchaouna,c,5.5,5.5,"5,5","5,5"
31,Lazio,Belahyane,c,6.5,6.5,"6,5","6,5"
31,Lazio,Dele-Bashiru,c,6.5,7.5,"6,5","7,5"
31,Lazio,Dia,a,6.0,6.0,6,6
31,Lazio,Isaksen,a,7.0,10.0,7,10
31,Lazio,Noslin,a,6.0,6.0,6,6
31,Lazio,Baroni,all,7.0,7.0,7,7
31,Lecce,Falcone,p,6.0,5.0,6,5
31,Lecce,Gallo,d,5.5,3.5,"5,5","3,5"
31,Lecce,Guilbert,d,6.0,5.5,6,"5,5"
31,Lecce,Baschirotto,d,7.5,10.0,"7,5",10
31,Lecce,Gaspar K.,d,6.5,6.5,"6,5","6,5"
31,Lecce,Veiga D.,d,6.0,6.0,6,6
31,Lecce,Coulibaly L.,c,5.5,5.5,"5,5","5,5"
31,Lecce,Helgason,c,6.5,7.5,"6,5","7,5"
31,Lecce,Berisha M.,c,6.0,6.0,6,6
31,Lecce,Ramadani,c,6.0,6.0,6,6
31,Lecce,Pierret,c,6.0,6.0,6,6
31,Lecce,Tete Morente,c,6.5,6.5,"6,5","6,5"
31,Lecce,Krstovic,a,6.0,6.0,6,6
31,Lecce,Pierotti,a,5.5,5.5,"5,5","5,5"
31,Lecce,N'Dri,a,6.0,6.0,6,6
31,Lecce,Giampaolo,all,6.0,6.0,6,6
31,Milan,Maignan,p,6.5,4.5,"6,5","4,5"
31,Milan,Walker,d,5.5,5.0,"5,5",5
31,Milan,Hernandez T.,d,5.5,5.0,"5,5",5
31,Milan,Tomori,d,5.5,6.5,"5,5","6,5"
31,Milan,Thiaw,d,5.0,3.0,5,3
31,Milan,Pulisic,c,6.5,7.0,"6,5",7
31,Milan,Fofana Y.,c,6.0,6.0,6,6
31,Milan,Chukwueze,c,55.0,55.0,55,55
31,Milan,Musah,c,4.5,4.5,"4,5","4,5"
31,Milan,Bondo,c,55.0,55.0,55,55
31,Milan,Reijnders,c,6.0,6.0,6,6
31,Milan,Jovic,a,7.0,10.0,7,10
31,Milan,Abraham,a,7.0,10.0,7,10
31,Milan,Leao,a,5.5,5.0,"5,5",5
31,Milan,Joao Felix,a,55.0,55.0,55,55
31,Milan,Gimenez,a,5.5,5.5,"5,5","5,5"
31,Milan,Conceicao S.,all,6.0,6.0,6,6
31,Monza,Turati,p,5.5,2.5,"5,5","2,5"
31,Monza,Izzo,d,5.5,5.5,"5,5","5,5"
31,Monza,D'Ambrosio,d,5.0,5.0,5,5
31,Monza,Pereira P.,d,5.0,5.0,5,5
31,Monza,Kyriakopoulos,d,6.0,6.5,6,"6,5"
31,Monza,Caldirola,d,6.0,6.0,6,6
31,Monza,Birindelli,d,5.5,5.5,"5,5","5,5"
31,Monza,Palacios T.,d,55.0,55.0,55,55
31,Monza,Gagliardini,c,5.5,5.5,"5,5","5,5"
31,Monza,Castrovilli,c,5.5,5.5,"5,5","5,5"
31,Monza,Akpa Akpro,c,5.0,5.0,5,5
31,Monza,Bianco,c,5.5,5.0,"5,5",5
31,Monza,Ciurria,c,6.0,6.0,6,6
31,Monza,Keita B.,a,5.5,5.5,"5,5","5,5"
31,Monza,Caprari,a,5.5,5.5,"5,5","5,5"
31,Monza,Mota,a,6.5,9.5,"6,5","9,5"
31,Monza,Nesta,all,5.0,4.5,5,"4,5"
31,Napoli,Scuffet,p,6.5,5.5,"6,5","5,5"
31,Napoli,Juan Jesus,d,6.0,6.0,6,6
31,Napoli,Di Lorenzo,d,5.5,5.0,"5,5",5
31,Napoli,Rrahmani,d,6.0,6.0,6,6
31,Napoli,Olivera,d,6.0,5.5,6,"5,5"
31,Napoli,Politano,c,5.5,5.5,"5,5","5,5"
31,Napoli,Zambo Anguissa,c,7.0,9.5,7,"9,5"
31,Napoli,Lobotka,c,5.5,5.5,"5,5","5,5"
31,Napoli,McTominay,c,6.5,6.5,"6,5","6,5"
31,Napoli,Gilmour,c,6.0,6.0,6,6
31,Napoli,Neres,c,5.5,5.5,"5,5","5,5"
31,Napoli,Lukaku,a,6.0,6.0,6,6
31,Napoli,Raspadori,a,6.0,6.0,6,6
31,Napoli,Ngonge,a,55.0,55.0,55,55
31,Napoli,Conte,all,6.0,6.0,6,6
31,Parma,Suzuki,p,6.5,4.5,"6,5","4,5"
31,Parma,Valenti,d,5.0,5.0,5,5
31,Parma,Valeri,d,5.5,5.5,"5,5","5,5"
31,Parma,Vogliacco,d,5.5,5.5,"5,5","5,5"
31,Parma,Delprato,d,5.0,4.5,5,"4,5"
31,Parma,Leoni,d,6.5,6.5,"6,5","6,5"
31,Parma,Hernani,c,5.5,5.5,"5,5","5,5"
31,Parma,Sohm,c,6.5,6.5,"6,5","6,5"
31,Parma,Man,c,5.5,5.5,"5,5","5,5"
31,Parma,Camara D.,c,55.0,55.0,55,55
31,Parma,Bernabe',c,7.0,10.0,7,10
31,Parma,Keita M.,c,6.0,6.0,6,6
31,Parma,Ondrejka,c,7.0,10.0,7,10
31,Parma,Almqvist,a,4.5,4.0,"4,5",4
31,Parma,Bonny,a,5.5,6.5,"5,5","6,5"
31,Parma,Pellegrino M.,a,6.5,6.5,"6,5","6,5"
31,Parma,Chivu,all,6.5,6.5,"6,5","6,5"
31,Roma,Svilar,p,7.0,6.0,7,6
31,Roma,Mancini,d,6.0,6.0,6,6
31,Roma,Hummels,d,6.0,6.0,6,6
31,Roma,N'Dicka,d,6.5,6.5,"6,5","6,5"
31,Roma,Celik,d,5.5,5.5,"5,5","5,5"
31,Roma,Angelino,d,6.0,6.0,6,6
31,Roma,Nelsson,d,6.0,6.0,6,6
31,Roma,Paredes,c,6.0,6.0,6,6
31,Roma,Cristante,c,6.5,6.0,"6,5",6
31,Roma,El Shaarawy,c,6.0,6.0,6,6
31,Roma,Kone' M.,c,6.5,6.5,"6,5","6,5"
31,Roma,Baldanzi,c,55.0,55.0,55,55
31,Roma,Gourna-Douath,c,6.0,6.0,6,6
31,Roma,Shomurodov,a,7.0,10.0,7,10
31,Roma,Soule',a,6.0,6.0,6,6
31,Roma,Dovbyk,a,5.5,5.5,"5,5","5,5"
31,Roma,Ranieri C.,all,6.5,6.5,"6,5","6,5"
31,Torino,Milinkovic-Savic V.,p,4.5,3.5,"4,5","3,5"
31,Torino,Biraghi,d,6.0,6.0,6,6
31,Torino,Walukiewicz,d,5.5,5.5,"5,5","5,5"
31,Torino,Maripan,d,6.5,6.5,"6,5","6,5"
31,Torino,Pedersen,d,6.0,6.0,6,6
31,Torino,Coco,d,6.0,6.0,6,6
31,Torino,Linetty,c,55.0,55.0,55,55
31,Torino,Elmas,c,7.0,10.0,7,10
31,Torino,Ilic,c,5.5,5.5,"5,5","5,5"
31,Torino,Ricci S.,c,5.0,4.0,5,4
31,Torino,Vlasic,c,6.5,7.5,"6,5","7,5"
31,Torino,Casadei,c,6.0,6.0,6,6
31,Torino,Gineitis,c,5.5,5.0,"5,5",5
31,Torino,Sanabria,a,6.0,6.0,6,6
31,Torino,Karamoh,a,5.5,5.5,"5,5","5,5"
31,Torino,Adams C.,a,5.0,2.0,5,2
31,Torino,Vanoli,all,5.5,5.5,"5,5","5,5"
31,Udinese,Okoye,p,7.0,6.0,7,6
31,Udinese,Kamara H.,d,5.5,5.5,"5,5","5,5"
31,Udinese,Bijol,d,6.0,6.0,6,6
31,Udinese,Ehizibue,d,6.0,6.0,6,6
31,Udinese,Kristensen T.,d,55.0,55.0,55,55
31,Udinese,Solet,d,5.5,5.5,"5,5","5,5"
31,Udinese,Pafundi,c,55.0,55.0,55,55
31,Udinese,Lovric,c,6.0,6.0,6,6
31,Udinese,Zarraga,c,5.5,5.5,"5,5","5,5"
31,Udinese,Payero,c,5.0,5.0,5,5
31,Udinese,Karlstrom,c,5.5,5.5,"5,5","5,5"
31,Udinese,Ekkelenkamp,c,5.5,5.0,"5,5",5
31,Udinese,Rui Modesto,c,6.0,6.0,6,6
31,Udinese,Atta,c,6.0,6.0,6,6
31,Udinese,Lucca,a,5.0,4.5,5,"4,5"
31,Udinese,Bravo,a,5.0,5.0,5,5
31,Udinese,Runjaic,all,5.5,5.5,"5,5","5,5"
31,Venezia,Radu I.,p,6.5,5.5,"6,5","5,5"
31,Venezia,Haps,d,6.0,6.0,6,6
31,Venezia,Carboni F.,d,5.5,5.0,"5,5",5
31,Venezia,Marcandalli,d,6.0,5.5,6,"5,5"
31,Venezia,Idzes,d,6.5,6.5,"6,5","6,5"
31,Venezia,Candè,d,5.5,5.0,"5,5",5
31,Venezia,Nicolussi Caviglia,c,6.0,6.0,6,6
31,Venezia,Busio,c,6.5,6.5,"6,5","6,5"
31,Venezia,Zerbin,c,6.5,6.5,"6,5","6,5"
31,Venezia,Ellertsson,c,6.0,6.0,6,6
31,Venezia,Oristanio,c,5.5,5.5,"5,5","5,5"
31,Venezia,Doumbia I.,c,55.0,55.0,55,55
31,Venezia,Yeboah J.,c,5.5,5.5,"5,5","5,5"
31,Venezia,Perez K.,c,6.0,5.5,6,"5,5"
31,Venezia,Gytkjaer,a,5.5,5.5,"5,5","5,5"
31,Venezia,Fila,a,5.5,5.5,"5,5","5,5"
31,Venezia,Di Francesco,all,6.0,6.0,6,6
31,Verona,Montipo',p,7.0,9.0,7,9
31,Verona,Dawidowicz,d,5.5,5.5,"5,5","5,5"
31,Verona,Bradaric,d,6.0,6.0,6,6
31,Verona,Coppola D.,d,6.0,6.0,6,6
31,Verona,Tchatchoua,d,6.0,6.0,6,6
31,Verona,Ghilardi,d,6.0,6.0,6,6
31,Verona,Valentini N.,d,5.5,5.5,"5,5","5,5"
31,Verona,Lazovic,c,55.0,55.0,55,55
31,Verona,Kastanos,c,55.0,55.0,55,55
31,Verona,Duda,c,6.0,6.0,6,6
31,Verona,Bernede,c,6.5,6.5,"6,5","6,5"
31,Verona,Sarr A.,a,6.0,9.0,6,9
31,Verona,Mosquera,a,6.0,6.0,6,6
31,Verona,Rocha Livramento,a,6.0,5.5,6,"5,5"
31,Verona,Ajayi,a,55.0,55.0,55,55
31,Verona,Zanetti,all,6.0,6.0,6,6
32,Atalanta,Carnesecchi,p,6.5,6.5,"6,5","6,5"
32,Atalanta,Zappacosta,d,6.0,5.5,6,"5,5"
32,Atalanta,Toloi,d,6.0,5.5,6,"5,5"
32,Atalanta,Cuadrado,d,55.0,55.0,55,55
32,Atalanta,Djimsiti,d,6.0,6.0,6,6
32,Atalanta,Kolasinac,d,6.5,6.5,"6,5","6,5"
32,Atalanta,Bellanova,d,6.5,7.5,"6,5","7,5"
32,Atalanta,Ruggeri,d,55.0,55.0,55,55
32,Atalanta,Hien,d,6.5,6.0,"6,5",6
32,Atalanta,De Roon,c,6.5,6.5,"6,5","6,5"
32,Atalanta,Pasalic,c,7.0,10.0,7,10
32,Atalanta,Maldini,c,55.0,55.0,55,55
32,Atalanta,Brescianini,c,55.0,55.0,55,55
32,Atalanta,Ederson D.s.,c,6.0,6.0,6,6
32,Atalanta,Lookman,a,6.0,6.0,6,6
32,Atalanta,Retegui,a,7.5,11.0,"7,5",11
32,Atalanta,Gasperini,all,7.0,7.0,7,7
32,Bologna,Ravaglia F.,p,6.0,4.0,6,4
32,Bologna,De Silvestri,d,5.5,5.5,"5,5","5,5"
32,Bologna,Miranda J.,d,5.0,4.5,5,"4,5"
32,Bologna,Erlic,d,6.0,6.0,6,6
32,Bologna,Casale,d,6.0,6.0,6,6
32,Bologna,Holm,d,6.0,6.0,6,6
32,Bologna,Lucumi',d,5.0,5.0,5,5
32,Bologna,Beukema,d,5.0,5.0,5,5
32,Bologna,Freuler,c,5.5,5.5,"5,5","5,5"
32,Bologna,Orsolini,c,5.5,5.5,"5,5","5,5"
32,Bologna,Pobega,c,6.0,6.0,6,6
32,Bologna,Ndoye,c,6.5,6.5,"6,5","6,5"
32,Bologna,Fabbian,c,5.5,5.5,"5,5","5,5"
32,Bologna,Cambiaghi,a,5.5,5.5,"5,5","5,5"
32,Bologna,Dallinga,a,5.5,5.5,"5,5","5,5"
32,Bologna,Dominguez B.,a,6.0,6.0,6,6
32,Bologna,Italiano,all,5.5,5.5,"5,5","5,5"
32,Cagliari,Caprile,p,6.0,3.0,6,3
32,Cagliari,Palomino,d,5.0,5.0,5,5
32,Cagliari,Mina,d,5.5,5.5,"5,5","5,5"
32,Cagliari,Augello,d,6.5,7.5,"6,5","7,5"
32,Cagliari,Zortea,d,6.0,6.0,6,6
32,Cagliari,Zappa,d,6.0,6.0,6,6
32,Cagliari,Obert,d,6.0,6.0,6,6
32,Cagliari,Deiola,c,6.0,5.5,6,"5,5"
32,Cagliari,Gaetano,c,5.5,5.5,"5,5","5,5"
32,Cagliari,Adopo,c,5.5,5.5,"5,5","5,5"
32,Cagliari,Marin,c,6.0,6.0,6,6
32,Cagliari,Makoumbou,c,5.5,5.5,"5,5","5,5"
32,Cagliari,Pavoletti,a,55.0,55.0,55,55
32,Cagliari,Piccoli,a,7.0,10.0,7,10
32,Cagliari,Luvumbo,a,5.5,5.5,"5,5","5,5"
32,Cagliari,Coman F.,a,5.5,5.5,"5,5","5,5"
32,Cagliari,Nicola,all,6.0,6.0,6,6
32,Como,Butez,p,6.5,6.5,"6,5","6,5"
32,Como,Goldaniga,d,6.0,6.0,6,6
32,Como,Sergi Roberto,d,55.0,55.0,55,55
32,Como,Vojvoda,d,7.0,8.0,7,8
32,Como,Moreno Alb.,d,6.0,6.0,6,6
32,Como,Valle,d,55.0,55.0,55,55
32,Como,Kempf,d,6.5,6.5,"6,5","6,5"
32,Como,Strefezza,c,6.0,6.0,6,6
32,Como,Ikone',c,6.5,6.5,"6,5","6,5"
32,Como,Caqueret,c,6.5,6.5,"6,5","6,5"
32,Como,Da Cunha,c,6.5,6.0,"6,5",6
32,Como,Perrone,c,6.5,6.5,"6,5","6,5"
32,Como,Fadera,c,55.0,55.0,55,55
32,Como,Paz N.,c,55.0,55.0,55,55
32,Como,Diao,c,6.5,6.5,"6,5","6,5"
32,Como,Douvikas,a,7.0,10.0,7,10
32,Como,Fabregas,all,7.0,7.0,7,7
32,Empoli,Vasquez D.,p,6.0,3.0,6,3
32,Empoli,Pezzella Giu.,d,5.0,5.0,5,5
32,Empoli,Ebuehi,d,6.0,6.0,6,6
32,Empoli,Viti,d,5.0,5.0,5,5
32,Empoli,Cacace,d,5.5,5.5,"5,5","5,5"
32,Empoli,Sambia,d,55.0,55.0,55,55
32,Empoli,Goglichidze,d,5.5,5.0,"5,5",5
32,Empoli,Marianucci,d,5.5,5.5,"5,5","5,5"
32,Empoli,Grassi,c,5.5,5.5,"5,5","5,5"
32,Empoli,Henderson L.,c,5.5,5.5,"5,5","5,5"
32,Empoli,Gyasi,c,5.5,5.5,"5,5","5,5"
32,Empoli,Kovalenko,c,55.0,55.0,55,55
32,Empoli,Fazzini,c,5.5,5.5,"5,5","5,5"
32,Empoli,Esposito Se.,a,6.0,6.0,6,6
32,Empoli,Colombo,a,6.0,6.0,6,6
32,Empoli,D'Aversa,all,6.0,6.0,6,6
32,Fiorentina,De Gea,p,6.5,6.5,"6,5","6,5"
32,Fiorentina,Ranieri L.,d,6.0,6.0,6,6
32,Fiorentina,Mari',d,6.0,6.0,6,6
32,Fiorentina,Parisi,d,6.0,6.0,6,6
32,Fiorentina,Pongracic,d,6.0,6.0,6,6
32,Fiorentina,Dodo',d,6.5,6.5,"6,5","6,5"
32,Fiorentina,Comuzzo,d,55.0,55.0,55,55
32,Fiorentina,Cataldi,c,6.0,6.0,6,6
32,Fiorentina,Mandragora,c,6.0,6.0,6,6
32,Fiorentina,Fagioli,c,5.5,5.5,"5,5","5,5"
32,Fiorentina,Adli,c,6.0,6.0,6,6
32,Fiorentina,Folorunsho,c,6.0,6.0,6,6
32,Fiorentina,Richardson,c,6.0,6.0,6,6
32,Fiorentina,Kean,a,5.5,5.5,"5,5","5,5"
32,Fiorentina,Gudmundsson A.,a,5.5,5.5,"5,5","5,5"
32,Fiorentina,Beltran L.,a,6.0,6.0,6,6
32,Fiorentina,Palladino,all,5.5,5.5,"5,5","5,5"
32,Genoa,Leali,p,6.5,6.5,"6,5","6,5"
32,Genoa,Sabelli,d,6.0,6.0,6,6
32,Genoa,Martin,d,6.0,6.0,6,6
32,Genoa,Vasquez,d,6.0,6.0,6,6
32,Genoa,Zanoli,d,6.0,6.0,6,6
32,Genoa,De Winter,d,6.0,6.0,6,6
32,Genoa,Badelj,c,6.0,6.0,6,6
32,Genoa,Thorsby,c,55.0,55.0,55,55
32,Genoa,Messias,c,5.5,5.5,"5,5","5,5"
32,Genoa,Miretti,c,6.0,6.0,6,6
32,Genoa,Onana J.,c,5.5,5.5,"5,5","5,5"
32,Genoa,Masini,c,6.0,5.5,6,"5,5"
32,Genoa,Pinamonti,a,5.5,5.5,"5,5","5,5"
32,Genoa,Ekuban,a,5.5,5.5,"5,5","5,5"
32,Genoa,Vitinha O.,a,5.5,5.5,"5,5","5,5"
32,Genoa,Vieira P.,all,6.0,6.0,6,6
32,Inter,Sommer,p,6.5,5.5,"6,5","5,5"
32,Inter,Dimarco,d,6.5,7.5,"6,5","7,5"
32,Inter,De Vrij,d,7.0,7.0,7,7
32,Inter,Bastoni,d,6.0,6.0,6,6
32,Inter,Darmian,d,6.0,6.0,6,6
32,Inter,Carlos Augusto,d,6.5,7.5,"6,5","7,5"
32,Inter,Bisseck,d,7.0,10.0,7,10
32,Inter,Barella,c,6.5,6.5,"6,5","6,5"
32,Inter,Calhanoglu,c,6.5,6.5,"6,5","6,5"
32,Inter,Frattesi,c,6.0,6.0,6,6
32,Inter,Zalewski,c,5.5,5.5,"5,5","5,5"
32,Inter,Asllani,c,55.0,55.0,55,55
32,Inter,Correa,a,6.0,6.0,6,6
32,Inter,Martinez L.,a,6.5,9.5,"6,5","9,5"
32,Inter,Arnautovic,a,7.5,11.5,"7,5","11,5"
32,Inter,Thuram,a,6.0,6.0,6,6
32,Inter,Inzaghi S.,all,7.0,7.0,7,7
32,Juventus,Di Gregorio,p,6.5,5.5,"6,5","5,5"
32,Juventus,Kalulu,d,6.0,6.0,6,6
32,Juventus,Cambiaso,d,6.0,6.0,6,6
32,Juventus,Kelly L.,d,5.5,5.5,"5,5","5,5"
32,Juventus,Savona,d,55.0,55.0,55,55
32,Juventus,Locatelli,c,6.5,6.5,"6,5","6,5"
32,Juventus,Weah,c,5.5,5.5,"5,5","5,5"
32,Juventus,McKennie,c,6.0,6.0,6,6
32,Juventus,Thuram K.,c,6.5,6.5,"6,5","6,5"
32,Juventus,Koopmeiners,c,7.0,10.0,7,10
32,Juventus,Veiga R.,c,6.5,6.5,"6,5","6,5"
32,Juventus,Conceicao,c,5.5,5.5,"5,5","5,5"
32,Juventus,Vlahovic,a,7.0,9.0,7,9
32,Juventus,Gonzalez N.,a,6.0,6.0,6,6
32,Juventus,Kolo Muani,a,5.5,5.5,"5,5","5,5"
32,Juventus,Yildiz,a,7.0,10.0,7,10
32,Juventus,Tudor,all,6.5,6.5,"6,5","6,5"
32,Lazio,Mandas,p,6.5,5.5,"6,5","5,5"
32,Lazio,Romagnoli,d,7.0,10.0,7,10
32,Lazio,Marusic,d,6.0,6.0,6,6
32,Lazio,Pellegrini Lu.,d,6.5,7.0,"6,5",7
32,Lazio,Gigot,d,6.0,6.0,6,6
32,Lazio,Zaccagni,c,6.0,5.5,6,"5,5"
32,Lazio,Guendouzi,c,6.0,6.0,6,6
32,Lazio,Rovella,c,6.0,5.5,6,"5,5"
32,Lazio,Belahyane,c,55.0,55.0,55,55
32,Lazio,Dele-Bashiru,c,5.5,5.5,"5,5","5,5"
32,Lazio,Pedro,a,6.0,6.0,6,6
32,Lazio,Dia,a,6.0,6.0,6,6
32,Lazio,Castellanos,a,5.5,5.5,"5,5","5,5"
32,Lazio,Isaksen,a,6.5,6.0,"6,5",6
32,Lazio,Noslin,a,55.0,55.0,55,55
32,Lazio,Baroni,all,6.0,6.0,6,6
32,Lecce,Falcone,p,6.0,4.0,6,4
32,Lecce,Sala M.,d,6.0,6.0,6,6
32,Lecce,Gallo,d,5.5,5.5,"5,5","5,5"
32,Lecce,Baschirotto,d,6.0,9.0,6,9
32,Lecce,Gaspar K.,d,6.5,6.5,"6,5","6,5"
32,Lecce,Jean,d,5.5,5.5,"5,5","5,5"
32,Lecce,Tiago Gabriel,d,6.5,6.5,"6,5","6,5"
32,Lecce,Veiga D.,d,5.5,5.5,"5,5","5,5"
32,Lecce,Coulibaly L.,c,5.5,5.5,"5,5","5,5"
32,Lecce,Helgason,c,6.0,7.0,6,7
32,Lecce,Pierret,c,6.0,6.0,6,6
32,Lecce,Tete Morente,c,5.5,5.0,"5,5",5
32,Lecce,Rebic,a,5.5,5.5,"5,5","5,5"
32,Lecce,Krstovic,a,6.5,6.5,"6,5","6,5"
32,Lecce,Pierotti,a,5.5,5.5,"5,5","5,5"
32,Lecce,N'Dri,a,6.0,6.0,6,6
32,Lecce,Giampaolo,all,5.5,5.5,"5,5","5,5"
32,Milan,Sportiello,p,6.0,6.0,6,6
32,Milan,Maignan,p,6.5,6.5,"6,5","6,5"
32,Milan,Hernandez T.,d,7.5,10.5,"7,5","10,5"
32,Milan,Gabbia,d,6.5,6.5,"6,5","6,5"
32,Milan,Tomori,d,6.0,6.0,6,6
32,Milan,Pavlovic,d,7.0,10.0,7,10
32,Milan,Terracciano F.,d,55.0,55.0,55,55
32,Milan,Bartesaghi,d,55.0,55.0,55,55
32,Milan,Jimenez A.,d,6.5,6.5,"6,5","6,5"
32,Milan,Pulisic,c,7.0,8.0,7,8
32,Milan,Sottil,c,6.0,6.0,6,6
32,Milan,Fofana Y.,c,7.0,8.0,7,8
32,Milan,Reijnders,c,7.0,10.0,7,10
32,Milan,Jovic,a,6.0,6.0,6,6
32,Milan,Abraham,a,7.0,8.0,7,8
32,Milan,Leao,a,8.0,12.0,8,12
32,Milan,Conceicao S.,all,7.0,7.0,7,7
32,Monza,Turati,p,7.0,6.0,7,6
32,Monza,Izzo,d,6.5,6.5,"6,5","6,5"
32,Monza,Pereira P.,d,5.5,5.0,"5,5",5
32,Monza,Carboni A.,d,6.0,6.0,6,6
32,Monza,Caldirola,d,5.5,5.0,"5,5",5
32,Monza,Birindelli,d,5.0,5.0,5,5
32,Monza,Palacios T.,d,6.0,6.0,6,6
32,Monza,Gagliardini,c,6.0,6.0,6,6
32,Monza,Akpa Akpro,c,6.0,6.0,6,6
32,Monza,Urbanski,c,6.5,6.0,"6,5",6
32,Monza,Bianco,c,5.5,5.5,"5,5","5,5"
32,Monza,Ciurria,c,5.5,5.5,"5,5","5,5"
32,Monza,Forson O.,c,6.0,6.0,6,6
32,Monza,Keita B.,a,6.0,6.0,6,6
32,Monza,Caprari,a,5.5,5.5,"5,5","5,5"
32,Monza,Mota,a,5.5,5.5,"5,5","5,5"
32,Monza,Nesta,all,5.5,5.5,"5,5","5,5"
32,Napoli,Meret,p,6.5,6.5,"6,5","6,5"
32,Napoli,Juan Jesus,d,6.0,6.0,6,6
32,Napoli,Spinazzola,d,6.0,6.0,6,6
32,Napoli,Rrahmani,d,6.0,6.0,6,6
32,Napoli,Mazzocchi,d,6.5,6.5,"6,5","6,5"
32,Napoli,Olivera,d,6.5,7.5,"6,5","7,5"
32,Napoli,Marin R.,d,6.0,6.0,6,6
32,Napoli,Politano,c,6.5,6.5,"6,5","6,5"
32,Napoli,Lobotka,c,6.0,6.0,6,6
32,Napoli,McTominay,c,8.0,14.0,8,14
32,Napoli,Gilmour,c,6.5,6.5,"6,5","6,5"
32,Napoli,Neres,c,6.0,6.0,6,6
32,Napoli,Billing,c,55.0,55.0,55,55
32,Napoli,Lukaku,a,8.0,12.5,8,"12,5"
32,Napoli,Raspadori,a,55.0,55.0,55,55
32,Napoli,Ngonge,a,55.0,55.0,55,55
32,Napoli,Conte,all,6.0,6.0,6,6
32,Parma,Suzuki,p,6.5,6.5,"6,5","6,5"
32,Parma,Valenti,d,6.5,6.0,"6,5",6
32,Parma,Balogh,d,6.0,6.0,6,6
32,Parma,Valeri,d,6.0,5.5,6,"5,5"
32,Parma,Vogliacco,d,6.0,6.0,6,6
32,Parma,Delprato,d,6.0,6.0,6,6
32,Parma,Leoni,d,6.0,5.5,6,"5,5"
32,Parma,Hernani,c,6.0,6.0,6,6
32,Parma,Sohm,c,5.5,5.0,"5,5",5
32,Parma,Man,c,55.0,55.0,55,55
32,Parma,Bernabe',c,6.5,6.5,"6,5","6,5"
32,Parma,Keita M.,c,6.5,6.5,"6,5","6,5"
32,Parma,Ondrejka,c,6.0,6.0,6,6
32,Parma,Djuric,a,55.0,55.0,55,55
32,Parma,Bonny,a,6.0,6.0,6,6
32,Parma,Pellegrino M.,a,5.5,5.0,"5,5",5
32,Parma,Chivu,all,6.5,6.5,"6,5","6,5"
32,Roma,Svilar,p,7.5,6.5,"7,5","6,5"
32,Roma,Mancini,d,5.5,5.0,"5,5",5
32,Roma,N'Dicka,d,6.0,6.0,6,6
32,Roma,Celik,d,6.5,6.5,"6,5","6,5"
32,Roma,Angelino,d,6.0,6.0,6,6
32,Roma,Rensch,d,55.0,55.0,55,55
32,Roma,Paredes,c,5.5,5.0,"5,5",5
32,Roma,Pellegrini Lo.,c,5.0,5.0,5,5
32,Roma,Cristante,c,6.0,6.0,6,6
32,Roma,El Shaarawy,c,55.0,55.0,55,55
32,Roma,Saelemaekers,c,6.5,7.5,"6,5","7,5"
32,Roma,Kone' M.,c,6.5,6.5,"6,5","6,5"
32,Roma,Baldanzi,c,55.0,55.0,55,55
32,Roma,Shomurodov,a,6.0,6.0,6,6
32,Roma,Soule',a,7.0,10.0,7,10
32,Roma,Dovbyk,a,5.0,5.0,5,5
32,Roma,Ranieri C.,all,6.0,6.0,6,6
32,Torino,Milinkovic-Savic V.,p,6.5,5.5,"6,5","5,5"
32,Torino,Masina,d,55.0,55.0,55,55
32,Torino,Biraghi,d,5.5,5.5,"5,5","5,5"
32,Torino,Walukiewicz,d,5.0,5.0,5,5
32,Torino,Maripan,d,5.5,5.5,"5,5","5,5"
32,Torino,Pedersen,d,55.0,55.0,55,55
32,Torino,Coco,d,6.0,5.5,6,"5,5"
32,Torino,Linetty,c,5.5,5.5,"5,5","5,5"
32,Torino,Elmas,c,6.0,6.0,6,6
32,Torino,Tameze,c,55.0,55.0,55,55
32,Torino,Ilic,c,55.0,55.0,55,55
32,Torino,Casadei,c,6.0,6.0,6,6
32,Torino,Gineitis,c,5.0,4.5,5,"4,5"
32,Torino,Sanabria,a,5.0,4.5,5,"4,5"
32,Torino,Karamoh,a,6.0,6.0,6,6
32,Torino,Adams C.,a,6.0,6.0,6,6
32,Torino,Vanoli,all,5.5,5.5,"5,5","5,5"
32,Udinese,Okoye,p,6.0,2.0,6,2
32,Udinese,Kamara H.,d,5.5,5.5,"5,5","5,5"
32,Udinese,Bijol,d,5.0,4.5,5,"4,5"
32,Udinese,Ehizibue,d,5.5,5.5,"5,5","5,5"
32,Udinese,Kristensen T.,d,5.0,5.0,5,5
32,Udinese,Solet,d,5.5,5.5,"5,5","5,5"
32,Udinese,Pafundi,c,6.0,6.0,6,6
32,Udinese,Lovric,c,5.5,5.5,"5,5","5,5"
32,Udinese,Payero,c,5.5,5.5,"5,5","5,5"
32,Udinese,Karlstrom,c,6.5,6.5,"6,5","6,5"
32,Udinese,Ekkelenkamp,c,5.5,5.5,"5,5","5,5"
32,Udinese,Rui Modesto,c,6.0,6.0,6,6
32,Udinese,Atta,c,5.5,5.5,"5,5","5,5"
32,Udinese,Lucca,a,5.0,5.0,5,5
32,Udinese,Pizarro,a,55.0,55.0,55,55
32,Udinese,Bravo,a,6.0,6.0,6,6
32,Udinese,Runjaic,all,5.0,5.0,5,5
32,Venezia,Radu I.,p,6.5,6.5,"6,5","6,5"
32,Venezia,Haps,d,6.0,6.0,6,6
32,Venezia,Marcandalli,d,6.5,6.5,"6,5","6,5"
32,Venezia,Idzes,d,6.0,6.0,6,6
32,Venezia,Candè,d,6.5,6.5,"6,5","6,5"
32,Venezia,Nicolussi Caviglia,c,6.5,6.5,"6,5","6,5"
32,Venezia,Busio,c,6.0,6.0,6,6
32,Venezia,Zerbin,c,6.0,5.5,6,"5,5"
32,Venezia,Ellertsson,c,7.0,7.5,7,"7,5"
32,Venezia,Oristanio,c,6.0,6.0,6,6
32,Venezia,Doumbia I.,c,6.0,6.0,6,6
32,Venezia,Yeboah J.,c,6.5,6.0,"6,5",6
32,Venezia,Condè,c,55.0,55.0,55,55
32,Venezia,Perez K.,c,5.5,5.5,"5,5","5,5"
32,Venezia,Gytkjaer,a,5.0,5.0,5,5
32,Venezia,Fila,a,6.5,8.5,"6,5","8,5"
32,Venezia,Di Francesco,all,7.0,7.0,7,7
32,Verona,Montipo',p,6.0,6.0,6,6
32,Verona,Dawidowicz,d,6.0,6.0,6,6
32,Verona,Bradaric,d,6.0,6.0,6,6
32,Verona,Coppola D.,d,6.5,6.5,"6,5","6,5"
32,Verona,Tchatchoua,d,6.0,6.0,6,6
32,Verona,Ghilardi,d,6.0,5.5,6,"5,5"
32,Verona,Frese,d,55.0,55.0,55,55
32,Verona,Valentini N.,d,6.5,6.5,"6,5","6,5"
32,Verona,Kastanos,c,6.0,6.0,6,6
32,Verona,Duda,c,6.0,6.0,6,6
32,Verona,Serdar,c,55.0,55.0,55,55
32,Verona,Bernede,c,6.0,5.5,6,"5,5"
32,Verona,Sarr A.,a,6.0,6.0,6,6
32,Verona,Mosquera,a,5.5,5.0,"5,5",5
32,Verona,Rocha Livramento,a,5.5,5.5,"5,5","5,5"
32,Verona,Zanetti,all,6.0,5.5,6,"5,5"
33,Atalanta,Carnesecchi,p,6.0,6.0,6,6
33,Atalanta,Zappacosta,d,5.5,5.5,"5,5","5,5"
33,Atalanta,Toloi,d,6.0,6.0,6,6
33,Atalanta,Cuadrado,d,6.0,5.5,6,"5,5"
33,Atalanta,Djimsiti,d,6.5,6.5,"6,5","6,5"
33,Atalanta,Bellanova,d,7.0,8.0,7,8
33,Atalanta,Ruggeri,d,6.5,6.5,"6,5","6,5"
33,Atalanta,Kossounou,d,6.5,6.5,"6,5","6,5"
33,Atalanta,Hien,d,6.5,6.5,"6,5","6,5"
33,Atalanta,De Roon,c,6.5,6.5,"6,5","6,5"
33,Atalanta,Pasalic,c,5.5,5.5,"5,5","5,5"
33,Atalanta,Ederson D.s.,c,7.0,10.0,7,10
33,Atalanta,Sulemana I.,c,55.0,55.0,55,55
33,Atalanta,Lookman,a,6.5,6.5,"6,5","6,5"
33,Atalanta,De Ketelaere,a,55.0,55.0,55,55
33,Atalanta,Retegui,a,5.5,5.5,"5,5","5,5"
33,Atalanta,Gasperini,all,6.5,6.5,"6,5","6,5"
33,Bologna,Ravaglia F.,p,6.0,6.0,6,6
33,Bologna,Miranda J.,d,6.5,6.5,"6,5","6,5"
33,Bologna,Holm,d,5.5,5.5,"5,5","5,5"
33,Bologna,Lucumi',d,6.5,6.5,"6,5","6,5"
33,Bologna,Beukema,d,6.5,6.5,"6,5","6,5"
33,Bologna,Freuler,c,6.0,6.0,6,6
33,Bologna,Orsolini,c,7.5,10.0,"7,5",10
33,Bologna,Ndoye,c,6.5,6.0,"6,5",6
33,Bologna,Aebischer,c,6.0,6.0,6,6
33,Bologna,Moro N.,c,55.0,55.0,55,55
33,Bologna,Fabbian,c,55.0,55.0,55,55
33,Bologna,Odgaard,a,5.5,5.5,"5,5","5,5"
33,Bologna,Cambiaghi,a,6.5,6.5,"6,5","6,5"
33,Bologna,Castro S.,a,6.0,5.5,6,"5,5"
33,Bologna,Dallinga,a,6.0,6.0,6,6
33,Bologna,Dominguez B.,a,5.5,5.5,"5,5","5,5"
33,Bologna,Italiano,all,6.0,5.0,6,5
33,Cagliari,Caprile,p,6.0,4.0,6,4
33,Cagliari,Luperto,d,6.5,6.5,"6,5","6,5"
33,Cagliari,Palomino,d,6.0,5.5,6,"5,5"
33,Cagliari,Mina,d,6.0,6.0,6,6
33,Cagliari,Augello,d,5.5,5.5,"5,5","5,5"
33,Cagliari,Zortea,d,5.5,5.5,"5,5","5,5"
33,Cagliari,Zappa,d,6.0,6.0,6,6
33,Cagliari,Viola,c,5.5,5.5,"5,5","5,5"
33,Cagliari,Gaetano,c,6.0,6.0,6,6
33,Cagliari,Adopo,c,6.0,6.0,6,6
33,Cagliari,Marin,c,6.5,6.5,"6,5","6,5"
33,Cagliari,Makoumbou,c,6.0,6.0,6,6
33,Cagliari,Prati,c,5.5,5.5,"5,5","5,5"
33,Cagliari,Piccoli,a,7.0,9.5,7,"9,5"
33,Cagliari,Luvumbo,a,6.0,6.0,6,6
33,Cagliari,Coman F.,a,6.0,6.0,6,6
33,Cagliari,Nicola,all,5.5,5.5,"5,5","5,5"
33,Como,Butez,p,7.0,7.0,7,7
33,Como,Goldaniga,d,6.5,9.0,"6,5",9
33,Como,Vojvoda,d,6.0,6.0,6,6
33,Como,Moreno Alb.,d,6.0,6.0,6,6
33,Como,Valle,d,6.0,5.5,6,"5,5"
33,Como,Kempf,d,6.0,6.0,6,6
33,Como,Strefezza,c,7.0,8.0,7,8
33,Como,Ikone',c,6.5,6.0,"6,5",6
33,Como,Caqueret,c,55.0,55.0,55,55
33,Como,Da Cunha,c,7.0,8.0,7,8
33,Como,Perrone,c,6.0,5.5,6,"5,5"
33,Como,Engelhardt,c,55.0,55.0,55,55
33,Como,Paz N.,c,7.0,8.0,7,8
33,Como,Diao,c,8.0,14.0,8,14
33,Como,Gabrielloni,a,55.0,55.0,55,55
33,Como,Douvikas,a,5.5,5.5,"5,5","5,5"
33,Como,Fabregas,all,7.0,7.0,7,7
33,Empoli,Vasquez D.,p,5.0,3.0,5,3
33,Empoli,Ebuehi,d,6.0,6.0,6,6
33,Empoli,Viti,d,5.5,5.5,"5,5","5,5"
33,Empoli,Cacace,d,6.0,5.5,6,"5,5"
33,Empoli,Goglichidze,d,6.0,6.0,6,6
33,Empoli,Marianucci,d,6.0,6.0,6,6
33,Empoli,Grassi,c,6.0,5.5,6,"5,5"
33,Empoli,Henderson L.,c,6.5,7.5,"6,5","7,5"
33,Empoli,Gyasi,c,6.0,6.0,6,6
33,Empoli,Fazzini,c,7.0,10.0,7,10
33,Empoli,Anjorin,c,7.0,10.0,7,10
33,Empoli,Esposito Se.,a,6.0,6.0,6,6
33,Empoli,Colombo,a,5.5,5.5,"5,5","5,5"
33,Empoli,Solbakken,a,5.5,5.5,"5,5","5,5"
33,Empoli,D'Aversa,all,5.5,5.5,"5,5","5,5"
33,Fiorentina,De Gea,p,6.0,5.0,6,5
33,Fiorentina,Gosens,d,7.0,10.0,7,10
33,Fiorentina,Ranieri L.,d,6.0,6.0,6,6
33,Fiorentina,Mari',d,6.0,6.0,6,6
33,Fiorentina,Parisi,d,6.0,5.5,6,"5,5"
33,Fiorentina,Pongracic,d,6.0,6.0,6,6
33,Fiorentina,Dodo',d,6.5,7.5,"6,5","7,5"
33,Fiorentina,Comuzzo,d,55.0,55.0,55,55
33,Fiorentina,Cataldi,c,6.5,6.5,"6,5","6,5"
33,Fiorentina,Mandragora,c,6.5,7.5,"6,5","7,5"
33,Fiorentina,Zaniolo,c,55.0,55.0,55,55
33,Fiorentina,Fagioli,c,5.5,5.5,"5,5","5,5"
33,Fiorentina,Folorunsho,c,55.0,55.0,55,55
33,Fiorentina,Richardson,c,6.0,6.0,6,6
33,Fiorentina,Gudmundsson A.,a,6.5,6.5,"6,5","6,5"
33,Fiorentina,Beltran L.,a,7.0,10.0,7,10
33,Fiorentina,Palladino,all,7.0,7.0,7,7
33,Genoa,Leali,p,6.0,4.0,6,4
33,Genoa,Sabelli,d,55.0,55.0,55,55
33,Genoa,Martin,d,5.5,5.5,"5,5","5,5"
33,Genoa,Vasquez,d,5.5,5.5,"5,5","5,5"
33,Genoa,De Winter,d,6.0,5.5,6,"5,5"
33,Genoa,Norton-Cuffy,d,5.5,5.5,"5,5","5,5"
33,Genoa,Ahanor,d,6.0,6.0,6,6
33,Genoa,Otoa,d,4.0,3.0,4,3
33,Genoa,Thorsby,c,5.5,5.5,"5,5","5,5"
33,Genoa,Messias,c,5.5,5.5,"5,5","5,5"
33,Genoa,Frendrup,c,6.0,6.0,6,6
33,Genoa,Masini,c,6.0,6.0,6,6
33,Genoa,Venturino,c,6.0,6.0,6,6
33,Genoa,Pinamonti,a,6.0,5.5,6,"5,5"
33,Genoa,Vitinha O.,a,5.5,5.5,"5,5","5,5"
33,Genoa,Ekhator,a,55.0,55.0,55,55
33,Genoa,Vieira P.,all,5.5,5.5,"5,5","5,5"
33,Inter,Sommer,p,6.0,5.0,6,5
33,Inter,Dimarco,d,5.5,5.5,"5,5","5,5"
33,Inter,Acerbi,d,6.0,6.0,6,6
33,Inter,Bastoni,d,6.0,5.5,6,"5,5"
33,Inter,Darmian,d,6.0,6.0,6,6
33,Inter,Pavard,d,6.5,6.5,"6,5","6,5"
33,Inter,Carlos Augusto,d,6.5,6.5,"6,5","6,5"
33,Inter,Bisseck,d,5.5,5.5,"5,5","5,5"
33,Inter,Barella,c,5.5,5.5,"5,5","5,5"
33,Inter,Calhanoglu,c,6.5,6.5,"6,5","6,5"
33,Inter,Mkhitaryan,c,5.5,5.0,"5,5",5
33,Inter,Frattesi,c,5.5,5.5,"5,5","5,5"
33,Inter,Correa,a,5.5,5.0,"5,5",5
33,Inter,Martinez L.,a,6.0,6.0,6,6
33,Inter,Arnautovic,a,55.0,55.0,55,55
33,Inter,Taremi,a,5.5,5.5,"5,5","5,5"
33,Inter,Inzaghi S.,all,5.5,5.5,"5,5","5,5"
33,Juventus,Di Gregorio,p,6.0,5.0,6,5
33,Juventus,Kalulu,d,6.0,6.0,6,6
33,Juventus,Cambiaso,d,5.5,5.5,"5,5","5,5"
33,Juventus,Kelly L.,d,5.0,5.0,5,5
33,Juventus,Alberto Costa,d,55.0,55.0,55,55
33,Juventus,Locatelli,c,6.0,5.5,6,"5,5"
33,Juventus,Weah,c,55.0,55.0,55,55
33,Juventus,Douglas Luiz,c,55.0,55.0,55,55
33,Juventus,McKennie,c,5.5,5.5,"5,5","5,5"
33,Juventus,Thuram K.,c,5.5,5.5,"5,5","5,5"
33,Juventus,Veiga R.,c,5.5,5.5,"5,5","5,5"
33,Juventus,Conceicao,c,6.0,6.0,6,6
33,Juventus,Vlahovic,a,5.0,5.0,5,5
33,Juventus,Gonzalez N.,a,5.5,5.0,"5,5",5
33,Juventus,Kolo Muani,a,5.0,5.0,5,5
33,Juventus,Yildiz,a,5.5,5.0,"5,5",5
33,Juventus,Tudor,all,5.5,5.5,"5,5","5,5"
33,Lazio,Mandas,p,6.5,6.5,"6,5","6,5"
33,Lazio,Hysaj,d,55.0,55.0,55,55
33,Lazio,Romagnoli,d,6.5,6.5,"6,5","6,5"
33,Lazio,Marusic,d,6.0,6.0,6,6
33,Lazio,Lazzari,d,6.0,6.0,6,6
33,Lazio,Pellegrini Lu.,d,7.0,8.0,7,8
33,Lazio,Gila,d,6.5,6.5,"6,5","6,5"
33,Lazio,Vecino,c,6.0,6.0,6,6
33,Lazio,Zaccagni,c,6.5,6.5,"6,5","6,5"
33,Lazio,Guendouzi,c,6.0,6.0,6,6
33,Lazio,Rovella,c,6.5,7.0,"6,5",7
33,Lazio,Belahyane,c,4.0,3.0,4,3
33,Lazio,Pedro,a,5.5,5.5,"5,5","5,5"
33,Lazio,Dia,a,7.0,10.0,7,10
33,Lazio,Castellanos,a,7.0,10.0,7,10
33,Lazio,Noslin,a,55.0,55.0,55,55
33,Lazio,Baroni,all,7.0,7.0,7,7
33,Lecce,Falcone,p,6.0,3.0,6,3
33,Lecce,Gallo,d,5.0,5.0,5,5
33,Lecce,Baschirotto,d,5.0,5.0,5,5
33,Lecce,Gaspar K.,d,5.5,5.5,"5,5","5,5"
33,Lecce,Veiga D.,d,5.0,5.0,5,5
33,Lecce,Coulibaly L.,c,5.5,5.0,"5,5",5
33,Lecce,Helgason,c,5.5,5.5,"5,5","5,5"
33,Lecce,Berisha M.,c,5.5,5.0,"5,5",5
33,Lecce,Ramadani,c,5.5,5.5,"5,5","5,5"
33,Lecce,Pierret,c,5.0,5.0,5,5
33,Lecce,Tete Morente,c,6.5,6.5,"6,5","6,5"
33,Lecce,Rebic,a,55.0,55.0,55,55
33,Lecce,Banda,a,5.0,5.0,5,5
33,Lecce,Krstovic,a,5.5,5.0,"5,5",5
33,Lecce,Pierotti,a,5.5,5.5,"5,5","5,5"
33,Lecce,N'Dri,a,6.0,6.0,6,6
33,Lecce,Giampaolo,all,5.5,5.5,"5,5","5,5"
33,Milan,Maignan,p,6.5,5.5,"6,5","5,5"
33,Milan,Hernandez T.,d,6.0,6.0,6,6
33,Milan,Gabbia,d,5.5,5.5,"5,5","5,5"
33,Milan,Tomori,d,6.5,6.5,"6,5","6,5"
33,Milan,Pavlovic,d,5.5,5.5,"5,5","5,5"
33,Milan,Jimenez A.,d,6.5,6.5,"6,5","6,5"
33,Milan,Pulisic,c,5.0,5.0,5,5
33,Milan,Sottil,c,5.5,5.5,"5,5","5,5"
33,Milan,Fofana Y.,c,6.0,6.0,6,6
33,Milan,Chukwueze,c,55.0,55.0,55,55
33,Milan,Reijnders,c,6.0,6.0,6,6
33,Milan,Jovic,a,6.0,6.0,6,6
33,Milan,Abraham,a,6.0,6.0,6,6
33,Milan,Leao,a,5.0,5.0,5,5
33,Milan,Joao Felix,a,5.5,5.5,"5,5","5,5"
33,Milan,Gimenez,a,55.0,55.0,55,55
33,Milan,Conceicao S.,all,5.5,5.5,"5,5","5,5"
33,Monza,Turati,p,5.5,4.5,"5,5","4,5"
33,Monza,Pereira P.,d,6.0,6.0,6,6
33,Monza,Kyriakopoulos,d,6.0,6.0,6,6
33,Monza,Carboni A.,d,7.0,7.0,7,7
33,Monza,Caldirola,d,6.0,5.5,6,"5,5"
33,Monza,Birindelli,d,5.5,5.5,"5,5","5,5"
33,Monza,Gagliardini,c,6.0,6.0,6,6
33,Monza,Castrovilli,c,6.5,6.5,"6,5","6,5"
33,Monza,Akpa Akpro,c,6.0,5.5,6,"5,5"
33,Monza,Urbanski,c,55.0,55.0,55,55
33,Monza,Bianco,c,6.0,5.5,6,"5,5"
33,Monza,Ciurria,c,55.0,55.0,55,55
33,Monza,Caprari,a,5.5,5.5,"5,5","5,5"
33,Monza,Mota,a,5.5,5.0,"5,5",5
33,Monza,Ganvoula,a,6.0,6.0,6,6
33,Monza,Nesta,all,6.0,6.0,6,6
33,Napoli,Meret,p,6.0,6.0,6,6
33,Napoli,Spinazzola,d,6.0,6.0,6,6
33,Napoli,Di Lorenzo,d,6.0,6.0,6,6
33,Napoli,Rrahmani,d,6.5,6.5,"6,5","6,5"
33,Napoli,Olivera,d,6.0,6.0,6,6
33,Napoli,Marin R.,d,6.0,5.5,6,"5,5"
33,Napoli,Politano,c,5.5,5.5,"5,5","5,5"
33,Napoli,Zambo Anguissa,c,6.0,6.0,6,6
33,Napoli,Lobotka,c,6.0,6.0,6,6
33,Napoli,McTominay,c,7.0,10.0,7,10
33,Napoli,Gilmour,c,6.0,6.0,6,6
33,Napoli,Simeone,a,6.0,6.0,6,6
33,Napoli,Lukaku,a,5.5,5.5,"5,5","5,5"
33,Napoli,Raspadori,a,6.5,7.5,"6,5","7,5"
33,Napoli,Ngonge,a,55.0,55.0,55,55
33,Napoli,Conte,all,6.5,6.5,"6,5","6,5"
33,Parma,Suzuki,p,6.5,6.5,"6,5","6,5"
33,Parma,Valenti,d,6.5,6.5,"6,5","6,5"
33,Parma,Valeri,d,6.5,7.5,"6,5","7,5"
33,Parma,Vogliacco,d,55.0,55.0,55,55
33,Parma,Delprato,d,7.0,7.0,7,7
33,Parma,Leoni,d,7.5,7.5,"7,5","7,5"
33,Parma,Hernani,c,6.0,5.5,6,"5,5"
33,Parma,Estevez,c,6.0,6.0,6,6
33,Parma,Sohm,c,6.5,6.0,"6,5",6
33,Parma,Man,c,6.0,6.0,6,6
33,Parma,Bernabe',c,55.0,55.0,55,55
33,Parma,Hainaut,c,6.0,6.0,6,6
33,Parma,Keita M.,c,6.5,6.5,"6,5","6,5"
33,Parma,Almqvist,a,55.0,55.0,55,55
33,Parma,Bonny,a,6.5,6.5,"6,5","6,5"
33,Parma,Pellegrino M.,a,7.0,10.0,7,10
33,Parma,Chivu,all,7.0,7.0,7,7
33,Roma,Svilar,p,6.0,6.0,6,6
33,Roma,Mancini,d,6.5,6.5,"6,5","6,5"
33,Roma,N'Dicka,d,6.0,6.0,6,6
33,Roma,Celik,d,6.0,6.0,6,6
33,Roma,Angelino,d,6.0,6.0,6,6
33,Roma,Rensch,d,55.0,55.0,55,55
33,Roma,Cristante,c,6.0,6.0,6,6
33,Roma,El Shaarawy,c,55.0,55.0,55,55
33,Roma,Saelemaekers,c,6.0,6.0,6,6
33,Roma,Kone' M.,c,6.5,6.5,"6,5","6,5"
33,Roma,Baldanzi,c,6.0,6.0,6,6
33,Roma,Pisilli,c,6.0,6.0,6,6
33,Roma,Shomurodov,a,6.5,9.5,"6,5","9,5"
33,Roma,Soule',a,7.0,8.0,7,8
33,Roma,Dovbyk,a,6.0,6.0,6,6
33,Roma,Ranieri C.,all,6.5,6.5,"6,5","6,5"
33,Torino,Milinkovic-Savic V.,p,6.5,6.5,"6,5","6,5"
33,Torino,Masina,d,6.5,6.5,"6,5","6,5"
33,Torino,Biraghi,d,6.5,6.5,"6,5","6,5"
33,Torino,Walukiewicz,d,6.0,6.0,6,6
33,Torino,Maripan,d,6.0,5.5,6,"5,5"
33,Torino,Pedersen,d,6.0,6.0,6,6
33,Torino,Dembele' A.,d,7.0,10.0,7,10
33,Torino,Linetty,c,6.0,6.0,6,6
33,Torino,Elmas,c,5.5,5.5,"5,5","5,5"
33,Torino,Tameze,c,55.0,55.0,55,55
33,Torino,Ricci S.,c,6.5,6.5,"6,5","6,5"
33,Torino,Casadei,c,6.0,6.0,6,6
33,Torino,Gineitis,c,5.5,5.0,"5,5",5
33,Torino,Perciun,c,6.0,6.0,6,6
33,Torino,Karamoh,a,6.0,6.0,6,6
33,Torino,Adams C.,a,7.0,10.0,7,10
33,Torino,Vanoli,all,6.0,6.0,6,6
33,Udinese,Okoye,p,5.5,3.5,"5,5","3,5"
33,Udinese,Kamara H.,d,5.5,5.5,"5,5","5,5"
33,Udinese,Bijol,d,6.0,5.5,6,"5,5"
33,Udinese,Ehizibue,d,6.0,6.0,6,6
33,Udinese,Solet,d,5.5,5.5,"5,5","5,5"
33,Udinese,Pafundi,c,5.5,5.5,"5,5","5,5"
33,Udinese,Lovric,c,5.0,5.0,5,5
33,Udinese,Payero,c,5.5,5.5,"5,5","5,5"
33,Udinese,Karlstrom,c,5.5,5.0,"5,5",5
33,Udinese,Ekkelenkamp,c,6.0,6.0,6,6
33,Udinese,Rui Modesto,c,5.5,5.5,"5,5","5,5"
33,Udinese,Atta,c,6.0,6.0,6,6
33,Udinese,Sanchez,a,55.0,55.0,55,55
33,Udinese,Davis K.,a,6.0,6.0,6,6
33,Udinese,Pizarro,a,55.0,55.0,55,55
33,Udinese,Bravo,a,6.0,6.0,6,6
33,Udinese,Runjaic,all,5.5,5.5,"5,5","5,5"
33,Venezia,Radu I.,p,6.5,4.5,"6,5","4,5"
33,Venezia,Haps,d,55.0,55.0,55,55
33,Venezia,Marcandalli,d,6.0,5.5,6,"5,5"
33,Venezia,Idzes,d,5.0,5.0,5,5
33,Venezia,Schingtienne,d,6.0,6.0,6,6
33,Venezia,Candè,d,6.0,6.0,6,6
33,Venezia,Duncan,c,6.0,6.0,6,6
33,Venezia,Nicolussi Caviglia,c,6.5,7.5,"6,5","7,5"
33,Venezia,Busio,c,6.5,9.5,"6,5","9,5"
33,Venezia,Zerbin,c,6.0,6.0,6,6
33,Venezia,Ellertsson,c,6.0,6.0,6,6
33,Venezia,Doumbia I.,c,6.0,6.0,6,6
33,Venezia,Yeboah J.,c,7.0,10.0,7,10
33,Venezia,Perez K.,c,5.0,5.0,5,5
33,Venezia,Gytkjaer,a,5.5,5.5,"5,5","5,5"
33,Venezia,Maric,a,55.0,55.0,55,55
33,Venezia,Di Francesco,all,5.5,5.5,"5,5","5,5"
33,Verona,Montipo',p,6.0,5.0,6,5
33,Verona,Dawidowicz,d,6.0,6.0,6,6
33,Verona,Bradaric,d,6.0,6.0,6,6
33,Verona,Coppola D.,d,5.5,5.5,"5,5","5,5"
33,Verona,Tchatchoua,d,6.0,6.0,6,6
33,Verona,Ghilardi,d,6.0,6.0,6,6
33,Verona,Frese,d,55.0,55.0,55,55
33,Verona,Valentini N.,d,5.5,5.0,"5,5",5
33,Verona,Duda,c,6.0,6.0,6,6
33,Verona,Niasse,c,5.5,5.5,"5,5","5,5"
33,Verona,Serdar,c,5.5,5.5,"5,5","5,5"
33,Verona,Suslov,c,5.5,5.5,"5,5","5,5"
33,Verona,Bernede,c,6.0,5.5,6,"5,5"
33,Verona,Sarr A.,a,5.5,5.5,"5,5","5,5"
33,Verona,Mosquera,a,6.0,6.0,6,6
33,Verona,Rocha Livramento,a,55.0,55.0,55,55
33,Verona,Zanetti,all,5.5,5.5,"5,5","5,5"
34,Atalanta,Carnesecchi,p,6.5,5.5,"6,5","5,5"
34,Atalanta,Zappacosta,d,5.5,5.0,"5,5",5
34,Atalanta,Cuadrado,d,6.5,6.5,"6,5","6,5"
34,Atalanta,Djimsiti,d,6.0,6.0,6,6
34,Atalanta,Bellanova,d,5.5,5.5,"5,5","5,5"
34,Atalanta,Ruggeri,d,6.5,6.5,"6,5","6,5"
34,Atalanta,Kossounou,d,6.0,6.0,6,6
34,Atalanta,Hien,d,5.5,5.5,"5,5","5,5"
34,Atalanta,De Roon,c,6.5,6.5,"6,5","6,5"
34,Atalanta,Pasalic,c,5.5,5.5,"5,5","5,5"
34,Atalanta,Maldini,c,55.0,55.0,55,55
34,Atalanta,Samardzic,c,55.0,55.0,55,55
34,Atalanta,Ederson D.s.,c,6.0,6.0,6,6
34,Atalanta,Lookman,a,5.5,5.5,"5,5","5,5"
34,Atalanta,De Ketelaere,a,5.5,5.5,"5,5","5,5"
34,Atalanta,Retegui,a,7.0,10.0,7,10
34,Atalanta,Gasperini,all,5.5,5.5,"5,5","5,5"
34,Bologna,Skorupski,p,6.5,6.5,"6,5","6,5"
34,Bologna,Calabria,d,5.5,5.5,"5,5","5,5"
34,Bologna,Miranda J.,d,6.5,6.5,"6,5","6,5"
34,Bologna,Lucumi',d,5.5,5.0,"5,5",5
34,Bologna,Beukema,d,6.0,5.5,6,"5,5"
34,Bologna,Freuler,c,6.0,6.0,6,6
34,Bologna,Orsolini,c,6.5,6.5,"6,5","6,5"
34,Bologna,Pobega,c,5.5,5.5,"5,5","5,5"
34,Bologna,Aebischer,c,5.5,5.5,"5,5","5,5"
34,Bologna,Moro N.,c,55.0,55.0,55,55
34,Bologna,Fabbian,c,6.0,6.0,6,6
34,Bologna,Odgaard,a,5.5,5.5,"5,5","5,5"
34,Bologna,Cambiaghi,a,6.0,6.0,6,6
34,Bologna,Castro S.,a,55.0,55.0,55,55
34,Bologna,Dallinga,a,5.5,5.5,"5,5","5,5"
34,Bologna,Dominguez B.,a,5.5,5.5,"5,5","5,5"
34,Bologna,Italiano,all,5.5,5.5,"5,5","5,5"
34,Cagliari,Caprile,p,6.0,6.0,6,6
34,Cagliari,Luperto,d,7.0,7.0,7,7
34,Cagliari,Palomino,d,6.5,6.5,"6,5","6,5"
34,Cagliari,Augello,d,6.5,6.5,"6,5","6,5"
34,Cagliari,Zortea,d,6.0,5.5,6,"5,5"
34,Cagliari,Zappa,d,6.0,5.5,6,"5,5"
34,Cagliari,Deiola,c,7.0,10.0,7,10
34,Cagliari,Gaetano,c,6.5,7.5,"6,5","7,5"
34,Cagliari,Adopo,c,6.5,6.5,"6,5","6,5"
34,Cagliari,Marin,c,7.0,7.0,7,7
34,Cagliari,Makoumbou,c,6.0,6.0,6,6
34,Cagliari,Pavoletti,a,7.5,10.5,"7,5","10,5"
34,Cagliari,Luvumbo,a,6.5,7.5,"6,5","7,5"
34,Cagliari,Mutandwa,a,6.0,6.0,6,6
34,Cagliari,Nicola,all,7.0,7.0,7,7
34,Como,Butez,p,6.0,6.0,6,6
34,Como,Goldaniga,d,6.5,6.5,"6,5","6,5"
34,Como,Vojvoda,d,6.0,6.0,6,6
34,Como,Valle,d,6.0,6.0,6,6
34,Como,Kempf,d,6.5,6.5,"6,5","6,5"
34,Como,Van Der Brempt,d,6.0,6.0,6,6
34,Como,Smolcic I.,d,55.0,55.0,55,55
34,Como,Strefezza,c,7.0,10.0,7,10
34,Como,Ikone',c,5.5,5.5,"5,5","5,5"
34,Como,Caqueret,c,6.0,6.0,6,6
34,Como,Da Cunha,c,6.0,6.0,6,6
34,Como,Engelhardt,c,55.0,55.0,55,55
34,Como,Fadera,c,6.0,6.0,6,6
34,Como,Paz N.,c,6.5,6.0,"6,5",6
34,Como,Cutrone,a,6.5,7.5,"6,5","7,5"
34,Como,Gabrielloni,a,6.0,6.0,6,6
34,Como,Fabregas,all,6.5,6.5,"6,5","6,5"
34,Empoli,Vasquez D.,p,6.0,4.0,6,4
34,Empoli,Pezzella Giu.,d,6.0,6.0,6,6
34,Empoli,Ismajli,d,6.0,6.0,6,6
34,Empoli,Viti,d,5.5,5.5,"5,5","5,5"
34,Empoli,Sambia,d,55.0,55.0,55,55
34,Empoli,Goglichidze,d,6.5,7.5,"6,5","7,5"
34,Empoli,Grassi,c,5.5,4.5,"5,5","4,5"
34,Empoli,Henderson L.,c,6.0,5.5,6,"5,5"
34,Empoli,Gyasi,c,5.5,5.5,"5,5","5,5"
34,Empoli,Kovalenko,c,6.0,6.0,6,6
34,Empoli,Fazzini,c,7.0,10.0,7,10
34,Empoli,Anjorin,c,5.5,5.0,"5,5",5
34,Empoli,Esposito Se.,a,6.0,6.0,6,6
34,Empoli,Colombo,a,6.0,6.0,6,6
34,Empoli,Solbakken,a,5.5,5.5,"5,5","5,5"
34,Empoli,Konate Is.,a,55.0,55.0,55,55
34,Empoli,D'Aversa,all,6.0,6.0,6,6
34,Fiorentina,De Gea,p,6.0,5.0,6,5
34,Fiorentina,Gosens,d,5.5,5.5,"5,5","5,5"
34,Fiorentina,Ranieri L.,d,6.0,5.5,6,"5,5"
34,Fiorentina,Mari',d,6.5,6.5,"6,5","6,5"
34,Fiorentina,Parisi,d,6.0,6.0,6,6
34,Fiorentina,Pongracic,d,6.0,6.0,6,6
34,Fiorentina,Comuzzo,d,6.0,6.0,6,6
34,Fiorentina,Cataldi,c,6.0,6.0,6,6
34,Fiorentina,Mandragora,c,7.5,10.0,"7,5",10
34,Fiorentina,Zaniolo,c,6.0,6.0,6,6
34,Fiorentina,Fagioli,c,55.0,55.0,55,55
34,Fiorentina,Adli,c,7.5,11.5,"7,5","11,5"
34,Fiorentina,Folorunsho,c,5.5,5.5,"5,5","5,5"
34,Fiorentina,Richardson,c,6.0,6.0,6,6
34,Fiorentina,Gudmundsson A.,a,6.5,7.5,"6,5","7,5"
34,Fiorentina,Beltran L.,a,6.0,5.5,6,"5,5"
34,Fiorentina,Palladino,all,6.5,6.5,"6,5","6,5"
34,Genoa,Leali,p,6.0,5.0,6,5
34,Genoa,Sabelli,d,55.0,55.0,55,55
34,Genoa,Martin,d,6.0,6.0,6,6
34,Genoa,Vasquez,d,5.5,5.0,"5,5",5
34,Genoa,Zanoli,d,55.0,55.0,55,55
34,Genoa,De Winter,d,6.5,6.5,"6,5","6,5"
34,Genoa,Norton-Cuffy,d,5.5,5.5,"5,5","5,5"
34,Genoa,Ahanor,d,6.0,6.0,6,6
34,Genoa,Thorsby,c,5.5,5.5,"5,5","5,5"
34,Genoa,Messias,c,6.0,6.0,6,6
34,Genoa,Frendrup,c,6.0,6.0,6,6
34,Genoa,Masini,c,6.0,6.0,6,6
34,Genoa,Kasa,c,5.5,5.5,"5,5","5,5"
34,Genoa,Pinamonti,a,5.5,5.5,"5,5","5,5"
34,Genoa,Vitinha O.,a,5.5,5.5,"5,5","5,5"
34,Genoa,Ekhator,a,5.5,5.5,"5,5","5,5"
34,Genoa,Vieira P.,all,5.5,5.5,"5,5","5,5"
34,Inter,Sommer,p,6.0,5.0,6,5
34,Inter,Dimarco,d,5.0,5.0,5,5
34,Inter,Acerbi,d,6.0,6.0,6,6
34,Inter,Darmian,d,5.5,5.5,"5,5","5,5"
34,Inter,Pavard,d,55.0,55.0,55,55
34,Inter,Dumfries,d,6.0,6.0,6,6
34,Inter,Carlos Augusto,d,6.0,6.0,6,6
34,Inter,Bisseck,d,5.5,5.5,"5,5","5,5"
34,Inter,Zielinski,c,55.0,55.0,55,55
34,Inter,Barella,c,5.0,5.0,5,5
34,Inter,Calhanoglu,c,5.5,5.5,"5,5","5,5"
34,Inter,Frattesi,c,5.0,5.0,5,5
34,Inter,Zalewski,c,6.0,6.0,6,6
34,Inter,Correa,a,55.0,55.0,55,55
34,Inter,Martinez L.,a,5.5,5.0,"5,5",5
34,Inter,Arnautovic,a,5.0,5.0,5,5
34,Inter,Inzaghi S.,all,5.0,5.0,5,5
34,Juventus,Di Gregorio,p,6.0,6.0,6,6
34,Juventus,Kalulu,d,6.0,6.0,6,6
34,Juventus,Cambiaso,d,6.0,6.0,6,6
34,Juventus,Kelly L.,d,6.0,6.0,6,6
34,Juventus,Savona,d,6.0,5.5,6,"5,5"
34,Juventus,Alberto Costa,d,6.0,5.5,6,"5,5"
34,Juventus,Locatelli,c,6.5,6.5,"6,5","6,5"
34,Juventus,Weah,c,6.0,6.0,6,6
34,Juventus,McKennie,c,6.0,6.0,6,6
34,Juventus,Thuram K.,c,7.0,8.0,7,8
34,Juventus,Veiga R.,c,6.5,6.0,"6,5",6
34,Juventus,Gonzalez N.,a,7.0,10.0,7,10
34,Juventus,Kolo Muani,a,7.0,10.0,7,10
34,Juventus,Yildiz,a,4.5,3.5,"4,5","3,5"
34,Juventus,Tudor,all,7.0,7.0,7,7
34,Lazio,Mandas,p,6.5,4.5,"6,5","4,5"
34,Lazio,Romagnoli,d,6.0,6.0,6,6
34,Lazio,Marusic,d,5.5,5.5,"5,5","5,5"
34,Lazio,Pellegrini Lu.,d,6.0,7.0,6,7
34,Lazio,Gila,d,6.0,6.0,6,6
34,Lazio,Vecino,c,6.0,6.0,6,6
34,Lazio,Zaccagni,c,5.0,5.0,5,5
34,Lazio,Guendouzi,c,6.0,6.0,6,6
34,Lazio,Rovella,c,5.0,5.0,5,5
34,Lazio,Tchaouna,c,6.5,6.5,"6,5","6,5"
34,Lazio,Pedro,a,8.0,14.0,8,14
34,Lazio,Dia,a,5.0,5.0,5,5
34,Lazio,Castellanos,a,5.5,5.0,"5,5",5
34,Lazio,Isaksen,a,5.5,5.5,"5,5","5,5"
34,Lazio,Noslin,a,6.0,6.0,6,6
34,Lazio,Baroni,all,6.5,6.5,"6,5","6,5"
34,Lecce,Falcone,p,6.5,5.5,"6,5","5,5"
34,Lecce,Gallo,d,5.5,5.0,"5,5",5
34,Lecce,Guilbert,d,7.0,7.0,7,7
34,Lecce,Baschirotto,d,6.0,6.0,6,6
34,Lecce,Gaspar K.,d,7.0,7.0,7,7
34,Lecce,Veiga D.,d,6.0,6.0,6,6
34,Lecce,Coulibaly L.,c,5.5,5.5,"5,5","5,5"
34,Lecce,Helgason,c,6.0,6.0,6,6
34,Lecce,Ramadani,c,55.0,55.0,55,55
34,Lecce,Kaba,c,6.5,6.5,"6,5","6,5"
34,Lecce,Karlsson,c,6.0,9.0,6,9
34,Lecce,Pierret,c,6.0,6.0,6,6
34,Lecce,Rebic,a,6.5,6.5,"6,5","6,5"
34,Lecce,Burnete,a,55.0,55.0,55,55
34,Lecce,Pierotti,a,6.0,6.0,6,6
34,Lecce,Giampaolo,all,6.5,6.5,"6,5","6,5"
34,Milan,Maignan,p,6.0,6.0,6,6
34,Milan,Walker,d,6.0,6.0,6,6
34,Milan,Hernandez T.,d,6.5,6.5,"6,5","6,5"
34,Milan,Gabbia,d,6.0,6.0,6,6
34,Milan,Tomori,d,6.0,6.0,6,6
34,Milan,Pavlovic,d,5.5,5.5,"5,5","5,5"
34,Milan,Terracciano F.,d,55.0,55.0,55,55
34,Milan,Jimenez A.,d,6.0,6.0,6,6
34,Milan,Pulisic,c,7.0,10.0,7,10
34,Milan,Loftus-Cheek,c,6.0,6.0,6,6
34,Milan,Fofana Y.,c,6.5,7.5,"6,5","7,5"
34,Milan,Reijnders,c,6.5,7.5,"6,5","7,5"
34,Milan,Abraham,a,5.5,5.5,"5,5","5,5"
34,Milan,Leao,a,5.5,5.5,"5,5","5,5"
34,Milan,Joao Felix,a,55.0,55.0,55,55
34,Milan,Gimenez,a,6.5,9.5,"6,5","9,5"
34,Milan,Conceicao S.,all,6.5,6.5,"6,5","6,5"
34,Monza,Turati,p,6.0,4.0,6,4
34,Monza,Pereira P.,d,5.0,4.5,5,"4,5"
34,Monza,Kyriakopoulos,d,6.0,6.0,6,6
34,Monza,Carboni A.,d,6.0,5.5,6,"5,5"
34,Monza,Caldirola,d,6.0,5.5,6,"5,5"
34,Monza,Birindelli,d,5.5,5.5,"5,5","5,5"
34,Monza,Sensi,c,6.0,6.0,6,6
34,Monza,Castrovilli,c,6.0,6.0,6,6
34,Monza,Akpa Akpro,c,5.5,5.5,"5,5","5,5"
34,Monza,Bianco,c,5.5,5.5,"5,5","5,5"
34,Monza,Vignato S.,c,55.0,55.0,55,55
34,Monza,Ciurria,c,55.0,55.0,55,55
34,Monza,Forson O.,c,6.0,6.0,6,6
34,Monza,Petagna,a,5.5,5.5,"5,5","5,5"
34,Monza,Caprari,a,6.0,6.0,6,6
34,Monza,Mota,a,5.5,5.5,"5,5","5,5"
34,Monza,Nesta,all,5.5,5.5,"5,5","5,5"
34,Napoli,Meret,p,6.0,6.0,6,6
34,Napoli,Spinazzola,d,6.5,6.5,"6,5","6,5"
34,Napoli,Buongiorno,d,6.5,6.5,"6,5","6,5"
34,Napoli,Di Lorenzo,d,6.5,6.5,"6,5","6,5"
34,Napoli,Rrahmani,d,6.5,6.5,"6,5","6,5"
34,Napoli,Olivera,d,6.5,6.5,"6,5","6,5"
34,Napoli,Marin R.,d,6.0,6.0,6,6
34,Napoli,Politano,c,6.5,7.5,"6,5","7,5"
34,Napoli,Zambo Anguissa,c,6.5,7.5,"6,5","7,5"
34,Napoli,Lobotka,c,6.0,6.0,6,6
34,Napoli,McTominay,c,8.0,14.0,8,14
34,Napoli,Gilmour,c,55.0,55.0,55,55
34,Napoli,Billing,c,6.0,6.0,6,6
34,Napoli,Simeone,a,55.0,55.0,55,55
34,Napoli,Lukaku,a,6.0,6.0,6,6
34,Napoli,Raspadori,a,55.0,55.0,55,55
34,Napoli,Conte,all,7.0,7.0,7,7
34,Parma,Suzuki,p,6.5,4.5,"6,5","4,5"
34,Parma,Valenti,d,6.0,6.0,6,6
34,Parma,Balogh,d,6.0,6.0,6,6
34,Parma,Valeri,d,6.5,7.5,"6,5","7,5"
34,Parma,Delprato,d,5.5,5.5,"5,5","5,5"
34,Parma,Leoni,d,5.5,5.0,"5,5",5
34,Parma,Lovik,d,55.0,55.0,55,55
34,Parma,Hernani,c,6.0,5.5,6,"5,5"
34,Parma,Sohm,c,6.5,6.5,"6,5","6,5"
34,Parma,Man,c,5.5,5.5,"5,5","5,5"
34,Parma,Hainaut,c,6.0,6.0,6,6
34,Parma,Keita M.,c,6.0,6.0,6,6
34,Parma,Ondrejka,c,8.0,14.0,8,14
34,Parma,Djuric,a,6.0,5.5,6,"5,5"
34,Parma,Bonny,a,6.0,6.0,6,6
34,Parma,Pellegrino M.,a,6.0,6.0,6,6
34,Parma,Chivu,all,6.0,6.0,6,6
34,Roma,Svilar,p,6.0,6.0,6,6
34,Roma,Mancini,d,6.5,6.0,"6,5",6
34,Roma,N'Dicka,d,7.0,7.0,7,7
34,Roma,Celik,d,6.5,6.5,"6,5","6,5"
34,Roma,Angelino,d,7.0,7.0,7,7
34,Roma,Rensch,d,55.0,55.0,55,55
34,Roma,Pellegrini Lo.,c,6.0,6.0,6,6
34,Roma,Cristante,c,6.0,6.0,6,6
34,Roma,El Shaarawy,c,55.0,55.0,55,55
34,Roma,Kone' M.,c,6.5,6.0,"6,5",6
34,Roma,Baldanzi,c,6.0,6.0,6,6
34,Roma,Pisilli,c,5.5,5.5,"5,5","5,5"
34,Roma,Gourna-Douath,c,6.0,6.0,6,6
34,Roma,Shomurodov,a,6.0,6.0,6,6
34,Roma,Soule',a,7.5,10.5,"7,5","10,5"
34,Roma,Dovbyk,a,5.5,5.5,"5,5","5,5"
34,Roma,Ranieri C.,all,7.0,7.0,7,7
34,Torino,Milinkovic-Savic V.,p,6.0,4.0,6,4
34,Torino,Masina,d,5.5,5.5,"5,5","5,5"
34,Torino,Biraghi,d,5.0,5.0,5,5
34,Torino,Walukiewicz,d,55.0,55.0,55,55
34,Torino,Lazaro,d,5.5,5.0,"5,5",5
34,Torino,Maripan,d,5.0,4.5,5,"4,5"
34,Torino,Pedersen,d,5.0,5.0,5,5
34,Torino,Coco,d,5.5,5.5,"5,5","5,5"
34,Torino,Linetty,c,5.0,5.0,5,5
34,Torino,Elmas,c,5.5,5.5,"5,5","5,5"
34,Torino,Tameze,c,5.5,5.5,"5,5","5,5"
34,Torino,Ilic,c,5.5,5.0,"5,5",5
34,Torino,Vlasic,c,5.5,5.5,"5,5","5,5"
34,Torino,Casadei,c,5.5,5.5,"5,5","5,5"
34,Torino,Karamoh,a,5.5,5.5,"5,5","5,5"
34,Torino,Adams C.,a,5.0,5.0,5,5
34,Torino,Vanoli,all,5.0,5.0,5,5
34,Udinese,Okoye,p,6.0,6.0,6,6
34,Udinese,Kabasele,d,6.0,6.0,6,6
34,Udinese,Kamara H.,d,6.0,6.0,6,6
34,Udinese,Ehizibue,d,5.5,5.0,"5,5",5
34,Udinese,Kristensen T.,d,6.0,6.0,6,6
34,Udinese,Giannetti L.,d,55.0,55.0,55,55
34,Udinese,Solet,d,6.5,6.5,"6,5","6,5"
34,Udinese,Lovric,c,55.0,55.0,55,55
34,Udinese,Zarraga,c,55.0,55.0,55,55
34,Udinese,Payero,c,6.5,6.0,"6,5",6
34,Udinese,Karlstrom,c,6.0,5.5,6,"5,5"
34,Udinese,Ekkelenkamp,c,5.5,5.5,"5,5","5,5"
34,Udinese,Rui Modesto,c,6.0,6.0,6,6
34,Udinese,Atta,c,6.5,6.5,"6,5","6,5"
34,Udinese,Davis K.,a,6.5,6.5,"6,5","6,5"
34,Udinese,Bravo,a,55.0,55.0,55,55
34,Udinese,Runjaic,all,6.5,6.5,"6,5","6,5"
34,Venezia,Radu I.,p,6.0,4.0,6,4
34,Venezia,Zampano,d,55.0,55.0,55,55
34,Venezia,Haps,d,6.0,6.0,6,6
34,Venezia,Marcandalli,d,6.0,6.0,6,6
34,Venezia,Idzes,d,6.0,6.0,6,6
34,Venezia,Schingtienne,d,6.0,6.0,6,6
34,Venezia,Candè,d,4.5,4.0,"4,5",4
34,Venezia,Nicolussi Caviglia,c,6.5,6.5,"6,5","6,5"
34,Venezia,Busio,c,6.0,6.0,6,6
34,Venezia,Zerbin,c,5.5,5.5,"5,5","5,5"
34,Venezia,Oristanio,c,6.0,6.0,6,6
34,Venezia,Yeboah J.,c,6.5,6.5,"6,5","6,5"
34,Venezia,Condè,c,5.5,5.5,"5,5","5,5"
34,Venezia,Perez K.,c,6.0,6.0,6,6
34,Venezia,Gytkjaer,a,5.5,5.5,"5,5","5,5"
34,Venezia,Fila,a,5.5,5.5,"5,5","5,5"
34,Venezia,Di Francesco,all,5.5,5.5,"5,5","5,5"
34,Verona,Montipo',p,6.0,4.0,6,4
34,Verona,Bradaric,d,5.5,5.5,"5,5","5,5"
34,Verona,Coppola D.,d,5.0,4.5,5,"4,5"
34,Verona,Tchatchoua,d,6.0,6.0,6,6
34,Verona,Ghilardi,d,4.0,3.0,4,3
34,Verona,Valentini N.,d,5.0,5.0,5,5
34,Verona,Lazovic,c,5.5,5.5,"5,5","5,5"
34,Verona,Kastanos,c,6.0,6.0,6,6
34,Verona,Duda,c,5.0,5.0,5,5
34,Verona,Serdar,c,6.0,6.0,6,6
34,Verona,Suslov,c,5.5,5.5,"5,5","5,5"
34,Verona,Bernede,c,5.0,5.0,5,5
34,Verona,Sarr A.,a,5.0,4.5,5,"4,5"
34,Verona,Mosquera,a,5.0,5.0,5,5
34,Verona,Rocha Livramento,a,6.0,6.0,6,6
34,Verona,Lambourde,a,6.0,6.0,6,6
34,Verona,Zanetti,all,5.0,5.0,5,5
35,Atalanta,Carnesecchi,p,6.5,6.5,"6,5","6,5"
35,Atalanta,Zappacosta,d,6.0,6.0,6,6
35,Atalanta,Toloi,d,6.5,6.5,"6,5","6,5"
35,Atalanta,Cuadrado,d,6.0,5.5,6,"5,5"
35,Atalanta,Djimsiti,d,6.5,6.5,"6,5","6,5"
35,Atalanta,Bellanova,d,6.0,6.0,6,6
35,Atalanta,Kossounou,d,6.0,6.0,6,6
35,Atalanta,Hien,d,6.0,5.5,6,"5,5"
35,Atalanta,De Roon,c,7.0,7.0,7,7
35,Atalanta,Pasalic,c,6.0,6.0,6,6
35,Atalanta,Maldini,c,5.5,5.5,"5,5","5,5"
35,Atalanta,Brescianini,c,7.0,10.0,7,10
35,Atalanta,Ederson D.s.,c,5.5,5.5,"5,5","5,5"
35,Atalanta,Lookman,a,7.0,10.0,7,10
35,Atalanta,De Ketelaere,a,7.5,13.5,"7,5","13,5"
35,Atalanta,Retegui,a,7.0,9.0,7,9
35,Atalanta,Gasperini,all,7.0,7.0,7,7
35,Bologna,Skorupski,p,5.0,4.0,5,4
35,Bologna,Calabria,d,55.0,55.0,55,55
35,Bologna,De Silvestri,d,6.0,6.0,6,6
35,Bologna,Lykogiannis,d,6.0,6.0,6,6
35,Bologna,Miranda J.,d,6.0,6.0,6,6
35,Bologna,Lucumi',d,7.0,7.0,7,7
35,Bologna,Beukema,d,6.0,6.0,6,6
35,Bologna,Freuler,c,6.5,9.5,"6,5","9,5"
35,Bologna,Orsolini,c,6.5,6.5,"6,5","6,5"
35,Bologna,Pobega,c,55.0,55.0,55,55
35,Bologna,Ferguson,c,6.0,6.0,6,6
35,Bologna,Odgaard,a,5.0,5.0,5,5
35,Bologna,Cambiaghi,a,6.5,6.5,"6,5","6,5"
35,Bologna,Castro S.,a,55.0,55.0,55,55
35,Bologna,Dallinga,a,6.0,7.0,6,7
35,Bologna,Dominguez B.,a,55.0,55.0,55,55
35,Bologna,Italiano,all,6.5,6.5,"6,5","6,5"
35,Cagliari,Caprile,p,6.0,4.0,6,4
35,Cagliari,Luperto,d,5.0,5.0,5,5
35,Cagliari,Palomino,d,5.5,5.5,"5,5","5,5"
35,Cagliari,Augello,d,5.5,5.5,"5,5","5,5"
35,Cagliari,Zortea,d,7.0,10.0,7,10
35,Cagliari,Zappa,d,6.0,6.0,6,6
35,Cagliari,Obert,d,5.5,5.5,"5,5","5,5"
35,Cagliari,Deiola,c,6.0,6.0,6,6
35,Cagliari,Gaetano,c,6.0,6.0,6,6
35,Cagliari,Adopo,c,5.5,5.5,"5,5","5,5"
35,Cagliari,Marin,c,6.0,6.0,6,6
35,Cagliari,Makoumbou,c,6.5,7.5,"6,5","7,5"
35,Cagliari,Felici,c,5.5,5.5,"5,5","5,5"
35,Cagliari,Piccoli,a,5.5,5.5,"5,5","5,5"
35,Cagliari,Luvumbo,a,6.5,6.5,"6,5","6,5"
35,Cagliari,Coman F.,a,5.5,5.0,"5,5",5
35,Cagliari,Nicola,all,5.5,5.5,"5,5","5,5"
35,Como,Butez,p,6.5,6.5,"6,5","6,5"
35,Como,Goldaniga,d,6.0,6.0,6,6
35,Como,Vojvoda,d,6.5,6.5,"6,5","6,5"
35,Como,Moreno Alb.,d,6.0,6.0,6,6
35,Como,Kempf,d,6.5,6.0,"6,5",6
35,Como,Van Der Brempt,d,55.0,55.0,55,55
35,Como,Strefezza,c,7.0,10.0,7,10
35,Como,Ikone',c,5.0,5.0,5,5
35,Como,Caqueret,c,6.5,6.5,"6,5","6,5"
35,Como,Da Cunha,c,6.0,6.0,6,6
35,Como,Perrone,c,6.0,6.0,6,6
35,Como,Engelhardt,c,55.0,55.0,55,55
35,Como,Fadera,c,55.0,55.0,55,55
35,Como,Paz N.,c,6.0,6.0,6,6
35,Como,Cutrone,a,5.5,5.5,"5,5","5,5"
35,Como,Douvikas,a,6.5,6.5,"6,5","6,5"
35,Como,Fabregas,all,7.0,7.0,7,7
35,Empoli,Vasquez D.,p,6.5,5.5,"6,5","5,5"
35,Empoli,Pezzella Giu.,d,6.0,5.5,6,"5,5"
35,Empoli,Ismajli,d,6.5,6.5,"6,5","6,5"
35,Empoli,Viti,d,5.0,4.5,5,"4,5"
35,Empoli,Cacace,d,6.0,6.0,6,6
35,Empoli,Sambia,d,6.5,6.5,"6,5","6,5"
35,Empoli,Goglichidze,d,5.5,5.0,"5,5",5
35,Empoli,Marianucci,d,6.0,6.0,6,6
35,Empoli,Gyasi,c,6.0,6.0,6,6
35,Empoli,Fazzini,c,6.5,6.5,"6,5","6,5"
35,Empoli,Colombo,a,4.0,3.0,4,3
35,Empoli,Solbakken,a,5.5,5.5,"5,5","5,5"
35,Empoli,Konate Is.,a,6.0,6.0,6,6
35,Empoli,Campaniello,a,55.0,55.0,55,55
35,Empoli,D'Aversa,all,6.0,6.0,6,6
35,Fiorentina,De Gea,p,6.5,5.5,"6,5","5,5"
35,Fiorentina,Gosens,d,5.0,5.0,5,5
35,Fiorentina,Mari',d,5.5,5.5,"5,5","5,5"
35,Fiorentina,Parisi,d,6.0,6.0,6,6
35,Fiorentina,Pongracic,d,5.5,5.5,"5,5","5,5"
35,Fiorentina,Comuzzo,d,6.0,6.0,6,6
35,Fiorentina,Mandragora,c,6.0,6.0,6,6
35,Fiorentina,Zaniolo,c,5.0,4.0,5,4
35,Fiorentina,Fagioli,c,6.0,6.0,6,6
35,Fiorentina,Adli,c,55.0,55.0,55,55
35,Fiorentina,Colpani,c,6.0,6.0,6,6
35,Fiorentina,Ndour,c,5.5,5.0,"5,5",5
35,Fiorentina,Richardson,c,5.5,5.5,"5,5","5,5"
35,Fiorentina,Kean,a,6.0,5.5,6,"5,5"
35,Fiorentina,Gudmundsson A.,a,6.0,6.0,6,6
35,Fiorentina,Beltran L.,a,5.5,5.5,"5,5","5,5"
35,Fiorentina,Palladino,all,6.0,6.0,6,6
35,Genoa,Leali,p,6.0,4.0,6,4
35,Genoa,Sabelli,d,6.0,6.0,6,6
35,Genoa,Martin,d,6.5,7.5,"6,5","7,5"
35,Genoa,Vasquez,d,6.0,6.0,6,6
35,Genoa,Zanoli,d,6.0,6.0,6,6
35,Genoa,De Winter,d,6.0,6.0,6,6
35,Genoa,Norton-Cuffy,d,5.5,5.5,"5,5","5,5"
35,Genoa,Ahanor,d,5.5,5.5,"5,5","5,5"
35,Genoa,Thorsby,c,6.0,5.5,6,"5,5"
35,Genoa,Messias,c,6.0,6.0,6,6
35,Genoa,Frendrup,c,5.5,3.5,"5,5","3,5"
35,Genoa,Masini,c,6.0,6.0,6,6
35,Genoa,Pinamonti,a,5.5,5.5,"5,5","5,5"
35,Genoa,Vitinha O.,a,7.0,10.0,7,10
35,Genoa,Ekhator,a,55.0,55.0,55,55
35,Genoa,Vieira P.,all,6.0,6.0,6,6
35,Inter,Martinez Jo.,p,6.0,6.0,6,6
35,Inter,Dimarco,d,6.0,6.0,6,6
35,Inter,De Vrij,d,6.5,6.5,"6,5","6,5"
35,Inter,Acerbi,d,55.0,55.0,55,55
35,Inter,Darmian,d,6.0,5.5,6,"5,5"
35,Inter,Carlos Augusto,d,6.5,6.5,"6,5","6,5"
35,Inter,Bisseck,d,6.0,6.0,6,6
35,Inter,Zielinski,c,6.0,6.0,6,6
35,Inter,Mkhitaryan,c,6.0,6.0,6,6
35,Inter,Frattesi,c,6.0,6.0,6,6
35,Inter,Zalewski,c,6.5,6.5,"6,5","6,5"
35,Inter,Asllani,c,7.0,10.0,7,10
35,Inter,Correa,a,6.0,6.0,6,6
35,Inter,Arnautovic,a,6.0,6.0,6,6
35,Inter,Taremi,a,6.0,6.0,6,6
35,Inter,Inzaghi S.,all,6.5,6.5,"6,5","6,5"
35,Juventus,Di Gregorio,p,6.0,5.0,6,5
35,Juventus,Kalulu,d,5.5,5.5,"5,5","5,5"
35,Juventus,Cambiaso,d,6.0,7.0,6,7
35,Juventus,Savona,d,6.0,6.0,6,6
35,Juventus,Alberto Costa,d,5.5,5.0,"5,5",5
35,Juventus,Locatelli,c,6.0,5.5,6,"5,5"
35,Juventus,Weah,c,5.5,5.5,"5,5","5,5"
35,Juventus,Douglas Luiz,c,55.0,55.0,55,55
35,Juventus,McKennie,c,6.0,6.0,6,6
35,Juventus,Thuram K.,c,7.0,10.0,7,10
35,Juventus,Adzic,c,55.0,55.0,55,55
35,Juventus,Veiga R.,c,5.5,5.5,"5,5","5,5"
35,Juventus,Conceicao,c,55.0,55.0,55,55
35,Juventus,Gonzalez N.,a,5.5,5.0,"5,5",5
35,Juventus,Kolo Muani,a,5.5,5.5,"5,5","5,5"
35,Juventus,Mbangula,a,55.0,55.0,55,55
35,Juventus,Tudor,all,5.5,5.5,"5,5","5,5"
35,Lazio,Mandas,p,6.0,6.0,6,6
35,Lazio,Hysaj,d,5.0,5.0,5,5
35,Lazio,Romagnoli,d,6.5,6.5,"6,5","6,5"
35,Lazio,Marusic,d,6.0,6.0,6,6
35,Lazio,Pellegrini Lu.,d,6.0,5.5,6,"5,5"
35,Lazio,Gila,d,6.0,6.0,6,6
35,Lazio,Gigot,d,6.5,6.5,"6,5","6,5"
35,Lazio,Provstgaard,d,55.0,55.0,55,55
35,Lazio,Vecino,c,6.0,5.5,6,"5,5"
35,Lazio,Zaccagni,c,6.5,6.5,"6,5","6,5"
35,Lazio,Guendouzi,c,6.0,6.0,6,6
35,Lazio,Rovella,c,6.0,6.0,6,6
35,Lazio,Pedro,a,5.5,5.5,"5,5","5,5"
35,Lazio,Dia,a,7.0,10.0,7,10
35,Lazio,Castellanos,a,6.5,6.5,"6,5","6,5"
35,Lazio,Isaksen,a,5.5,5.5,"5,5","5,5"
35,Lazio,Baroni,all,6.0,6.0,6,6
35,Lecce,Falcone,p,5.0,4.0,5,4
35,Lecce,Gallo,d,5.5,5.5,"5,5","5,5"
35,Lecce,Guilbert,d,5.5,5.5,"5,5","5,5"
35,Lecce,Baschirotto,d,6.0,6.0,6,6
35,Lecce,Gaspar K.,d,6.0,6.0,6,6
35,Lecce,Veiga D.,d,6.0,6.0,6,6
35,Lecce,Coulibaly L.,c,6.0,6.0,6,6
35,Lecce,Helgason,c,6.5,6.5,"6,5","6,5"
35,Lecce,Berisha M.,c,6.5,6.5,"6,5","6,5"
35,Lecce,Kaba,c,5.5,5.5,"5,5","5,5"
35,Lecce,Karlsson,c,5.5,5.5,"5,5","5,5"
35,Lecce,Pierret,c,5.5,5.5,"5,5","5,5"
35,Lecce,Tete Morente,c,6.0,5.5,6,"5,5"
35,Lecce,Krstovic,a,5.5,5.0,"5,5",5
35,Lecce,Pierotti,a,5.5,5.5,"5,5","5,5"
35,Lecce,N'Dri,a,55.0,55.0,55,55
35,Lecce,Giampaolo,all,5.5,5.5,"5,5","5,5"
35,Milan,Maignan,p,7.0,6.0,7,6
35,Milan,Walker,d,55.0,55.0,55,55
35,Milan,Hernandez T.,d,6.0,6.0,6,6
35,Milan,Gabbia,d,6.0,5.5,6,"5,5"
35,Milan,Tomori,d,6.0,6.0,6,6
35,Milan,Pavlovic,d,5.5,5.0,"5,5",5
35,Milan,Jimenez A.,d,5.5,5.5,"5,5","5,5"
35,Milan,Pulisic,c,5.5,5.5,"5,5","5,5"
35,Milan,Loftus-Cheek,c,5.5,5.0,"5,5",5
35,Milan,Fofana Y.,c,6.0,6.0,6,6
35,Milan,Musah,c,55.0,55.0,55,55
35,Milan,Reijnders,c,6.0,6.0,6,6
35,Milan,Jovic,a,5.5,5.5,"5,5","5,5"
35,Milan,Leao,a,7.0,9.5,7,"9,5"
35,Milan,Joao Felix,a,6.5,6.0,"6,5",6
35,Milan,Gimenez,a,6.5,7.5,"6,5","7,5"
35,Milan,Conceicao S.,all,6.5,6.5,"6,5","6,5"
35,Monza,Pizzignacco,p,6.0,2.0,6,2
35,Monza,Pereira P.,d,4.5,4.5,"4,5","4,5"
35,Monza,Kyriakopoulos,d,6.0,6.0,6,6
35,Monza,Caldirola,d,5.5,5.5,"5,5","5,5"
35,Monza,Birindelli,d,5.5,5.5,"5,5","5,5"
35,Monza,Palacios T.,d,4.5,4.0,"4,5",4
35,Monza,Lekovic,d,4.0,4.0,4,4
35,Monza,Brorsson,d,5.0,5.0,5,5
35,Monza,Castrovilli,c,5.0,5.0,5,5
35,Monza,Akpa Akpro,c,6.0,6.0,6,6
35,Monza,Bianco,c,5.5,5.5,"5,5","5,5"
35,Monza,Vignato S.,c,5.5,5.5,"5,5","5,5"
35,Monza,Ciurria,c,55.0,55.0,55,55
35,Monza,Forson O.,c,5.5,5.5,"5,5","5,5"
35,Monza,Caprari,a,6.0,6.0,6,6
35,Monza,Mota,a,5.5,5.5,"5,5","5,5"
35,Monza,Nesta,all,5.0,5.0,5,5
35,Napoli,Meret,p,6.5,6.5,"6,5","6,5"
35,Napoli,Spinazzola,d,5.5,5.5,"5,5","5,5"
35,Napoli,Di Lorenzo,d,6.5,6.5,"6,5","6,5"
35,Napoli,Rrahmani,d,6.0,6.0,6,6
35,Napoli,Olivera,d,6.5,6.5,"6,5","6,5"
35,Napoli,Politano,c,6.0,6.0,6,6
35,Napoli,Zambo Anguissa,c,6.0,6.0,6,6
35,Napoli,Lobotka,c,6.0,6.0,6,6
35,Napoli,McTominay,c,6.5,6.5,"6,5","6,5"
35,Napoli,Gilmour,c,6.0,6.0,6,6
35,Napoli,Billing,c,55.0,55.0,55,55
35,Napoli,Simeone,a,55.0,55.0,55,55
35,Napoli,Lukaku,a,6.0,6.0,6,6
35,Napoli,Raspadori,a,7.0,10.0,7,10
35,Napoli,Ngonge,a,55.0,55.0,55,55
35,Napoli,Conte,all,6.5,6.5,"6,5","6,5"
35,Parma,Suzuki,p,6.5,5.5,"6,5","5,5"
35,Parma,Valenti,d,5.5,5.5,"5,5","5,5"
35,Parma,Valeri,d,5.5,5.5,"5,5","5,5"
35,Parma,Delprato,d,6.0,6.0,6,6
35,Parma,Leoni,d,6.0,6.0,6,6
35,Parma,Sohm,c,6.0,6.0,6,6
35,Parma,Man,c,5.0,5.0,5,5
35,Parma,Camara D.,c,5.5,5.5,"5,5","5,5"
35,Parma,Hainaut,c,6.0,5.5,6,"5,5"
35,Parma,Keita M.,c,5.5,5.5,"5,5","5,5"
35,Parma,Ondrejka,c,6.5,6.5,"6,5","6,5"
35,Parma,Djuric,a,55.0,55.0,55,55
35,Parma,Benedyczak,a,5.5,5.5,"5,5","5,5"
35,Parma,Bonny,a,6.0,6.0,6,6
35,Parma,Pellegrino M.,a,5.5,5.5,"5,5","5,5"
35,Parma,Chivu,all,5.5,5.5,"5,5","5,5"
35,Roma,Svilar,p,7.0,7.0,7,7
35,Roma,Mancini,d,6.5,6.5,"6,5","6,5"
35,Roma,N'Dicka,d,6.5,6.5,"6,5","6,5"
35,Roma,Celik,d,6.0,6.0,6,6
35,Roma,Angelino,d,6.5,6.5,"6,5","6,5"
35,Roma,Rensch,d,55.0,55.0,55,55
35,Roma,Pellegrini Lo.,c,6.0,6.0,6,6
35,Roma,Cristante,c,6.0,6.0,6,6
35,Roma,El Shaarawy,c,55.0,55.0,55,55
35,Roma,Kone' M.,c,6.5,6.5,"6,5","6,5"
35,Roma,Baldanzi,c,6.0,6.0,6,6
35,Roma,Pisilli,c,6.0,5.5,6,"5,5"
35,Roma,Gourna-Douath,c,5.5,5.5,"5,5","5,5"
35,Roma,Shomurodov,a,6.5,7.5,"6,5","7,5"
35,Roma,Soule',a,5.5,5.0,"5,5",5
35,Roma,Dovbyk,a,7.0,10.0,7,10
35,Roma,Ranieri C.,all,7.0,7.0,7,7
35,Torino,Milinkovic-Savic V.,p,5.5,4.5,"5,5","4,5"
35,Torino,Masina,d,55.0,55.0,55,55
35,Torino,Biraghi,d,6.0,6.0,6,6
35,Torino,Walukiewicz,d,5.5,5.5,"5,5","5,5"
35,Torino,Maripan,d,5.5,5.5,"5,5","5,5"
35,Torino,Pedersen,d,55.0,55.0,55,55
35,Torino,Coco,d,6.0,6.0,6,6
35,Torino,Dembele' A.,d,6.0,6.0,6,6
35,Torino,Elmas,c,6.0,6.0,6,6
35,Torino,Ilic,c,5.0,5.0,5,5
35,Torino,Vlasic,c,7.0,10.0,7,10
35,Torino,Casadei,c,6.0,5.5,6,"5,5"
35,Torino,Gineitis,c,6.0,6.0,6,6
35,Torino,Perciun,c,6.0,6.0,6,6
35,Torino,Sanabria,a,5.0,5.0,5,5
35,Torino,Adams C.,a,6.0,6.0,6,6
35,Torino,Vanoli,all,6.0,6.0,6,6
35,Udinese,Okoye,p,6.0,5.0,6,5
35,Udinese,Kamara H.,d,7.0,8.0,7,8
35,Udinese,Bijol,d,6.0,5.5,6,"5,5"
35,Udinese,Kristensen T.,d,6.5,9.5,"6,5","9,5"
35,Udinese,Giannetti L.,d,6.0,6.0,6,6
35,Udinese,Solet,d,6.0,6.0,6,6
35,Udinese,Lovric,c,6.0,6.0,6,6
35,Udinese,Zarraga,c,7.0,10.0,7,10
35,Udinese,Karlstrom,c,6.0,6.0,6,6
35,Udinese,Ekkelenkamp,c,55.0,55.0,55,55
35,Udinese,Rui Modesto,c,7.0,8.0,7,8
35,Udinese,Atta,c,6.0,5.5,6,"5,5"
35,Udinese,Sanchez,a,6.0,6.0,6,6
35,Udinese,Davis K.,a,5.5,5.5,"5,5","5,5"
35,Udinese,Bravo,a,6.0,6.0,6,6
35,Udinese,Runjaic,all,6.5,6.5,"6,5","6,5"
35,Venezia,Radu I.,p,7.0,6.0,7,6
35,Venezia,Haps,d,6.0,6.0,6,6
35,Venezia,Idzes,d,5.5,5.5,"5,5","5,5"
35,Venezia,Schingtienne,d,6.0,6.0,6,6
35,Venezia,Candè,d,6.0,6.0,6,6
35,Venezia,Nicolussi Caviglia,c,6.5,6.5,"6,5","6,5"
35,Venezia,Busio,c,5.5,5.5,"5,5","5,5"
35,Venezia,Zerbin,c,6.0,6.0,6,6
35,Venezia,Ellertsson,c,55.0,55.0,55,55
35,Venezia,Oristanio,c,6.0,6.0,6,6
35,Venezia,Doumbia I.,c,55.0,55.0,55,55
35,Venezia,Yeboah J.,c,6.5,7.5,"6,5","7,5"
35,Venezia,Condè,c,6.0,6.0,6,6
35,Venezia,Perez K.,c,7.0,10.0,7,10
35,Venezia,Gytkjaer,a,6.5,6.5,"6,5","6,5"
35,Venezia,Fila,a,5.5,5.5,"5,5","5,5"
35,Venezia,Di Francesco,all,6.0,5.5,6,"5,5"
35,Verona,Montipo',p,6.0,5.0,6,5
35,Verona,Bradaric,d,6.0,6.0,6,6
35,Verona,Daniliuc,d,5.5,5.5,"5,5","5,5"
35,Verona,Tchatchoua,d,5.5,5.5,"5,5","5,5"
35,Verona,Frese,d,6.0,6.0,6,6
35,Verona,Valentini N.,d,5.0,4.5,5,"4,5"
35,Verona,Kastanos,c,55.0,55.0,55,55
35,Verona,Duda,c,5.5,5.0,"5,5",5
35,Verona,Niasse,c,5.5,5.5,"5,5","5,5"
35,Verona,Serdar,c,5.5,5.5,"5,5","5,5"
35,Verona,Suslov,c,5.5,5.5,"5,5","5,5"
35,Verona,Bernede,c,6.0,6.0,6,6
35,Verona,Sarr A.,a,5.5,5.5,"5,5","5,5"
35,Verona,Mosquera,a,6.0,6.0,6,6
35,Verona,Rocha Livramento,a,55.0,55.0,55,55
35,Verona,Tengstedt,a,55.0,55.0,55,55
35,Verona,Zanetti,all,5.0,5.0,5,5
36,Atalanta,Carnesecchi,p,6.0,5.0,6,5
36,Atalanta,Zappacosta,d,5.5,5.5,"5,5","5,5"
36,Atalanta,Djimsiti,d,5.5,5.0,"5,5",5
36,Atalanta,Bellanova,d,6.0,6.0,6,6
36,Atalanta,Ruggeri,d,55.0,55.0,55,55
36,Atalanta,Kossounou,d,5.5,5.5,"5,5","5,5"
36,Atalanta,De Roon,c,6.0,6.0,6,6
36,Atalanta,Pasalic,c,5.5,5.5,"5,5","5,5"
36,Atalanta,Maldini,c,55.0,55.0,55,55
36,Atalanta,Brescianini,c,55.0,55.0,55,55
36,Atalanta,Samardzic,c,6.0,6.0,6,6
36,Atalanta,Ederson D.s.,c,6.5,6.5,"6,5","6,5"
36,Atalanta,Sulemana I.,c,7.0,10.0,7,10
36,Atalanta,Lookman,a,7.0,10.0,7,10
36,Atalanta,De Ketelaere,a,5.5,6.5,"5,5","6,5"
36,Atalanta,Retegui,a,6.0,6.0,6,6
36,Atalanta,Gasperini,all,7.0,7.0,7,7
36,Bologna,Skorupski,p,6.0,3.0,6,3
36,Bologna,De Silvestri,d,5.0,5.0,5,5
36,Bologna,Lykogiannis,d,6.0,6.0,6,6
36,Bologna,Erlic,d,6.0,6.0,6,6
36,Bologna,Lucumi',d,5.5,5.0,"5,5",5
36,Bologna,Beukema,d,5.5,5.5,"5,5","5,5"
36,Bologna,Freuler,c,6.5,6.5,"6,5","6,5"
36,Bologna,Orsolini,c,7.0,10.0,7,10
36,Bologna,Pobega,c,6.0,6.0,6,6
36,Bologna,Aebischer,c,5.5,5.5,"5,5","5,5"
36,Bologna,Moro N.,c,6.0,6.0,6,6
36,Bologna,El Azzouzi,c,55.0,55.0,55,55
36,Bologna,Cambiaghi,a,5.5,5.5,"5,5","5,5"
36,Bologna,Castro S.,a,5.5,5.0,"5,5",5
36,Bologna,Dallinga,a,6.0,7.0,6,7
36,Bologna,Dominguez B.,a,6.0,6.0,6,6
36,Bologna,Italiano,all,5.5,5.5,"5,5","5,5"
36,Cagliari,Caprile,p,6.0,3.0,6,3
36,Cagliari,Palomino,d,5.5,5.5,"5,5","5,5"
36,Cagliari,Augello,d,5.5,5.5,"5,5","5,5"
36,Cagliari,Zortea,d,6.5,7.5,"6,5","7,5"
36,Cagliari,Zappa,d,5.5,5.5,"5,5","5,5"
36,Cagliari,Obert,d,5.5,5.5,"5,5","5,5"
36,Cagliari,Viola,c,5.5,5.5,"5,5","5,5"
36,Cagliari,Deiola,c,6.0,6.0,6,6
36,Cagliari,Gaetano,c,55.0,55.0,55,55
36,Cagliari,Adopo,c,7.0,9.5,7,"9,5"
36,Cagliari,Marin,c,55.0,55.0,55,55
36,Cagliari,Makoumbou,c,5.5,5.5,"5,5","5,5"
36,Cagliari,Felici,c,5.5,5.5,"5,5","5,5"
36,Cagliari,Pavoletti,a,5.5,5.0,"5,5",5
36,Cagliari,Piccoli,a,5.0,4.5,5,"4,5"
36,Cagliari,Luvumbo,a,6.0,6.0,6,6
36,Cagliari,Nicola,all,5.5,5.5,"5,5","5,5"
36,Como,Reina,p,4.5,3.5,"4,5","3,5"
36,Como,Goldaniga,d,6.5,6.5,"6,5","6,5"
36,Como,Vojvoda,d,6.0,6.0,6,6
36,Como,Moreno Alb.,d,55.0,55.0,55,55
36,Como,Valle,d,6.0,6.0,6,6
36,Como,Kempf,d,6.0,6.0,6,6
36,Como,Van Der Brempt,d,6.0,6.0,6,6
36,Como,Strefezza,c,7.0,10.0,7,10
36,Como,Caqueret,c,7.0,9.5,7,"9,5"
36,Como,Da Cunha,c,5.5,5.5,"5,5","5,5"
36,Como,Perrone,c,6.5,7.5,"6,5","7,5"
36,Como,Engelhardt,c,6.0,6.0,6,6
36,Como,Fadera,c,6.0,6.0,6,6
36,Como,Paz N.,c,7.0,8.0,7,8
36,Como,Cutrone,a,7.0,10.0,7,10
36,Como,Douvikas,a,6.0,6.0,6,6
36,Como,Fabregas,all,7.0,7.0,7,7
36,Empoli,Vasquez D.,p,5.5,4.5,"5,5","4,5"
36,Empoli,Pezzella Giu.,d,5.5,5.5,"5,5","5,5"
36,Empoli,Ismajli,d,6.5,6.5,"6,5","6,5"
36,Empoli,Viti,d,6.0,5.5,6,"5,5"
36,Empoli,Cacace,d,5.5,5.0,"5,5",5
36,Empoli,Sambia,d,55.0,55.0,55,55
36,Empoli,Marianucci,d,5.5,5.5,"5,5","5,5"
36,Empoli,Grassi,c,7.0,7.0,7,7
36,Empoli,Henderson L.,c,6.5,7.5,"6,5","7,5"
36,Empoli,Gyasi,c,5.5,5.5,"5,5","5,5"
36,Empoli,Fazzini,c,7.5,10.5,"7,5","10,5"
36,Empoli,Anjorin,c,7.5,10.5,"7,5","10,5"
36,Empoli,Esposito Se.,a,5.5,5.5,"5,5","5,5"
36,Empoli,Solbakken,a,55.0,55.0,55,55
36,Empoli,Konate Is.,a,6.5,7.5,"6,5","7,5"
36,Empoli,D'Aversa,all,7.0,7.0,7,7
36,Fiorentina,De Gea,p,6.0,4.0,6,4
36,Fiorentina,Gosens,d,5.5,5.5,"5,5","5,5"
36,Fiorentina,Ranieri L.,d,5.5,5.0,"5,5",5
36,Fiorentina,Mari',d,5.0,5.0,5,5
36,Fiorentina,Parisi,d,55.0,55.0,55,55
36,Fiorentina,Pongracic,d,5.0,5.0,5,5
36,Fiorentina,Dodo',d,5.5,5.0,"5,5",5
36,Fiorentina,Mandragora,c,6.5,9.5,"6,5","9,5"
36,Fiorentina,Fagioli,c,5.0,5.0,5,5
36,Fiorentina,Adli,c,6.0,7.0,6,7
36,Fiorentina,Colpani,c,6.0,6.0,6,6
36,Fiorentina,Folorunsho,c,6.0,5.5,6,"5,5"
36,Fiorentina,Ndour,c,5.5,5.5,"5,5","5,5"
36,Fiorentina,Richardson,c,5.5,5.5,"5,5","5,5"
36,Fiorentina,Beltran L.,a,5.0,4.5,5,"4,5"
36,Fiorentina,Palladino,all,5.5,5.5,"5,5","5,5"
36,Genoa,Siegrist,p,7.0,5.0,7,5
36,Genoa,Sabelli,d,5.0,5.0,5,5
36,Genoa,Bani,d,6.0,6.0,6,6
36,Genoa,Martin,d,7.0,8.0,7,8
36,Genoa,Vasquez,d,6.5,9.0,"6,5",9
36,Genoa,Zanoli,d,55.0,55.0,55,55
36,Genoa,Norton-Cuffy,d,6.5,6.5,"6,5","6,5"
36,Genoa,Ahanor,d,6.5,6.5,"6,5","6,5"
36,Genoa,Otoa,d,5.5,5.5,"5,5","5,5"
36,Genoa,Messias,c,6.5,6.5,"6,5","6,5"
36,Genoa,Frendrup,c,5.0,5.0,5,5
36,Genoa,Masini,c,6.0,6.0,6,6
36,Genoa,Kasa,c,6.5,6.5,"6,5","6,5"
36,Genoa,Venturino,c,6.5,6.5,"6,5","6,5"
36,Genoa,Pinamonti,a,6.0,6.0,6,6
36,Genoa,Vitinha O.,a,6.0,5.5,6,"5,5"
36,Genoa,Vieira P.,all,6.0,6.0,6,6
36,Inter,Martinez Jo.,p,6.5,6.5,"6,5","6,5"
36,Inter,Dimarco,d,6.5,6.5,"6,5","6,5"
36,Inter,De Vrij,d,7.0,7.0,7,7
36,Inter,Acerbi,d,55.0,55.0,55,55
36,Inter,Bastoni,d,6.5,6.5,"6,5","6,5"
36,Inter,Darmian,d,6.0,6.0,6,6
36,Inter,Dumfries,d,6.0,6.0,6,6
36,Inter,Carlos Augusto,d,6.0,5.5,6,"5,5"
36,Inter,Bisseck,d,6.0,5.5,6,"5,5"
36,Inter,Zielinski,c,5.5,5.5,"5,5","5,5"
36,Inter,Barella,c,6.0,6.0,6,6
36,Inter,Calhanoglu,c,6.5,6.5,"6,5","6,5"
36,Inter,Zalewski,c,7.0,9.5,7,"9,5"
36,Inter,Asllani,c,7.0,10.0,7,10
36,Inter,Correa,a,6.5,6.5,"6,5","6,5"
36,Inter,Taremi,a,6.5,6.5,"6,5","6,5"
36,Inter,Inzaghi S.,all,7.0,7.0,7,7
36,Juventus,Di Gregorio,p,7.0,6.0,7,6
36,Juventus,Kalulu,d,4.5,3.5,"4,5","3,5"
36,Juventus,Gatti,d,55.0,55.0,55,55
36,Juventus,Savona,d,5.5,5.0,"5,5",5
36,Juventus,Alberto Costa,d,6.5,6.5,"6,5","6,5"
36,Juventus,Locatelli,c,6.0,5.5,6,"5,5"
36,Juventus,Weah,c,6.0,6.0,6,6
36,Juventus,Douglas Luiz,c,6.0,6.0,6,6
36,Juventus,McKennie,c,6.5,7.0,"6,5",7
36,Juventus,Thuram K.,c,6.0,5.5,6,"5,5"
36,Juventus,Adzic,c,55.0,55.0,55,55
36,Juventus,Veiga R.,c,6.5,6.5,"6,5","6,5"
36,Juventus,Conceicao,c,5.5,5.5,"5,5","5,5"
36,Juventus,Vlahovic,a,55.0,55.0,55,55
36,Juventus,Gonzalez N.,a,5.5,5.5,"5,5","5,5"
36,Juventus,Kolo Muani,a,7.0,10.0,7,10
36,Juventus,Tudor,all,5.5,5.5,"5,5","5,5"
36,Lazio,Mandas,p,6.0,5.0,6,5
36,Lazio,Romagnoli,d,5.5,5.5,"5,5","5,5"
36,Lazio,Marusic,d,5.0,5.0,5,5
36,Lazio,Lazzari,d,6.5,6.5,"6,5","6,5"
36,Lazio,Pellegrini Lu.,d,6.0,5.5,6,"5,5"
36,Lazio,Gila,d,6.5,6.5,"6,5","6,5"
36,Lazio,Vecino,c,7.0,9.5,7,"9,5"
36,Lazio,Zaccagni,c,5.5,5.0,"5,5",5
36,Lazio,Guendouzi,c,6.0,5.5,6,"5,5"
36,Lazio,Rovella,c,5.5,5.5,"5,5","5,5"
36,Lazio,Dele-Bashiru,c,5.5,5.5,"5,5","5,5"
36,Lazio,Pedro,a,6.5,6.5,"6,5","6,5"
36,Lazio,Dia,a,6.0,6.0,6,6
36,Lazio,Castellanos,a,6.5,6.0,"6,5",6
36,Lazio,Isaksen,a,5.5,5.5,"5,5","5,5"
36,Lazio,Baroni,all,6.5,6.5,"6,5","6,5"
36,Lecce,Falcone,p,6.0,5.0,6,5
36,Lecce,Gallo,d,5.0,5.0,5,5
36,Lecce,Guilbert,d,6.0,6.0,6,6
36,Lecce,Baschirotto,d,6.5,6.5,"6,5","6,5"
36,Lecce,Gaspar K.,d,6.5,6.5,"6,5","6,5"
36,Lecce,Tiago Gabriel,d,6.0,6.0,6,6
36,Lecce,Veiga D.,d,6.0,6.0,6,6
36,Lecce,Coulibaly L.,c,7.0,7.0,7,7
36,Lecce,Helgason,c,5.5,5.5,"5,5","5,5"
36,Lecce,Berisha M.,c,6.0,6.0,6,6
36,Lecce,Pierret,c,5.5,5.5,"5,5","5,5"
36,Lecce,Tete Morente,c,6.5,7.5,"6,5","7,5"
36,Lecce,Banda,a,5.5,5.5,"5,5","5,5"
36,Lecce,Krstovic,a,7.0,10.0,7,10
36,Lecce,Pierotti,a,6.0,6.0,6,6
36,Lecce,N'Dri,a,5.5,5.5,"5,5","5,5"
36,Lecce,Giampaolo,all,6.0,6.0,6,6
36,Milan,Maignan,p,6.5,5.5,"6,5","5,5"
36,Milan,Walker,d,6.0,6.0,6,6
36,Milan,Hernandez T.,d,6.5,6.5,"6,5","6,5"
36,Milan,Gabbia,d,6.0,6.0,6,6
36,Milan,Tomori,d,55.0,55.0,55,55
36,Milan,Pavlovic,d,5.5,5.5,"5,5","5,5"
36,Milan,Thiaw,d,6.0,6.0,6,6
36,Milan,Jimenez A.,d,5.5,5.5,"5,5","5,5"
36,Milan,Pulisic,c,7.5,11.5,"7,5","11,5"
36,Milan,Loftus-Cheek,c,5.5,5.0,"5,5",5
36,Milan,Chukwueze,c,7.0,8.0,7,8
36,Milan,Musah,c,6.0,6.0,6,6
36,Milan,Reijnders,c,6.0,6.0,6,6
36,Milan,Jovic,a,5.5,5.5,"5,5","5,5"
36,Milan,Joao Felix,a,6.0,5.5,6,"5,5"
36,Milan,Gimenez,a,7.5,13.5,"7,5","13,5"
36,Milan,Conceicao S.,all,6.5,6.5,"6,5","6,5"
36,Monza,Pizzignacco,p,6.0,5.0,6,5
36,Monza,Pereira P.,d,6.0,5.5,6,"5,5"
36,Monza,Kyriakopoulos,d,6.0,6.0,6,6
36,Monza,Carboni A.,d,5.5,5.5,"5,5","5,5"
36,Monza,Birindelli,d,6.5,6.5,"6,5","6,5"
36,Monza,Brorsson,d,5.5,5.5,"5,5","5,5"
36,Monza,Sensi,c,55.0,55.0,55,55
36,Monza,Castrovilli,c,6.0,6.0,6,6
36,Monza,Akpa Akpro,c,6.0,5.5,6,"5,5"
36,Monza,Bianco,c,5.5,5.5,"5,5","5,5"
36,Monza,Ciurria,c,55.0,55.0,55,55
36,Monza,Zeroli,c,6.5,6.5,"6,5","6,5"
36,Monza,Forson O.,c,5.5,5.5,"5,5","5,5"
36,Monza,Keita B.,a,7.0,9.5,7,"9,5"
36,Monza,Petagna,a,55.0,55.0,55,55
36,Monza,Caprari,a,6.5,9.5,"6,5","9,5"
36,Monza,Nesta,all,6.0,6.0,6,6
36,Napoli,Meret,p,5.5,1.5,"5,5","1,5"
36,Napoli,Spinazzola,d,6.0,6.0,6,6
36,Napoli,Di Lorenzo,d,6.0,6.0,6,6
36,Napoli,Rrahmani,d,6.5,6.5,"6,5","6,5"
36,Napoli,Olivera,d,5.5,5.5,"5,5","5,5"
36,Napoli,Politano,c,6.0,6.0,6,6
36,Napoli,Zambo Anguissa,c,6.0,6.0,6,6
36,Napoli,Lobotka,c,55.0,55.0,55,55
36,Napoli,McTominay,c,7.0,9.0,7,9
36,Napoli,Gilmour,c,6.0,6.0,6,6
36,Napoli,Neres,c,55.0,55.0,55,55
36,Napoli,Billing,c,5.5,5.0,"5,5",5
36,Napoli,Lukaku,a,7.0,10.0,7,10
36,Napoli,Raspadori,a,7.0,10.0,7,10
36,Napoli,Conte,all,5.5,5.5,"5,5","5,5"
36,Parma,Suzuki,p,6.5,4.5,"6,5","4,5"
36,Parma,Valenti,d,4.0,3.0,4,3
36,Parma,Balogh,d,55.0,55.0,55,55
36,Parma,Valeri,d,5.5,5.5,"5,5","5,5"
36,Parma,Delprato,d,6.0,6.0,6,6
36,Parma,Leoni,d,6.0,6.0,6,6
36,Parma,Hernani,c,6.5,7.5,"6,5","7,5"
36,Parma,Sohm,c,5.5,5.5,"5,5","5,5"
36,Parma,Camara D.,c,6.0,6.0,6,6
36,Parma,Hainaut,c,6.5,6.5,"6,5","6,5"
36,Parma,Keita M.,c,5.0,5.0,5,5
36,Parma,Ondrejka,c,5.0,5.0,5,5
36,Parma,Djuric,a,7.0,10.0,7,10
36,Parma,Bonny,a,5.5,5.5,"5,5","5,5"
36,Parma,Pellegrino M.,a,6.0,6.0,6,6
36,Parma,Chivu,all,5.5,5.5,"5,5","5,5"
36,Roma,Svilar,p,6.5,4.5,"6,5","4,5"
36,Roma,Mancini,d,6.0,6.0,6,6
36,Roma,N'Dicka,d,5.5,5.5,"5,5","5,5"
36,Roma,Celik,d,5.5,5.5,"5,5","5,5"
36,Roma,Angelino,d,5.5,5.5,"5,5","5,5"
36,Roma,Rensch,d,5.5,5.5,"5,5","5,5"
36,Roma,Cristante,c,7.0,10.0,7,10
36,Roma,El Shaarawy,c,55.0,55.0,55,55
36,Roma,Saelemaekers,c,55.0,55.0,55,55
36,Roma,Kone' M.,c,6.5,6.5,"6,5","6,5"
36,Roma,Baldanzi,c,55.0,55.0,55,55
36,Roma,Pisilli,c,5.5,5.5,"5,5","5,5"
36,Roma,Shomurodov,a,5.5,5.5,"5,5","5,5"
36,Roma,Soule',a,6.0,7.0,6,7
36,Roma,Dovbyk,a,5.5,5.5,"5,5","5,5"
36,Roma,Ranieri C.,all,5.5,5.0,"5,5",5
36,Torino,Milinkovic-Savic V.,p,6.5,4.0,"6,5",4
36,Torino,Masina,d,6.0,6.0,6,6
36,Torino,Biraghi,d,6.5,6.5,"6,5","6,5"
36,Torino,Lazaro,d,5.5,5.5,"5,5","5,5"
36,Torino,Maripan,d,5.5,5.5,"5,5","5,5"
36,Torino,Dembele' A.,d,5.0,5.0,5,5
36,Torino,Elmas,c,6.0,6.0,6,6
36,Torino,Ilic,c,55.0,55.0,55,55
36,Torino,Ricci S.,c,5.5,5.5,"5,5","5,5"
36,Torino,Vlasic,c,5.5,5.5,"5,5","5,5"
36,Torino,Casadei,c,6.0,6.0,6,6
36,Torino,Gineitis,c,5.0,5.0,5,5
36,Torino,Perciun,c,6.0,6.0,6,6
36,Torino,Cacciamani,c,55.0,55.0,55,55
36,Torino,Adams C.,a,6.0,6.0,6,6
36,Torino,Vanoli,all,5.5,5.5,"5,5","5,5"
36,Udinese,Okoye,p,6.0,4.0,6,4
36,Udinese,Kamara H.,d,5.5,5.5,"5,5","5,5"
36,Udinese,Bijol,d,6.0,6.0,6,6
36,Udinese,Kristensen T.,d,5.5,5.5,"5,5","5,5"
36,Udinese,Solet,d,5.5,5.5,"5,5","5,5"
36,Udinese,Pafundi,c,5.5,5.5,"5,5","5,5"
36,Udinese,Lovric,c,5.0,5.0,5,5
36,Udinese,Zarraga,c,5.5,5.5,"5,5","5,5"
36,Udinese,Payero,c,6.0,6.0,6,6
36,Udinese,Karlstrom,c,6.0,7.0,6,7
36,Udinese,Ekkelenkamp,c,6.0,6.0,6,6
36,Udinese,Rui Modesto,c,5.5,5.5,"5,5","5,5"
36,Udinese,Atta,c,6.0,5.5,6,"5,5"
36,Udinese,Davis K.,a,5.5,5.5,"5,5","5,5"
36,Udinese,Lucca,a,7.0,9.5,7,"9,5"
36,Udinese,Bravo,a,5.5,5.5,"5,5","5,5"
36,Udinese,Runjaic,all,6.0,6.0,6,6
36,Venezia,Radu I.,p,7.0,6.0,7,6
36,Venezia,Zampano,d,55.0,55.0,55,55
36,Venezia,Haps,d,55.0,55.0,55,55
36,Venezia,Idzes,d,6.5,6.5,"6,5","6,5"
36,Venezia,Schingtienne,d,6.0,6.0,6,6
36,Venezia,Candè,d,6.5,9.5,"6,5","9,5"
36,Venezia,Nicolussi Caviglia,c,6.5,6.5,"6,5","6,5"
36,Venezia,Busio,c,6.0,5.5,6,"5,5"
36,Venezia,Zerbin,c,6.5,7.5,"6,5","7,5"
36,Venezia,Ellertsson,c,6.5,6.5,"6,5","6,5"
36,Venezia,Oristanio,c,7.0,10.0,7,10
36,Venezia,Doumbia I.,c,6.0,6.0,6,6
36,Venezia,Yeboah J.,c,6.0,6.0,6,6
36,Venezia,Condè,c,55.0,55.0,55,55
36,Venezia,Perez K.,c,6.5,7.5,"6,5","7,5"
36,Venezia,Maric,a,6.0,6.0,6,6
36,Venezia,Di Francesco,all,7.0,7.0,7,7
36,Verona,Montipo',p,6.0,5.0,6,5
36,Verona,Daniliuc,d,55.0,55.0,55,55
36,Verona,Coppola D.,d,7.0,10.0,7,10
36,Verona,Tchatchoua,d,6.0,5.5,6,"5,5"
36,Verona,Ghilardi,d,5.0,5.0,5,5
36,Verona,Frese,d,6.0,6.0,6,6
36,Verona,Valentini N.,d,6.0,6.0,6,6
36,Verona,Duda,c,6.0,5.5,6,"5,5"
36,Verona,Niasse,c,5.0,4.5,5,"4,5"
36,Verona,Serdar,c,5.5,5.5,"5,5","5,5"
36,Verona,Suslov,c,6.0,6.5,6,"6,5"
36,Verona,Bernede,c,5.5,5.5,"5,5","5,5"
36,Verona,Sarr A.,a,6.0,6.0,6,6
36,Verona,Mosquera,a,6.0,6.0,6,6
36,Verona,Rocha Livramento,a,6.0,6.0,6,6
36,Verona,Tengstedt,a,5.5,5.5,"5,5","5,5"
36,Verona,Zanetti,all,6.0,6.0,6,6
37,Atalanta,Rui Patricio,p,6.0,4.0,6,4
37,Atalanta,Zappacosta,d,6.0,6.0,6,6
37,Atalanta,Bellanova,d,5.5,5.5,"5,5","5,5"
37,Atalanta,Ruggeri,d,6.0,7.0,6,7
37,Atalanta,Kossounou,d,6.0,6.0,6,6
37,Atalanta,Hien,d,5.0,5.0,5,5
37,Atalanta,Palestra,d,6.0,6.0,6,6
37,Atalanta,De Roon,c,6.0,7.0,6,7
37,Atalanta,Pasalic,c,6.0,6.0,6,6
37,Atalanta,Maldini,c,6.5,9.5,"6,5","9,5"
37,Atalanta,Brescianini,c,5.5,5.5,"5,5","5,5"
37,Atalanta,Samardzic,c,6.0,6.0,6,6
37,Atalanta,Ederson D.s.,c,55.0,55.0,55,55
37,Atalanta,Sulemana I.,c,7.0,10.0,7,10
37,Atalanta,De Ketelaere,a,6.5,7.5,"6,5","7,5"
37,Atalanta,Retegui,a,7.0,10.0,7,10
37,Atalanta,Gasperini,all,6.0,6.0,6,6
37,Bologna,Skorupski,p,6.0,3.0,6,3
37,Bologna,Calabria,d,5.5,5.5,"5,5","5,5"
37,Bologna,Miranda J.,d,4.5,3.5,"4,5","3,5"
37,Bologna,Casale,d,4.5,4.5,"4,5","4,5"
37,Bologna,Holm,d,55.0,55.0,55,55
37,Bologna,Lucumi',d,5.0,5.0,5,5
37,Bologna,Freuler,c,6.0,6.0,6,6
37,Bologna,Orsolini,c,7.5,11.5,"7,5","11,5"
37,Bologna,Ndoye,c,7.0,7.5,7,"7,5"
37,Bologna,Ferguson,c,5.5,5.5,"5,5","5,5"
37,Bologna,Moro N.,c,55.0,55.0,55,55
37,Bologna,Fabbian,c,5.5,5.5,"5,5","5,5"
37,Bologna,Cambiaghi,a,5.5,5.5,"5,5","5,5"
37,Bologna,Castro S.,a,5.5,5.5,"5,5","5,5"
37,Bologna,Dallinga,a,7.0,10.0,7,10
37,Bologna,Dominguez B.,a,6.0,6.0,6,6
37,Bologna,Italiano,all,5.5,5.5,"5,5","5,5"
37,Cagliari,Caprile,p,6.0,6.0,6,6
37,Cagliari,Luperto,d,6.5,6.5,"6,5","6,5"
37,Cagliari,Pintus,d,55.0,55.0,55,55
37,Cagliari,Mina,d,7.0,10.0,7,10
37,Cagliari,Augello,d,6.5,7.5,"6,5","7,5"
37,Cagliari,Zortea,d,7.0,8.0,7,8
37,Cagliari,Zappa,d,6.5,6.5,"6,5","6,5"
37,Cagliari,Viola,c,55.0,55.0,55,55
37,Cagliari,Deiola,c,7.0,9.5,7,"9,5"
37,Cagliari,Gaetano,c,6.5,6.5,"6,5","6,5"
37,Cagliari,Adopo,c,6.5,6.5,"6,5","6,5"
37,Cagliari,Marin,c,6.0,6.0,6,6
37,Cagliari,Makoumbou,c,7.0,8.0,7,8
37,Cagliari,Prati,c,6.0,6.0,6,6
37,Cagliari,Piccoli,a,7.0,10.0,7,10
37,Cagliari,Luvumbo,a,6.5,6.5,"6,5","6,5"
37,Cagliari,Nicola,all,7.0,7.0,7,7
37,Como,Butez,p,6.5,5.5,"6,5","5,5"
37,Como,Goldaniga,d,6.5,6.0,"6,5",6
37,Como,Vojvoda,d,5.5,5.5,"5,5","5,5"
37,Como,Moreno Alb.,d,6.5,6.5,"6,5","6,5"
37,Como,Valle,d,55.0,55.0,55,55
37,Como,Kempf,d,5.5,5.5,"5,5","5,5"
37,Como,Van Der Brempt,d,6.0,6.0,6,6
37,Como,Strefezza,c,6.0,6.0,6,6
37,Como,Ikone',c,5.5,5.5,"5,5","5,5"
37,Como,Caqueret,c,7.0,9.5,7,"9,5"
37,Como,Da Cunha,c,5.5,5.5,"5,5","5,5"
37,Como,Perrone,c,5.5,5.0,"5,5",5
37,Como,Paz N.,c,6.0,6.0,6,6
37,Como,Cutrone,a,5.5,5.5,"5,5","5,5"
37,Como,Gabrielloni,a,55.0,55.0,55,55
37,Como,Douvikas,a,7.0,8.0,7,8
37,Como,Fabregas,all,6.0,6.0,6,6
37,Empoli,Vasquez D.,p,6.5,5.5,"6,5","5,5"
37,Empoli,Pezzella Giu.,d,6.0,6.0,6,6
37,Empoli,Ismajli,d,6.5,6.0,"6,5",6
37,Empoli,Ebuehi,d,55.0,55.0,55,55
37,Empoli,Viti,d,7.0,10.0,7,10
37,Empoli,Cacace,d,6.5,7.5,"6,5","7,5"
37,Empoli,Goglichidze,d,6.0,6.0,6,6
37,Empoli,Marianucci,d,5.5,5.5,"5,5","5,5"
37,Empoli,Grassi,c,6.0,6.0,6,6
37,Empoli,Henderson L.,c,5.0,5.0,5,5
37,Empoli,Gyasi,c,7.0,7.0,7,7
37,Empoli,Fazzini,c,6.5,7.5,"6,5","7,5"
37,Empoli,Anjorin,c,6.0,6.0,6,6
37,Empoli,Esposito Se.,a,6.5,6.5,"6,5","6,5"
37,Empoli,Colombo,a,7.0,10.0,7,10
37,Empoli,D'Aversa,all,7.5,7.5,"7,5","7,5"
37,Fiorentina,De Gea,p,6.0,4.0,6,4
37,Fiorentina,Gosens,d,6.0,5.5,6,"5,5"
37,Fiorentina,Ranieri L.,d,5.5,5.0,"5,5",5
37,Fiorentina,Mari',d,6.0,6.0,6,6
37,Fiorentina,Parisi,d,7.0,9.5,7,"9,5"
37,Fiorentina,Pongracic,d,5.5,5.5,"5,5","5,5"
37,Fiorentina,Dodo',d,6.0,6.0,6,6
37,Fiorentina,Comuzzo,d,6.0,6.0,6,6
37,Fiorentina,Mandragora,c,6.5,6.0,"6,5",6
37,Fiorentina,Fagioli,c,6.0,6.0,6,6
37,Fiorentina,Colpani,c,55.0,55.0,55,55
37,Fiorentina,Ndour,c,55.0,55.0,55,55
37,Fiorentina,Richardson,c,6.5,9.5,"6,5","9,5"
37,Fiorentina,Kean,a,7.0,10.0,7,10
37,Fiorentina,Palladino,all,7.0,7.0,7,7
37,Genoa,Leali,p,6.0,3.0,6,3
37,Genoa,Sabelli,d,5.5,6.5,"5,5","6,5"
37,Genoa,Bani,d,6.0,6.0,6,6
37,Genoa,Martin,d,6.5,7.5,"6,5","7,5"
37,Genoa,Vasquez,d,6.0,6.0,6,6
37,Genoa,Zanoli,d,5.5,5.5,"5,5","5,5"
37,Genoa,De Winter,d,5.5,5.5,"5,5","5,5"
37,Genoa,Norton-Cuffy,d,6.0,6.0,6,6
37,Genoa,Badelj,c,6.0,6.0,6,6
37,Genoa,Thorsby,c,5.5,5.5,"5,5","5,5"
37,Genoa,Frendrup,c,5.5,5.5,"5,5","5,5"
37,Genoa,Onana J.,c,5.5,5.5,"5,5","5,5"
37,Genoa,Masini,c,5.5,5.5,"5,5","5,5"
37,Genoa,Pinamonti,a,7.5,13.5,"7,5","13,5"
37,Genoa,Ekuban,a,6.0,6.0,6,6
37,Genoa,Vitinha O.,a,6.0,6.0,6,6
37,Genoa,Vieira P.,all,6.0,6.0,6,6
37,Inter,Sommer,p,6.5,4.5,"6,5","4,5"
37,Inter,Dimarco,d,6.5,6.5,"6,5","6,5"
37,Inter,Acerbi,d,5.5,5.5,"5,5","5,5"
37,Inter,Bastoni,d,6.5,6.5,"6,5","6,5"
37,Inter,Dumfries,d,7.0,10.0,7,10
37,Inter,Carlos Augusto,d,5.5,5.5,"5,5","5,5"
37,Inter,Bisseck,d,6.5,9.5,"6,5","9,5"
37,Inter,Zielinski,c,55.0,55.0,55,55
37,Inter,Barella,c,5.5,5.5,"5,5","5,5"
37,Inter,Calhanoglu,c,7.0,7.5,7,"7,5"
37,Inter,Mkhitaryan,c,5.5,5.5,"5,5","5,5"
37,Inter,Zalewski,c,55.0,55.0,55,55
37,Inter,Correa,a,5.5,5.5,"5,5","5,5"
37,Inter,Arnautovic,a,5.0,5.0,5,5
37,Inter,Thuram,a,5.5,5.5,"5,5","5,5"
37,Inter,Taremi,a,5.5,5.5,"5,5","5,5"
37,Inter,Inzaghi S.,all,5.5,4.5,"5,5","4,5"
37,Juventus,Di Gregorio,p,6.0,6.0,6,6
37,Juventus,Cambiaso,d,6.0,6.0,6,6
37,Juventus,Kelly L.,d,6.5,6.5,"6,5","6,5"
37,Juventus,Alberto Costa,d,6.0,6.0,6,6
37,Juventus,Locatelli,c,6.0,6.0,6,6
37,Juventus,Weah,c,6.0,6.0,6,6
37,Juventus,Douglas Luiz,c,55.0,55.0,55,55
37,Juventus,McKennie,c,6.5,6.5,"6,5","6,5"
37,Juventus,Adzic,c,55.0,55.0,55,55
37,Juventus,Veiga R.,c,7.0,7.0,7,7
37,Juventus,Conceicao,c,6.0,6.0,6,6
37,Juventus,Vlahovic,a,7.0,10.0,7,10
37,Juventus,Gonzalez N.,a,7.0,10.0,7,10
37,Juventus,Kolo Muani,a,5.5,5.5,"5,5","5,5"
37,Juventus,Yildiz,a,7.0,9.0,7,9
37,Juventus,Mbangula,a,55.0,55.0,55,55
37,Juventus,Tudor,all,7.0,7.0,7,7
37,Lazio,Mandas,p,6.0,4.0,6,4
37,Lazio,Hysaj,d,6.0,6.0,6,6
37,Lazio,Romagnoli,d,5.5,5.0,"5,5",5
37,Lazio,Marusic,d,5.0,5.0,5,5
37,Lazio,Tavares N.,d,5.5,5.5,"5,5","5,5"
37,Lazio,Gila,d,6.5,6.0,"6,5",6
37,Lazio,Gigot,d,55.0,55.0,55,55
37,Lazio,Vecino,c,6.5,7.5,"6,5","7,5"
37,Lazio,Guendouzi,c,6.0,5.5,6,"5,5"
37,Lazio,Rovella,c,5.5,5.5,"5,5","5,5"
37,Lazio,Pedro,a,8.0,14.0,8,14
37,Lazio,Dia,a,5.5,5.5,"5,5","5,5"
37,Lazio,Castellanos,a,6.0,6.0,6,6
37,Lazio,Isaksen,a,5.0,5.0,5,5
37,Lazio,Baroni,all,6.5,5.5,"6,5","5,5"
37,Lecce,Falcone,p,6.0,6.0,6,6
37,Lecce,Gallo,d,5.5,5.5,"5,5","5,5"
37,Lecce,Guilbert,d,6.5,6.5,"6,5","6,5"
37,Lecce,Baschirotto,d,6.5,6.5,"6,5","6,5"
37,Lecce,Gaspar K.,d,6.5,6.5,"6,5","6,5"
37,Lecce,Veiga D.,d,55.0,55.0,55,55
37,Lecce,Coulibaly L.,c,6.5,6.5,"6,5","6,5"
37,Lecce,Helgason,c,5.5,5.5,"5,5","5,5"
37,Lecce,Ramadani,c,7.0,10.0,7,10
37,Lecce,Kaba,c,6.0,6.0,6,6
37,Lecce,Pierret,c,5.5,5.5,"5,5","5,5"
37,Lecce,Tete Morente,c,6.0,5.5,6,"5,5"
37,Lecce,Rebic,a,6.5,6.5,"6,5","6,5"
37,Lecce,Krstovic,a,6.5,7.5,"6,5","7,5"
37,Lecce,Pierotti,a,6.0,6.0,6,6
37,Lecce,N'Dri,a,5.5,5.5,"5,5","5,5"
37,Lecce,Giampaolo,all,6.0,6.0,6,6
37,Milan,Maignan,p,5.5,2.5,"5,5","2,5"
37,Milan,Gabbia,d,6.0,6.0,6,6
37,Milan,Tomori,d,6.0,5.5,6,"5,5"
37,Milan,Pavlovic,d,6.0,6.0,6,6
37,Milan,Terracciano F.,d,55.0,55.0,55,55
37,Milan,Jimenez A.,d,6.5,6.0,"6,5",6
37,Milan,Pulisic,c,6.0,6.0,6,6
37,Milan,Sottil,c,55.0,55.0,55,55
37,Milan,Loftus-Cheek,c,5.5,5.5,"5,5","5,5"
37,Milan,Fofana Y.,c,6.0,6.0,6,6
37,Milan,Musah,c,5.5,5.5,"5,5","5,5"
37,Milan,Reijnders,c,6.0,6.0,6,6
37,Milan,Jovic,a,6.0,6.0,6,6
37,Milan,Leao,a,5.5,5.5,"5,5","5,5"
37,Milan,Joao Felix,a,6.5,9.5,"6,5","9,5"
37,Milan,Gimenez,a,4.0,3.0,4,3
37,Milan,Conceicao S.,all,5.0,4.0,5,4
37,Monza,Pizzignacco,p,5.0,0.0,5,0
37,Monza,Kyriakopoulos,d,5.5,5.5,"5,5","5,5"
37,Monza,Carboni A.,d,5.5,5.5,"5,5","5,5"
37,Monza,Caldirola,d,6.0,6.0,6,6
37,Monza,Birindelli,d,6.0,9.0,6,9
37,Monza,Palacios T.,d,6.0,6.0,6,6
37,Monza,Brorsson,d,5.5,5.5,"5,5","5,5"
37,Monza,Sensi,c,55.0,55.0,55,55
37,Monza,Akpa Akpro,c,5.0,5.0,5,5
37,Monza,Bianco,c,5.5,5.5,"5,5","5,5"
37,Monza,Ciurria,c,5.5,5.5,"5,5","5,5"
37,Monza,Zeroli,c,5.0,5.0,5,5
37,Monza,Keita B.,a,5.5,5.5,"5,5","5,5"
37,Monza,Petagna,a,5.5,5.5,"5,5","5,5"
37,Monza,Caprari,a,6.0,7.0,6,7
37,Monza,Mota,a,5.5,5.5,"5,5","5,5"
37,Monza,Nesta,all,5.0,5.0,5,5
37,Napoli,Meret,p,6.5,6.5,"6,5","6,5"
37,Napoli,Spinazzola,d,5.5,5.5,"5,5","5,5"
37,Napoli,Di Lorenzo,d,6.0,5.5,6,"5,5"
37,Napoli,Rrahmani,d,6.0,6.0,6,6
37,Napoli,Mazzocchi,d,55.0,55.0,55,55
37,Napoli,Olivera,d,6.0,6.0,6,6
37,Napoli,Politano,c,6.0,6.0,6,6
37,Napoli,Zambo Anguissa,c,6.5,6.5,"6,5","6,5"
37,Napoli,McTominay,c,6.5,6.5,"6,5","6,5"
37,Napoli,Gilmour,c,5.5,5.5,"5,5","5,5"
37,Napoli,Neres,c,5.5,5.5,"5,5","5,5"
37,Napoli,Billing,c,5.5,5.5,"5,5","5,5"
37,Napoli,Simeone,a,5.5,5.5,"5,5","5,5"
37,Napoli,Lukaku,a,5.5,5.5,"5,5","5,5"
37,Napoli,Raspadori,a,6.0,6.0,6,6
37,Napoli,Ngonge,a,6.0,6.0,6,6
37,Napoli,Conte,all,5.5,4.5,"5,5","4,5"
37,Parma,Suzuki,p,7.0,7.0,7,7
37,Parma,Balogh,d,6.5,6.5,"6,5","6,5"
37,Parma,Valeri,d,6.0,6.0,6,6
37,Parma,Circati,d,6.5,6.5,"6,5","6,5"
37,Parma,Delprato,d,6.0,5.5,6,"5,5"
37,Parma,Leoni,d,6.5,6.5,"6,5","6,5"
37,Parma,Lovik,d,5.5,5.5,"5,5","5,5"
37,Parma,Hernani,c,6.0,6.0,6,6
37,Parma,Sohm,c,6.0,6.0,6,6
37,Parma,Bernabe',c,6.0,6.0,6,6
37,Parma,Hainaut,c,6.0,6.0,6,6
37,Parma,Keita M.,c,6.5,6.5,"6,5","6,5"
37,Parma,Ondrejka,c,55.0,55.0,55,55
37,Parma,Djuric,a,55.0,55.0,55,55
37,Parma,Bonny,a,6.0,6.0,6,6
37,Parma,Pellegrino M.,a,5.5,5.5,"5,5","5,5"
37,Parma,Chivu,all,6.0,5.0,6,5
37,Roma,Svilar,p,6.5,5.5,"6,5","5,5"
37,Roma,Mancini,d,7.0,9.5,7,"9,5"
37,Roma,N'Dicka,d,6.0,6.0,6,6
37,Roma,Celik,d,5.5,5.0,"5,5",5
37,Roma,Angelino,d,6.5,6.5,"6,5","6,5"
37,Roma,Rensch,d,55.0,55.0,55,55
37,Roma,Paredes,c,7.0,10.0,7,10
37,Roma,Cristante,c,7.0,9.5,7,"9,5"
37,Roma,El Shaarawy,c,6.5,6.5,"6,5","6,5"
37,Roma,Saelemaekers,c,6.0,6.0,6,6
37,Roma,Kone' M.,c,6.5,6.5,"6,5","6,5"
37,Roma,Baldanzi,c,55.0,55.0,55,55
37,Roma,Gourna-Douath,c,55.0,55.0,55,55
37,Roma,Shomurodov,a,6.5,6.5,"6,5","6,5"
37,Roma,Soule',a,6.5,7.5,"6,5","7,5"
37,Roma,Ranieri C.,all,6.5,6.5,"6,5","6,5"
37,Torino,Milinkovic-Savic V.,p,6.0,5.0,6,5
37,Torino,Masina,d,5.5,5.5,"5,5","5,5"
37,Torino,Biraghi,d,5.5,5.5,"5,5","5,5"
37,Torino,Lazaro,d,6.0,5.5,6,"5,5"
37,Torino,Maripan,d,6.0,6.0,6,6
37,Torino,Pedersen,d,55.0,55.0,55,55
37,Torino,Dembele' A.,d,6.0,6.0,6,6
37,Torino,Ilic,c,5.5,5.5,"5,5","5,5"
37,Torino,Ricci S.,c,5.5,5.5,"5,5","5,5"
37,Torino,Vlasic,c,5.5,5.5,"5,5","5,5"
37,Torino,Casadei,c,5.5,5.5,"5,5","5,5"
37,Torino,Gineitis,c,6.0,6.0,6,6
37,Torino,Perciun,c,6.0,6.0,6,6
37,Torino,Cacciamani,c,6.0,6.0,6,6
37,Torino,Sanabria,a,5.5,5.5,"5,5","5,5"
37,Torino,Adams C.,a,5.5,5.5,"5,5","5,5"
37,Torino,Vanoli,all,6.0,6.0,6,6
37,Udinese,Okoye,p,6.5,4.5,"6,5","4,5"
37,Udinese,Kabasele,d,6.5,6.5,"6,5","6,5"
37,Udinese,Kamara H.,d,5.5,5.0,"5,5",5
37,Udinese,Ehizibue,d,6.0,6.0,6,6
37,Udinese,Zemura,d,5.5,5.5,"5,5","5,5"
37,Udinese,Kristensen T.,d,5.0,4.5,5,"4,5"
37,Udinese,Giannetti L.,d,5.5,5.5,"5,5","5,5"
37,Udinese,Solet,d,5.0,5.0,5,5
37,Udinese,Lovric,c,5.5,5.0,"5,5",5
37,Udinese,Zarraga,c,5.0,5.0,5,5
37,Udinese,Karlstrom,c,5.5,5.5,"5,5","5,5"
37,Udinese,Ekkelenkamp,c,6.0,6.0,6,6
37,Udinese,Rui Modesto,c,5.5,5.5,"5,5","5,5"
37,Udinese,Sanchez,a,6.0,6.0,6,6
37,Udinese,Davis K.,a,5.5,5.5,"5,5","5,5"
37,Udinese,Runjaic,all,5.5,5.5,"5,5","5,5"
37,Venezia,Radu I.,p,6.5,3.5,"6,5","3,5"
37,Venezia,Zampano,d,6.0,6.0,6,6
37,Venezia,Haps,d,6.0,6.0,6,6
37,Venezia,Idzes,d,5.5,5.0,"5,5",5
37,Venezia,Schingtienne,d,5.0,5.0,5,5
37,Venezia,Candè,d,5.0,5.0,5,5
37,Venezia,Nicolussi Caviglia,c,6.0,6.0,6,6
37,Venezia,Busio,c,5.0,5.0,5,5
37,Venezia,Zerbin,c,5.0,5.0,5,5
37,Venezia,Ellertsson,c,5.5,5.5,"5,5","5,5"
37,Venezia,Oristanio,c,6.0,6.0,6,6
37,Venezia,Doumbia I.,c,6.0,6.0,6,6
37,Venezia,Yeboah J.,c,5.5,5.5,"5,5","5,5"
37,Venezia,Perez K.,c,5.0,5.0,5,5
37,Venezia,Gytkjaer,a,5.5,5.5,"5,5","5,5"
37,Venezia,Maric,a,6.0,6.0,6,6
37,Venezia,Di Francesco,all,5.0,5.0,5,5
37,Verona,Montipo',p,6.0,5.0,6,5
37,Verona,Dawidowicz,d,5.5,5.0,"5,5",5
37,Verona,Bradaric,d,6.5,6.5,"6,5","6,5"
37,Verona,Coppola D.,d,5.5,5.5,"5,5","5,5"
37,Verona,Tchatchoua,d,5.5,5.5,"5,5","5,5"
37,Verona,Ghilardi,d,6.5,6.5,"6,5","6,5"
37,Verona,Frese,d,55.0,55.0,55,55
37,Verona,Valentini N.,d,5.5,5.5,"5,5","5,5"
37,Verona,Lazovic,c,7.0,10.0,7,10
37,Verona,Kastanos,c,55.0,55.0,55,55
37,Verona,Niasse,c,6.0,6.0,6,6
37,Verona,Serdar,c,5.5,5.5,"5,5","5,5"
37,Verona,Bernede,c,6.0,6.0,6,6
37,Verona,Sarr A.,a,6.5,6.5,"6,5","6,5"
37,Verona,Mosquera,a,5.5,5.5,"5,5","5,5"
37,Verona,Tengstedt,a,5.5,5.5,"5,5","5,5"
37,Verona,Zanetti,all,6.0,6.0,6,6
38,Atalanta,Carnesecchi,p,7.0,4.0,7,4
38,Atalanta,Cuadrado,d,6.0,6.0,6,6
38,Atalanta,Djimsiti,d,5.5,5.0,"5,5",5
38,Atalanta,Bellanova,d,6.5,7.5,"6,5","7,5"
38,Atalanta,Ruggeri,d,6.0,6.0,6,6
38,Atalanta,Kossounou,d,5.5,5.5,"5,5","5,5"
38,Atalanta,Posch,d,5.0,5.0,5,5
38,Atalanta,Palestra,d,6.0,6.0,6,6
38,Atalanta,Pasalic,c,5.5,5.5,"5,5","5,5"
38,Atalanta,Maldini,c,7.5,13.5,"7,5","13,5"
38,Atalanta,Brescianini,c,5.5,5.5,"5,5","5,5"
38,Atalanta,Ederson D.s.,c,5.5,5.5,"5,5","5,5"
38,Atalanta,Sulemana I.,c,6.0,6.0,6,6
38,Atalanta,Lookman,a,5.5,5.5,"5,5","5,5"
38,Atalanta,De Ketelaere,a,6.0,6.0,6,6
38,Atalanta,Retegui,a,6.5,7.5,"6,5","7,5"
38,Atalanta,Gasperini,all,5.5,5.5,"5,5","5,5"
38,Bologna,Ravaglia F.,p,5.5,2.5,"5,5","2,5"
38,Bologna,Calabria,d,6.0,5.5,6,"5,5"
38,Bologna,De Silvestri,d,6.0,6.0,6,6
38,Bologna,Lykogiannis,d,5.0,4.5,5,"4,5"
38,Bologna,Casale,d,5.0,6.0,5,6
38,Bologna,Holm,d,4.5,4.5,"4,5","4,5"
38,Bologna,Lucumi',d,5.0,4.5,5,"4,5"
38,Bologna,Freuler,c,5.0,5.0,5,5
38,Bologna,Orsolini,c,6.5,9.0,"6,5",9
38,Bologna,Pobega,c,6.0,6.0,6,6
38,Bologna,Ndoye,c,5.5,5.5,"5,5","5,5"
38,Bologna,Aebischer,c,5.0,4.5,5,"4,5"
38,Bologna,Ferguson,c,5.0,5.0,5,5
38,Bologna,Fabbian,c,55.0,55.0,55,55
38,Bologna,Cambiaghi,a,6.0,6.0,6,6
38,Bologna,Castro S.,a,5.0,5.0,5,5
38,Bologna,Italiano,all,5.0,5.0,5,5
38,Cagliari,Ciocci,p,55.0,55.0,55,55
38,Cagliari,Sherri,p,6.0,4.0,6,4
38,Cagliari,Luperto,d,6.0,6.0,6,6
38,Cagliari,Palomino,d,6.0,6.0,6,6
38,Cagliari,Mina,d,5.5,5.5,"5,5","5,5"
38,Cagliari,Augello,d,5.0,5.0,5,5
38,Cagliari,Zortea,d,6.0,6.0,6,6
38,Cagliari,Zappa,d,5.0,5.0,5,5
38,Cagliari,Obert,d,6.0,6.0,6,6
38,Cagliari,Viola,c,5.5,5.5,"5,5","5,5"
38,Cagliari,Deiola,c,6.0,6.0,6,6
38,Cagliari,Adopo,c,5.0,5.0,5,5
38,Cagliari,Marin,c,6.0,6.0,6,6
38,Cagliari,Makoumbou,c,5.0,4.5,5,"4,5"
38,Cagliari,Piccoli,a,6.0,6.0,6,6
38,Cagliari,Mutandwa,a,6.0,6.0,6,6
38,Cagliari,Nicola,all,6.0,6.0,6,6
38,Como,Reina,p,4.5,2.5,"4,5","2,5"
38,Como,Butez,p,6.0,5.0,6,5
38,Como,Vojvoda,d,5.5,5.5,"5,5","5,5"
38,Como,Iovine,d,55.0,55.0,55,55
38,Como,Valle,d,5.5,5.5,"5,5","5,5"
38,Como,Van Der Brempt,d,5.5,5.5,"5,5","5,5"
38,Como,Smolcic I.,d,5.0,5.0,5,5
38,Como,Strefezza,c,6.0,5.5,6,"5,5"
38,Como,Ikone',c,55.0,55.0,55,55
38,Como,Caqueret,c,5.5,5.5,"5,5","5,5"
38,Como,Da Cunha,c,6.0,6.0,6,6
38,Como,Perrone,c,6.0,6.0,6,6
38,Como,Engelhardt,c,6.0,6.0,6,6
38,Como,Paz N.,c,6.0,6.0,6,6
38,Como,Cutrone,a,5.5,5.5,"5,5","5,5"
38,Como,Douvikas,a,5.5,5.5,"5,5","5,5"
38,Como,Fabregas,all,5.5,5.5,"5,5","5,5"
38,Empoli,Vasquez D.,p,6.0,4.0,6,4
38,Empoli,Pezzella Giu.,d,5.5,5.5,"5,5","5,5"
38,Empoli,Ismajli,d,5.0,4.5,5,"4,5"
38,Empoli,Viti,d,5.5,5.5,"5,5","5,5"
38,Empoli,Cacace,d,6.0,6.0,6,6
38,Empoli,Sambia,d,55.0,55.0,55,55
38,Empoli,Goglichidze,d,5.5,5.5,"5,5","5,5"
38,Empoli,Grassi,c,6.0,6.0,6,6
38,Empoli,Henderson L.,c,6.0,6.0,6,6
38,Empoli,Gyasi,c,5.0,5.0,5,5
38,Empoli,Fazzini,c,7.0,10.0,7,10
38,Empoli,Anjorin,c,5.5,5.5,"5,5","5,5"
38,Empoli,Esposito Se.,a,6.0,6.0,6,6
38,Empoli,Colombo,a,5.5,5.5,"5,5","5,5"
38,Empoli,Solbakken,a,5.5,5.0,"5,5",5
38,Empoli,Konate Is.,a,55.0,55.0,55,55
38,Empoli,D'Aversa,all,5.5,5.0,"5,5",5
38,Fiorentina,De Gea,p,6.0,4.0,6,4
38,Fiorentina,Gosens,d,6.5,7.5,"6,5","7,5"
38,Fiorentina,Ranieri L.,d,6.0,6.0,6,6
38,Fiorentina,Mari',d,6.0,6.0,6,6
38,Fiorentina,Pongracic,d,55.0,55.0,55,55
38,Fiorentina,Dodo',d,6.0,6.0,6,6
38,Fiorentina,Comuzzo,d,7.0,10.0,7,10
38,Fiorentina,Mandragora,c,6.5,6.5,"6,5","6,5"
38,Fiorentina,Fagioli,c,7.0,10.0,7,10
38,Fiorentina,Ndour,c,55.0,55.0,55,55
38,Fiorentina,Richardson,c,6.0,7.0,6,7
38,Fiorentina,Kean,a,6.5,9.5,"6,5","9,5"
38,Fiorentina,Gudmundsson A.,a,6.0,6.0,6,6
38,Fiorentina,Beltran L.,a,5.5,5.0,"5,5",5
38,Fiorentina,Palladino,all,7.0,7.0,7,7
38,Genoa,Sommariva,p,7.0,6.0,7,6
38,Genoa,Siegrist,p,6.0,6.0,6,6
38,Genoa,Sabelli,d,6.0,6.0,6,6
38,Genoa,Bani,d,6.5,6.5,"6,5","6,5"
38,Genoa,Martin,d,6.0,7.0,6,7
38,Genoa,De Winter,d,6.0,6.0,6,6
38,Genoa,Norton-Cuffy,d,6.0,6.0,6,6
38,Genoa,Otoa,d,6.0,5.5,6,"5,5"
38,Genoa,Cornet,c,55.0,55.0,55,55
38,Genoa,Messias,c,6.5,6.5,"6,5","6,5"
38,Genoa,Onana J.,c,6.5,6.0,"6,5",6
38,Genoa,Masini,c,6.5,6.5,"6,5","6,5"
38,Genoa,Venturino,c,8.0,14.0,8,14
38,Genoa,Ekuban,a,6.0,6.0,6,6
38,Genoa,Vitinha O.,a,7.5,11.5,"7,5","11,5"
38,Genoa,Ekhator,a,6.0,6.0,6,6
38,Genoa,Vieira P.,all,7.0,7.0,7,7
38,Inter,Sommer,p,6.0,6.0,6,6
38,Inter,Dimarco,d,6.5,6.5,"6,5","6,5"
38,Inter,De Vrij,d,7.0,9.5,7,"9,5"
38,Inter,Acerbi,d,6.0,6.0,6,6
38,Inter,Darmian,d,6.0,6.0,6,6
38,Inter,Dumfries,d,6.0,6.0,6,6
38,Inter,Carlos Augusto,d,6.5,6.5,"6,5","6,5"
38,Inter,Bisseck,d,6.0,6.0,6,6
38,Inter,Barella,c,6.0,6.0,6,6
38,Inter,Calhanoglu,c,6.5,7.0,"6,5",7
38,Inter,Zalewski,c,7.0,7.0,7,7
38,Inter,Asllani,c,6.0,6.0,6,6
38,Inter,Topalovic,c,55.0,55.0,55,55
38,Inter,Correa,a,7.0,10.0,7,10
38,Inter,Arnautovic,a,6.0,6.0,6,6
38,Inter,Taremi,a,6.5,7.5,"6,5","7,5"
38,Inter,Inzaghi S.,all,6.0,6.0,6,6
38,Juventus,Di Gregorio,p,6.5,4.5,"6,5","4,5"
38,Juventus,Cambiaso,d,6.0,7.0,6,7
38,Juventus,Gatti,d,55.0,55.0,55,55
38,Juventus,Kelly L.,d,5.5,5.5,"5,5","5,5"
38,Juventus,Savona,d,5.0,5.0,5,5
38,Juventus,Alberto Costa,d,6.0,5.5,6,"5,5"
38,Juventus,Locatelli,c,7.5,10.5,"7,5","10,5"
38,Juventus,Weah,c,55.0,55.0,55,55
38,Juventus,McKennie,c,6.0,6.0,6,6
38,Juventus,Thuram K.,c,5.5,5.5,"5,5","5,5"
38,Juventus,Veiga R.,c,5.5,5.5,"5,5","5,5"
38,Juventus,Conceicao,c,6.5,6.5,"6,5","6,5"
38,Juventus,Vlahovic,a,5.5,5.5,"5,5","5,5"
38,Juventus,Gonzalez N.,a,5.5,5.0,"5,5",5
38,Juventus,Kolo Muani,a,7.0,10.0,7,10
38,Juventus,Yildiz,a,7.5,10.5,"7,5","10,5"
38,Juventus,Tudor,all,7.0,6.5,7,"6,5"
38,Lazio,Mandas,p,6.0,5.0,6,5
38,Lazio,Hysaj,d,5.5,5.5,"5,5","5,5"
38,Lazio,Romagnoli,d,5.0,4.0,5,4
38,Lazio,Marusic,d,5.5,5.5,"5,5","5,5"
38,Lazio,Pellegrini Lu.,d,6.0,6.0,6,6
38,Lazio,Tavares N.,d,6.5,6.5,"6,5","6,5"
38,Lazio,Gila,d,5.0,4.5,5,"4,5"
38,Lazio,Vecino,c,6.0,6.0,6,6
38,Lazio,Zaccagni,c,5.5,5.5,"5,5","5,5"
38,Lazio,Guendouzi,c,5.5,5.0,"5,5",5
38,Lazio,Rovella,c,5.5,5.5,"5,5","5,5"
38,Lazio,Pedro,a,6.5,6.0,"6,5",6
38,Lazio,Dia,a,5.0,5.0,5,5
38,Lazio,Castellanos,a,5.0,5.0,5,5
38,Lazio,Isaksen,a,6.0,6.0,6,6
38,Lazio,Noslin,a,5.5,5.5,"5,5","5,5"
38,Lazio,Baroni,all,5.0,5.0,5,5
38,Lecce,Falcone,p,7.5,7.0,"7,5",7
38,Lecce,Gallo,d,6.5,6.5,"6,5","6,5"
38,Lecce,Guilbert,d,6.0,6.0,6,6
38,Lecce,Baschirotto,d,6.5,6.5,"6,5","6,5"
38,Lecce,Gaspar K.,d,7.0,7.0,7,7
38,Lecce,Veiga D.,d,6.0,6.0,6,6
38,Lecce,Coulibaly L.,c,7.5,10.5,"7,5","10,5"
38,Lecce,Helgason,c,6.0,6.0,6,6
38,Lecce,Berisha M.,c,6.5,6.5,"6,5","6,5"
38,Lecce,Ramadani,c,6.5,6.5,"6,5","6,5"
38,Lecce,Kaba,c,6.0,6.0,6,6
38,Lecce,Karlsson,c,5.5,5.5,"5,5","5,5"
38,Lecce,Burnete,a,55.0,55.0,55,55
38,Lecce,Krstovic,a,6.5,7.5,"6,5","7,5"
38,Lecce,Pierotti,a,4.5,3.5,"4,5","3,5"
38,Lecce,Giampaolo,all,7.0,7.0,7,7
38,Milan,Maignan,p,6.5,6.5,"6,5","6,5"
38,Milan,Florenzi,d,55.0,55.0,55,55
38,Milan,Gabbia,d,7.0,10.0,7,10
38,Milan,Tomori,d,6.0,6.0,6,6
38,Milan,Pavlovic,d,6.5,6.5,"6,5","6,5"
38,Milan,Bartesaghi,d,6.0,6.0,6,6
38,Milan,Jimenez A.,d,6.0,6.0,6,6
38,Milan,Pulisic,c,6.0,6.0,6,6
38,Milan,Loftus-Cheek,c,5.5,5.5,"5,5","5,5"
38,Milan,Fofana Y.,c,55.0,55.0,55,55
38,Milan,Chukwueze,c,7.0,8.0,7,8
38,Milan,Musah,c,5.0,5.0,5,5
38,Milan,Reijnders,c,6.5,6.5,"6,5","6,5"
38,Milan,Jovic,a,5.0,5.0,5,5
38,Milan,Joao Felix,a,7.0,10.0,7,10
38,Milan,Camarda,a,6.5,6.5,"6,5","6,5"
38,Milan,Conceicao S.,all,6.5,6.5,"6,5","6,5"
38,Monza,Pizzignacco,p,6.0,4.0,6,4
38,Monza,Mazza,p,55.0,55.0,55,55
38,Monza,Izzo,d,55.0,55.0,55,55
38,Monza,Pereira P.,d,5.5,5.5,"5,5","5,5"
38,Monza,Kyriakopoulos,d,6.0,6.0,6,6
38,Monza,Carboni A.,d,5.5,5.5,"5,5","5,5"
38,Monza,Caldirola,d,5.5,5.5,"5,5","5,5"
38,Monza,Birindelli,d,6.5,6.5,"6,5","6,5"
38,Monza,Sensi,c,6.0,6.0,6,6
38,Monza,Castrovilli,c,5.5,5.5,"5,5","5,5"
38,Monza,Akpa Akpro,c,6.0,6.0,6,6
38,Monza,Bianco,c,5.5,5.0,"5,5",5
38,Monza,Ciurria,c,6.5,6.5,"6,5","6,5"
38,Monza,Keita B.,a,5.5,5.5,"5,5","5,5"
38,Monza,Petagna,a,55.0,55.0,55,55
38,Monza,Caprari,a,6.0,6.0,6,6
38,Monza,Nesta,all,5.5,5.5,"5,5","5,5"
38,Napoli,Meret,p,6.0,6.0,6,6
38,Napoli,Spinazzola,d,6.5,6.5,"6,5","6,5"
38,Napoli,Di Lorenzo,d,6.0,6.0,6,6
38,Napoli,Rrahmani,d,6.5,6.5,"6,5","6,5"
38,Napoli,Mazzocchi,d,55.0,55.0,55,55
38,Napoli,Olivera,d,6.0,6.0,6,6
38,Napoli,Politano,c,6.5,7.0,"6,5",7
38,Napoli,Zambo Anguissa,c,6.0,6.0,6,6
38,Napoli,McTominay,c,7.5,10.5,"7,5","10,5"
38,Napoli,Gilmour,c,6.0,6.0,6,6
38,Napoli,Neres,c,6.0,6.0,6,6
38,Napoli,Billing,c,55.0,55.0,55,55
38,Napoli,Simeone,a,6.0,6.0,6,6
38,Napoli,Lukaku,a,7.0,9.5,7,"9,5"
38,Napoli,Raspadori,a,6.5,6.5,"6,5","6,5"
38,Napoli,Ngonge,a,55.0,55.0,55,55
38,Napoli,Conte,all,8.0,8.0,8,8
38,Parma,Suzuki,p,6.0,4.0,6,4
38,Parma,Valenti,d,6.0,6.0,6,6
38,Parma,Balogh,d,4.5,4.0,"4,5",4
38,Parma,Valeri,d,6.0,6.0,6,6
38,Parma,Circati,d,5.5,5.5,"5,5","5,5"
38,Parma,Delprato,d,6.0,6.0,6,6
38,Parma,Hernani,c,6.0,6.0,6,6
38,Parma,Estevez,c,6.0,6.0,6,6
38,Parma,Sohm,c,6.0,6.0,6,6
38,Parma,Bernabe',c,7.0,8.0,7,8
38,Parma,Hainaut,c,7.0,10.0,7,10
38,Parma,Keita M.,c,55.0,55.0,55,55
38,Parma,Ondrejka,c,7.5,13.5,"7,5","13,5"
38,Parma,Cancellieri,a,55.0,55.0,55,55
38,Parma,Bonny,a,6.5,7.5,"6,5","7,5"
38,Parma,Pellegrino M.,a,6.5,6.5,"6,5","6,5"
38,Parma,Chivu,all,7.0,7.0,7,7
38,Roma,Svilar,p,6.0,6.0,6,6
38,Roma,Mancini,d,6.5,6.5,"6,5","6,5"
38,Roma,Hummels,d,55.0,55.0,55,55
38,Roma,N'Dicka,d,6.0,6.0,6,6
38,Roma,Celik,d,6.0,5.5,6,"5,5"
38,Roma,Angelino,d,6.5,6.5,"6,5","6,5"
38,Roma,Rensch,d,55.0,55.0,55,55
38,Roma,Paredes,c,7.0,10.0,7,10
38,Roma,Cristante,c,6.5,6.5,"6,5","6,5"
38,Roma,El Shaarawy,c,6.0,6.0,6,6
38,Roma,Saelemaekers,c,7.5,10.5,"7,5","10,5"
38,Roma,Kone' M.,c,6.0,6.0,6,6
38,Roma,Baldanzi,c,55.0,55.0,55,55
38,Roma,Pisilli,c,55.0,55.0,55,55
38,Roma,Shomurodov,a,6.0,6.0,6,6
38,Roma,Soule',a,7.0,8.0,7,8
38,Roma,Ranieri C.,all,7.0,7.0,7,7
38,Torino,Milinkovic-Savic V.,p,6.0,4.0,6,4
38,Torino,Masina,d,6.0,6.0,6,6
38,Torino,Biraghi,d,5.5,5.5,"5,5","5,5"
38,Torino,Walukiewicz,d,6.0,6.0,6,6
38,Torino,Lazaro,d,5.0,5.0,5,5
38,Torino,Maripan,d,5.5,5.0,"5,5",5
38,Torino,Dembele' A.,d,5.0,5.0,5,5
38,Torino,Linetty,c,6.0,6.0,6,6
38,Torino,Elmas,c,5.5,5.5,"5,5","5,5"
38,Torino,Ricci S.,c,5.5,5.5,"5,5","5,5"
38,Torino,Vlasic,c,5.5,5.5,"5,5","5,5"
38,Torino,Casadei,c,5.5,5.5,"5,5","5,5"
38,Torino,Gineitis,c,6.0,6.0,6,6
38,Torino,Perciun,c,6.0,6.0,6,6
38,Torino,Adams C.,a,6.0,6.0,6,6
38,Torino,Gabellini,a,55.0,55.0,55,55
38,Torino,Vanoli,all,5.5,5.5,"5,5","5,5"
38,Udinese,Okoye,p,6.0,3.0,6,3
38,Udinese,Kabasele,d,7.0,10.0,7,10
38,Udinese,Bijol,d,4.5,3.5,"4,5","3,5"
38,Udinese,Ehizibue,d,5.5,5.5,"5,5","5,5"
38,Udinese,Zemura,d,5.5,5.5,"5,5","5,5"
38,Udinese,Palma,d,55.0,55.0,55,55
38,Udinese,Solet,d,6.0,6.0,6,6
38,Udinese,Zarraga,c,5.5,5.5,"5,5","5,5"
38,Udinese,Karlstrom,c,5.5,5.0,"5,5",5
38,Udinese,Ekkelenkamp,c,5.5,5.5,"5,5","5,5"
38,Udinese,Atta,c,6.0,6.0,6,6
38,Udinese,Sanchez,a,5.5,5.5,"5,5","5,5"
38,Udinese,Davis K.,a,55.0,55.0,55,55
38,Udinese,Lucca,a,7.0,10.0,7,10
38,Udinese,Bravo,a,55.0,55.0,55,55
38,Udinese,Runjaic,all,6.0,6.0,6,6
38,Venezia,Radu I.,p,5.0,2.0,5,2
38,Venezia,Haps,d,7.5,11.5,"7,5","11,5"
38,Venezia,Marcandalli,d,6.0,6.0,6,6
38,Venezia,Sverko,d,5.5,5.5,"5,5","5,5"
38,Venezia,Schingtienne,d,5.0,5.0,5,5
38,Venezia,Candè,d,5.5,5.5,"5,5","5,5"
38,Venezia,Nicolussi Caviglia,c,5.0,5.0,5,5
38,Venezia,Zerbin,c,5.5,5.0,"5,5",5
38,Venezia,Ellertsson,c,6.5,6.5,"6,5","6,5"
38,Venezia,Oristanio,c,6.0,6.0,6,6
38,Venezia,Doumbia I.,c,6.0,6.0,6,6
38,Venezia,Yeboah J.,c,5.5,5.5,"5,5","5,5"
38,Venezia,Perez K.,c,6.0,6.0,6,6
38,Venezia,Gytkjaer,a,5.5,5.5,"5,5","5,5"
38,Venezia,Maric,a,55.0,55.0,55,55
38,Venezia,Fila,a,7.0,10.0,7,10
38,Venezia,Di Francesco,all,5.5,5.5,"5,5","5,5"
38,Verona,Perilli,p,6.0,5.0,6,5
38,Verona,Dawidowicz,d,6.0,6.0,6,6
38,Verona,Bradaric,d,7.0,10.0,7,10
38,Verona,Coppola D.,d,6.5,6.5,"6,5","6,5"
38,Verona,Tchatchoua,d,6.5,7.5,"6,5","7,5"
38,Verona,Ghilardi,d,6.0,6.0,6,6
38,Verona,Frese,d,55.0,55.0,55,55
38,Verona,Valentini N.,d,5.5,5.0,"5,5",5
38,Verona,Duda,c,6.5,6.5,"6,5","6,5"
38,Verona,Serdar,c,7.0,10.0,7,10
38,Verona,Suslov,c,5.5,5.5,"5,5","5,5"
38,Verona,Bernede,c,55.0,55.0,55,55
38,Verona,Sarr A.,a,5.5,5.5,"5,5","5,5"
38,Verona,Mosquera,a,6.0,5.5,6,"5,5"
38,Verona,Rocha Livramento,a,6.5,6.5,"6,5","6,5"
38,Verona,Zanetti,all,6.5,6.5,"6,5","6,5"
